:020000040801F1
:1000000048A4012061020108690201086B0201088D
:100010006D0201086F020108710201080000000072
:10002000000000000000000000000000A101010825
:100030007502010800000000FD010108AD20010863
:100040007B0201087B0201087B0201087B02010898
:100050007B0201087B0201087B0201087B02010888
:100060007B0201087B0201087B0201087B02010878
:100070007B0201087B0201087B020108CD13010805
:100080007B0201087B0201087B0201087B02010858
:100090007B0201087B0201087B0201087B02010848
:1000A0007B0201087B0201087B0201087B02010838
:1000B0007B0201087B0201087B0201087B02010828
:1000C0007B0201087B0201087B0201087B02010818
:1000D0007B0201087D220108B92201087B02010888
:1000E0007B0201087B0201087B0201087B020108F8
:1000F0007B0201087B0201087B0201087B020108E8
:100100007B0201087B0201087B0201087B020108D7
:100110007B0201087B020108492101087B020108DA
:100120007B0201087B0201087B0201087B020108B7
:100130007B0201087B0201087B0201087B020108A7
:100140007B0201087B0201087B0201087B02010897
:100150007B0201087B020108151401087B020108DB
:100160007B0201087B0201087B0201087B02010877
:100170007B0201087B0201087B0201087B02010867
:100180007B0201087B020108DFF810D000F02EFD91
:1001900000480047B53E0108AFF3008048A40120A5
:1001A0002C4B19680868B0E8F04F80F30988BFF35A
:1001B0006F8F4FF0000080F311887047000000003F
:1001C00008480068006880F308884FF0000080F35A
:1001D000148862B661B6BFF34F8FBFF36F8F00DF35
:1001E00000BF00BF08ED00E0DFF80C00016841F43B
:1001F00070010160704700BF88ED00E0EFF30980F7
:10020000BFF36F8F134B1A681EF0100F08BF20ED5D
:10021000108A20E9F04F106009B44FF0500080F3CD
:100220001188BFF34F8FBFF36F8F06F0BBFC4FF009
:10023000000080F3118809BC19680868B0E8F04F25
:100240001EF0100F08BFB0EC108A80F30988BFF3CE
:100250006F8F704780000020EFF30580704700002B
:100260000648804706480047FEE7FEE7FEE7FEE750
:10027000FEE7FEE7FEE7FEE7FEE7FEE7E120010816
:10028000890101082DE9F05F0546002092469B4652
:1002900088460646814640241BE02846414647469C
:1002A000224600F013FA53465A46C01A914110D321
:1002B00011461846224600F0FAF92D1A67EB01089C
:1002C0004F4622460120002100F0F1F917EB00090A
:1002D0004E41201EA4F10104DFDC484631462A4687
:1002E0004346BDE8F09F40EA01039B0703D009E0C5
:1002F00008C9121F08C0042AFAD203E011F8013B12
:1003000000F8013B521EF9D27047D2B201E000F86A
:10031000012B491EFBD270470022F6E710B51346A9
:100320000A4604461946FFF7F0FF204610BD30B5D7
:1003300005462A460B4612F8010B13F8014B08B18B
:10034000A042F8D01CB1002802D06D1CF1E728466D
:1003500030BD10B5044604E00B7800F8013B03B152
:10036000491C521EF8D2204610BD421C10F8011B39
:100370000029FBD1801A704710B5002200E0521C02
:10038000835C8C5CA34201D1002BF8D1D8B2E1B2DE
:10039000401A10BD30B504460020034600E05B1C47
:1003A000934203D2E05CCD5C401BF8D030BD0346E5
:1003B00011F8012B00F8012B002AF9D118467047DB
:1003C0000FB400B58DB010A909900B9000914FF0BB
:1003D000FF300A9000200C900548069005480790D1
:1003E0006A4609A80F9900F095F90DB05DF814FB65
:1003F000310701084F0701082DE9FF5F1D464FF047
:10040000FF3BD5E9014691465F464FF00008A969D8
:100410007F1C01988847296A824688470028F6D1C0
:10042000BAF1FF3F0CD024F4C064002E19DD600641
:1004300014D5BAF12B0F09D0BAF12D0F0ED103E06C
:10044000584604B0BDE8F09F44F48064A9697F1C5D
:1004500001988847761E8246002E02DDBAF1300FE1
:1004600003D0B9F1000F26D032E0A969761E44F41A
:1004700000747F1C019888478246002E05DDBAF182
:10048000780F06D0BAF1580F03D0B9F1000F10D091
:100490001EE0B9F1000F02D0B9F1100F18D1A9690F
:1004A000761E24F400747F1C019888478246102031
:1004B00002E0082000E00A20814609E008FB090864
:1004C000A969761E44F400747F1C0198884782460F
:1004D000002E05DD4946504600F008F90028EDDA07
:1004E000E96901988847A00502D46FF00100A8E7E8
:1004F000E00725D1600613D5600502D5C8F10000DC
:1005000000E0404629680A1D2A600968220501D5D5
:10051000087015E0220701D5088011E008600FE09F
:100520002868011D29600068210502D580F8008037
:1005300006E0210702D5A0F8008001E0C0F80080A5
:1005400038467EE72DE9FF5FD2E901A74FF00008AA
:10055000916999461446DDF838B0464601988847B7
:10056000054659EA0B0005D009E0A169761C0198FF
:1005700088470546216A284688470028F5D1681C27
:1005800003D05FEACA7005D015E04FF0FF3004B029
:10059000BDE8F09F2068011D2160D0F800800AE0CE
:1005A0005FEACA7001D108F8015BA169761C7F1E61
:1005B000019888470546002F1ADD681C18D0B9F14C
:1005C000000F0DD0E81705EBD060421120F01F009E
:1005D00059F822102A1A012090400142E0D107E088
:1005E000BBF1000FDCD1216A284688470028D7D00C
:1005F000E16901988847BBF1000F07D1002E05DDA6
:100600005FEACA7002D1002188F80010A068B842E1
:1006100003DDBBF1000F03D017B16FF00100B6E7A7
:100620003046B4E700F0004230F000400AD0C10D7F
:1006300001F56071C0F3160042EA0151C20840079B
:100640001143704700200146704701F0004330B469
:1006500021F0004150EA010206D00A0DA2F56072B5
:10066000C1F31301002A02DC30BC00207047440FA4
:1006700044EAC104C100E01830BC00EBC25000F0F5
:10068000C5B830B50B46014600202022012409E000
:1006900021FA02F59D4205D303FA02F5491B04FA3B
:1006A00002F52844151EA2F10102F1DC30BD202A1A
:1006B00004DB203A00FA02F1002070479140C2F1B9
:1006C000200320FA03F3194390407047202A04DBEB
:1006D000203A21FA02F00021704721FA02F3D040BB
:1006E000C2F1200291400843194670473A2800D2CF
:1006F000303820F02002412A01D3A2F1370088428D
:1007000001D34FF0FF307047026811441378016045
:1007100018467047D16004495161044911620021B3
:100720001161114600F08CBA09070108350C010867
:10073000426842B1016811F8013B23B1521EC0E981
:100740000012184670470121C160881E7047426838
:100750005AB1C368016843B983688B4205D0491E0A
:10076000521CC0E90012002070474FF0FF30704764
:100770000FB4002300B589B00CA900910B996FF05C
:100780000042CB601E4B06931E4B07930423CDE91A
:1007900001321D4A089202466B46002000F07CFCA4
:1007A00009B05DF814FB70B586B006464FF0FF3017
:1007B0000091CDE90101002015460C460490324617
:1007C000694604A8FFF7D4FF02460498211825B112
:1007D00008B1084600E020462860049800280DD0A3
:1007E000002A02DD0098884208D0081B0094CDE959
:1007F00001043246694604A8FFF7BAFF06B070BD8F
:10080000310701084F070108350C01080029A8BF6E
:100810007047401C490008BF20F00100704710B429
:10082000B0FA80FC00FA0CF050EA010404BF10BCDE
:10083000704749B1CCF1200421FA04F411FA0CF10B
:1008400018BF012121430843A3EB0C01CB1D4FEA44
:1008500000614FEA102042BF002010BC704700EB3F
:10086000C35010440029A4BF10BC7047401C49006D
:1008700008BF20F0010010BC70472DE9FE4F8046F4
:1008800081EA0300C00F0C46009021F0004123F0E4
:100890000045B8EB0200A94105D2404621469046EA
:1008A0001C460B46024623F00040104347D0270D5C
:1008B000C7F30A00C3F30A510290401A019040287E
:1008C0006BDAC3F3130040F4801B0098924620B10A
:1008D0000023D2EB030A63EB0B0B01985946C0F1DE
:1008E00040025046FFF7E3FE06460D465046594685
:1008F000019A00F08DF910EB08006141002487EAAD
:10090000115284EAE7731A4340D0009A62B3019A05
:10091000012A4FEA075215DC001B61EB02014FF080
:10092000004202EA0752CDE90042001C41F5801165
:1009300032462B4600F0DBFC03B0BDE8F08F4046AA
:100940002146F9E7001B61EB0201001C41F5801311
:1009500000185B412018A2F5001747EB030140EA9D
:10096000D570B6196D4111E06D084FEA360645EABB
:10097000C0754FEA0752001B61EB0201001C41F5F4
:10098000801149084FEA30000019514132462B4688
:1009900003B0BDE8F04F00F09BBC0098012240007E
:1009A0000023D0EB020263EBE073009821464FEA8C
:1009B000E074B8EB000061EB0401E9E783F0004369
:1009C0005BE781F0004158E72DE9FE4F81EA03041F
:1009D00004F0004421F0004100944FF0000B23F09C
:1009E000004350EA01045ED052EA03045BD0C3F333
:1009F0000A54C1F30A552C44A4F2F3340194A0FB29
:100A00000254C1F3130141F48011C3F3130343F4FF
:100A1000801301FB024400FB034E840A970A44EA58
:100A2000815447EA8357A4FB076802958D0A05FBAA
:100A300007854FEA932C04FB0C542705029D4FEACF
:100A4000065847EA1637B5EB08056EEB070C870E1C
:100A5000920E47EA811742EA8312A7FB0201B6EB26
:100A60000B0164EB00042B0D43EA0C335E1844EBDE
:100A70001C50DA465146E7FB0201C5F313044FEA66
:100A80000B3343EA14534FEA0432019C43EA060352
:100A9000A4F10C040294009CCDE900B400F027FC02
:100AA00003B0BDE8F08F00200146F9E72DE9F04DD5
:100AB00081EA030404F0004B21F0004514464FF096
:100AC000000A23F0004150EA050220D054EA010256
:100AD0001DD0C5F30A570246C5F31303C1F3130033
:100AE000C1F30A5640F4801543F48013A7EB0608BF
:100AF000101BD64608F2FD3873EB050002D308F14F
:100B0000010801E092185B41B8F1000F03DA002000
:100B10000146BDE8F08D00204FF480110646844662
:100B20000EE0171B73EB050705D3121B63EB0503E0
:100B300006434CEA010C49084FEA300092185B4129
:100B400050EA0107EDD152EA030012D082EA040014
:100B500083EA0501084305D0101BAB4106D20122F0
:100B6000002306E000224FF0004302E06FF0010294
:100B700053101AEB06004CEB085110EB0A0041EB46
:100B80000B01BDE8F04D00F0A3BBC1F30A52C1F365
:100B9000130140F2FF3341F480119A4202DA00203F
:100BA0000146704740F233439A42A2F2334202DCDC
:100BB0005242FFF78BBDFFF77ABD000030B5041E2F
:100BC00071F1000404DB4FF00044404264EB01018A
:100BD000141E73F1000405DB1C464FF00043524223
:100BE00063EB0403994208BF904230BD064C074DA9
:100BF00006E0E06840F0010394E8070098471034ED
:100C0000AC42F6D3FFF7C4FA5079060870790608AB
:100C1000202A06DBCB17203A41FA02F043EAE073C0
:100C200006E041FA02F3D040C2F1200291400843AD
:100C300019467047C0B24FF4F05100F0A7BB000056
:100C40002DE9F34F8BB04FF0000801F10C000C467A
:100C50004FF0010B46460DF1080A0190626901212F
:100C600001989047051E2DD0252D2CD0216A88474C
:100C7000C0B16269012101989047216A8847002824
:100C8000F7D1411E62690198904700E0761CA16986
:100C90000B988847216A88470028F7D1E1690B98AB
:100CA0008847DBE7A1690B9888470746A84201D12E
:100CB000761CD3E7E1690B9888477F1C02D1B8F115
:100CC000000F6FD047E1002762693D463946019821
:100CD00090472A2804D16269012101989047012593
:100CE000DFF888926269012101989047A0F13001F4
:100CF0000A290AD24F45E5DC07EB870100EB4107E3
:100D0000303FDFD445F01005ECE7E90601D46FF081
:100D100000476C280AD04C2814D0682815D06A28BF
:100D20000DD074281CD07A281AD01DE062690121E8
:100D3000019890476C2802D045F0040514E045F076
:100D400002050DE045F020050AE0626901210198E5
:100D50009047682802D045F0080505E045F4006595
:100D60006269012101989047C4E9015765283DD087
:100D700019DC58287AD00CDC452837D004DC25282B
:100D800026D0412831D131E046282FD047282CD118
:100D90002CE05B2877D0612828D063287CD0642899
:100DA00023D15AE0D1E06F2848D008DC66281DD056
:100DB00067281BD0692821D06E2816D127E070281B
:100DC00045D0732868D0752847D078280DD14DE0DC
:100DD000A1690B988847054625283FF469AFE1696A
:100DE0000B9888476D1C3FF46AAFB4E023466A460F
:100DF0006FF001000B9900F04FF99FE045F04000C3
:100E00006060A80723464FF0000236D43EE0E807B2
:100E10007FF447AF2068011D21600068290501D5D6
:100E200006701BE7290701D5068017E7A90703D538
:100E3000F117C0E9006111E706600FE745F04000D7
:100E40006060A80723464FF0080216D41EE040F663
:100E50000E0125EA0100606016E045F04000606088
:100E6000A80723464FF00A0207D40FE045F04000E0
:100E70006060A80708D5234610226FF001000B9987
:100E8000AFF300805AE007E0234610226FF0010024
:100E90000B99FFF7B1FA51E04FF000094F464B466E
:100EA000632802D05B2807D041E02079C00601D436
:100EB0000120A06001273AE0626901210198904772
:100EC0005E2805D14FF001096269494601989047B3
:100ED000216939B900210A46534643F82120491CAB
:100EE0000829FADBB0B3216969B9C11700EBD162F7
:100EF00053110AEB830122F01F02821A01200B68B2
:100F0000904003430B6062690121019890475D287E
:100F1000E8D1B9F1000F09D00020514651F8202046
:100F2000D24341F82020401C0828F7DB02AB2246C0
:100F300000976FF001000B99FFF704FB00280CDA13
:100F4000401C08D1BBF1000F05D04FF0FF300DB0B1
:100F5000BDE8F08FFFE74046F9E7E90701D108F166
:100F6000010806444FF0000B78E60000CCCCCC0C16
:100F70002DE9FF4F087883B09946FF2805D0491C1A
:100F80002D2804D00024002008E000200BE00124DC
:100F9000F9E700EB800003EB4000491C0B78FF2BC6
:100FA000F7D104B1404200230293147819461D463C
:100FB0002D2C01D02B2C04D1521C2D2C13D000240D
:100FC0000294AA461478FF2C0FD00A25A3FB0578BB
:100FD00001FB05814FF0000C03FB0C11521CE319BF
:100FE0004AEB0101EEE70124EAE7814453EA0100FC
:100FF00002D019F5C87F06DA03980021C0E9001174
:1010000007B0BDE8F08F0025AE4E2F46DFF8B8825E
:10101000184600F0CFF9CDE90001B9F1000002DA7D
:10102000C9F1000400E004460023A74A1AEB030BB1
:1010300042EB045A12E0E00707D02A46334638460E
:101040004146FFF7C1FC074688462A46334610460C
:101050001946FFF7B9FC05460E466410002CEAD18C
:10106000DDE90001B9F1000F5A46534606DAFFF7F1
:101070001DFD3A464346FFF719FD05E0FFF7A4FCC6
:101080003A464346FFF7A0FC029A0AB181F00041BC
:10109000039AC2E90001B3E72DE9FF4F1F468DB067
:1010A000D7E901464FF0FF382E2045464FF00009A2
:1010B0000B90B9696D1C0E988847396A824688473B
:1010C0000028F6D1BAF1FF3F0AD024F4D064002EF4
:1010D00011DDBAF12B0F08D0BAF12D0F0BD102E0C0
:1010E000404611B08DE744F48064B9696D1C0E98D8
:1010F00088478246761E6946600501D52D2000E0AE
:101100002B208DF8000001F1010B0DF1200809E002
:10111000B9696D1C0E98884782460F9844F4007494
:10112000761E0560002E02DDBAF1300FF0D00B996B
:101130008A453ED144F0800406E00F99681CA9F16D
:10114000010944F400740860B9696D1C761E0E989C
:10115000884782463028F0D02BE00B998A4505D18C
:10116000200603D444F08004761E18E0504601F0B7
:1011700029FB08B30DF11301761E44F400748B456E
:1011800008D2AAF130000BF8010B200607D5A9F10F
:10119000010003E0200602D409F101008146A00508
:1011A00002D50F99681C0860B9696D1C0E988847B4
:1011B0008246002ED1DC53E0002E51DDBAF1650FDE
:1011C00002D0BAF1450F4BD1A00549D5B9696D1CC4
:1011D00024F44074761E0E9888478246002E0CDD5B
:1011E0002B2804D0BAF12D0F07D144F48074B969CB
:1011F0006D1C0E9888478246761EE00501D52D218C
:1012000000E02B2108F8011BCDF82C8021E00DF126
:101210002901761E44F4007488450CD2AAF13000EE
:1012200010F0FF0088F8000002D10B99884509D919
:1012300008F1010806E0E00501D5244801E042F28A
:101240000F708146B9696D1C0E98884782460F98C9
:101250000560002E04DD504601F0B4FA0028D6D116
:10126000F9690E988847FF208BF8000088F8000085
:101270000020069007904B466A4608A906A8FFF78B
:1012800077FEA00502D46FF001002AE714F0240FC6
:101290000AD0E00714D1DDE906123868031D3B606F
:1012A0000068C0E900120BE0DDE90601FFF7CDF9A7
:1012B0000146E00704D13868021D3A600068016009
:1012C00028460EE7000014400000F03FF1D8FFFF71
:1012D00010B5141E73F1000408DA401C41F100013E
:1012E00092185B411A4301D120F0010010BD2DE995
:1012F000F04D92469B4611B1B1FA81F202E0B0FA8C
:1013000080F220329046FFF7D2F904460F4640EAB9
:101310000A0041EA0B0153465A46084313D01146CE
:1013200053EA010019D0C8F140025046FFF7CEF948
:1013300005460E46504659464246FFF7B8F908435F
:1013400005D0012004E020463946BDE8F08D00209C
:10135000054346EAE0762C4337430A986305E40ADE
:10136000A0EB08000022FD0A44EA47540A3002D5E7
:1013700000200146E9E7010510196941DDE908454A
:1013800000196941BDE8F04DA2E700007F2801D9AE
:10139000002208E0064A02EB5002C007127800D192
:1013A000120902F00F02012090400840704700002F
:1013B000787706080EB540F2334202920022CDE95A
:1013C00000221346FFF793FF03B000BD08B50D4997
:1013D0000D4800F083F8012813D169460B480068D6
:1013E00006F0C0F9009838B14FF080500849086005
:1013F000BFF34F8FBFF36F8F0249034800F048F8E7
:1014000000BF08BD2080002070600240380000202E
:1014100004ED00E008B50D490D4800F05FF8012823
:1014200013D169460B48006806F09CF9009838B162
:101430004FF0805008490860BFF34F8FBFF36F8FA4
:101440000249034800F024F800BF08BD00800028CE
:10145000B86402403000002004ED00E00246094B71
:101460009A4201D2084801E00648103801F00053C2
:101470001BB1064B0B40C36002E0044B0B40836082
:101480007047000010640240006002407D0F7D0F35
:101490000246094B9A4201D2084801E0064810383A
:1014A00001F000531BB1064B0B40C36002E0044B3C
:1014B0000B408360704700001064024000600240EF
:1014C0007D0F7D0F21B1026842F00102026003E04E
:1014D000026822F0010202607047000070B5024607
:1014E000002000240025124EB24201D2114B01E02F
:1014F0000F4B103B104E0E4036B11E2606EAD1248B
:10150000166806EA040502E0566906F0800501F057
:1015100000560EB15C6800E01C68084E344004EAD6
:10152000010616B10DB1012000E0002070BD0000E1
:1015300010640240006002403C0F3C0F7D0F7D0FA5
:1015400010B501F080034BB122B1436943F0800331
:10155000436103E0436923F08003436180290BD09A
:101560002AB1036801F01E042343036004E003680A
:1015700001F01E04A343036010BD000010B500225B
:101580000268134B1A40CC680B6823434C69234311
:101590008C692343CC6923430C6A23434C6A23435D
:1015A0008C6A23434C6B23438C6B23431A430260A6
:1015B000426922F00702D1E90B3423431A43426106
:1015C0000B6943604B6883608B68C36010BD00008B
:1015D0003F801CF00021016041608160C1600161B9
:1015E00041618161C161016241628162C1620163E5
:1015F000416381637047F0B50A460021002300244F
:1016000000BF3DE0012505FA01F3156805EA030472
:101610009C4234D105684F000326BE40B5430560A7
:1016200015794E00B5400668354305601579012DE2
:1016300002D01579022D16D185684F000326BE40D1
:10164000B543856055794E00B54086683543856061
:10165000456801268E40B5434560456896798E40C1
:10166000B6B235434560C5684F000326BE40B5435A
:10167000C560D5794E00B540C6683543C560491C84
:101680001029BFD3F0BDF0B5002300244D07ED0EA7
:1016900002FA05F3CE1000F1200555F826504E074A
:1016A000F70E0F26BE40B543CF1000F1200646F8D6
:1016B0002750CE1000F1200555F8265045EA0304C6
:1016C000CE1000F1200545F82640F0BD0A048261E5
:1016D0007047816170474FF6FF7101600021017111
:1016E00041718171C17170470AB1816101E00B04E0
:1016F0008361704721B1028842F48062028004E075
:1017000002884FF6FF331A400280704770B50246D8
:101710000025002300240026938A03F0020010B95C
:1017200023F0100008B1148B01E0002070BD2404E8
:1017300043EA040020F07F4505EA0100884201D118
:10174000012600E000263046F0E721B1028842F091
:101750000102028004E002884FF6FE731A40028004
:10176000704721B1028842F48072028004E002884E
:101770004FF6FF631A400280704721B1028842F49D
:101780000072028004E002884FF6FF531A40028084
:10179000704700002DE9FF4704460D460026B1467C
:1017A0000427DFF8CC80A6884FF6C0700640684654
:1017B00000F008F9DDF808802E48B8FBF0F01FFAB9
:1017C00080F946EA0906A68020884FF6FE71084097
:1017D000208000262849286888420CD828684000C4
:1017E000B8FBF0F087B2042F00DA04273E4309F17A
:1017F0000100208427E0E8884BF6FF71884206D17B
:10180000286800EB4000B8FBF0F087B209E02868D8
:1018100000EBC00101EB0010B8FBF0F087B247F419
:101820008047C7F30B0008B947F0010747F40040B1
:1018300006434FF4967009FB00F04FF47A7190FB69
:10184000F1F0401C2084A683208840F00100208015
:1018500026884FF6F5300640A88869890843064374
:101860002680A889298908432081BDE8FF870000D8
:1018700000127A0040420F00A08601000146088A4B
:10188000C0B2704712B141F0010101E001F0FE0168
:10189000018270470182704741F288310160002166
:1018A00081804BF6FF71C1800021018141814FF49D
:1018B000804181817047000070B5002100230F2214
:1018C000C4781CB3174C246804F4E064C4F5E064E5
:1018D000C4F30721C1F10404E3B20A4144789C40F7
:1018E000E1B28478144021430C07210E0E4C057898
:1018F0006155047804F01F050124AC4005786D1192
:10190000AD0005F1E025C5F8004109E0047804F0D8
:101910001F050124AC40054D0678761145F8264098
:1019200070BD00000CED00E000E400E080E100E0AC
:1019300010B5002807DA0A07140E054A00F00F0355
:101940001B1FD45403E00A07130E024A135410BDA0
:1019500018ED00E000E400E0014908627047000073
:1019600000000E4229B1064A12680243044B1A6075
:1019700004E0034A12688243014B1A60704700007A
:101980003038024029B1064A12680243044B1A60FB
:1019900004E0034A12688243014B1A60704700005A
:1019A0004038024029B1064A12680243044B1A60CB
:1019B00004E0034A12688243014B1A60704700003A
:1019C00044380240F0B50021002200240225002600
:1019D0000223324F3F6807F00C0121B1042905D0E2
:1019E000082937D105E02E4F076036E02D4F0760FC
:1019F00033E02A4F3F1F3F68C7F38056274F3F1FF2
:101A00003F6807F03F036EB1264FB7FBF3F7DFF8EF
:101A10008CC0ACF1040CDCF800C0CCF3881C07FBD4
:101A20000CF40CE01E4FB7FBF3F7DFF870C0ACF11D
:101A3000040CDCF800C0CCF3881C07FB0CF4174F37
:101A40003F1F3F68C7F301477F1C7D00B4FBF5F7DC
:101A5000076002E0124F076000BF00BF0F4F3F68F2
:101A600007F0F0010909104F7A5C0768D74047601A
:101A70000A4F3F6807F4E051890A0B4F7A5C4768C8
:101A8000D7408760054F3F6807F46041490B064F18
:101A90007A5C4768D740C760F0BD00000838024054
:101AA0000024F40000127A007000002010B50146F6
:101AB0000022002300204A11012A02D10A4C236887
:101AC00008E0022A03D1084C7034236802E0064C77
:101AD0007434236801F01F02012494401C400CB1AF
:101AE000012000E0002010BD003802400021094A1A
:101AF00011701170012802D0042808D103E00121DF
:101B0000044A117004E00521024A117000E000BF90
:101B100000BF7047703802400149086070470000FC
:101B20003C0E4742002100F44072B2F5407F08D1DC
:101B3000094A116821F4F811084A02401143064A83
:101B40001160054A68321268C0F30B031A43024B56
:101B500068331A607047000008380240FFFCFF0F2E
:101B6000014600BF080900EB8000420001F00F00B1
:101B70001044C0B270470146002204E0501CC2B2BB
:101B8000A1F10A00C1B20A29F8DA100741EA10608F
:101B9000704701210170817041700021C170704750
:101BA00008B50022009200200021104A126802F0BD
:101BB0004002CAB9421E0D4B1A6000BF0B4A1268A0
:101BC00002F04001009A521C0092009AB2F5803F48
:101BD00001D00029F2D0054A126802F040020AB191
:101BE000012002E0002000E0012008BD0C28004098
:101BF0000348006820F08000014908607047000039
:101C00000C28004070B506460C4600250E480068BA
:101C10000E4900EA0105280CE070C5F3042060704D
:101C200005F03F00A070C5F3423020705EB9E07847
:101C3000FFF796FFE0706078FFF792FF6070A07882
:101C4000FFF78EFFA07070BD042800403FFFFF002B
:101C500070B506460C4600250F4800680F4900EA9B
:101C60000105C5F305402070C5F30620607005F03E
:101C70007F00A07005F48000000CE0705EB9207851
:101C8000FFF76EFF20706078FFF76AFF6070A07842
:101C9000FFF766FFA07070BD002800407F7F7F00C7
:101CA00030B504460025CA20154908605320086055
:101CB000FFF776FF00B91DE011481C38006820F0DE
:101CC00040000F491C390860084600682168084335
:101CD0000B491C3908600A491439A0680860084695
:101CE0000068A18840EA0140054914390860FFF7FF
:101CF0007FFF0125FF2002490860284630BD000013
:101D0000242800402DE9F04105460C460026002716
:101D10004DB9607800F01000102804D1607820F0F0
:101D200010000A30607005B908E06078FFF718FF0E
:101D30000646A078FFF714FF064600BF55B1E078CD
:101D40000004617840EA0120A1780843217840EA44
:101D5000413611E0E078FFF70EFF4FEA0048607867
:101D6000FFF709FF48EA0028A078FFF704FF48EAD8
:101D70000008207848EA4036CA20124908605320FB
:101D80000860FFF70DFF08B9002714E00E48304047
:101D90000C4920390860FFF72BFF0A481C380068FF
:101DA00000F0200030B900F087F808B9002702E001
:101DB000012700E00127FF20024908603846BDE8FE
:101DC000F0810000242800403FFFFF002DE9F04192
:101DD00005460C46002600274DB92E48006800F045
:101DE000400000B102E00020E07000BF0DE0294893
:101DF000006800F0400020B12078FFF7B1FE0646F1
:101E000002E00020E07000BF00BF55B12078000460
:101E1000617840EA0120A1780843E17840EA014670
:101E200011E02078FFF7A7FE4FEA00486078FFF73F
:101E3000A2FE48EA0028A078FFF79DFE48EA0008C5
:101E4000E07848EA0046CA2012491C310860532055
:101E50000860FFF7A5FE08B9002713E00E483040E0
:101E60000C4908390860FFF7C3FE0A48006800F013
:101E7000200030B900F020F808B9002702E001275F
:101E800000E00127FF2003491C3108603846BDE807
:101E9000F0810000082800407F7F7F000021016062
:101EA0007F214160FF21816070470021C170017076
:101EB000417081707047000008B500220092002038
:101EC0000021CA22134B1A6053221A60114A183A91
:101ED000126822F0A0020F4B183B1A6000BF0D4A97
:101EE000183A126802F02001009A521C0092009ADF
:101EF000B2F5003F01D00029F1D0064A183A126825
:101F000002F020020AB1012000E00020FF22014B74
:101F10001A6008BD2428004021B1028842F0400226
:101F2000028004E002884FF6BF731A4002807047B7
:101F300002884FF2FF731A40028002880A4302802F
:101F400070471AB183880B43838002E083888B43F8
:101F5000838070470246002013890B400BB101209B
:101F600000E0002070478181704710B50022028890
:101F700002F441520B884C8823438C882343CC883D
:101F800023430C8923434C8923438C892343CC89E5
:101F900023431A430280838B4FF2FF7423408383D1
:101FA0000B8A038210BD0021018041808180C180A5
:101FB000018141818181C181072101827047000037
:101FC0000CB50020019000903448006840F4803047
:101FD0003249086000BF3148006800F400300090CA
:101FE0000198401C0190009818B90198B0F5A04FD5
:101FF000F1D12A48006800F4003010B101200090AF
:1020000001E0002000900098012846D1234840308C
:10201000006840F080502149403108602048006845
:1020200040F440401E4908601C48083000681B49C5
:10203000083108600846006840F40040086008461F
:10204000006840F4A05008601648091F0860081F87
:10205000006840F08070091F086000BF0F480068EA
:1020600000F000700028F9D040F205700E490860B9
:102070000A480830006820F0030008490831086069
:102080000846006840F00200086000BF03480830BE
:10209000006800F00C000828F8D10CBD00380240A0
:1020A0000070004008544007003C024010B500BFDB
:1020B000502080F31188BFF34F8FBFF36F8F00BFA5
:1020C00005F0ECFD18B14FF080500449086000BFE6
:1020D000002080F3118800BF10BD000004ED00E077
:1020E00010B51548006840F47000134908601348A3
:1020F000006840F001001149086000200F490831D4
:1021000008600E4800680E4908400C4908600D48F8
:10211000091D0860081F006820F48020091F08605E
:10212000002006490C310860FFF74AFF4FF00060BD
:1021300001498039086010BD88ED00E00038024098
:10214000FFFFF6FE1030002410B501210C4800F00E
:102150002FF8A0B101210A4800F018F809480368D7
:1021600040684FF47A729A1840F1000005490A60FD
:1021700048600548006810B103480068804710BDFA
:10218000001000405000002058000020CA43028286
:10219000704721B1028842F00102028004E0028807
:1021A0004FF6FE731A40028070470146486A704736
:1021B00030B50246002000230024158A05EA0103F9
:1021C000958905EA010413B10CB1012000E000205B
:1021D00030BD1AB183890B43838102E083898B432D
:1021E0008381704700220288184B98420ED0184B0A
:1021F00098420BD0B0F1804F08D0164B984205D0D2
:10220000154B984202D0154B984204D14FF68F736C
:102210001A404B881A43124B984207D0114B9842F0
:1022200004D04FF6FF431A400B891A4302804B68D3
:10223000C3620B880385054B984202D0044B984239
:1022400001D18B7A0386012383827047000001400D
:10225000000401400004004000080040000C004061
:1022600000100040001400404FF0FF314160002199
:1022700001800181418081727047000010B540F2F9
:1022800025510B4800F0AAF8012810D10948006830
:1022900040B1074800F05CF9C4B22046054909681E
:1022A000884700BF40F22551014800F066F810BD94
:1022B000001001403400002038B540F22551234879
:1022C00000F08CF8012840D12148006840F2FF312D
:1022D000884235D21D4800F03BF9C1B21C48026863
:1022E0000068401C1A4B18601A4881541846006850
:1022F000401E1849085C0A2822D100201A4612689C
:1023000088541548006802F0A7F804468CB11348B9
:10231000047069461248006805F024FA009838B144
:102320004FF080500F490860BFF34F8FBFF36F8F9E
:1023300000BF08480649096808440749086000BF0B
:1023400040F22551014800F018F838BD0044004023
:1023500040000020A02A00203C0000204400002073
:102360004800002004ED00E001F40072B2F5007FA7
:1023700000D100BFCA430280704710B5002200237D
:1023800040F66A14A14200D100BF0A120124944011
:10239000A3B2DC43048010BD21B1828942F4005213
:1023A000828104E082894DF6FF731A408281704772
:1023B0001AB1838A0B43838202E0838A8B43838230
:1023C000704702460020B1F5007F00D100BF13889E
:1023D0000B400BB1012000E00020704770B50246B1
:1023E000002400230025002040F66A16B14200D1E7
:1023F00000BFC1F3421501F01F03012606FA03F3E3
:10240000012D02D19689334006E0022D02D1168AB1
:10241000334001E0968A33400C12012606FA04F498
:102420001688344013B10CB1012000E0002070BDCB
:10243000F0B50346002400260025002040F66A1768
:10244000B94200D100BF1846C1F3421401F01F0683
:10245000012707FA06F5012C01D10C3004E0022C0B
:1024600001D1103000E014301AB107682F43076023
:1024700002E00768AF430760F0BD00002DE9FF47A9
:1024800005460E460024A14600BFA046B08900B113
:1024900000BF2C8A24F44054F08804432C82AC8979
:1024A00041F20C608443B088318908437189084344
:1024B0000443AC81AC8A24F44074B0890443AC82F8
:1024C0006846FFF77FFA2048854202D01F488542C0
:1024D00002D1DDF80C9001E0DDF80890A88900F445
:1024E000004040B109EBC90000EB09103168490018
:1024F000B0FBF1F707E009EBC90000EB0910316808
:102500008900B0FBF1F76420B7FBF0F0040120096B
:10251000642101FB1078A88900F4004040B132200A
:1025200000EBC800B0FBF1F000F00700044308E046
:10253000322000EB08106421B0FBF1F000F00F0036
:1025400004432C81BDE8FF870010014000140140C6
:1025500001468888C0F308007047C1F308028280F2
:1025600070474FF41651016000218180C1800181C4
:102570000C21418100218181704700000FB4054B7F
:1025800010B503A9044A029800F024F910BC5DF8C4
:1025900014FB0000DD3C0108000100200FB47CB5F5
:1025A0000C0009AD01D0611E00E00021CDE9000161
:1025B000064B6A462946089800F00CF9002C02D018
:1025C000009A002111707CBC5DF814FB7D2F01087E
:1025D00030B583B0044600F017F89FED090B0546AF
:1025E0008DED000B002221466846FEF7DCF82846F8
:1025F00000F020F89DED000B03B030BD000000009E
:102600000000000000000000014800687047000062
:102610000401002002E008C8121F08C1002AFAD1F4
:1026200070477047002001E001C1121F002AFBD152
:102630007047000001490860704700000401002055
:102640002DE9FF5F82B00021DDE90430020DDDF8E5
:1026500040B0034318D044F61050A2F2FF32424378
:102660001514119801281FD0A5EB0B00401C5FEA40
:10267000000A4FF000064E4FDFF83891B046504642
:1026800015D5CAF1000413E0119801244AA30128CA
:1026900001D16FEA0B010298119AC0E90031C0E93B
:1026A000024206B0BDE8F09FCBF10000DFE7044630
:1026B0000021404A491842EB0450CDE9001012E0D5
:1026C000E00707D032463B4640464946FEF77CF9D4
:1026D0008046894632463B4610461946FEF774F955
:1026E00006460F466410002CEAD1DDE90401DDE95D
:1026F0000023BAF1000F06DAFEF766F942464B46B0
:10270000FEF762F905E0FEF7D1F942464B46FEF7C7
:10271000CDF904460E460022284BFEF74FFA03D8A7
:102720004FF0FF30014607E00022254B204631469E
:10273000FEF7A3F8FEF729FA102409E0002C0ADBC3
:102740000A220023FDF79EFD039B30321A55641EBA
:1027500050EA0102F2D1641C039AC4F1110314443B
:10276000119A012A03D0012208430DD10AE008433F
:1027700004D000204FF0110B119072E7A3EB0B0572
:102780006D1E0DE05B4504DD4FF0000205F1010513
:1027900004E003DA4FF00002A5F10105002AECD0B5
:1027A00002981199C0E90231C0E9004579E70000BB
:1027B000000014400000F03F300000000000F04333
:1027C0000000E03F30380A2801D201207047002085
:1027D000704700002DE9FF4F95B09A46884606469F
:1027E0000025EEE1252877D100242746F94A01216A
:1027F000039400E0044316F8013F203B01FA03F084
:102800001042F7D130782A2811D06FF02F0330789A
:10281000A0F13002092A16D8039A44F0020402EB10
:10282000820203EB42021044761C0390EFE758F853
:10283000042B0392002A03DA504244F4005403901C
:1028400044F00204761C30782E2816D116F8010FB9
:1028500044F004042A280DD06FF02F023078A0F144
:102860003003092B09D807EB870302EB4303C71892
:10287000761CF3E758F8047B761C30786C280FD070
:1028800006DC4C2817D068280DD06A2814D104E043
:10289000742810D07A280FD10DE044F400140AE017
:1028A00044F4801401E044F440147278824202D16E
:1028B00004F58014761C761C307866280BD013DC67
:1028C000582877D009DC002875D04528F6D046284E
:1028D000F4D047281AD193E118E0632835D0642852
:1028E00079D0652812D18BE1702873D008DC672875
:1028F000F1D069286FD06E280DD06F2806D1ACE0DA
:1029000073282CD0752874D0782853D05246179944
:1029100090476D1C54E1C4F30250022809D00328EB
:102920000DD0D8F8001004280DD00D6008F104086F
:1029300046E1D8F80010EA17C1E90052F6E7D8F8E6
:1029400000100D80F2E70D70F0E718F8041B8DF809
:10295000001000208DF80100EB46012003E058F83C
:1029600004BB4FF0FF3061074FF0000102D40DE0CF
:1029700009F101018946B9420FDA8145F8DB1BF8FC
:1029800009100029F4D108E009F1010189468142CA
:10299000FADB1BF809100029F6D103985346A0EB87
:1029A000090721463846179A00F080FA284400EBC0
:1029B000090507E044E008E10DE01BF8010B524671
:1029C00017999047B9F10109F7D253462146384685
:1029D000179AF2E039E00A21C4F302524FF0000BDB
:1029E0000091022A06D058F8040BC117032A09D017
:1029F0000AE023E008F1070020F00702F2E80201F4
:102A0000904605E000B2C117042A01D140B2C117B7
:102A1000002906DA0A460021404261EB02012D221C
:102A200002E0220504D52B228DF80420012203E0C8
:102A3000E20701D02022F7E7914657E00A2100E0A3
:102A400010214FF0000B00910BE010214FF0000B14
:102A500044F004040827009103E008204FF0000B25
:102A60000090C4F30252022A05D058F8040B00214A
:102A7000032A08D008E008F1070020F00702F2E876
:102A80000201904603E080B2042A00D1C0B24FF0A8
:102A9000000922072AD53278702A07D0DDF800C055
:102AA0008CF0100C5CEA0B0C05D00EE040228DF887
:102AB0000420012208E050EA010306D030238DF8FB
:102AC00004308DF8052002229146009B83F0080314
:102AD00053EA0B030AD150EA010201D1620705D57E
:102AE00030228DF804204FF001097F1E3278582AD9
:102AF00004D039A20C920CAA02920BE03BA2F9E797
:102B00005B46009AFDF7BEFB0C9B9B5C029A521E33
:102B10000292137050EA0102F2D1029804A9081A35
:102B200000F1200B600702D524F4803400E0012777
:102B30005F4502DDA7EB0B0000E0002000EB0B017E
:102B4000009003984944401A0390E00306D453468A
:102B50002146179A039800F0A9F90544002706E0DA
:102B600001A85246C05D179990476D1C7F1C4F45C8
:102B7000F6DBE0030CD553462146179A039800F084
:102B800095F9054404E030205246179990476D1C92
:102B90000099481E00900029F5DC08E0029802998F
:102BA00052460078491C0291179990476D1CBBF161
:102BB0000001ABF1010BF1DC5BE100F065F90544CC
:102BC000761C307800287FF40DAE19B02846BDE899
:102BD000F08F0000092801003031323334353637A8
:102BE0003839616263646566000000003031323359
:102BF00034353637383941424344454600000000F9
:102C0000600700D4062708F1070020F00700F0E86D
:102C10000223804603F0004C5FEA0C0001D097A02D
:102C200009E0200501D596A005E0E00701D095A0B8
:102C300001E0AFF24C001390307823F00043652898
:102C40000CD006DC452809D046281DD047287FD166
:102C50003BE0662818D067287AD136E00021112F92
:102C600001DB112000E0781CCDE9000104A90CA8CB
:102C7000FFF7E6FCDDE90D010C9A4FF0000B07F1C0
:102C80000109109200914EE04FF000400097CDE90D
:102C9000011004A90CA8FFF7D3FCDDE90D020C9B81
:102CA0000F994FF0000B91461093009211B9791CC7
:102CB00000EB0109B7EB090003D4C0F1FF3B07F1BA
:102CC0000109A9EB0700019042E0012F00DA01277A
:102CD0000021112F01DD112000E03846CDE900016F
:102CE00004A90CA8FFF7ACFCDDE90D010C9A0091DA
:102CF0004FF0000BB946109221070FD4009A4A45B5
:102D000003DA914601E0A9F10109B9F1010F05DDEE
:102D1000109AA9F10101515C3029F4D0B84202DACD
:102D200010F1040F03DA0121CDE9011010E00028B1
:102D300003DC8344A9EB000102E0411C494500DDAE
:102D40008946A0EB0B00401C01904FF00040029020
:102D5000200705D40198484502DB4FF0FF30019071
:102D600000208DF84B0002980DF14B07B0F1004F99
:102D700025D002200C902B200D90029800280CDA10
:102D8000404202902D200D9007E00A210298FDF7A5
:102D900078FC3031029007F8011D0C99481E0C9008
:102DA0000029F2DC02980028EFD1791E0D980870F6
:102DB000307800F0200040F0450007F8020D11A81F
:102DC000C01BC01D02901398007800B1012000EBD9
:102DD0000901019801EBE071029801440398401A3F
:102DE000401E0390E00306D453462146179A0398E9
:102DF00000F05CF805441398007818B15246179912
:102E000090476D1CE00323D553462146179A03983B
:102E100000F04CF805441BE0BBF1000F07DB009805
:102E2000584504DD1098179910F80B0001E0179928
:102E300030205246904701980BF1010B401E05F1DE
:102E40000105019004D12E205246179990476D1C20
:102E5000B9F10001A9F10109DEDC05E017F8010B69
:102E60005246179990476D1C0299481E02900029FE
:102E7000F4DC53462146179A03989EE62D00000085
:102E80002B000000200000002DE9F0410446002541
:102E90001E461746880404D405E039462020B04772
:102EA0006D1C641EF9D52846BDE8F0812DE9F0417E
:102EB000044600251E469046C80301D5302700E091
:102EC0002027880404D505E041463846B0476D1CEC
:102ED000641EF9D52846BDE8F0811CB5044601A85A
:102EE000FEF757FE6846FEF7E0FF01A90020FEF757
:102EF00089FE69460020FEF7ABFE9DF8070000F54D
:102F0000FA6020809DF80500A0709DF80600E07032
:102F10009DF80400E0719DF8000020719DF801000B
:102F200060719DF80200A0711CBD1CB5044601A88B
:102F3000FEF72FFE6846FEF7B8FF2078A0F5FA608E
:102F4000C0B28DF80700A0788DF80500E0788DF804
:102F50000600E0798DF8040020798DF80000607992
:102F60008DF80100A0798DF8020001A90020FEF77C
:102F7000C9FE69460020FEF729FF1CBD4A68002AE9
:102F800006D00A68531C0B6010704868401E4860E9
:102F90007047000010B588B006A8FEF79CFBC02063
:102FA000069002208DF81C0003208DF81D000120E2
:102FB0008DF81E0000208DF81F0006A92648FEF798
:102FC0001AFB042206212448FEF75DFB0422072198
:102FD0002148FEF758FB02A8FEF75EFC1F4802904E
:102FE0000020ADF80C004BF6FF70ADF80E0000208D
:102FF000ADF810004FF48060ADF812000001ADF89C
:10300000140002A91648FEF7C5FB01211448FEF77B
:103010009CFB282003F0CEFB00F031F810B101201A
:1030200008B010BD0FA000680190032101A800F0B6
:103030001DF908B90020F3E7002408E0052003F09B
:10304000B9FB00F01CF808B10120E9E7641C642C0E
:10305000F4D30020E4E7000000040240A086010051
:1030600000540040BE08000008B5684600F0CAF8E9
:1030700008B9002008BD9DF80000C009FAE708B5AE
:10308000684600F0BFF808B9002008BD9DF80000B0
:10309000C0F3C000F9E700002DE9F04107460D46F6
:1030A00001212F48FEF726FB01212D48FEF759FB91
:1030B00000BF4FF47A7403E00A2002F091FF0A3C4B
:1030C00028492748FEF722FB08B9002CF4D114B98F
:1030D0000020BDE8F08100BF012270212048FEF7EA
:1030E000D1FB00BF4FF47A7403E00A2002F078FFAE
:1030F0000A3C1C49491C1A48FEF708FB08B9002C79
:10310000F3D10CB90020E4E700BF00241FE0681EE3
:10311000A04203D100211248FEF7ECFA00BF4FF4A1
:103120007A7603E00A2002F05BFF0A3E0D493F3148
:103130000B48FEF7EBFA08B9002EF3D10EB90020C8
:10314000C7E700BF0648FEF799FB3855641CAC4240
:10315000DDD301210248FEF710FB0120B9E7000092
:1031600000540040010003002DE9FC4106460F46D3
:1031700006216846FFF790FF10B90020BDE8FC81EA
:103180009DF8010000039DF8021040EA01109DF82F
:10319000031040EA11149DF803000007000B9DF88E
:1031A000041040EA01209DF8051040EA010500EEF8
:1031B000104AB8EE400ADFED0F0A20EE200ADFEDDC
:1031C0000E0A80EE201A87ED001A00EE105AB8EEB3
:1031D000400ADFED0A0A20EE200A9FED071AC0EE32
:1031E000010A9FED070A30EEC00A86ED000A0120B1
:1031F000C4E700000000C8420000804900004843C6
:103200000000484238B5044671200090012168460C
:1032100000F02CF808B9002038BD01212046FFF746
:103220003BFF08B90020F7E70120F5E708B506A045
:10323000006800900321684600F018F808B90020E3
:1032400008BD0120FCE70000AC33000010B50024ED
:1032500008E00A2003F0AEFAFFF706FF08B90120E4
:1032600010BD641CC82CF4D30120F9E72DE9F0410E
:1032700006460F4601212B48FEF73CFA012129485A
:10328000FEF76FFA00BF4FF47A7403E00A2002F0F1
:10329000A7FE0A3C24492348FEF738FA08B9002C57
:1032A000F4D114B90020BDE8F08100BF00227021E4
:1032B0001C48FEF7E7FA00BF4FF47A7403E00A20D7
:1032C00002F08EFE0A3C19491648FEF71FFA08B9AB
:1032D000002CF4D10CB90020E5E700BF002418E071
:1032E000315D1048FEF7D6FA00BF4FF47A7503E05F
:1032F0000A2002F075FE0A3D0C49891E0948FEF7B6
:1033000005FA08B9002DF3D10DB90020CBE700BFB5
:10331000641CBC42E4D301210248FEF72EFA0120CE
:10332000C1E70000005400400100030082000700D4
:1033300038B54148414B01224FF47A71009040A0CA
:1033400004F0FAFE414908604148424B0022C8217E
:10335000009041A004F0F0FE424908603C48424B16
:10336000012241F28831009040A004F0E5FE42497C
:1033700008603748414B012240F6B831009040A028
:1033800004F0DAFE424908603148424B01224EF611
:103390006021009040A004F0CFFE434908602D4911
:1033A000424803F0E3FE3049404803F0DFFE334972
:1033B0003E4803F0DBFE37493C4803F0D7FE04F0FB
:1033C00067FC0446002003462246012100901F4866
:1033D000006804F001FF04F05BFC04460020034693
:1033E0002246012100901F48006804F0F5FE04F019
:1033F0004FFC0446002003462246012100901E484F
:10340000006804F0E9FE04F043FC04460020034693
:103410002246012100901E48006804F0DDFE04F001
:1034200037FC0446002003462246012100901E4836
:10343000006804F0D1FE38BDB1340108896101088B
:1034400074696D6520757064617465000800002002
:10345000F17001084960010874696D652073796E27
:103460006300000000000020A96E0108776966690A
:10347000207570646174650004000020393D010806
:10348000696E6E657220757061647465000000007D
:103490000C000020C54401086F7574646F6F7220C2
:1034A000757064617465000010000020C13401086B
:1034B00070B50446204602F07DF80546A84770BD69
:1034C00070B504462546A84770BD70B502468B8985
:1034D00003EBD3767610F01DC61700EB5676F51089
:1034E0008889684384B2486880B14B6800BF187807
:1034F000904205D1D1E900069E1B06FB040070BD79
:10350000581C034600780028F1D105E0A2F1200004
:103510000B6800FB0430F2E70020F0E710B502F082
:1035200023FD00F0BDF809A20BA10EA0FFF726F8BD
:1035300002F08BF802F07EF9FFF72CFD20B910A005
:10354000FFF71CF800BFFEE710BD000031343A3130
:10355000383A3037000000004A756E20203820329B
:10356000303236005B5359535D204275696C6420DC
:10357000446174653A2025732025730A0000000019
:103580005B4552524F525D20616874323020696E43
:103590006974206661696C65642121210D0A00004F
:1035A00010B526482649086001210846FEF7DAF9D9
:1035B00001210220FEF7D6F901210420FEF7D2F9FD
:1035C00001210820FEF7CEF901211020FEF7CAF9EB
:1035D00001211020FEF7E6F901214804FEF7D2F997
:1035E00001214805FEF7CEF901218805FEF7CAF949
:1035F00001218803FEF7C6F901211020FEF7C2F968
:1036000001210807FEF7BEF901214805FEF7AAF9D6
:1036100001218805FEF7A6F90120FEF79DF901209A
:10362000FEF764FA00BF4120FEF740FA0028FAD006
:103630004FF48070FEF776FA10BD0000000001081C
:1036400008ED00E000B58FB06846FDF7C3FF4FF00E
:1036500000600090104801904020039000200590E9
:1036600007904FF4806006900020089009900A901F
:1036700004200B9003200C904FF080700D900020E0
:103680000E90012210210548FDF75AFF69460348B4
:10369000FDF774FF0FB000BD04100140B864024094
:1036A00010B503220021012003F03EFE0849086006
:1036B0000846006818B9542106A002F0D1FE00F0B7
:1036C00055F8FFF7BFFF00F013F800F031F810BD18
:1036D000300000202E2E5C6472697665725C636F28
:1036E0006E736F6C655C636F6E736F6C652E6300D9
:1036F00008B525208DF8000005208DF80100002078
:103700008DF8020001208DF803006846FEF7D4F81A
:1037100005212520FEF70CF946208DF800006846AB
:10372000FEF7CAF805214620FEF702F908BD0000A1
:103730001CB5072209210C48FDF7A5FF07220A2125
:103740000948FDF7A0FF6846FDF7C5FF02208DF888
:10375000040003208DF805004002009069460248ED
:10376000FDF749FF1CBD0000000002401FB5684680
:10377000FEF7F7FE4FF4E13000900020ADF80C00AA
:103780000C20ADF80A000020ADF80800ADF80600E6
:10379000ADF8040069460948FEF770FE012240F2C8
:1037A00025510648FEF744FE012280210348FEF71A
:1037B000FFFD01210148FEF7EFFD1FBD0010014094
:1037C0002DE9FC4104460027002040F23F13EF2280
:1037D0000146009002F012FD104A2521282002F037
:1037E000F5FC00262046FCF7C0FD0D4989894843B9
:1037F0004508F02D05DAC5F1F10000EBD071C1F3F9
:103800004F06074800214FF6E0732246CDE900102D
:10381000F521304602F08CFDBDE8FC81D498030808
:1038200010CC01082DE9F84305460E46174605B1B0
:1038300016B90020BDE8F883DFF830802B460CA2D3
:103840004FF4806140460096FEF7A8FE04463FB163
:10385000C4F5806108EB04003B460BA2FEF79EFE18
:1038600041F28831404600F009FAE3E7A02A00203F
:1038700041542B43574A41503D222573222C222587
:1038800073220D0A000000002C2225732200000084
:1038900000B58FB06846FDF79DFE4FF000600090C8
:1038A0000F480190402003900020059007904FF4AE
:1038B000806006900020089009904FF480300A90B4
:1038C00004200B9003200C904FF080700D9000208E
:1038D0000E9069460348FDF751FE0FB000BD000091
:1038E00004440040A060024000487047A02A002025
:1038F00070B504464FF4FA6112A000F0BFF908B9A0
:10390000002070BDFFF7F0FF0546214600F0C4FE21
:1039100008B90020F5E794F85C00012810D14FF4B5
:10392000FA610CA000F0AAF908B90020E9E7FFF756
:10393000DBFF0546214600F07BFE08B90020E0E7EA
:103940000120DEE741542B435753544154453F0D6A
:103950000A00000041542B43574A41503F0D0A00D2
:1039600070B50446094D234609A24FF480612846EC
:10397000FEF714FE41F28831284600F07FF9064632
:1039800016B1FFF7B1FF70BD0020FCE7A02A0020B0
:1039900041542B48545450434C49454E543D322CCD
:1039A000312C222573222C2C2C320D0A0000000011
:1039B00010B503220021012003F0B6FC1149086074
:1039C0000846006818B982210FA002F049FD00F0F6
:1039D00075F840F6B83000F021F908B9002010BDA4
:1039E0004FF4FA610FA000F049F908B90020F6E79A
:1039F00041F2883000F026F908B90020EFE70120F5
:103A0000EDE70000480000202E2E5C6472697665A8
:103A1000725C6573705F61745C6573705F61742E56
:103A20006300000041542B524553544F52450D0A38
:103A30000000000038B526208DF8000005208DF824
:103A4000010000208DF8020001208DF80300684677
:103A5000FDF732FF26200521002807DA0A07140E99
:103A6000054A00F00F031B1FD45403E00A07130E8E
:103A7000024A135400BF38BD18ED00E000E400E036
:103A80001CB5072202210C48FDF7FDFD072203218A
:103A90000948FDF7F8FD6846FDF71DFE02208DF888
:103AA000040003208DF805000C20009069460248B0
:103AB000FDF7A1FD1CBD00000000024010B500F0A4
:103AC0003DF8FFF7E5FEFFF7B5FFFFF7D9FF10BDA3
:103AD00070B504464FF4FA6108A000F0CFF808B9B9
:103AE000002070BDFFF700FF0546214600F058FD9D
:103AF00008B90020F5E70120F3E7000041542B430B
:103B00004950534E545054494D453F0D0A00000052
:103B100010B54FF4FA6104A000F0B0F808B9002025
:103B200010BD0120FCE7000041542B434950534E87
:103B300054504346473D312C380D0A001FB56846A6
:103B4000FEF70FFD4FF4E13000900020ADF80C00BF
:103B50000C20ADF80A000020ADF80800ADF8060012
:103B6000ADF8040069460948FEF788FC012280216F
:103B70000648FEF71DFC012240F225510348FEF7DE
:103B800057FC01210148FEF707FC1FBD004400401F
:103B900070B5044600200E4908600E480E490860C2
:103BA0004FF47A7060434FF47A71B0FBF1F631460E
:103BB0000A48006803F00CFF012800D100E0002053
:103BC000054615B10648007870BD0020FCE70000EE
:103BD00040000020A02A00203C00002048000020D7
:103BE0004400002070B504462046FCF7BEFB0546A5
:103BF000084804600748AC38C0F8A4500649054896
:103C00000C38FDF72BFC012102480C38FDF75AFC5B
:103C100070BD0000AC6002400000202070B504467A
:103C2000002507E0642105A000F028F808B1012074
:103C300070BD6435A542F5D30020F9E741540D0A63
:103C40000000000010B504462046FFF7A1FF04283D
:103C500001D1012010BD0020FCE7000010B54FF499
:103C6000FA6102A000F00AF810BD000041542B4395
:103C7000574D4F44453D310D0A00000070B50446D4
:103C80000D46214609A0FEF779FC2046FFF7AAFF62
:103C90002846FFF77DFF064609490AA0FEF76EFC9D
:103CA000012E01D1012070BD0020FCE75B4445429C
:103CB00055475D2053656E643A2025730A00000065
:103CC000A02A00205B44454255475D205265737031
:103CD0006F6E73653A0A25730A00000070B50446DA
:103CE0000D4640210748FEF73FFBE1B20548FEF7CD
:103CF00034FC00BF40210348FEF763FB0028F9D0E5
:103D0000204670BD0010014010B50446F02C02DAC8
:103D1000B1F5A07F01DB002010BDF02A02DAB3F577
:103D2000A07F01DB0020F7E7944201DC994201DD2E
:103D30000020F1E70120EFE700B52DED048B85B001
:103D4000FFF774FA30B92CA0FEF718FC05B0BDECF3
:103D5000048B00BDFFF77AFA18B930A0FEF70EFC0D
:103D6000F4E79FED380A8DED040A9FED360A8DEDDC
:103D7000030A03A904A8FFF7F7F918B932A0FEF760
:103D8000FDFBE3E79DED040A3848D0ED000AB4EEF0
:103D9000600AF1EE10FA0AD19DED030A3448D0ED25
:103DA000000AB4EE600AF1EE10FA00D1CEE79DED04
:103DB000040A2E4880ED000A9DED030A2C4880ED90
:103DC000000A0398FCF72EFC41EC190B0498FCF751
:103DD00029FC41EC180B8DED009B53EC182B25A012
:103DE000FEF7CCFB9DED040A00F0FCF99DED030A03
:103DF00000F0C2F900BFA9E75B41485432305D20B2
:103E00007374617274206D6561737572656D656E32
:103E100074206661696C65640A0000005B41485467
:103E200032305D207761697420666F72206D656144
:103E3000737572656D656E74206661696C65640A80
:103E400000000000000000005B41485432305D205B
:103E500072656164206D6561737572656D656E7400
:103E6000206661696C65640A000000001C00002087
:103E7000200000205B41485432305D2054656D7055
:103E8000657261747572653A20252E31662C204862
:103E9000756D69646974793A20252E31660A0000CF
:103EA0000146A12903DBF72901DC0120704700202E
:103EB000FCE700001CB5FFF773FB03F027F90020B7
:103EC000092103464FF48062CDE9001003A10548A3
:103ED00003F09EFE02F006FE00BFFEE7696E697405
:103EE00000000000E93E010810B50446FFF716FB8C
:103EF00002F0F8F902F0D0FE08A0FEF73FFB02F056
:103F000015FF02F07BFF03F05BF800F015F8FFF7F8
:103F10000FFA002002F086FC10BD0000637572727B
:103F2000656E74206170702076657273696F6E3A89
:103F30002056312E300D0A001CB50024002040F21E
:103F40003F13EF220146009002F058F900BF4FF6F0
:103F5000DF709A23E0220F210090084602F04EF90C
:103F60003E4A1421172002F031F93DA000F056FA24
:103F70003E484FF6DF7100233DA2CDE900102A2113
:103F8000192002F0D5F93C484FF6DF7148F671432D
:103F90003AA2CDE900107921232002F0C9F900BF2F
:103FA00000BF48F6DD604FF498737222A52100909F
:103FB0000F2002F023F9364848F6DD61002335A2D0
:103FC000CDE90010AA21132002F0B2F9344848F6D6
:103FD000DD61002333A2CDE90010BF21562002F09D
:103FE000A7F92F4848F6DD6100232FA2CDE9001084
:103FF0004FF483715B2002F09BF99FED2C0A00F0D7
:10400000F1F89FED2A0A00F0B7F800BF00BF4FF6A5
:1040100029404FF49873E022A52100907D2002F002
:10402000EDF81F484FF6294100231EA2CDE90010EC
:10403000BD21C02002F07CF91D4AEF218B2002F047
:10404000C5F81CA000F00CF99FED180A00F022F949
:10405000601E00F05DF900BF1CBD00008C750208F9
:104060006950686F6E65313400000000540D02081D
:104070002D2D3A2D2D00000010CC01082D2D2D2DB9
:104080002F2D2D2F2D2D20D0C7C6DACBC400000038
:10409000D8D60108CAD2C4DABBB7BEB3000000004C
:1040A00048B7010843000000250000009AF9794450
:1040B00004710208BBB4C4CF0000000010B588B082
:1040C0000446E079012801D11CA21EE0E079022813
:1040D00001D11BA219E0E079032801D119A214E053
:1040E000E079042801D118A20FE0E079052801D178
:1040F00016A20AE0E079062801D115A205E0E079D0
:10410000072801D113A200E013A2E078A178CDE93D
:1041100001020091238811A2122103A8FEF73EFAA2
:1041200014484FF6DF7148F6714303AACDE9001039
:104130007921232002F0FCF808B010BDD2BB0000AA
:10414000B6FE0000C8FD0000CBC40000CEE50000B4
:10415000C1F90000CCEC0000580000002530347597
:104160002F253032752F2530327520D0C7C6DA257D
:104170007300000010CC010800B52DED048B83B056
:10418000B0EE408AB5EEC08AF1EE10FA13DD9FED75
:10419000110AB4EEC08AF1EE10FA0CD818EE100A2B
:1041A000FCF740FA41EC190B8DED009B0AA20321AC
:1041B00002A8FEF7F3F90A4848F6DD61002302AAD7
:1041C000CDE90010EF21192002F0B2F803B0BDECE8
:1041D000048B00BDE1FAC74225322E306600000094
:1041E000F8F9010800B52DED048B83B0B0EE408ADC
:1041F000164800680290BAEE040AB4EEC08AF1EEE6
:1042000010FA13DD9FED120AB4EEC08AF1EE10FA37
:104210000CD818EE100AFCF705FA41EC190B8DEDDD
:10422000009B0CA2032102A8FEF7B8F90B4848F640
:10423000DD61002302AACDE90010C0211E2002F09A
:1042400077F803B0BDEC048B00BD000004770608CE
:104250000000C84225322E3066000000E8EC01085C
:1042600010B586B00446234608A2092103A8FEF72C
:1042700095F907484FF62941002303AACDE900101C
:10428000AA217F2002F054F806B010BD257300006B
:10429000D8D6010800B52DED048B83B0B0EE408A6E
:1042A000164800680290BAEE040AB4EEC08AF1EE35
:1042B00010FA13DD9FED120AB4EEC08AF1EE10FA87
:1042C0000CD818EE100AFCF7ADF941EC190B8DED86
:1042D000009B0CA2032102A8FEF760F90B484FF6E1
:1042E0002941002302AACDE90010BE21872002F057
:1042F0001FF803B0BDEC048B00BD00000877060872
:104300000000C84225322E3066000000E0E10108BE
:1043100070B504461CB1022C01D0262C01D1224DCF
:104320003CE0012C01D0032C01D1204D36E0042CBF
:1043300001D0092C01D11E4D30E0052C05D0062CF2
:1043400003D0072C01D0082C01D11A4D26E00A2CED
:104350000DD00D2C0BD00E2C09D00F2C07D0102C0B
:1043600005D0112C03D0122C01D0132C01D1124DE9
:1043700014E00B2C01D00C2C01D1104D0EE0142CAC
:1043800009D0152C07D0162C05D0172C03D0182CCB
:1043900001D0192C01D10A4D00E00A4D2A46F02126
:1043A000A62001F013FF70BD9C6802082CA3020830
:1043B0005C8C02082C240208CCD00208FC3A0208CB
:1043C000FCB90208CC5102087FB50446A07900EB85
:1043D000D0714910A0EB410109B93A2100E0202138
:1043E0000D466079CDE90050237908A2062102A884
:1043F000FEF7D4F808484FF6DF71002302AACDE992
:1044000000102A21192001F093FF7FBD253032755D
:104410002563253032750000540D020810B588B0B0
:104420000446234609A2152102A8FEF7B7F8094859
:104430004FF6DF7148F6714302AACDE9001017214B
:10444000322001F075FF08B010BD00002532307336
:104450000000000010D2010870B5054600240CE0F1
:10446000084800EBC40041682846FBF785FF18B9EF
:10447000044810F8340070BD641C042CF0D30020F4
:10448000F9E700000C77060830B58DB005463022FC
:104490000B4901A8FBF727FF00240CE001A850F806
:1044A00024102846FBF768FF18B9601CC0B20DB095
:1044B00030BD601CC4B20C2CF0DB0020F7E700001C
:1044C0002C77060830B52DED028BB1B0B82103A8CA
:1044D000FBF722FF1E4D2846FFF742FA044634B987
:1044E0001CA0FEF74BF831B0BDEC028B30BD03A928
:1044F000204600F003F918B91CA0FEF73FF8F2E7D8
:10450000B82203A91F48FBF745FF00B9EBE7B82223
:1045100003A91C48FBF7E7FE9DED300A10EE101AC8
:104520000846FCF77FF841EC180B8DED008B2BAAA9
:1045300003A915A0FEF722F8DDED300AB0EE600AFF
:10454000FFF7A8FE2F98FFF7E3FE00BFCBE70000C0
:10455000B87706085B574541544845525D2068745A
:104560007470206572726F720A0000005B574541DB
:10457000544845525D207061727365206661696CB4
:1045800065640A00680100205B5745415448455264
:104590005D2025732C2025732C20252E31660A00E2
:1045A00030B589B005460C4611A12846FBF7BFFE81
:1045B0000546A01D611D221DCDE90304CDE90121A1
:1045C000E01C06AB07AA0EA100902846FBF7F8FEF8
:1045D000072802D0002009B030BD07A802F040FB38
:1045E000E07106A8FFF750FFA0700120F3E700007C
:1045F0002B434950534E545054494D453A00000006
:104600002B434950534E545054494D453A2533732A
:1046100020253373202568687520256868753A253C
:104620006868753A2568687520256875000000007F
:104630007CB505460C460DA12846FBF778FE0546DD
:104640000DB900207CBD04F15800011F04F14003A6
:104650002246CDE9001007A12846FBF7B1FE042849
:1046600001D00020EEE70120ECE700002B43574A81
:1046700041503A002B43574A41503A222536335B8A
:104680005E225D222C222531375B5E225D222C25A5
:10469000642C25640000000038B505460C460EA1C8
:1046A0002846FBF744FE05460DB9002038BD2346D9
:1046B0006A460CA12846FBF783FE022801D00020A1
:1046C000F4E70098022801D1012000E0002084F8DE
:1046D0005C000120EAE700002B4357535441544546
:1046E0003A0000002B435753544154453A25642C5B
:1046F000222536335B5E225D000000002DE9F34F7A
:104700002DED028B85B00C463AA10798FBF70FFE02
:104710000790079828B9002005B0BDEC028BBDE8D2
:10472000FC8F37A10798FBF702FE05460DB9002064
:10473000F2E736A12846FBF7FAFD064626B12246E7
:1047400034A13046FBF73CFE37A12846FBF7EFFDCE
:1047500007462FB104F1200235A13846FBF730FEA1
:1047600038A10798FBF7E3FD8046B8F1000F01D1AF
:104770000020D1E735A14046FBF7D9FD8146B9F1CC
:10478000000F05D004F1A00232A14846FBF718FE45
:1047900035A14046FBF7CBFD8246BAF1000F05D0AC
:1047A00004F1B00232A15046FBF70AFE002001904E
:1047B00002900390049032A14046FBF7B8FD834677
:1047C000BBF1000F13D001AA31A15846FBF7F8FD49
:1047D00001280CD101A8FDF7FBFEB0EE408AF0EEF7
:1047E000608A51EC180BFBF730FFC4F8B4000120CD
:1047F00092E7000022726573756C7473223A0000B0
:10480000226C6F636174696F6E223A00226E616D73
:1048100065223A00226E616D65223A2022253331ED
:104820005B5E225D220000002270617468223A0003
:104830002270617468223A2022253132385B5E2270
:104840005D220000226E6F77223A000022746578A4
:1048500074223A002274657874223A202225313578
:104860005B5E225D2200000022636F6465223A00D5
:1048700022636F6465223A20222564220000000032
:104880002274656D7065726174757265223A0000FC
:104890002274656D7065726174757265223A2022AA
:1048A0002531355B5E225D22000000002DE9F041DC
:1048B00005460E461C4807681C480068001D01F0AC
:1048C00081FD50B91948006890F82C1001208840EB
:1048D00017490968814316480160681C38B936B128
:1048E00012480168091D134801F002FE1AE07C1904
:1048F0000E4800684460BC4207D20C480168091D9C
:104900000D48006801F0DAFD0CE008480168091D57
:104910000A48006801F0D2FD09480068844201D2CB
:1049200007480460BDE8F08194000020800000206A
:10493000980000200830002088000020840000201B
:10494000B000002010B5044601F0DEFD23480068E9
:10495000401C224908602248006840B92048046091
:104960000846006801280DD100F02AFA0AE01D4827
:10497000006838B91A480068C06AE16A884201D8FC
:104980001748046018480068401C1749086094F8EC
:104990002C10012088401549096808431349086014
:1049A000E16A01EB8101124A02EB8100211D01F055
:1049B0009FFD01F0E3FD0B48006868B108480068FE
:1049C000C06AE16A884207D24FF080500949086006
:1049D000BFF34F8FBFF36F8F10BD0000900000201A
:1049E000800000209C000020AC00002098000020E7
:1049F000F02E002004ED00E010B501F085FD104818
:104A00000068D0B90F4801F049FD0F4801F046FD9C
:104A10000C480E4908600C480D49086000220C2122
:104A2000202002F081FC064908600846006820B199
:104A300008A10348006801F081FE01F09FFD10BD50
:104A4000C80000201C30002030300020C0000020B2
:104A5000C4000020546D72510000000010B516E033
:104A600001F052FD0C48C068C468201D01F0AAFC8A
:104A70000A480068401E0949086009480068401E4D
:104A80000749086001F07AFD204600F05FF804480D
:104A900000680028E4D110BDF42F00209000002011
:104AA0008C00002070B504460D46206C70B1216C5E
:104AB000E0680144E160D4E90210884201D3216832
:104AC000E1602846226CE168FBF70DFC70BD2DE922
:104AD000F04104460F4615464FF00008A66B206CC7
:104AE00048B9206800282CD1A06803F085F98046D9
:104AF0000020A06025E07DB93946226C6068FBF794
:104B0000F2FB216C606808446060D4E901018842CE
:104B100017D32068606014E03946226CE068FBF728
:104B2000E2FB216CE068411AE1602168E06888429C
:104B300003D2216CA068411AE160022D01D106B1B7
:104B4000761E701CA0634046BDE8F08110B5044697
:104B5000206B01F041FD204601F03EFD10BD0146F5
:104B60004A6A22B10A6B1268C2F10A0000E0002012
:104B7000704700000146084A126812680AB901220B
:104B800000E000220A600A6822B9034A1268D2686B
:104B9000106800E000207047C000002030B54FF4DE
:104BA000B833174800F007042CB1C01D20F00700EF
:104BB000134C041B1B1B0246124C22600024114D97
:104BC0006C60D018083820F007000F4C20600024DB
:104BD0000D4D2D686C600C4D2D682C601146441AEB
:104BE0004C60094C24680C60084D4C682C60084DE2
:104BF0004C682C604FF00044064D2C6030BD000026
:104C000044300020D4000020DC000020E40000201C
:104C1000E0000020F000002000BFFFF71FFF064863
:104C200000680128F9D94FF0805004490860BFF3AB
:104C30004F8FBFF36F8FF0E7F02E002004ED00E000
:104C40002DE9F04106460D4617469846069C0DB9DB
:104C5000246000E02760E66325640121204602F01D
:104C6000B3FB0020A064BDE8F08100002DE9F05FF7
:104C700082460E4690469B460A9F0C9C4FEA88014E
:104C8000A522206BFBF741FBA8F10100216B01EB92
:104C9000800929F0070909F0070008B9012000E0A0
:104CA000002020B940F25E3121A001F0D9FB86B18D
:104CB000002507E0715D04F134004155705D00B9D5
:104CC00002E06D1C102DF5D300BF002143200155DB
:104CD00002E0002084F834000A2F00D30927E7629D
:104CE00067640020A064201D01F0E5FB04F11800BA
:104CF00001F0E1FB2461C7F10A00A06164621421A4
:104D000004F14C00FBF708FB002020666066A066FB
:104D1000A4F86C0084F86E005A465146484600F0EC
:104D200069FC20600B9808B10B980460BDE8F09F07
:104D30002E2E5C74686972645F6C69625C66726571
:104D40006572746F735C7461736B732E6300000023
:104D50002DE9F04706460D4617469846DDE90894CA
:104D60000DB1012000E0002020B940F25F110CA03D
:104D700001F076FB8CB1FFF73FFE2660A561C4F819
:104D80001C80C4F82090201D01F095FB2FB194F8F1
:104D9000240040F0040084F82400BDE8F0870000FF
:104DA0002E2E5C74686972645F6C69625C66726501
:104DB0006572746F735C74696D6572732E63000045
:104DC00010B5002407E004EB84010F4A02EB8100D8
:104DD00001F064FB641C0A2CF5D30C4801F05EFB67
:104DE0000B4801F05BFB0B4801F058FB0A4801F04F
:104DF00055FB0A4801F052FB044809490860044881
:104E00000849086010BD0000F02E0020B82F0020D7
:104E1000CC2F0020E02F0020F42F002008300020AD
:104E2000840000208800002010B50146164800E0EC
:104E3000006803688B42FBD30246436813448B42ED
:104E400004D143684C682344436001460A464B68DA
:104E500013440468A34211D10C4C03682468A34294
:104E600008D04B680468646823444B6003681B687F
:104E70000B6005E0054B1B680B6001E003680B60ED
:104E8000884200D0016010BDD4000020DC0000206A
:104E90002DE9F04104460D4616461F464FF0000826
:104EA00065602461B5420CD8F01BA169884202D329
:104EB0004FF0010811E0211D0948006801F0FEFAD9
:104EC0000BE0BE4204D2BD4202D34FF0010804E021
:104ED000211D0448006801F0F1FA4046BDE8F08168
:104EE000C4000020C000002070B5054601F00CFB96
:104EF000A86B08B9012400E0002401F03FFB204624
:104F000070BD70B5054601F0FFFAA86BE96B8842E9
:104F100001D1012400E0002401F030FB204670BDE7
:104F2000F1B50098846C002624B940F69C311EA08F
:104F300001F096FAA06BE16B884201D2012000E0FB
:104F4000002020B940F69D3117A001F089FAA06B2E
:104F5000E16B884226D294F94550002269462046EA
:104F6000FFF7B5FD0646681C60B9606A08B9012004
:104F700000E00020A8B904F1240002F0FBFF80B19A
:104F800001260EE07F2D01D0012000E0002020B995
:104F900040F6BD3104A001F063FA681C40B284F809
:104FA000450000BF3046F8BD2E2E5C7468697264FF
:104FB0005F6C69625C6672656572746F735C717553
:104FC0006575652E63000000F8B505460F46174865
:104FD0000068C068C468201D01F0F4F994F824004A
:104FE00000F00400B8B1A06941192B463A462046AA
:104FF000FFF74EFFA8B1002003462A460146009065
:10500000204603F0E9F8064626B94FF4057108A0DA
:1050100001F026FA05E094F8240020F0010084F85D
:1050200024002046216A8847F8BD0000C000002007
:105030002E2E5C74686972645F6C69625C6672656E
:105040006572746F735C74696D6572732E630000B2
:1050500070B586B07EE0039800287BDB059C606914
:1050600008B9012000E0002010B9201D01F0AAF9C4
:1050700002A800F0DFF8054603980A2868D2DFE8A6
:1050800000F0090507333B570608343C00BF00BF5A
:1050900000BF00BF94F8240040F0010084F8240011
:1050A0000498A269811803462A462046FFF7F0FEBD
:1050B000C8B12046216A884794F8240000F0040013
:1050C00088B1002000900498A16942180023194675
:1050D000204603F081F8064626B940F2363123A077
:1050E00001F0BEF900BF34E000BF94F8240020F0C6
:1050F000010084F824002CE000BF94F8240040F064
:10510000010084F824000498A061A06908B101207E
:1051100000E0002020B940F24F3114A001F0A0F9C6
:10512000A06941192B462A462046FFF7B1FE10E040
:1051300094F8240000F0020018B9204601F04CFA5F
:1051400005E094F8240020F0010084F8240000E039
:1051500000BF00BF002203A90C48006802F086FBD4
:1051600000287FF478AF06B070BD00002E2E5C746E
:10517000686972645F6C69625C6672656572746F9F
:10518000735C74696D6572732E630000C800002043
:10519000F8B505460C4601F0FDFC684600F04AF8FB
:1051A0000646009820BB44B9B54206D802F038FF45
:1051B00031462846FFF708FF1CE03CB10E48006866
:1051C000006808B9012000E000200446A91B22461F
:1051D0000A48006801F0C8FA02F022FF50B94FF007
:1051E000805007490860BFF34F8FBFF36F8F01E016
:1051F00002F016FFF8BD0000C4000020C800002027
:1052000004ED00E009480068006808B9012000E0EA
:10521000002020B14FF0FF300549086005E0034849
:105220000068C06800680249086070478400002078
:10523000B000002070B5044602F02AFD054607487C
:105240000068854204D200F00BF80120206001E0E4
:105250000020206001480560284670BDD000002075
:105260002DE9F8432EE022480068C0680568204810
:105270000068C068C468201D01F0A4F82046216AB7
:10528000884794F8240000F00400D8B1A0694619BA
:10529000AE4207D966602461211D1548006801F0FF
:1052A0000DF90FE0002003462A46014600902046F3
:1052B00002F092FF074627B940F2A9310DA001F094
:1052C000CFF800BF0A480068006808B9012000E074
:1052D00000200028C7D00648D0F800800D4800689C
:1052E000034908600B48C0F80080BDE8F88300005F
:1052F000C00000202E2E5C74686972645F6C696265
:105300005C6672656572746F735C74696D657273E7
:105310002E630000C40000200B480068401C08B940
:10532000012000E0002018B9E82108A001F098F859
:1053300000BF502080F31188BFF34F8FBFF36F8FF2
:1053400000BF00BFFEE70000F40000202E2E5C74BA
:10535000686972645F6C69625C6672656572746FBD
:10536000735C706F727461626C655C706F72742EC6
:105370006300000008B500BF6846FFF7FBFB04466A
:1053800020460099FFF704FFFFF762FEF4E770B5CF
:10539000044601F0B9F894F9455019E0A06C30B119
:1053A0002046FFF7BDFD88B101F0D0FA0EE0606A3B
:1053B00008B9012000E0002038B904F1240002F00F
:1053C000D9FD18B101F0C2FA00E003E0681E45B251
:1053D000002DE3DC00BFFF2084F8450001F0CEF88B
:1053E00001F092F894F9445010E0206908B90120C6
:1053F00000E0002048B904F1100002F0BBFD08B144
:1054000001F0A4FA681E45B200E001E0002DECDCDA
:1054100000BFFF2084F8440001F0B0F870BD000028
:105420002DE9F04104464FF0000801F0B3FB494874
:10543000006808B9FFF7B2FB474800682040002821
:1054400071D10CB304F10800A0421DD9083404F056
:105450000700D0B104F00700C0F108002044A042CA
:1054600010D904F00700C0F10800044404F007005C
:1054700008B9012000E0002038B99A2137A000F0D7
:10548000EFFF02E0002400E00024002C4BD03D4858
:105490000068844247D83C4E3046056801E02E46FD
:1054A0002D686868A04202D228680028F7D12948F0
:1054B0000068854237D0306800F1080828683060FD
:1054C0006868001B102812D92F1907F0070008B9C7
:1054D000012000E0002018B9CD2120A000F0C0FF7D
:1054E0006868001B78606C603846FFF79DFC2549B2
:1054F00068680968081A2349086008460068234953
:105500000968884203D21F48006820490860124990
:105510006868096808436860002028601C480068C3
:10552000401C1B49086002F07BFDB8F1000F01D15F
:1055300000F05CFF08F0070008B9012000E000203F
:1055400020B94FF4877105A000F08AFF4046BDE8FE
:10555000F0810000DC000020F00000202E2E5C74A2
:10556000686972645F6C69625C6672656572746FAB
:10557000735C706F727461626C655C686561705FAA
:10558000342E6300E0000020D4000020E40000205E
:10559000E80000200648006830B10549096801F1BB
:1055A0004800896C491C0160014800687047000090
:1055B0008000002070B50446264624B940F20A4116
:1055C00004A000F04DFF00F09FFFF56900F0D6FF4A
:1055D000284670BD2E2E5C74686972645F6C6962C7
:1055E0005C6672656572746F735C74696D65727305
:1055F0002E630000001F4FF080730360001F21F036
:1056000001030360001F054B036014380260001F94
:105610006FF002030360203870470000195301083F
:105620001FB5044600BF02A8FDF757FC6846FDF70A
:1056300054FC0822694602A8FAF7ACFE0028F2D111
:1056400002982060039860601FBD0EB56846FCF7A5
:1056500025FC6846FCF724FB0120FCF75DFAFCF70B
:105660002BFC0EBD1CB5044600BF2046FDF75DFCBB
:105670006846FDF732FCA0799DF806108842F4D107
:105680001CBD000000B58FB06846FBF7A3FF0020EB
:1056900000901248019040200390002005904FF4A4
:1056A0000060079080000890002009904FF40030BF
:1056B0000A9004200B9003200C904FF080700D9006
:1056C00000200E90012210210548FBF739FF6946A2
:1056D0000348FBF753FF0FB000BD00000C3800403B
:1056E000706002402DE9FC5F0746884615461E465D
:1056F000E81DC11700EB5171C1F3CF010191254C99
:10570000002233E00C99019802FB0019002029E0E7
:1057100001464FEAE07A00EB5A7A4FEAEA0A19F8B2
:105720000AA003464FEAE07B00EB5B7B4FEAEB0B02
:10573000A0EBCB0BCBF1070E4FF0010B0BFA0EFBDE
:105740000AEA0B0ACDF800A0009909B10D9900E012
:105750000E998C4604F801CB4FEA1C2104F8011B7A
:10576000411C88B2A842D3DB501C82B2B242C9DBD2
:1057700008EB0600401E83B27819401E82B24146F3
:10578000384600F0E7F90348211A002200F0AEFA8B
:10579000BDE8FC9F2002002070B505460E46144669
:1057A000F02D0DDAB6F5A07F0ADA20882844401ED5
:1057B000F02805DA60883044401CB0F5A07F00DB9B
:1057C00070BD60883044401E83B220882844401E4B
:1057D00082B23146284600F0BDF9228863885A43D8
:1057E00051000022606800F081FA00BFE8E72DE96F
:1057F000F04104460D4616461F463B4632462946B2
:105800002046FEF781FA08B9BDE8F0813B463246F2
:105810002946204600F09EF9301B401C791B491C8C
:1058200000FB01F84FEA4801012206A800F05EFAE9
:1058300000BFE9E710B503220021012001F074FD4B
:10584000094908600846006818B9752107A000F0EA
:1058500007FE00F0AFF9FFF715FF00F0EBF800F0DE
:105860000FF900F011F810BD380000202E2E5C64F6
:1058700072697665725C7374373738395C73743764
:105880003738392E6300000000B599B000F046F9B2
:1058900000221146112000F0DDFA052000F08AFFF9
:1058A00050A000681890012218A93A2000F0D2FAFE
:1058B00000201790012217A9362000F0CBFA4AA049
:1058C00000681690012216A9C52000F0C3FA47A16E
:1058D00003C9CDE91401052214A9B22000F0BAFAD7
:1058E00040A000681390012213A9B72000F0B2FA7B
:1058F00040A000681290012212A9BB2000F0AAFA71
:105900003DA000681190012211A9C02000F0A2FA68
:105910003AA000681090012210A9C22000F09AFA63
:1059200037A000680F9001220FA9C32000F092FA5F
:1059300034A000680E9001220EA9C42000F08AFA5B
:105940002EA000680D9001220DA9C62000F082FA59
:105950002DA000680C9002220CA9D02000F07AFA49
:105960002AA000680B9001220BA9E82000F072FA2F
:1059700027A000680A9003220AA9E92000F06AFA29
:1059800024A090E80E00C068CDE907230691099095
:105990000E2206A9E02000F05DFA22A3D3E900213F
:1059A000D3E90203CDE90403CDE902210E2202A9C5
:1059B000E12000F04FFA00221146202000F04AFAC0
:1059C00000221146292000F045FA002040F23F1342
:1059D000EF2201460090FFF70AFF012000F0B0F827
:1059E00019B000BD050000001A00000005050033D5
:1059F000330000003F0000002C0000000100000008
:105A00000F00000020000000A4A10000030000001F
:105A100009090800D0050909081428333F071314A1
:105A200028300000D005090908032432323B141342
:105A3000282F000038B50F208DF8000005208DF8C4
:105A4000010000208DF8020001208DF80300684657
:105A5000FBF732FF0F200521002807DA0A07140E92
:105A6000054A00F00F031B1FD45403E00A07130E6E
:105A7000024A135400BF38BD18ED00E000E400E016
:105A80001CB56846FBF727FE3C212148FBF721FEA9
:105A900020211F48FBF71AFE01208DF8040000208A
:105AA0008DF8060003208DF8050000208DF8070012
:105AB0003C20009069461648FBF79DFD05220D210C
:105AC0001448FBF7E0FD052202211348FBF7DBFD3C
:105AD000052203211048FBF7D6FD02208DF80400B3
:105AE00000208DF8060003208DF8050000208DF8B9
:105AF00007004FF40050009069460648FBF77BFD15
:105B00000C20009069460448FBF775FD1CBD0000A1
:105B100000100240000402400008024010B50821B5
:105B20000648FBF7D3FD022000F044FE082103489D
:105B3000FBF7CFFD782000F03DFE10BD00100240C5
:105B400010B50446224620210148FBF7CDFD10BDCB
:105B5000001002402DE9FC4107460C4615461E4642
:105B6000380A8DF80400F8B28DF80500280A8DF87F
:105B70000600E8B28DF80700042201A92A2000F0EF
:105B800069F9200A8DF80000E0B28DF80100300AB2
:105B90008DF80200F0B28DF80300042269462B2034
:105BA00000F058F9002211462C2000F053F9BDE80E
:105BB000FC81000000B585B06846FCF7F4F90020D0
:105BC000ADF800004FF48270ADF802000020ADF88F
:105BD0000400ADF80600ADF808004FF40070ADF811
:105BE0000A000820ADF80C000020ADF80E00694650
:105BF0000648FCF7BAF9012202210448FCF7A1F992
:105C000001210248FCF788F905B000BD00380040CA
:105C10002DE9FE4F81468A4614469B460D9D0DB9DF
:105C2000BDE8FE8FB5F80C80A88900EBD0714E104E
:105C30000AEB0800401E83B209EB0600401E82B248
:105C400051464846FEF760F800B9E9E7202C01DB31
:105C50007E2C00DDE4E729462046FDF736FC0746AA
:105C60004FB10C98434632465146CDE9007B029035
:105C70004846FFF737FD00BFD2E72DE9FE4F8146CA
:105C80008A4616469B460D9D06B10DB9BDE8FE8FAE
:105C9000AF89B5F80C800AEB0700401E83B209EB10
:105CA0000800401E82B251464846FEF72DF800B962
:105CB000ECE7AC6806E031462068FAF75DFB00B916
:105CC00003E0083420680028F5D100BF206800B93F
:105CD000DCE70C9861683B464246CDE9001B029028
:105CE00051464846FFF7FEFC00BFCFE72DE9F05FC5
:105CF0002DED028B80460C4691464FF400614148E1
:105D0000FCF716F904214048FBF7E0FC10213E485F
:105D1000FBF7DFFCA246002005460646BAF5163F13
:105D200003D300F06EF905460E46640800BF4FF637
:105D3000FF70844201D2204601E04FF6FF70074613
:105D4000B9F1000F06D03148006F20F480602F4970
:105D5000086705E02D48006F40F480602B49086714
:105D60002A48C0F87C804767012128487030FBF73B
:105D7000A9FB4FF0FF312648006801F029FEB9F178
:105D8000000F01D108EB4708E41B002CCFD100BF66
:105D900080211C48FCF7DEF80028F9D104211A48BC
:105DA000FBF797FC002185EA01007140084324D0ED
:105DB00000F027F9471B00EE107AB8EE400ADFED3D
:105DC000150A80EE801AB0EE418A9FED130A28EE84
:105DD000000ABCEEC00A10EE100A4FF06401B0FBDE
:105DE000F1F201FB120B5B46BCEEC80A10EE102A62
:105DF00039460AA0FCF7C2FB00BFBDEC028BBDE830
:105E0000F09F000000380040001002400060024097
:105E100038000020002474490000C8425B544553F8
:105E2000545D204C43442046756C6C20526566726C
:105E30006573682054696D653A20256C752075730B
:105E40002C204650533A20256C752E2530326C7527
:105E50000D0A00002DE9F04105460E4617460021C7
:105E60001F48FCF765F804211E48FBF72FFC1021A2
:105E70001C48FBF72BFC29461948FCF774F800BFB7
:105E800002211748FCF766F80028F9D000BF8021EE
:105E90001348FCF75FF80028F9D110211148FBF7EF
:105EA00018FC00240CE0315D0D48FCF75CF800BFE5
:105EB00002210B48FCF74EF80028F9D0601C84B290
:105EC000BC42F0DB00BF80210548FCF743F8002806
:105ED000F9D104210348FBF7FCFBBDE8F081000089
:105EE00000380040001002402DE9FF470746894670
:105EF00014469A46DDE90C8530E02078FDF7D0FFA6
:105F000008B1022000E001200646002E01DC641CDE
:105F100024E0012E0FD1CDE9008522785346494671
:105F20003846FFF775FE641CA88900EBD07107EBBB
:105F300061018FB211E03246214602A8FAF709FA50
:105F4000534602AA49463846CDE90085FFF795FE3B
:105F50003444A889384487B200BF00BF20780028A5
:105F6000CBD1BDE8FF87000010B588B004A8FBF7CF
:105F700029FD4FF47A710698B0FBF1F0B0FBF1F017
:105F8000440001A8FCF770F9601E80B2ADF804006F
:105F900040F2E73002900020ADF80C00ADF80600AA
:105FA00001A90E48FCF71EF9012211460B48FCF727
:105FB00010F901210948FCF7ECF836208DF80000B3
:105FC00005208DF8010000208DF8020001208DF8D9
:105FD00003006846FBF770FC08B010BD00100040DD
:105FE00070B5044600F012F805460E4600BF00F0FA
:105FF0000DF8421B61EB0601121B71F10001F6D393
:1060000070BD10B500F002F810BD00002DE9F041A0
:1060100000BF0B48066847680A48FCF7C6F8084BFB
:106020001A685B68841843F10005054908684968E7
:10603000704079400843ECD120462946BDE8F08104
:10604000500000200010004030B589B0304C0020D6
:10605000079008900590069005A8FDF739FD28B92E
:106060002CA0FCF78BFA4FF47A743FE0BDF81400D3
:10607000B0F5FA6F05DA2DA0FCF780FA4FF47A74C8
:1060800034E09DF81B009DF81A109DF819209DF82A
:106090001830CDE90032CDE902109DF817309DF897
:1060A0001620BDF8141029A0FCF768FABDF81400FA
:1060B000ADF81C009DF816008DF81E009DF8170025
:1060C0008DF81F009DF818008DF820009DF819002C
:1060D0008DF821009DF81A008DF822009DF81B0014
:1060E0008DF8230007A8FFF7BDFA00BF4FF47A70C0
:1060F00060434FF47A71B0FBF1F5002003462A4665
:10610000042100901F48006802F066F809B030BD15
:1061100080EE36005B534E54505D206765742074EA
:10612000696D65206661696C65640A005B534E5455
:10613000505D20696E76616C6964206461746520CD
:10614000666F726D6174650A000000005B534E5407
:10615000505D2073796E632074696D653A20253037
:1061600034752D253032752D25303275202530328D
:10617000753A253032753A25303275202825642944
:106180000A000000000000201CB56846FFF748FA2E
:10619000BDF8000040F2E471884200DA1CBD08221C
:1061A00009496846FAF7F6F800B9F7E70648009992
:1061B0000160019941606846FEF706F96846FDF7FF
:1061C0007DFF00BFEAE700001400002070B586B034
:1061D00004460E46154602208DF80400ADF808402E
:1061E000ADF80A6003950023C21E01A902480068A9
:1061F00001F040F906B070BD240000202DE9F04107
:1062000086B004460D4616461F46DDF83080002055
:106210008DF80400ADF80840ADF80A50ADF80C60F8
:10622000ADF80E70ADF810800023421E01A903489E
:10623000006801F01FF906B0BDE8F08124000020DD
:1062400088B0FFF7F7FA3DE04FF0FF3203A91E4890
:10625000006801F00BFB9DF80C0020B1012810D064
:10626000022828D11FE0BDF818000090BDF81630B4
:10627000BDF81420BDF81210BDF81000FFF7B7FAF2
:106280001FE0BDF81A100798CDE90010BDF81830CE
:10629000BDF81210BDF81000059AFFF725FE05980D
:1062A00000F09AF90DE0BDF81210BDF81000059A43
:1062B000FFF772FA05E09DF80C1004A0FCF75EF9F8
:1062C00000BF00BFC0E7000024000020556E6B6EC9
:1062D0006F776E20554920616374696F6E3A20258F
:1062E000640A00001CB500221421102001F01CF8E3
:1062F000094908600846006818B95A2107A000F04B
:10630000AFF8002008210346CA01CDE9001006A11C
:10631000064801F07DFC1CBD240000202E2E5C618F
:1063200070705C75692E6300756900004162010838
:106330002DE9F04F85B006460F4614469846DDE934
:106340000E9A2046FAF711F800F1010B5846FFF7B4
:1063500067F8054635B9214610A0FCF70FF905B0DE
:10636000BDE8F08F21462846FAF721F801208DF884
:106370000000ADF80460ADF806700295ADF80C8031
:10638000ADF80E90CDF810A00023821E69460C488F
:10639000006801F06FF800BFE1E700007569207741
:1063A0007269746520737472696E67206D616C6CBC
:1063B0006F63206661696C65643A20257300000094
:1063C0002400002001460A69D1E901309860D1E932
:1063D000010358605068884201D1886850600020ED
:1063E00008611068401E10601068704710B504A066
:1063F000FCF7C4F8492106A000F032F810BD0000F7
:106400004D616C6C6F63204661696C65640A0000C5
:106410002E2E5C6170705C626F6172642E6300008E
:1064200070B505460C46214603A0FCF7A7F84321AA
:1064300007A000F015F870BD537461636B204F76B0
:106440006572666C6F7765643A2025730A000000F8
:106450002E2E5C6170705C626F6172642E6300004E
:1064600070B504460D4600BF502080F31188BFF37D
:106470004F8FBFF36F8F00BF2A46214601A0FCF764
:106480007DF870BD4173736572742043616C6C65F7
:10649000643A202573282564290A000000F10801C8
:1064A00041604FF0FF31816000F10801C16001617E
:1064B00000210160704700210161704710B502465C
:1064C0000B685C1C0CB9106907E002F1080000E0E1
:1064D0004068446824689C42FAD944684C604C681F
:1064E000A160886041600A611468641C146010BD7A
:1064F00042684A6093688B60936859609160086154
:1065000003685B1C0360704710B500BF502080F328
:106510001188BFF34F8FBFF36F8F00BF0B48006828
:10652000401C0A4908600846006801280CD1084848
:106530000068C0B208B9012000E0002020B940F294
:10654000B51104A0FFF78CFF10BD0000F40000207F
:1065500004ED00E02E2E5C74686972645F6C696201
:106560005C6672656572746F735C706F7274616281
:106570006C655C706F72742E6300000010B50B4880
:10658000006820B94FF4DE7109A0FFF769FF0748E2
:106590000068401E054908600846006820B90020D0
:1065A00080F3118800BF00BF10BD0000F400002080
:1065B0002E2E5C74686972645F6C69625C667265D9
:1065C0006572746F735C706F727461626C655C701D
:1065D0006F72742E6300000070B506463546002EBB
:1065E00038D0083D2C461C4960680968084008B14D
:1065F000012000E0002020B94FF4917117A0FFF7AF
:106600002FFF206808B9012000E0002020B940F2E7
:10661000231112A0FFF724FF0F49606809680840A2
:10662000C0B12068B0B90C496068096888436060EF
:1066300000F0B0FA1349606809680844114908601D
:106640002046FEF7F1FB10480068401C0E49086028
:1066500001F0E6FC70BD0000F00000202E2E5C74FE
:10666000686972645F6C69625C6672656572746F9A
:10667000735C706F727461626C655C686561705F99
:10668000342E6300E0000020EC00002000204FF0DA
:10669000E02108618861064800684FF47A71B0FB18
:1066A000F1F0401E4FF0E02148610720086170477B
:1066B0005C00002070B5F9F7CFFD0546102D10D312
:1066C00005F1E02090F8F0430F480078844201DBA8
:1066D000012000E0002020B940F216310BA0FFF7A6
:1066E000BFFE1448006800F4E0601349096888425E
:1066F00001D8012000E0002020B940F2263103A09B
:10670000FFF7AEFE70BD0000F80000202E2E5C7476
:10671000686972645F6C69625C6672656572746FE9
:10672000735C706F727461626C655C706F72742EF2
:10673000630000000CED00E0FC0000200246002099
:106740000BE0084B53F8303033B9064B43F83010A8
:1067500003EBC0035A6002E0401C0A28F1D300BFDB
:1067600070470000A02E00202DE9F04105460E469E
:1067700017462C46FFF7C8FE94F94400401C10B998
:10678000002084F8440094F94500401C10B9002012
:1067900084F84500FFF7F2FEA06B28B93A4631466F
:1067A00004F1240000F0FEF82046FEF7F0FDBDE8FD
:1067B000F081000070B504460025A4B10F480068C0
:1067C00008B9012000E0002020B940F246510CA099
:1067D000FFF746FE00F0DEF900212046FEF766F8DE
:1067E00001F01EFC05463DB94FF080500C49086091
:1067F000BFF34F8FBFF36F8F70BD0000BC00002050
:106800002E2E5C74686972645F6C69625C66726586
:106810006572746F735C7461736B732E6300000038
:1068200004ED00E070B50546FFF76EFE15B92F4880
:10683000006800E028460446201DFFF7C3FD78B934
:10684000E06A00EB80002A4951F8200040B994F832
:106850002C100120884027490968814325480160A0
:10686000A06A18B104F11800FFF7ACFD22480068D7
:10687000401C214908601D480068844209D1211D3F
:106880001E48FFF735FE1E480068401C1C49086082
:1068900006E01C480068401E1A490860FEF7B2FC7A
:1068A000FFF76CFE11480068844202D02046FEF7D4
:1068B0004DF915480068B8B10C480068844213D1FE
:1068C0001248006808B9012000E0002020B940F219
:1068D000D9410FA0FFF7C4FD4FF080501449086064
:1068E000BFF34F8FBFF36F8F70BD0000800000209B
:1068F000F02E002098000020AC000020F42F002093
:106900008C000020900000209C000020BC00002093
:106910002E2E5C74686972645F6C69625C66726575
:106920006572746F735C7461736B732E6300000027
:1069300004ED00E00349096801600349096841600A
:1069400070470000A80000209400002001200149A9
:1069500008607047A400002070B504460D4624B9B5
:1069600040F6184106A0FFF77BFD0D48016818317D
:106970002046FFF7A3FD01212846FDF797FF70BDD4
:106980002E2E5C74686972645F6C69625C66726505
:106990006572746F735C7461736B732E63000000B7
:1069A0008000002070B505460E46144625B940F615
:1069B000474108A0FFF754FD0E48016818312846EA
:1069C000FFF796FD0CB14FF0FF3621463046FDF73C
:1069D0006DFF70BD2E2E5C74686972645F6C6962B5
:1069E0005C6672656572746F735C7461736B732E31
:1069F00063000000800000202DE9F04706460F46A6
:106A000034464FF00109002E54D0A06C20B941F259
:106A1000960129A0FFF724FD606CB84201D23D46E3
:106A200000E0656CE06AA84244D0A06C012841D126
:106A300029480068844201D0012000E0002020B9EC
:106A400041F2B1011CA0FFF70BFDD4F82C80E562E8
:106A5000A06900F0004010B9C5F10A00A06108EB80
:106A600088011E4A02EB81016069884201D1012040
:106A700000E00020F0B1201DFFF7A4FC40B994F81D
:106A80002C10012088401649096881431448016090
:106A900094F82C10012088401149096808431049D6
:106AA0000860E16A01EB81010C4A02EB8100211DC3
:106AB000FFF71EFDBDE8F0872E2E5C7468697264D6
:106AC0005F6C69625C6672656572746F735C746139
:106AD000736B732E6300000080000020F02E0020F6
:106AE000980000201CB51B4800210B468022CDE9F0
:106AF000001019A11A4801F08BF80446012C02D1AC
:106B000001F036FB0446012C15D100BF502080F364
:106B10001188BFF34F8FBFF36F8F00BF4FF0FF306F
:106B20001049086001201049086000200F490860E2
:106B300000F03CFB0AE0601C08B1012000E00020EE
:106B400020B940F63D010AA0FFF78AFC1048006812
:106B50001CBD0000B400002049444C45000000006A
:106B6000194C0108B00000209C0000209400002077
:106B70002E2E5C74686972645F6C69625C66726513
:106B80006572746F735C7461736B732E63000000C5
:106B9000B800002002480068401C014908607047A6
:106BA000BC00002010B52148006818B10120204920
:106BB00008603AE000201E4908601E48006800682E
:106BC0001C490968096B884205D81A4801683431A4
:106BD0000068FFF725FC18480068B0FA80F0C0F1A3
:106BE0001F0404EB8400154951F8200008B101206E
:106BF00000E0002020B940F6FE3111A0FFF730FC84
:106C000004EB84010D4A02EB810041684968416050
:106C100000F1080142688A4202D141684968416036
:106C20004168C968034A116000BF10BDBC00002064
:106C3000A40000208000002098000020F02E0020FA
:106C40002E2E5C74686972645F6C69625C66726542
:106C50006572746F735C7461736B732E63000000F4
:106C600030B587B005461C220A496846F9F73BFB58
:106C700000240BE05DF824102846F9F77DFB18B9D5
:106C8000601CC0B207B030BD601CC4B2072CF1DB81
:106C90000020F7E75C7706081CB50024002040F2CE
:106CA0003F13EF2201460090FFF7A8FA134A0A218A
:106CB0001E20FFF78BFA124800214EF6124311A254
:106CC000CDE90010CD212820FFF732FB0C48002130
:106CD00045F23F530EA2CDE90010E9213820FFF71D
:106CE00027FB0E4800214FF6FF730DA2CDE90010DF
:106CF00040F21D113C20FFF71BFB1CBD5490050802
:106D000048B70108CDE6D7AAC7B6C8EBCABD000090
:106D1000CCECC6F8CAB1D6D300000000989901089F
:106D20006C6F6164696E672E2E2E000010B5FCF743
:106D30003FFE18B910A0FBF721FC17E013A0FBF7EA
:106D40001DFCFCF78BFF18B914A0FBF717FC0DE036
:106D500017A0FBF713FCFCF7DBFE18B918A0FBF734
:106D60000DFC03E01BA0FBF709FC10BD1DA0FCF708
:106D700027FD00BFFEE700005B41545D20696E699E
:106D800074206661696C65640A0000005B41545DB3
:106D900020696E697465640A000000005B5749460B
:106DA000495D20696E6974206661696C65640A00DA
:106DB0005B574946495D20696E697465640A000045
:106DC0005B534E54505D20696E6974206661696C36
:106DD00065640A005B534E54505D20696E697465AA
:106DE000640A0000776972656C65737320696E6967
:106DF00074206661696C6564000000007CB5002544
:106E000020480068F9F7B1FA1F49898948434408C6
:106E1000F02C05DAC4F1F10000EBD071C1F34F059D
:106E20000026002040F23F13EF2201460090FFF7BA
:106E3000E5F9164A0F211E20FFF7C8F91448002172
:106E400040F2FD7313A2CDE90010BF215820FFF7D7
:106E50006FFA0D4800214FF6FF73CDE90010094885
:106E6000E72102682846FFF763FA0C48002149F23F
:106E70003F630BA2CDE9001040F207115420FFF749
:106E800057FA7CBD2C00002010CC0108FC760608C7
:106E900048B7010857694669000000009899010841
:106EA000C1ACBDD3D6D0000000B599B0602101A817
:106EB000F9F732FA01A8FCF71BFD20B91AA0FBF77D
:106EC0005DFB19B000BD60221E4901A8F9F762FA06
:106ED00000B9F6E71B4890F85C009DF86010884206
:106EE00000D1EEE79DF8600078B101A916A0FBF78C
:106EF00045FB1798009011AA01A919A0169BFBF752
:106F00003DFB01A8FDF78AFA06E00E4921A0FBF738
:106F100035FB28A0FDF782FA602201A90948F9F79C
:106F2000E2F900BFCDE700005B41545D2077696660
:106F30006920696E666F20676574206661696C659B
:106F4000640A0000080100205B574946495D206340
:106F50006F6E6E656374656420746F2025730A001C
:106F60005B574946495D20535349443A2025732CC9
:106F70002042535349443A2025732C204368616EC4
:106F80006E656C3A2025642C20525353493A2025D3
:106F9000640A00005B574946495D20646973636F6A
:106FA0006E6E65637465642066726F6D2025730A6A
:106FB0000000000077696669206C6F737400000040
:106FC00010B59AB018A0FBF7D9FA00221BA11EA099
:106FD000FCF728FC00241BE06420FFF7EBFB60219A
:106FE00002A8F9F799F902A8FCF782FC78B19DF89C
:106FF000640060B117A0FBF7C1FA1898009012AABC
:1070000002A919A0179BFBF7B9FA1AB010BD643496
:1070100042F210708442DFD320A0FBF7AFFA26A023
:10702000FCF7CEFB00BFFEE75B574946495D206396
:107030006F6E6E656374696E670A000031393135B1
:1070400039393235323039006950686F6E65313404
:10705000000000005B574946495D20436F6E6E6536
:10706000637465640A0000005B574946495D20531C
:107070005349443A2025732C2042535349443A2023
:1070800025732C204368616E6E656C3A2025642C54
:1070900020525353493A2025640A00005B57494661
:1070A000495D20436F6E6E656374696F6E2054692D
:1070B0006D656F75740A0000776972656C6573732E
:1070C00020636F6E6E656374206661696C65640031
:1070D0001CB509E04FF0FF3269460448006800F033
:1070E000C5FBDDE900108847F4E700002800002018
:1070F00070B504462046FEF75DFA0546294602486B
:1071000000F034F870BD0000C13401081CB5002245
:107110000821102000F008F90A49086008460068B4
:1071200018B91D2108A0FFF79BF90020052103468F
:107130004FF48062CDE9001008A10B4800F068FD13
:107140001CBD0000280000202E2E5C6170705C7752
:107150006F726B71756575652E630000776F726B6A
:107160007175657565000000D17001087CB5054634
:107170000C460848006818B9232107A0FFF770F9EA
:107180000095019400235A1E69460248006800F0E9
:1071900071F97CBD280000202E2E5C6170705C7738
:1071A0006F726B71756575652E6300001CB54D4877
:1071B00000684D49884201D0012000E0002020B93C
:1071C0004FF4A17149A0FFF74BF9464800684649C2
:1071D000491E884201D0012000E0002020B940F281
:1071E000431142A0FFF73CF94A4C20460078019039
:1071F000FF20214608700846007800909DF80000A6
:1072000000F0F0009DF80010884201D1012000E05C
:10721000002020B94FF4AE7134A0FFF721F99DF89A
:10722000000000F050003C49087007203B4908600E
:1072300009E03A480068401E384908609DF800009F
:107240004006000E00909DF8000000F080008028AD
:10725000EFD032480068C0F10700042801D10120B6
:1072600000E0002020B94FF4B87120A0FFF7F8F833
:107270002A480068C0F10700042801D1012000E07D
:10728000002020B940F2791118A0FFF7E9F823484F
:1072900000680002214908600846008800F4E060A8
:1072A00008601C49019808700E482030006840F4BE
:1072B00070000C49203108600846006840F07040BA
:1072C0000860FFF7E3F9002015490860F8F78CFF24
:1072D0001448006840F0404012490860F8F770FF19
:1072E00000201CBD00ED00E071C20F412E2E5C7429
:1072F000686972645F6C69625C6672656572746FFE
:10730000735C706F727461626C655C706F72742E06
:107310006300000000E400E0F8000020FC00002012
:10732000F400002034EF00E02DE9F84306460F4654
:1073300090460EB1012000E0002020B94FF4C47146
:1073400019A0FFF78DF806FB07F51FB1B5FBF7F0A5
:10735000B04201D1012000E0002020B94FF4C871F3
:1073600011A0FFF77DF805F14C00A84201D90120DA
:1073700000E0002020B940F293110BA0FFF770F855
:1073800005F14C00FEF74CF804464CB1A14609F15A
:107390004C0943464A46394630460094FDF750FCB6
:1073A0002046BDE8F88300002E2E5C746869726484
:1073B0005F6C69625C6672656572746F735C71752F
:1073C0006575652E6300000070B505460E462C46B7
:1073D00024B940F20F111EA0FFF742F8FFF794F80E
:1073E000D4E90F12206801FB0200A0600020A06316
:1073F00020686060E06B401E226C216800FB021177
:10740000E160FF2084F8440084F845009EB92069BB
:1074100008B9012000E00020A8B904F1100000F034
:10742000A9FD80B14FF0805011490860BFF34F8F24
:10743000BFF36F8F07E004F11000FFF72FF804F19E
:107440002400FFF72BF8FFF799F8012070BD00002A
:107450002E2E5C74686972645F6C69625C6672652A
:107460006572746F735C71756575652E63000000DD
:1074700004ED00E02DE9FF4782B0064688461D4630
:107480004FF00009344624B940F20E3162A0FEF7F5
:10749000E7FFB8F1000F01D1206C08B9012000E02E
:1074A000002020B940F20F315BA0FEF7D9FF022D7A
:1074B00002D1E06B012801D1012000E0002020B9B9
:1074C0004FF4447154A0FEF7CBFF00F0D1FB08B994
:1074D000049808B9012000E0002020B940F21331DF
:1074E0004DA0FEF7BDFF00BFFFF70EF8A06BE16BEC
:1074F000884201D3022D3ED1D4F838A02A46414615
:107500002046FDF7E4FA0746A06C88B1022D02D1AF
:10751000BAF1000F29D12046FDF702FD28B34FF044
:10752000805045490860BFF34F8FBFF36F8F1CE059
:10753000606A08B9012000E0002068B904F1240065
:1075400000F018FD88B14FF080503B490860BFF350
:107550004F8FBFF36F8F08E03FB14FF08050364937
:107560000860BFF34F8FBFF36F8FFFF707F801205D
:1075700006B0BDE8F087049818B9FEF7FFFF0020B9
:10758000F6E7B9F1000F04D16846FFF7D3F94FF0E1
:107590000109FEF7F3FFFFF7FDFAFEF7B5FF94F9D7
:1075A0004400401C10B9002084F8440094F94500C0
:1075B000401C10B9002084F84500FEF7DFFF04A945
:1075C000684600F0D9FAF8B92046FDF79AFCA8B150
:1075D00004F110000499FFF7BFF92046FDF7D7FE2C
:1075E00000F01EFD00287FF47FAF4FF0805012495D
:1075F0000860BFF34F8FBFF36F8F75E72046FDF72D
:10760000C6FE00F00DFD6FE72046FDF7C0FE00F05E
:1076100007FD0020ACE700002E2E5C7468697264E0
:107620005F6C69625C6672656572746F735C7175BC
:107630006575652E6300000004ED00E02DE9F84F4C
:1076400080468B4615461E46444624B940F2E23138
:107650003CA0FEF705FFBBF1000F01D1206C08B97B
:10766000012000E0002020B940F2E33135A0FEF710
:10767000F7FE022E02D1E06B012801D1012000E0CB
:10768000002020B94FF479712EA0FEF7E9FEFFF734
:1076900011F800BF5021EFF3118081F31188BFF37F
:1076A0004F8FBFF36F8F00BF0746A06BE16B88421F
:1076B00001D3022E3CD194F945A0A06B0090324634
:1076C00059462046FDF703FA0AF10100E0B9A06C23
:1076D00058B1022E01D1009838BB2046FDF720FC9E
:1076E00018B315B3012028601FE0606A08B90120B3
:1076F00000E00020C8B904F1240000F03BFCA0B178
:107700009DB10120286010E0BAF17F0F01D0012067
:1077100000E0002020B940F26D410AA0FEF7A0FE73
:107720000AF1010040B284F845004FF0010901E080
:107730004FF0000900BF87F3118800BF4846BDE83D
:10774000F88F00002E2E5C74686972645F6C696249
:107750005C6672656572746F735C71756575652EB4
:10776000630000002DE9F04707460D463C4624B96A
:1077700040F28D4135A0FEF773FE206C08B9012060
:1077800000E0002020B940F2914130A0FEF768FEF1
:10779000206808B9A06808B9012000E0002020B9DD
:1077A00040F2964129A0FEF75BFEFEF783FF00BF83
:1077B0005021EFF3118081F31188BFF34F8FBFF396
:1077C0006F8F00BF0646D4F838A0E06B504534D91F
:1077D00094F945900AF10100A06309F10100C0B9D4
:1077E000A06C38B12046FDF79BFB18B315B3012000
:1077F00028601FE0606A08B9012000E00020C8B9D5
:1078000004F1240000F0B6FBA0B19DB10120286076
:1078100010E0B9F17F0F01D0012000E0002020B975
:1078200040F2155109A0FEF71BFE09F1010040B21C
:1078300084F845004FF0010801E04FF0000800BF58
:1078400086F3118800BF4046BDE8F0872E2E5C7499
:10785000686972645F6C69625C6672656572746F98
:10786000735C71756575652E630000002DE9F74145
:1078700083B005460E464FF000082C4624B940F26E
:1078800031514AA0FEF7ECFD0EB9206C08B9012079
:1078900000E0002020B940F2355144A0FEF7E0FDA1
:1078A00000F0E6F908B9059808B9012000E00020C9
:1078B00020B940F23A513DA0FEF7D2FD00BFFEF7DD
:1078C00023FEA76BF7B131462046FDF7EBF8781E93
:1078D000A063206908B9012000E0002060B904F12C
:1078E000100000F047FB38B14FF080503749086076
:1078F000BFF34F8FBFF36F8FFEF740FE012006B03E
:10790000BDE8F081059818B9FEF738FE0020F6E7CB
:10791000B8F1000F04D101A8FFF70CF84FF00108EF
:10792000FEF72CFEFFF736F9FEF7EEFD94F9440062
:10793000401C10B9002084F8440094F94500401C14
:1079400010B9002084F84500FEF718FE05A901A82B
:1079500000F012F9F0B92046FDF7C6FAA0B104F123
:1079600024000599FEF7F8FF2046FDF710FD00F012
:1079700057FB0028A3D14FF0805014490860BFF393
:107980004F8FBFF36F8F9AE72046FDF700FD00F0A1
:1079900047FB94E72046FDF7FAFC00F041FB204648
:1079A000FDF7A2FA00288AD00020A8E72E2E5C74EA
:1079B000686972645F6C69625C6672656572746F37
:1079C000735C71756575652E6300000004ED00E061
:1079D0002DE9F34182B005464FF000082C46002601
:1079E00024B940F2C3515BA0FEF73AFD206C08B900
:1079F000012000E0002020B940F2C75155A0FEF759
:107A00002FFD00F035F908B9039808B9012000E00E
:107A1000002020B940F2CC514EA0FEF721FD00BF5E
:107A2000FEF772FDA76BFFB1781EA063206810B946
:107A3000FDF7B0FDA060206908B9012000E000203A
:107A400060B904F1100000F095FA38B14FF08050A1
:107A500048490860BFF34F8FBFF36F8FFEF78EFD6D
:107A6000012004B0BDE8F081039868B90EB9012087
:107A700000E0002020B940F2126136A0FEF7F0FCD1
:107A8000FEF77CFD0020ECE7B8F1000F04D168465A
:107A9000FEF750FF4FF00108FEF770FDFFF77AF890
:107AA000FEF732FD94F94400401C10B9002084F820
:107AB000440094F94500401C10B9002084F84500AA
:107AC000FEF75CFD03A9684600F056F840BB20466F
:107AD000FDF70AFAF0B1206838B9FEF715FDA06885
:107AE00000F0ECF90646FEF749FD04F12400039985
:107AF000FEF732FF2046FDF74AFC00F091FA00281D
:107B00008ED14FF080501B490860BFF34F8FBFF3F9
:107B10006F8F85E72046FDF73AFC00F081FA7FE79A
:107B20002046FDF734FC00F07BFA2046FDF7DCF937
:107B30000028EED05EB1FEF7E7FC2046FDF70FF817
:107B400007463946A068FEF757FFFEF717FD0020ED
:107B500087E700002E2E5C74686972645F6C69624E
:107B60005C6672656572746F735C71756575652EA0
:107B70006300000004ED00E070B505460C4625B931
:107B800040F6F24118A0FEF76BFC24B940F6F34131
:107B900015A0FEF765FCFEF7B7FC1B480368686894
:107BA0001A1A2068401C08B9002619E017492868ED
:107BB0000968884206D06868984203D801260020E8
:107BC00020600DE02068904207D92068801A20606C
:107BD0002846FEF7AFFE002602E0002020600126C6
:107BE000FEF7CCFC304670BD2E2E5C746869726462
:107BF0005F6C69625C6672656572746F735C7461F8
:107C0000736B732E6300000094000020A800002016
:107C10002DE9FF4F85B0804689461746DDE912AB56
:107C2000B800FDF7FDFB064656B17020FDF7F8FBE6
:107C300004460CB1266304E03046FEF7CDFC00E0BC
:107C400000247CB10020CDE900ABCDE902403A46EA
:107C500049464046089BFDF709F82046FCF772FEAE
:107C6000012501E04FF0FF35284609B0BDE8F08F4F
:107C70000549096809B9012005E00449096809B9FD
:107C8000022000E0002070479C000020BC00002083
:107C90000149086870470000940000202DE9F04178
:107CA0004FF0000841480068002876D1404800683D
:107CB000451C3F480560E5B93E480068006808B9C2
:107CC000012000E0002020B940F6C3213AA0FEF7D1
:107CD000C7FB3848076840480068364908603E4896
:107CE00007603E480068401C3C490860FDF78AFA7E
:107CF00000BF3B48006885423CD300BF2D48006868
:107D0000006808B9012000E0002020B14FF0FF30EA
:107D1000334908602DE027480068C068C468666879
:107D2000B54202D22E48066023E0201DFEF74AFB32
:107D3000A06A18B104F11800FEF744FB94F82C1067
:107D40000120884027490968084326490860E16AFC
:107D500001EB8101244A02EB8100211DFEF7C8FBE3
:107D60002249E06A0968C96A8842C7D34FF001080E
:107D7000C4E700BF1D480068C06A00EB80001A49D4
:107D800051F82000012801D94FF001081848006877
:107D900008B14FF0010805E0FFE716480068401CF5
:107DA000144908604046BDE8F0810000BC00002096
:107DB00094000020840000202E2E5C746869726498
:107DC0005F6C69625C6672656572746F735C746126
:107DD000736B732E6300000088000020A800002051
:107DE000B000002098000020F02E0020800000202D
:107DF000A4000020A000002070B505462C460026F7
:107E0000002D42D022480068844201D1012000E0C8
:107E1000002020B941F246011EA0FEF721FBA06C14
:107E200020B941F247011BA0FEF71AFBA06C401ECF
:107E3000A064616CE06A884227D0A06C28BB201D3A
:107E4000FEF7C0FA40B994F82C1001208840194977
:107E50000968814317480160606CE062E06AC0F124
:107E60000A00A06194F82C1001208840114909688B
:107E7000084310490860E16A01EB81010E4A02EBF8
:107E80008100211DFEF734FB0126304670BD000045
:107E9000800000202E2E5C74686972645F6C6962D9
:107EA0005C6672656572746F735C7461736B732E5C
:107EB0006300000098000020F02E002070B50546F9
:107EC0002C460026002D4DD02749E06A0968C96A72
:107ED000884240D2A06900F0004028B922480068DA
:107EE000C06AC0F10A00A061E16A01EB81011F4A8A
:107EF00002EB81016069884201D1012000E000208D
:107F000018B3201DFEF75EFA40B994F82C1001203A
:107F10008840174909688143154801601248006884
:107F2000C06AE06294F82C1001208840104909686A
:107F300008430F490860E16A01EB81010B4A02EB3B
:107F40008100211DFEF7D4FA03E007480068C06AEB
:107F5000E062012606E00449606C0968C96A88424B
:107F600000D20126304670BD80000020F02E002097
:107F70009800002070B50646F068C46824B940F641
:107F8000774119A0FEF76CFA04F11800FEF71AFA0F
:107F90001D480068A8B9201DFEF714FA94F82C10AB
:107FA0000120884019490968084318490860E16AB6
:107FB00001EB8101164A02EB8100211DFEF798FAC0
:107FC00004E004F118011348FEF792FA1249E06A3E
:107FD0000968C96A884204D9012501200F4908604F
:107FE00000E00025284670BD2E2E5C74686972641E
:107FF0005F6C69625C6672656572746F735C7461F4
:10800000736B732E63000000BC00002098000020FA
:10801000F02E0020E02F002080000020A40000208F
:1080200070B5002400263348006820B94FF40B6176
:1080300031A0FEF715FAFEF767FA2E480068401ED9
:108040002C4908600846006800284FD13248006873
:1080500000284BD024E03148C068C46804F11800FF
:10806000FEF7B0F9201DFEF7ADF994F82C100120B1
:1080700088402B490968084329490860E16A01EBF7
:108080008101284A02EB8100211DFEF731FA2649C1
:10809000E06A0968C96A884202D30120234908605E
:1080A0001E48006808B9012000E000200028D2D056
:1080B0000CB1FDF7A7F81E48056865B100BFFFF7D2
:1080C000EDFD10B10120194908606D1E002DF6D19B
:1080D0000020174908601548006838B101263007AC
:1080E00014490860BFF34F8FBFF36F8FFEF746FA56
:1080F000304670BDBC0000202E2E5C74686972642E
:108100005F6C69625C6672656572746F735C7461E2
:10811000736B732E6300000090000020E02F00209E
:1081200098000020F02E002080000020A4000020F5
:10813000A000002004ED00E02DE9FC4705460E46B6
:1081400017469846DDF828902820FDF769F904467F
:1081500054B1002084F8240043463A46314628466C
:10816000CDE90094FCF7F4FD2046BDE8FC87000053
:108170001CB50024FCF740FC0A48006850B10A48CE
:10818000092100238022CDE9001008A10948FFF74A
:108190003FFD044624B940F20D1107A0FEF760F937
:1081A00020461CBDC8000020CC000020546D722069
:1081B00053766300755301082E2E5C7468697264EF
:1081C0005F6C69625C6672656572746F735C74691A
:1081D0006D6572732E6300002DE9FE4304460D4663
:1081E00016461F46DDF828804FF0000924B94FF4E9
:1081F000C17116A0FEF734F91C48006810B3009551
:1082000001960294062D15DAFFF732FD022808D1F7
:1082100000234246694615480068FFF72BF981465E
:1082200010E000231A46694610480068FFF722F95B
:10823000814607E000233A4669460C480068FFF78C
:10824000FDF981464846BDE8FE8300002E2E5C7491
:10825000686972645F6C69625C6672656572746F8E
:10826000735C74696D6572732E630000C800002032
:108270000000000000000000000000000C0C000ED8
:108280000C00077FF80218000033000033801E7FC7
:10829000F00E3FF0060380067FF006FFF80603802D
:1082A0000603800F03001DFFF818FFF80000000010
:1082B00000000000000000000000000000000000BE
:1082C00000000000060300063FF0063FF81F0840CC
:1082D0001F9CE00600C0067FF80606000786001F08
:1082E0007FF8167FF80618E0063EC0060FC0061F8E
:1082F000F01E7C7000000000000000000000000084
:108300000000000000000000000000000018000055
:1083100018000018000FFFF00FFFF00C18300C18B9
:10832000300C18300C18300FFFF00FFFF00C183025
:1083300000180000180000180000180000100000CD
:10834000000000000000000000000000000000002D
:1083500000000000001C001FFFF81FFFF81C003881
:108360000BFFD007FFE000E18003CFC007FFE00371
:10837000E06000180007FFE007FFE00038001FFF83
:10838000F81FFFF8000000000000000000000000DF
:1083900000000000000000000000000000180000C5
:1083A0001C00001C000FFFF00FFFF00E38300E38DD
:1083B000300E3C300E3E300E7F300EF7B00FE3B083
:1083C0000EC0300E00300E01F00E01F00C00E00087
:1083D000000000000000000000000000000000009D
:1083E00000000000001FF01FBFF81FBFF806038049
:1083F0000607800607001F8FE01F1FF0063F70066C
:108400003B38063B380783001F83001F030010031F
:108410000000030000030000000000000000000056
:108420000000000000000000000000000603800EB5
:108430003FF00E1FF00E0CE01FFFF81FBFF80E1FDD
:10844000E00E3FF00E3FF00E3FF00F3FF00FBFF099
:108450001F9DC01E1DD00079F800F0F800400000FC
:10846000000000000000000000000000000000000C
:1084700000000000001C00003C00007E0001FF80A6
:1084800007E3E00FFFF81FFFF80CFF0000000003F8
:10849000FFE003FFE00380E00380E00380E003FFF0
:1084A000E003FFE0030040000000000000000000C7
:1084B0000000000000000000000000000FCFF00FDF
:1084C000DFF80CDFF80CDDB80FDDB80FDDB80CDF1E
:1084D000F80CDFF80FDFF81FDC101CDC001CDC00E0
:1084E0001CDC181CDC381BDFF81BCFF00000000080
:1084F000000000000000000000000000000000007C
:108500000000000000C60000E70000E70000E730C0
:108510001FE7F81FE7F000E7C000E70000E70000F2
:10852000E70001E7001FE7181FE71C1CE71800E73A
:10853000F800E7F8008000000000000000000000E4
:108540000000000000000000000000000018000013
:108550003C001FFFF81FFFF800000007FFE007FFC7
:10856000E00700E007FFE007FFE003FFC0001C009A
:10857000071CE00F1CF01E7C700CF830007000002F
:1085800000000000000000000000000000000000EB
:1085900000000000003800003800003800003800FB
:1085A000003800003FF0003FF000380000380000C5
:1085B00038000038000038000038001FFFF81FFFA7
:1085C000F81FFFF80000000000000000000000009D
:1085D0000000000000000000000000000638000756
:1085E0003FF0077FF800FFF000F7E0087FF01E3F44
:1085F000F00E3B3000FFF800FFFC0732700773708D
:108600000E7FF80E7FF80E00F00C01E000008000F5
:10861000000000000000000000000000000000005A
:10862000000000000C7FF00EFFF806FFF80068F86D
:108630000038E01878F01E70700E2720007FF000E0
:10864000FFF8067FF0071FC00E3FE01EF7781CE71B
:108650003808470000000000000000000000000093
:1086600000000000000000000000000007183807AC
:108670003938073BB8073BB81FFBB81FFBB8073BAF
:10868000B8073BB8073BB8073BB807BBB807FBB810
:108690001FBBB81E7BB80070380070380000200087
:1086A00000000000000000000000000000000000CA
:1086B000000000000018001FFFF81FFFF8003C003A
:1086C00007FFE00FFFF00FFFF00E66700E66700EF2
:1086D000FF700EFF700E18700FFFF00EFF700E1877
:1086E000700E19F00C00C000000000000000000037
:1086F0000000000000000000000000000018000062
:108700003C001FFFF81FFFF800000007FFE007FF15
:10871000E00700E007FFE007FFE003FFC0001C00E8
:10872000071CE00F1CF01E7C700CF830007000007D
:108730000000000000000000000000000000000039
:108740000000000000000000000000000000000029
:108750000000000000000000000000000000000019
:108760000000000000000000000000000000000009
:1087700000000000060006000600060006000600D5
:10878000060006000000000006000F0006000000C2
:1087900000000000000000000000000000000000D9
:1087A0000000198019801980198019801980000033
:1087B00000000000000000000000000000000000B9
:1087C00000000000000000000000000000000000A9
:1087D0000000000018C018C018C07FE07FE01980BA
:1087E000198019807FE07FE0318031803180000086
:1087F0000000000000000000000000000000000079
:108800000600060036C036E06660660070003E0076
:108810000FC001E006606660666076E016C0060084
:108820000600000000000000000000000000000042
:10883000000000007C207C70C6E0C6C06DC07C805B
:10884000018013E03F603630767063E043C0000083
:108850000000000000000000000000000000000018
:10886000000000001F003F803180300038001C00F5
:108870004E606760726060E071C03FA01F700000D2
:1088800000000000000000000000000000000000E8
:1088900000000600060006000600060006000000B4
:1088A00000000000000000000000000000000000C8
:1088B00000000000000000000000000000000000B8
:1088C0000380078007000E001C001C001800180021
:1088D00018001800180018001C000C000E000700FB
:1088E0000380018000000000000000000000000084
:1088F00018001E000E0007000300038001800180A5
:1089000001800180018003800380070007000E00C2
:108910001C00180000000000000000000000000023
:1089200000000000000000000600060026407FE076
:108930001F801F807FE036C0060006000000000098
:108940000000000000000000000000000000000027
:108950000000000000000000000006000600060005
:108960007FE07FE006000600060000000000000037
:1089700000000000000000000000000000000000F7
:1089800000000000000000000000000000000000E7
:1089900000000000000000000F000F000F000300A7
:1089A00003000E003800000000000000000000007E
:1089B00000000000000000000000000000000000B7
:1089C0007FE07FE0000000000000000000000000E9
:1089D0000000000000000000000000000000000097
:1089E0000000000000000000000000000000000087
:1089F00000000000000000000F000F000F0000004A
:108A00000000000000000000000000000000000066
:108A100000C000C001C00180018003800300070086
:108A200006000E000C000C001C001800380030007E
:108A30003000000000000000000000000000000006
:108A4000000000001F803FC030C070E071E067E0B0
:108A50006F607C6078E070E030C03FC01F80000035
:108A60000000000000000000000000000000000006
:108A7000000000000F003F003B0023000300030044
:108A8000030003000300030003003FE03FE0000099
:108A900000000000000000000000000000000000D6
:108AA000000000003F803FC000C000E000C001C0E7
:108AB000038007000E001C0038007FE03FE000004C
:108AC00000000000000000000000000000000000A6
:108AD000000000003F803FC001C000C001C01F80F7
:108AE0001F8001C000E000E000C07FC03F800000A8
:108AF0000000000000000000000000000000000076
:108B0000000000000380038007800F800D801D801F
:108B1000398031807FE07FE00180018001800000AA
:108B20000000000000000000000000000000000045
:108B3000000000003FC03FC03000300030003F80E8
:108B40001FC001C000E000E000C07FC03F80000007
:108B50000000000000000000000000000000000015
:108B60000000000007000E001C00180030003F80CD
:108B70007FC070E06060606070E03FC01F800000F8
:108B800000000000000000000000000000000000E5
:108B9000000000007FE07FE000C001C00180018094
:108BA00003800300070006000E000C001C000000FC
:108BB00000000000000000000000000000000000B5
:108BC000000000001F803FC030C030C030C01F8098
:108BD0001F8030C070E0606070E03FC01F80000008
:108BE0000000000000000000000000000000000085
:108BF000000000001F803FC070E06060606070E0B7
:108C00003FE01EC000C00180038007000C00000090
:108C10000000000000000000000000000000000054
:108C20000000000000000000000006000F000F0020
:108C300006000000000000000F000F000F00000001
:108C40000000000000000000000000000000000024
:108C50000000000000000000000006000F000F00F0
:108C600006000000000000000F000F000F000300CE
:108C700003000E00380000000000000000000000AB
:108C80000000000000000000000001C007C01F003D
:108C90003C0038003F0007C001C000000000000099
:108CA00000000000000000000000000000000000C4
:108CB0000000000000000000000000007FE07FE0F6
:108CC000000000003FC07FE0000000000000000046
:108CD0000000000000000000000000000000000094
:108CE0000000000000000000000038003E000F807F
:108CF00003C001C00FC03E003800000000000000AB
:108D00000000000000000000000000000000000063
:108D1000000000001F803FC038E000E001C003C039
:108D2000070006000000000006000F00060000001B
:108D30000000000000000000000000000000000033
:108D4000000000000C007F80F3C040E000603E6047
:108D50007E60666066706600670073E073F0000016
:108D60000000000000000000000000000000000003
:108D7000000000000F000F000F001F8019801980F5
:108D8000198039C03FC03FC070E060606060000083
:108D900000000000000000000000000000000000D3
:108DA000000000003F803FC030C030E030C03F8056
:108DB0003F8030C030E0306030E03FC03F80000096
:108DC00000000000000000000000000000000000A3
:108DD000000000000FC01FE038603000700060002D
:108DE000600060007000300038401FE00FC00000DD
:108DF0000000000000000000000000000000000073
:108E0000000000003F003FC031C030E03060306003
:108E10003060306030E030E031C03F803F00000023
:108E20000000000000000000000000000000000042
:108E3000000000003FC03FC03000300030003FC0A5
:108E40003FC030003000300030003FC03FC0000065
:108E50000000000000000000000000000000000012
:108E6000000000003FE03FC03000300030003FC055
:108E70003FC03000300030003000300030000000D3
:108E800000000000000000000000000000000000E2
:108E9000000000001F803FC070C070406000600094
:108EA00063C063E060E070E030C03FC01F8000003E
:108EB00000000000000000000000000000000000B2
:108EC0000000000030C030C030C030C030C03FC0F3
:108ED0003FC030C030C030C030C030C030C00000F3
:108EE0000000000000000000000000000000000082
:108EF000000000003FC03FC006000600060006005C
:108F0000060006000600060006003FC03FC0000045
:108F10000000000000000000000000000000000051
:108F2000000000001FC01FC000C000C000C000C083
:108F300000C000C000C060C061C07F801F00000092
:108F40000000000000000000000000000000000021
:108F50000000000030C03180338037003E003C000C
:108F60003E00360037003380318031C030E00000F1
:108F700000000000000000000000000000000000F1
:108F80000000000038003800380038003800380091
:108F9000380038003800380038003FE01FE000009B
:108FA00000000000000000000000000000000000C1
:108FB0000000000079E079E079E069606F606F603F
:108FC0006F6066606060606060606060606000004C
:108FD0000000000000000000000000000000000091
:108FE0000000000078E078E078E07CE07CE076E06B
:108FF00076E076E073E073E071E071E061C000005C
:109000000000000000000000000000000000000060
:10901000000000001F803FC030C070E070E0606062
:109020006060606070E070E030C03FC01F80000092
:109030000000000000000000000000000000000030
:10904000000000003F803FC030E03060306031E021
:109050003FC03000300030003000300030000000F1
:109060000000000000000000000000000000000000
:10907000000000001F803FC030C070E070E0606002
:109080006060606070E070E030C03FC01F80000032
:10909000070007E000E00000000000000000000002
:1090A000000000003F803FC030E03060306031E0C1
:1090B0003FC033003380318031C030C030E0000029
:1090C00000000000000000000000000000000000A0
:1090D000000000001F803FC030C0300030003E0064
:1090E0000FC001C000E020E070E03FC01F80000022
:1090F0000000000000000000000000000000000070
:10910000000000007FE07FE0060006000600060089
:109110000600060006000600060006000600000025
:10912000000000000000000000000000000000003F
:109130000000000030C030C030C030C030C030C08F
:1091400030C030C030C030C030C03FC01F800000D1
:10915000000000000000000000000000000000000F
:1091600000000000606070E030C030C030C0198086
:109170001980198019800F000F000F0006000000F1
:1091800000000000000000000000000000000000DF
:1091900000000000606060606060666066606F6034
:1091A0006F606F606F60696079C039C039C000005E
:1091B00000000000000000000000000000000000AF
:1091C0000000000070E030C019801F800F000F0009
:1091D00006000F001F80198039C030C070E0000009
:1091E000000000000000000000000000000000007F
:1091F00000000000606070E030C039C019801F803E
:109200000F000F0006000600060006000600000022
:10921000000000000000000000000000000000004E
:10922000000000003FC03FC001C0038003000700F2
:1092300006000E001C00180038003FC03FC00000B0
:1092400000000000000000000000000000001F807F
:109250001F801800180018001800180018001800C7
:10926000180018001800180018001800180018003E
:109270001F801F80000000000000000000000000B0
:10928000300030003800180018000C000C000E00F0
:10929000060006000300030003800180018000C077
:1092A00000C00000000000000000000000001F805F
:1092B0001F80018001800180018001800180018088
:1092C0000180018001800180018001800180018096
:1092D0001F801F8000000000000000000000000050
:1092E00000000000000006000F000F00198039C0C8
:1092F00030C000000000000000000000000000007E
:10930000000000000000000000000000000000005D
:10931000000000000000000000000000000000004D
:10932000000000000000000000000000000000003D
:109330003FC07FE0000000000000000000000000CF
:1093400008001C000E000700038000000000000061
:10935000000000000000000000000000000000000D
:1093600000000000000000000000000000000000FD
:10937000000000000000000000000EC03FC039C027
:1093800070C070C060C061C071C03FC01EE000000E
:1093900000000000000000000000000000000000CD
:1093A0000000000030003000300037803FC038C07F
:1093B00030E030E030E030E038C03FC037800000BF
:1093C000000000000000000000000000000000009D
:1093D000000000000000000000000F803FC038C007
:1093E000300070007000300038403FC00F80000037
:1093F000000000000000000000000000000000006D
:109400000000000000C000C000C01EC03FC031C04E
:1094100070C070C070C070C031C03FC01EC00000BE
:10942000000000000000000000000000000000003C
:10943000000000000000000000000F803FC030C0AE
:1094400030C07FC07FC0300030403FC00F80000080
:10945000000000000000000000000000000000000C
:109460000000000003E007C00E000C000C007FE0CD
:109470003FC00C000C000C000C000C000C000000A5
:1094800000000000000000000000000000000000DC
:10949000000000000000000000001EC03FC031C0FE
:1094A00070C070C070C070C031C03FC01EC000C06E
:1094B00030C039C03F8006000000000000000000FE
:1094C0000000000030003000300037803FC038C05E
:1094D00030C030C030C030C030C030C030C00000FC
:1094E000000000000000000000000000000000007C
:1094F000000006000700060000001C003F000700F7
:10950000070007000700070007003FE03FE00000FA
:10951000000000000000000000000000000000004B
:10952000000001800380018000001F003F80038055
:109530000180018001800180018001800180018023
:10954000638077803F0008000000000000000000FA
:109550000000000030003000300030C031C03380E7
:1095600037003F003B00338031C030C030E00000A6
:1095700000000000000000000000000000000000EB
:10958000000000007C007E000E000E000E000E00A9
:109590000E000E000E000E000E0007E007E00000B7
:1095A00000000000000000000000000000000000BB
:1095B000000000000000000000007DC07FE0666049
:1095C0006660666066606660666066606660000031
:1095D000000000000000000000000000000000008B
:1095E0000000000000000000000037803FC038C0CD
:1095F00030C030C030C030C030C030C030C00000DB
:10960000000000000000000000000000000000005A
:10961000000000000000000000000F003FC030C04C
:1096200070E070E070E070E030C03FC01F8000006C
:10963000000000000000000000000000000000002A
:109640000000000000000000000037803FC038C06C
:1096500030E030E030E030E038C03FC037803000EC
:10966000300030000000000000000000000000009A
:10967000000000000000000000001EC03FC031C01C
:1096800070C070C070C070C031C03FC01EC000C08C
:1096900000C000C00000000000000000000000004A
:1096A0000000000000000000000037C03FE038E08C
:1096B000306030603000300030003000300000009A
:1096C000000000000000000000000000000000009A
:1096D000000000000000000000001F803FC030C0FC
:1096E00038001F000FC000C030E03FC01F800000E6
:1096F000000000000000000000000000000000006A
:10970000000000000C000C000C007FC07FE00C008B
:109710000C000C000C000C000E000FE007E0000035
:109720000000000000000000000000000000000039
:109730000000000000000000000030C030C030C059
:1097400030C030C030C030C031C03FC01EC000008B
:109750000000000000000000000000000000000009
:1097600000000000000000000000606070E030C0F9
:1097700039C0198019801F800F000F0006000000FB
:1097800000000000000000000000000000000000D9
:109790000000000000000000000060606060666083
:1097A00066606F606F606F6079E039C039C000003B
:1097B00000000000000000000000000000000000A9
:1097C0000000000000000000000030C039C01F8011
:1097D0000F000F000F001F00198039C070E000005B
:1097E0000000000000000000000000000000000079
:1097F00000000000000000000000206070E030C0A9
:1098000038C019C019800F800F000F000700060034
:109810000E003C0078000000000000000000000086
:10982000000000000000000000003FC03FC001C079
:10983000038007000E001C0038003FC03FC000003E
:10984000000000000000000000000000000001C057
:1098500007C00700060006000600060006003E00DE
:1098600038003E000600060006000600060006005E
:1098700007C003C00000000000000000000000005E
:1098800006000600060006000600060006000600A8
:109890000600060006000600060006000600060098
:1098A000060000000000000000000000000038007A
:1098B0003E000E000600060006000600060007C077
:1098C00001C007C0060006000600060006000600EC
:1098D0003E003C000000000000000000000000000E
:1098E00000000000000000000000000000003C60DC
:1098F0007E6067E063C00000000000000000000020
:1099000000000000000000002878060870820108AE
:1099100050780608B88201084878060800830108D4
:109920004C7806084883010854780608908301089B
:1099300034780608D88301083078060820840108A6
:109940003C7806086884010838780608B084010865
:109950002C780608F8840108247806084085010858
:10996000447806088885010820780608D085010813
:109970005C78060818860108587806086086010891
:1099800040780608A886010824780608F0860108B1
:1099900000000000000000003887010800000000FF
:1099A00008990108180000000000000000000000F5
:1099B0000000000000000000000000000181C00065
:1099C0000181C0000183FFF00183FFF001870000E7
:1099D0000FF700000FEFFFE00381FFE003C198E005
:1099E00003E39CE003E38CE007B7FFF007BFFFF061
:1099F0000F8390E00D8338E01D831CE00987FFE0B2
:109A00000187FFF00183FFE0018001C001800FC0EA
:109A1000018007800000000000000000000000003E
:109A20000000000000000000000000000000000036
:109A300000000000000000000000000000381C00D2
:109A400000381C000FFFFFF00FFFFFF000381C0074
:109A500000381C0000000000003860000078E000C2
:109A600000F0E1C000E0E7E003E0FF8007E0FE0077
:109A700007E1F80006E7E00000E7E00000E0E03082
:109A800000E0E03000E0E07000E07FF000E07FF018
:109A900000E03FC0000000000000000000000000E7
:109AA00000000000000000000000000000000000B6
:109AB00000000000000000000000000000000000A6
:109AC0000001FFC00FFBFFE007F000000180000075
:109AD0000180000001800000018000000183FFF090
:109AE0000FF7FFF0018067000180E7000180E700C9
:109AF0000180C7000180C7000198C70001F9C700B5
:109B00000FC187100C038718000F0730001E03F0E9
:109B1000001803F00000000000000000000000003A
:109B20000000000000000000000000000000000035
:109B300000000000000000000000000000C00C0059
:109B400000C00E0001C00C000FFDFFE001801800F6
:109B500001801800032018000363FFF00663FFF084
:109B6000066030000FFC700007F8604000607FE086
:109B7000006000C0006401C001FE03800FF07700A8
:109B80000C603E0000601E00006007000060038063
:109B90000060010000000000000000000000000064
:109BA00000000000000000000000000000000000B5
:109BB00000000000000000000000000002018040E2
:109BC0000703C0E00703C0E007FFFFE003FFFFE07B
:109BD00000000000030C3000030E380007FF3FF0C8
:109BE0000FFF7FF00FFF7070030EE670030EE6604C
:109BF00003FE4E4003FE0E00030E0F00030E1F0077
:109C0000030E1F8003FE39C003FE79E0030EF0F05F
:109C100003044020000000000000000000000000DD
:109C20000000000000000000000000000000000034
:109C3000000000000000000000000000000800001C
:109C4000001C0000001E0000000F00000007800044
:109C50000003C0000003C0000003E0000007F000A4
:109C60000007F00000077800000F3800000E3C00ED
:109C7000001E1E00003C0F00007C0F0000F8078053
:109C800001F003E003E001F007C000F007000070FE
:109C900000000000000000000000000000000000C4
:109CA00000000000000000000000000000000000B4
:109CB00000000000000000000000000000007180B3
:109CC000000071C0000070E0000070000FFFFFF0A6
:109CD0000FFFFFF0000038000000380000003800DF
:109CE00003FF380007FFB80007FF38000070380096
:109CF00000703C0000701C0000701C0000701E30E2
:109D0000007F8E3803FF8F3007FE07F00FC007F08B
:109D1000000001E000000000000000000000000062
:109D20000000000000000000000000000000000033
:109D30000000000000000000000000000000000023
:109D400003FFFFC007FFFFE003FFFFC00003800029
:109D500000038000000380000003800000038000F7
:109D60000FFFFFF007FFFFF00003C0000007E00057
:109D70000007E000000F7000001E7800003C3C006F
:109D800000F81F0001F00FC007E007E00F8001F0AE
:109D9000060000600000000000000000000000005D
:109DA00000000000000000000000000000000000B3
:109DB0000000000000000000000000000060000043
:109DC00000F0000000FFFFE001FFFFE001C0000025
:109DD0000380000007BFFF800F3FFF800E000000E0
:109DE00001FFFE0001FFFF00000007000000070068
:109DF0000000070000000700000007000000070047
:109E000000000710000003B8000003F0000001F09C
:109E1000000000F000000000000000000000000052
:109E20000000000000000000000000000000000032
:109E300000000000000000000000000000000180A1
:109E4000000001C007F801C00FFC01C00E1DFFF0AB
:109E50000E1DFFF80E1DFFF00E1C01C00FFC01C00F
:109E60000FFCC1C00FFCE1C00E1CF1C00E1C79C07C
:109E70000E1C39C00E1C11C00FFC01C00FFC01C02C
:109E80000FF801C0060001C004003FC000003F8081
:109E900000001E00000000000000000000000000A4
:109EA00000000000000000000000000000000000B2
:109EB00000000000000000000000000001800C0015
:109EC00003800E0003F80E0007FC0E000FF8FFE001
:109ED0000E01FFF00C03FFF003FB8E7003FB8E708E
:109EE00000C38E7000C38E7007FB8E700FFFFFF0F3
:109EF00007FBFFF000C38E7000C18E2000C00E0073
:109F000000DC0E0000FC0E0001F80E0001E00E0067
:109F100000000C0000000000000000000000000035
:109F20000000000000000000000000000000000031
:109F30000000000000000000000000000000000021
:109F40000000000000000000000000000000000011
:109F50000000000000000000000000000000000001
:109F600000000000000000000000000000000000F1
:109F7000000000000000018003C003C003C003C054
:109F800003C003C003C003C003C003C001800000BE
:109F90000000018003C003C003C0000000000000F7
:109FA00000000000000000000000000000000000B1
:109FB0000000000000000E700E700E700E700E702B
:109FC0000E700E700C300000000000000000000059
:109FD0000000000000000000000000000000000081
:109FE0000000000000000000000000000000000071
:109FF00000000000000006180E380E380E380E382B
:10A000007FFE7FFE0E380E300C700C707FFE7FFEE0
:10A010007FFE1C701C701C701C60000000000000A3
:10A020000000000000000000000000000000000030
:10A0300000000180018009A01998399C399C718C1D
:10A04000718038803F001FE007F8007C011E018E00
:10A05000318E718E399C399C09900180018001807C
:10A0600000000000000000000000000000000000F0
:10A070000000000000001C003F067F0E739E639CE2
:10A08000E3B873B87F703E0000380CFC0FFE1DC6AD
:10A090003DC639C771CE70FE007C00000000000094
:10A0A00000000000000000000000000000000000B0
:10A0B00000000000000007801FE01FF03C703870B7
:10A0C0003C001E000E000700278E33CE39CE30DC58
:10A0D000301C38383CFC1FF20FCF0000000000009D
:10A0E0000000000000000000000000000000000070
:10A0F000000000000000018003C003C003C003C0D3
:10A1000003C003C001800000000000000000000048
:10A11000000000000000000000000000000000003F
:10A12000000000000000000000000000000000002F
:10A130000020007000F001E003C0078007000F005E
:10A140000E000E000E000E000E000E000E000E009F
:10A150000E000F000700078003C003E001F000F0CD
:10A16000007000000000000000000000000000007F
:10A1700004000E001F00078003C001E001E000F0B2
:10A1800000F00070007000700070007000700070CF
:10A19000007000F000E001E003C007800F801F00A6
:10A1A0000C000000000000000000000000000000A3
:10A1B000000000000000000000000000000001801E
:10A1C00003C033CC3DFC3FFC0FF00FF03FFC3DFCE7
:10A1D00033CC03C00180000000000000000000003C
:10A1E000000000000000000000000000000000006F
:10A1F00000000000000000000000000000000180DE
:10A2000003C003C003C003C03FFC3FFC03C003C046
:10A2100003C003C001800000000000000000000037
:10A22000000000000000000000000000000000002E
:10A23000000000000000000000000000000000001E
:10A24000000000000000000000000000000000000E
:10A25000000003C007E007E003E000E000C001C029
:10A2600007801F0010000000000000000000000038
:10A2700000000000000000000000000000000000DE
:10A2800000000000000000003FFC3FFC0000000058
:10A2900000000000000000000000000000000000BE
:10A2A00000000000000000000000000000000000AE
:10A2B000000000000000000000000000000000009E
:10A2C000000000000000000000000000000000008E
:10A2D000000003C003C003C003C000000000000072
:10A2E000000000000000000000000000000000006E
:10A2F0000000001C001C003800380078007000F0DE
:10A3000000E000E001C001C003C00380038007003B
:10A3100007000F000E000E001C001C003C0038005F
:10A32000000000000000000000000000000000002D
:10A3300000000000000003C00FF01FF81C38381C9C
:10A34000383C387C38FC79FE7FDE3F9C3E1C3C1C50
:10A35000381C3C3C1E780FF007E0000000000000B5
:10A3600000000000000000000000000000000000ED
:10A3700000000000000003C007C01FC03FC03DC078
:10A3800031C001C001C001C001C001C001C001C095
:10A3900001C001C01FFC3FFE3FFE000000000000A6
:10A3A00000000000000000000000000000000000AD
:10A3B00000000000000007C01FF03FF8183C001C20
:10A3C000001C001C003C007800F001E003C0078086
:10A3D0000F001E003FFC3FFE3FFC0000000000009D
:10A3E000000000000000000000000000000000006D
:10A3F0000000000000000F801FF03FF810780038C8
:10A400000038007801F00FE00FF8007C001C001C01
:10A41000001C003C3C783FF81FE0000000000000FA
:10A42000000000000000000000000000000000002C
:10A43000000000000000007000F000F001F003F0E8
:10A4400003F007700F700E701C703C7038707FFE48
:10A450003FFE0070007000700070000000000000FF
:10A4600000000000000000000000000000000000EC
:10A4700000000000000007F81FFC1FFC1C001C006F
:10A480001C001C001FC01FF00FF8003C001C001C2B
:10A49000001C003C3C783FF81FE00000000000007A
:10A4A00000000000000000000000000000000000AC
:10A4B000000000000000006001E003C007000E0083
:10A4C0001E001C0039E03FF83E7C381C381C381C4C
:10A4D000381C381C3E7C1FF80FF000000000000004
:10A4E000000000000000000000000000000000006C
:10A4F0000000000000001FF07FFC3FFC001C003C3F
:10A5000000380078007000F000E000E001C001C0F9
:10A5100003800380078007000700000000000000A0
:10A52000000000000000000000000000000000002B
:10A5300000000000000003C00FF01FF83C3C381C76
:10A54000381C3C3C1FF807E01FF83C3C381C381C0A
:10A55000381C381C3E7C1FF80FF000000000000083
:10A5600000000000000000000000000000000000EB
:10A5700000000000000003C00FF01FF83C3C381C36
:10A58000381C381C381C3C3C1FFC0FDC00380038E1
:10A59000007000F001E003C00700000000000000B0
:10A5A00000000000000000000000000000000000AB
:10A5B000000000000000000000000000000000009B
:10A5C000018003C003C003C0018000000000000040
:10A5D000000003C003C003C003C00000000000006F
:10A5E000000000000000000000000000000000006B
:10A5F000000000000000000000000000000000005B
:10A60000018003C003C003C00180000000000000FF
:10A61000000003C007E007E003E000E000C001C065
:10A6200007801F0010000000000000000000000074
:10A630000000000000000000000000000000000812
:10A64000007C01FC07F01FC03E003E001F800FF0A1
:10A6500001FC007C001C0000000000000000000065
:10A6600000000000000000000000000000000000EA
:10A6700000000000000000000000000000000000DA
:10A6800000003FFC3FFC00000000000000003FFC19
:10A690003FFC00000000000000000000000000007F
:10A6A00000000000000000000000000000000000AA
:10A6B000000000000000000000000000000010008A
:10A6C0003E003F800FE003F8007C007C01F80FF0B3
:10A6D0003F803E0038000000000000000000000045
:10A6E000000000000000000000000000000000006A
:10A6F00000000000000003E00FF81FFC1C1C1C1CE5
:10A70000001C003C007801F001C003C00180000083
:10A710000000018003C003C003C00000000000006F
:10A720000000000000000000000000000000000029
:10A7300000000000000000000F807FF0FFF8F03CF8
:10A74000001C001E1F0E3F8E3BCE71CE71CE71C617
:10A7500071C071C071F07CFE3C7E00000000000002
:10A7600000000000000000000000000000000000E9
:10A77000000000000000018003C007E007E007E0E0
:10A780000E700E700E700E701C381C381FF83FFCD7
:10A790003FFC381C381C700E700E000000000000DA
:10A7A00000000000000000000000000000000000A9
:10A7B0000000000000000F803FF03FF8383C381CDC
:10A7C000381C381C38783FF03FF8383C381C381CAF
:10A7D000381C381C3FFC3FF81FE000000000000060
:10A7E0000000000000000000000000000000000069
:10A7F00000000000000001F007FC0FFC1E0E3C04EE
:10A800003800380038003800780038003800380048
:10A810003C001C001F1E0FFC03F80000000000009D
:10A820000000000000000000000000000000000028
:10A830000000000000000F003FE03FF83878383C8F
:10A84000381C381C380C380C380C380C381C381CA8
:10A85000381C383C3FF83FF01FC0000000000000EB
:10A8600000000000000000000000000000000000E8
:10A870000000000000000FF81FFC3FFC3C003C0003
:10A880003C003C003C003FF83FF83C003C003C00F2
:10A890003C003C003FF81FFC1FFC000000000000D3
:10A8A00000000000000000000000000000000000A8
:10A8B0000000000000000FF83FFC3FFC38003800AB
:10A8C0003800380038003FF83FF8380038003800CA
:10A8D0003800380038003800380000000000000060
:10A8E0000000000000000000000000000000000068
:10A8F00000000000000003C00FF01FF83C3C381CB3
:10A9000038007000700070F071FC70FC701C701CDE
:10A91000381C381C1E7C1FF807F0000000000000E7
:10A920000000000000000000000000000000000027
:10A930000000000000001818381C381C381C381C97
:10A94000381C381C381C3FFC3FFC381C381C381C99
:10A95000381C381C381C381C381C00000000000053
:10A9600000000000000000000000000000000000E7
:10A970000000000000000FF01FF83FFC03C003C000
:10A9800003C003C003C003C003C003C003C003C0AF
:10A9900003C003C01FF81FF83FFC000000000000C8
:10A9A00000000000000000000000000000000000A7
:10A9B00000000000000003E00FF80FF8003C003C2E
:10A9C000003C003C003C003C003C003C003C003CA7
:10A9D000703870383C783FF00FE000000000000055
:10A9E0000000000000000000000000000000000067
:10A9F00000000000000018183838387838F039E0C6
:10AA000039C03B803F803F003F803FC039E038E0A5
:10AA100038F038783838383C381C00000000000026
:10AA20000000000000000000000000000000000026
:10AA30000000000000000C001C001C001C001C009A
:10AA40001C001C001C001C001C001C001C001C0026
:10AA50001C001C001FFC1FFE0FFE00000000000079
:10AA600000000000000000000000000000000000E6
:10AA7000000000000000181C3C3C7C3E7E7E766E90
:10AA8000766E77EE77EE73CE73CE73CE718E700ED8
:10AA9000700E700E700E700E700E00000000000040
:10AAA00000000000000000000000000000000000A6
:10AAB000000000000000180C3C1C3E1C3E1C3E1C0C
:10AAC0003F1C3B1C3B9C3B9C399C39DC38DC38FCF4
:10AAD00038FC387C387C383C383C000000000000F2
:10AAE0000000000000000000000000000000000066
:10AAF00000000000000003C00FF01FF81C38381CD5
:10AB0000381C381C381C781E781E381C381C381C21
:10AB1000381C3C3C1E780FF007E0000000000000ED
:10AB20000000000000000000000000000000000025
:10AB30000000000000000F803FF83FFC381C380E7A
:10AB4000380E380E381E3FFC3FF83FC03800380042
:10AB500038003800380038003800000000000000DD
:10AB600000000000000000000000000000000000E5
:10AB700000000000000003C00FF01FF81C38381C54
:10AB8000381C381C381C781E781E381C381C381CA1
:10AB9000381C3C3C1E780FF007E00000008001F8F4
:10ABA00001FC003C0000000000000000000000006C
:10ABB0000000000000000F803FF83FFC381C380EFA
:10ABC000380E380E381E3FFC3FF83FE038F0387042
:10ABD00038783838383C381C381E00000000000037
:10ABE0000000000000000000000000000000000065
:10ABF00000000000000003C00FF01FF83C3C381CB0
:10AC000038003C001F000FE007F8007C001C001C0F
:10AC1000381C381C3E7C1FF80FF0000000000000BC
:10AC20000000000000000000000000000000000024
:10AC30000000000000003FFC7FFE7FFE03C003C059
:10AC400003C003C003C003C003C003C003C003C0EC
:10AC500003C003C003C003C0018000000000000067
:10AC600000000000000000000000000000000000E4
:10AC70000000000000001008381C381C381C381C6C
:10AC8000381C381C381C381C381C381C381C381C24
:10AC9000381C3C3C1E781FF807E000000000000054
:10ACA00000000000000000000000000000000000A4
:10ACB000000000000000300C700E381C381C381CDE
:10ACC0001C381C381C381C380E700E700E70066054
:10ACD00007E007E003C003C003C00000000000005D
:10ACE0000000000000000000000000000000000064
:10ACF0000000000000006006700E700E700E700EF6
:10AD000073CE73CE73CE73CE73CC37EC366C366C99
:10AD10003E7C3E7C3E7C3E7C3C38000000000000D7
:10AD20000000000000000000000000000000000023
:10AD3000000000000000300C381C3C3C1C380E7039
:10AD40000FF007E007E003C003C007E007E00FF0E3
:10AD50000E701C383C3C381C381C00000000000001
:10AD600000000000000000000000000000000000E3
:10AD7000000000000000300C700E381C381C1C381D
:10AD80001C380E700E7007E007E003C003C003C05C
:10AD900003C003C003C003C0018000000000000026
:10ADA00000000000000000000000000000000000A3
:10ADB0000000000000001FF03FF81FFC0038007882
:10ADC000007000E001E001C00380078007000E0072
:10ADD0001E001C003FF83FFC1FFC000000000000AC
:10ADE0000000000000000000000000000000000063
:10ADF0000FF00FF00FF00E000E000E000E000E0010
:10AE00000E000E000E000E000E000E000E000E00D2
:10AE10000E000E000E000E000E000E000F000FF0D0
:10AE20000FF0000000000000000000000000000023
:10AE30000000180038001C001C000E000E000E0060
:10AE40000700070003800380038001C001C000E009
:10AE500000E000600070007000380038001C001C2A
:10AE600000000000000000000000000000000000E2
:10AE70000FF00FF00FF000700070007000700070A5
:10AE80000070007000700070007000700070007042
:10AE900000700070007000700070007000F00FF023
:10AEA0000FF00000000000000000000000000000A3
:10AEB0000000000000000000000003C003C007E025
:10AEC00007E00E701E781C383C3C000000000000BB
:10AED0000000000000000000000000000000000072
:10AEE0000000000000000000000000000000000062
:10AEF0000000000000000000000000000000000052
:10AF00000000000000000000000000000000000041
:10AF100000000000000000000000000000003FFCF6
:10AF20003FFC0000000000000000000000000000E6
:10AF3000000004000F000F8003C001E000F000706B
:10AF40000000000000000000000000000000000001
:10AF500000000000000000000000000000000000F1
:10AF600000000000000000000000000000000000E1
:10AF700000000000000000000000000000000000D1
:10AF80000FDC1FFC1E783C383838383838383838F1
:10AF9000383838783CFC1FDC0F9C000000000000B3
:10AFA00000000000000000000000000000000000A1
:10AFB0000000000000001800380038003800380099
:10AFC0003BF03FF83E3C3C1C381C381C381C381CFD
:10AFD000381C3C1C3F7C3BF839F0000000000000AE
:10AFE0000000000000000000000000000000000061
:10AFF0000000000000000000000000000000000051
:10B0000007F01FFC1E3C3C083800380038003800B0
:10B0100038003C001F3C0FF807F000000000000063
:10B020000000000000000000000000000000000020
:10B030000000000000000018001C001C001C001C88
:10B040000FDC1FFC3C7C383C381C381C381C381C7E
:10B05000381C383C3EFC1FDC0F9C00000000000048
:10B0600000000000000000000000000000000000E0
:10B0700000000000000000000000000000000000D0
:10B0800007F01FF81E38381C381C3FFC3FFC380006
:10B0900038003C081E3C0FF807F0000000000000DC
:10B0A00000000000000000000000000000000000A0
:10B0B000000000000000003801FC03FC0380038056
:10B0C000038003807FFC7FFE038003800380038076
:10B0D00003800380038003800380000000000000E1
:10B0E0000000000000000000000000000000000060
:10B0F0000000000000000000000000000000000050
:10B100000FDC1FFC3C7C383C381C381C381C381CBD
:10B11000381C3C3C1FFC1FDC079C001C101C383CEE
:10B120003FF81FF007E000000000000000000000F2
:10B130000000000000001800380038003800380017
:10B140003BF03FF83E3C3C3C381C381C381C381C5B
:10B15000381C381C381C381C381C0000000000004B
:10B1600000000000000000000000000000000000DF
:10B1700000000000000001C003E001C0000000006A
:10B180001F801FC01FC001C001C001C001C001C09D
:10B1900001C001C01FFC3FFE3FFE00000000000098
:10B1A000000000000000000000000000000000009F
:10B1B00000000000000000F000F00070000000003F
:10B1C0000FE01FF01FF00070007000700070007042
:10B1D000007000700070007000700070207070F0DF
:10B1E0007FE03FE00F800000000000000000000052
:10B1F0000000000000001800380038003800380057
:10B20000383C387838F039E03BC03FC03FE03EE0A2
:10B210003CF038783838383C381C0000000000001A
:10B22000000000000000000000000000000000001E
:10B230000000000000001E003F007F8003800380AC
:10B2400003800380038003800380038003800380E6
:10B250000380038003CC01FE00FC0000000000001E
:10B2600000000000000000000000000000000000DE
:10B2700000000000000000000000000000000000CE
:10B2800077BC7FFE73CE718E718E718E718E718ED2
:10B29000718E718E718E718E718E000000000000B3
:10B2A000000000000000000000000000000000009E
:10B2B000000000000000000000000000000000008E
:10B2C0003BF03FF83E3C3C3C381C381C381C381CDA
:10B2D000381C381C381C381C381C000000000000CA
:10B2E000000000000000000000000000000000005E
:10B2F000000000000000000000000000000000004E
:10B300000FF01FF81C38381C381C381C381C381C2F
:10B31000381C3C3C1E780FF807E0000000000000DD
:10B32000000000000000000000000000000000001D
:10B33000000000000000000000000000000000000D
:10B340003BF03BF83E3C3C1C381C381C381C381C7D
:10B35000381C3C3C3E783FF83BF038003800380061
:10B360003800100000000000000000000000000095
:10B3700000000000000000000000000000000000CD
:10B380000FDC1FDC3C7C383C381C381C381C381C5B
:10B39000381C3C3C1E7C1FFC0FDC001C001C001CED
:10B3A000001C000800000000000000000000000079
:10B3B000000000000000000000000000000000008D
:10B3C0001DF81FFC1F1C1C1C1C1E1C0C1C001C0040
:10B3D0001C001C001C001C001C00000000000000E1
:10B3E000000000000000000000000000000000005D
:10B3F000000000000000000000000000000000004D
:10B400000FF01FF81C3C1C081C001FC007F800FCB4
:10B41000001C381C3E3C1FF80FF00000000000002C
:10B42000000000000000000000000000000000001C
:10B4300000000000000000000700070007000700F0
:10B440003FFC7FFC7FFC07000700070007000700A8
:10B450000700078003DC03FC01FC00000000000083
:10B4600000000000000000000000000000000000DC
:10B4700000000000000000000000000000000000CC
:10B48000381C381C381C381C381C381C381C381C1C
:10B49000381C3C3C1E7C1FDC0FDC00000000000060
:10B4A000000000000000000000000000000000009C
:10B4B000000000000000000000000000000000008C
:10B4C000381C381C381C1C381C381E780E700E7046
:10B4D00007E007E007E003C003C000000000000031
:10B4E000000000000000000000000000000000005C
:10B4F000000000000000000000000000000000004C
:10B50000700E700E718E73CE73CE73CE73CE37EC19
:10B510003E7C3E7C3E7C3E7C3C38000000000000CF
:10B52000000000000000000000000000000000001B
:10B53000000000000000000000000000000000000B
:10B540003C3C1C381E700FF007E003C003C007E04E
:10B5500007E00E701E783C3C381C00000000000024
:10B5600000000000000000000000000000000000DB
:10B5700000000000000000000000000000000000CB
:10B58000380C381C381C1C3C1C380E380E700E70E1
:10B5900007F007E003E003C001C003C00380078099
:10B5A0003F003E003C0000000000000000000000E2
:10B5B000000000000000000000000000000000008B
:10B5C0001FF83FFC0078007000E001C00380070016
:10B5D0000F001E003FF83FFC1FFC000000000000B1
:10B5E000000000000000000000000000000000005B
:10B5F000007C01FC03F803C0038003800380038008
:10B6000001C003C003803F803E001F80038001C053
:10B6100003C0038003800380038003C003F801FCA0
:10B6200000FC00000000000000000000000000001E
:10B630000000010003C003C003C003C003C003C077
:10B6400003C003C003C003C003C003C003C003C0E2
:10B6500003C003C003C003C003C003C003C0018014
:10B6600000000000000000000000000000000000DA
:10B670003E003F801FC003C001C001C001C001C027
:10B6800003C003C001C001FC007C01F801C003C07D
:10B6900003C001C001C001C001C003C01FC03F8082
:10B6A0003F0000000000000000000000000000005B
:10B6B000000000000000000000000000000000008A
:10B6C000000000001E0C3F8C3FDC31FC30FC2020D1
:10B6D000000000000000000000000000000000006A
:10B6E000000000000000000070780608A89901081A
:10B6F00060780608289A01087C780608A89A01084C
:10B7000064780608289B01086C780608A89B010845
:10B7100080780608289C010874780608A89C01080F
:10B7200084780608289D010888780608A89D0108E5
:10B7300068780608289E010878780608A89E0108FF
:10B740000000000000000000289F01080000000029
:10B75000E8B6010820000000000000000000000022
:10B76000000FFF000C03000FFF000C03000FFF0091
:10B770000400000E60000FFF0018600007FF0000CB
:10B7800060001FFF801FFF8000000000000000001D
:10B7900000000000000000000000088000089F80FA
:10B7A0001FD9803FF980089F800F9F800899800FE4
:10B7B0009980089F803FD9801FD9800D918018F112
:10B7C0008010338000000000000000000000000036
:10B7D0000000000000000000000000000000000069
:10B7E00000000000000000001FFF803FFFC00000BD
:10B7F0000000000000000000000000000000000049
:10B800000000000000000000000000000000000038
:10B8100000000000000000000FFF000FFF0000000C
:10B820000000000000000000000000000000000018
:10B830000000001FFF801FFF8000000000000000CC
:10B8400000000000000000000000000000000000F8
:10B85000000000000FFF00000000000000000000DA
:10B8600000000007FE0000000000000000000000D3
:10B8700000001FFF8000000000000000000000002A
:10B8800000000000000000000000000000000000B8
:10B890001FFF801999801999801999801999801929
:10B8A00099801B1F801E01801801801FFF801FFFD1
:10B8B000801801800000000000000000000000006F
:10B8C0000000000000000000000000000FFF00006A
:10B8D000C00000C00000C00007FE000FFE0001868F
:10B8E00000018400018C00018C001FFF801FFFC03D
:10B8F0000000000000000000000000000000000048
:10B9000000000040000060000060000020001FFFF9
:10B91000803FFFC0000000010800030C00070E007C
:10B920000607000C03001C018018018000000000C5
:10B930000000000000000000000000000000000007
:10B94000000FFF001FFF800060000060000060002B
:10B950001FFF801FFF8000F00001F800019C00071E
:10B960000E001E078018018000000000000000008B
:10B970000000000000000000000000000007FF00C1
:10B980000FFF000C03000C03000C03000FFF000F5F
:10B99000FF000C03000C03000C03000FFF000FFF5F
:10B9A000000C030000000000000000000000000088
:10B9B0000000000000000060000060001FFF801811
:10B9C000018007FE00018900030E0007FF000062EE
:10B9D000000060000FFF000060001FFF801FFF805D
:10B9E0000000000000000000000000000000000057
:10B9F00000000060000060000060001FFF80186110
:10BA00008018618018618018F18019D9801B8D80A1
:10BA10001B078018018018018018078000000000B3
:10BA20000000000000000000000000000000000016
:10BA3000003EFF801EFFC00C0C000C18001C1A00FA
:10BA40003E3F000C7B800CF9800CD8800E18003E25
:10BA5000180000180000180000000000000000009E
:10BA6000000000000000000000000808000CFF803B
:10BA70000C7F000C22003EFF800C00000C7F000CAD
:10BA8000C1000CFF000EFF001F26003C360000E640
:10BA9000C001C7800000000000000000000000009E
:10BAA00000000000000000200000600000F0000323
:10BAB0009C00070F001FFF801BFC8000000007FE9A
:10BAC0000007FF0006030006030007FF0007FF0052
:10BAD0000000000000000000000000000000000066
:10BAE00000000000001F7F80196D80196D801F6DA0
:10BAF000801F6D80197F80197F801F608019600012
:10BB00001960801160C0317FC0373F8000000000A5
:10BB10000000000000000000000000000000000025
:10BB2000000198000198000199801F9B801F9F00D1
:10BB3000019C000198000198000398001F98C039EB
:10BB400098C0019FC0019F8000000000000000001D
:10BB50000000000000000000000000400000600045
:10BB60001FFF801FFF8007FE0007FF000403000483
:10BB7000030007FF000060000466000E6300186108
:10BB80008011E10000000000000000000000000043
:10BB900000000000000000400000C00000C00000E5
:10BBA000C00000C00000FF0000FF0000C00000C097
:10BBB0000000C00000C00000C0003FFFC01FFF80A9
:10BBC0000000000000000000000000000000000075
:10BBD00000000040000CC00006FF8001800001FF53
:10BBE0000018FF801CC98001FF8003FFC004D9003A
:10BBF0000C89000CFF80180300100F0000000000EB
:10BC000000000000000000000000000000000060D4
:10BC1000000060001FFF800060000FFF001FFF801A
:10BC20001999801899801BFD801861801BFD801B6D
:10BC3000FD8018618018678000000000000000008F
:10BC40000000000000000000000000400000600054
:10BC50001FFF801FFF8007FE0007FF000403000492
:10BC6000030007FF000060000466000E6300186117
:10BC70008011E10000000000000000000000000052
:10BC800000000000000000000000000000000000B4
:10BC900000000000000000000000000000000000A4
:10BCA0000000000000000000000000000000000094
:10BCB0000C000C000C000C000C000C000C00000030
:10BCC00000000C000C00000000000000000000005C
:10BCD0000000000000000000330033003300330098
:10BCE0001200000000000000000000000000000042
:10BCF0000000000000000000000000000000000044
:10BD00001B0013001300FFC0330033003300FFC0DB
:10BD10003200320036000000000000000000000089
:10BD20000000000008000C002D006D806D80640094
:10BD300078001F0003800D806D806D802D000C0049
:10BD40000C000000000000000000000000000000E7
:10BD5000788079C0CD80CF007B00320037803CC036
:10BD60006CC06780C7800000000000000000000079
:10BD700000000000000000003C003E0063003000B6
:10BD800038005C806D806780638077803EC00000F3
:10BD900000000000000000000000000000000000A3
:10BDA0000C000C000C000C0008000000000000005B
:10BDB0000000000000000000000000000000000083
:10BDC00000000000020007000C001C0018003000FA
:10BDD0003000300030003000180018001C000E0049
:10BDE00007000200000000000000000030003800E2
:10BDF0000C000E0006000600030003000300030011
:10BE0000060006000C001C003800100000000000B6
:10BE10000000000000000000000000000C000C000A
:10BE20007F803F003F007F804D000C00000000003D
:10BE30000000000000000000000000000000000002
:10BE40000000000008000C000C007F807F800C00C8
:10BE50000C000C00000000000000000000000000CA
:10BE600000000000000000000000000000000000D2
:10BE700000000000000000000C001E000E00060084
:10BE80000C0038002000000000000000000000004E
:10BE9000000000000000000000007F807F800000A4
:10BEA0000000000000000000000000000000000092
:10BEB0000000000000000000000000000000000082
:10BEC00000000000000000000C001E000C0000003C
:10BED00000000000000000000000000000000180E1
:10BEE000030003000600060006000C000C0018000A
:10BEF000180030003000300060000000000000003A
:10BF000000000000000000001E003F006180638010
:10BF100067806D807980718061803F001E00000025
:10BF20000000000000000000000000000000000011
:10BF30001C003E0076000600060006000600060013
:10BF400006003F807F80000000000000000000002D
:10BF500000000000000000003E007F000180018022
:10BF6000030007000E001C0038007F807F80000067
:10BF700000000000000000000000000000000000C1
:10BF80003E007F00030003001F001F0003800180AC
:10BF9000018077007E00000000000000000000002B
:10BFA0000000000000000000070007000F001B0059
:10BFB0001B00330063007F807F80030003000000CC
:10BFC0000000000000000000000000000000000071
:10BFD0003F803F00300030003C003F000380018084
:10BFE000018077007E0000000000000000000000DB
:10BFF000000000000000000006001C0018003000D7
:10C000002E007F0061806180618073803F000000AE
:10C010000000000000000000000000000000000020
:10C020007F807F80038003000300060006000C0071
:10C030000C001800180000000000000000000000C4
:10C0400000000000000000001E003F0061806180D1
:10C050003F003F006180618061807F803F00000081
:10C0600000000000000000000000000000000000D0
:10C070001E007F006180618061803F801D80030021
:10C0800006000E0018000000000000000000000084
:10C0900000000000000000000000000000000C0094
:10C0A0001E000C00000000000C001E000C00000030
:10C0B0000000000000000000000000000000000080
:10C0C0000000000000000C001E000C00000000003A
:10C0D0000C001E000E0006000C00380020000000BE
:10C0E00000000000000000000000000001000780C8
:10C0F0001E00780078001E0007800100000000008C
:10C10000000000000000000000000000000000002F
:10C110000000000000003F007F80000000007F80E2
:10C120007F80000000000000000000000000000010
:10C130000000000000000000000000002000780067
:10C140001E00078007801E0078002000000000000D
:10C1500000000000000000000000000000000000DF
:10C160001F003F803180018007000E000C0000009E
:10C1700000000C000C0000000000000000000000A7
:10C18000000000000000000000007F00C38001806C
:10C1900039807CC06CC04CC04C00670077C0000088
:10C1A000000000000000000000000000000000008F
:10C1B0000C001E001E001E003300330033003F0041
:10C1C00061806180618000000000000000000000CC
:10C1D00000000000000000003E007F0061806180E0
:10C1E0007F007F006380618061807F803E0000006F
:10C1F000000000000000000000000000000000003F
:10C200001F003F80308060006000600060006000C0
:10C2100070003F801F800000000000000000000050
:10C2200000000000000000003E007F00638061808D
:10C23000618061806180618063807F003E000000DA
:10C2400000000000000000000000000000000000EE
:10C250003F803F00200020003E003F0020002000E3
:10C2600020003F003F8000000000000000000000B0
:10C2700000000000000000003F807F806000600040
:10C2800060007F00600060006000600060000000EF
:10C29000000000000000000000000000000000009E
:10C2A0001E003F00618060006000678067806180E1
:10C2B00061803F001F00000000000000000000003F
:10C2C00000000000000000006180618061806180EA
:10C2D0007F807F80618061806180618061800000FB
:10C2E000000000000000000000000000000000004E
:10C2F0003F003F000C000C000C000C000C000C0078
:10C300000C003F003F0000000000000000000000A3
:10C3100000000000000000001F001F0003000300D9
:10C320000300030003000300630077003E000000E9
:10C3300000000000000000000000000000000000FD
:10C340006300670066006C0078007C007C0066007B
:10C350006700630061800000000000000000000032
:10C36000000000000000000030003000300030000D
:10C37000300030003000300030003F803F8000004F
:10C3800000000000000000000000000000000000AD
:10C390007380738073807F807F806D806D8061800B
:10C3A00061806180618000000000000000000000EA
:10C3B00000000000000000007180718079807980A9
:10C3C00069806D806580678067806380638000001E
:10C3D000000000000000000000000000000000005D
:10C3E0001E003F00618061806180618061806180AA
:10C3F00061803F001E0000000000000000000000FF
:10C4000000000000000000003F007F80618061802C
:10C4100061807F00600060006000600060000000DC
:10C42000000000000000000000000000000000000C
:10C430001E003F0061806180618061806180618059
:10C44000618033001E0000000F0007800000000024
:10C4500000000000000000003F007F8061806180DC
:10C4600061807F006600670063006180618000007A
:10C4700000000000000000000000000000000000BC
:10C480001E003F006180600038001F0003800180B3
:10C4900061807F803F00000000000000000000007D
:10C4A00000000000000000007F807F800C000C0076
:10C4B0000C000C000C000C000C000C000C00000028
:10C4C000000000000000000000000000000000006C
:10C4D0006180618061806180618061806180618054
:10C4E00061803F001E00000000000000000000000E
:10C4F0000000000000000000618061806180330066
:10C500003300330012001E001E000C000C0000005F
:10C51000000000000000000000000000000000001B
:10C520004080C0C040806D806D806D807F807F8046
:10C530007380738073800000000000000000000022
:10C5400000000000000000006180330033001E0086
:10C550001E000C001E001E003300338061800000AE
:10C5600000000000000000000000000000000000CB
:10C5700061806180330033001E001E000C000C003F
:10C580000C000C000C000000000000000000000087
:10C5900000000000000000003F007F0003000600D4
:10C5A0000E000C001800180030007F003F800000D3
:10C5B0000000000000000000000000003F003E00FE
:10C5C00030003000300030003000300030003000EB
:10C5D00030003000300030003F001E00000000003E
:10C5E000000000000000600030003000180018005B
:10C5F00008000C000C000600060002000300030007
:10C600000180000000000000000000003E001F004C
:10C610000300030003000300030003000300030002
:10C6200003000300030003003F001E0000000000A1
:10C63000000000000000000000000C001E001E00B2
:10C640003300330000000000000000000000000084
:10C6500000000000000000000000000000000000DA
:10C6600000000000000000000000000000000000CA
:10C6700000000000000000007F807F8000000000BC
:10C6800000000000000018001C000E000600000062
:10C69000000000000000000000000000000000009A
:10C6A000000000000000000000000000000000008A
:10C6B0000000000000003F8033006300630063005F
:10C6C00063007F803D80000000000000000000004B
:10C6D00000000000000000006000600060007F00BB
:10C6E000730061806180618061807B806F000000E9
:10C6F000000000000000000000000000000000003A
:10C700000000000000003F00318060006000600019
:10C7100060003B801F0000000000000000000000DF
:10C7200000000000000000000180018001803F80C7
:10C730003380618061806180618077803D8000000E
:10C7400000000000000000000000000000000000E9
:10C750000000000000003F00330061807F80600027
:10C7600060003B001F00000000000000000000000F
:10C77000000000000000000007800F801800180073
:10C780007F807F8018001800180018000800000043
:10C790000000000000000000000000000000000099
:10C7A0000000000000003D80738061806180618036
:10C7B00063803F801D80018063003F001E000000F9
:10C7C00000000000000000006000600060006F00DA
:10C7D00073006180618061806180618061800000A0
:10C7E0000000000000000000000000000000000049
:10C7F0000E00040000003C003C000C000C000C008B
:10C800000C003F807F80000000000000000000005E
:10C8100000000000000000000700020000003E00D1
:10C820003F000300030003000300030003000200B5
:10C8300066007E003C0000000000000000000000D8
:10C84000200060006000630066006C007C007600E1
:10C85000670063002180000000000000000000006D
:10C8600000000000000000007800780008000800C8
:10C8700008000800080008000C000F800F8000006E
:10C8800000000000000000000000000000000000A8
:10C890000000000000007F806D806D806D806D80E5
:10C8A0006D806D806D8000000000000000000000C1
:10C8B00000000000000000000000000000006F0009
:10C8C00073006180618061806180618061800000AF
:10C8D0000000000000000000000000000000000058
:10C8E0000000000000003F00330061806180618033
:10C8F000618033001E000000000000000000000006
:10C9000000000000000000000000000000006F00B8
:10C91000738061806180618071807F006F00600042
:10C920006000600000000000000000000000000047
:10C930000000000000003D807380618061806180A4
:10C9400063803F803D800180018001800000000005
:10C9500000000000000000000000000000003F8018
:10C9600039803180318030003000300030000000EC
:10C9700000000000000000000000000000000000B7
:10C980000000000000003F00338030003E00070040
:10C99000218073803F0000000000000000000000C4
:10C9A00000000000000000000800180018007F8050
:10C9B0007F8018001800180018000D800F800000FC
:10C9C0000000000000000000000000000000000067
:10C9D00000000000000061806180618061806180F2
:10C9E000638037803D8000000000000000000000F0
:10C9F0000000000000000000000000000000618056
:10CA00006180330033001E001E001E000C00000079
:10CA10000000000000000000000000000000000016
:10CA2000000000000000C0C04C806D806D807F80E1
:10CA30007F80738073800000000000000000000011
:10CA400000000000000000000000000000007380F3
:10CA500033001E000C001E001E0033006180000029
:10CA600000000000000000000000000000000000C6
:10CA700000000000000061802180330033001B00B3
:10CA80001E000E000C000C00180078006000000072
:10CA900000000000000000000000000000003F0057
:10CAA000430006000C00180030007F007F8000006B
:10CAB00000000000000000000000000007800F00E0
:10CAC0000C000C000C000C000C0078001C000C008A
:10CAD0000C000C000C000C000F8003000000000094
:10CAE0000000000000000C000C000C000C000C000A
:10CAF0000C000C000C000C000C000C000C000C00D6
:10CB00000C000000000000000000000078003C0065
:10CB10000C000C000C000C000C0007800E000C0038
:10CB20000C000C000C000C007C0030000000000029
:10CB300000000000000000000000000000000000F5
:10CB400039807D806F8042000000000000000000FE
:10CB500000000000000000009478060858B70108A3
:10CB60009C78060894B701088C780608D0B70108AD
:10CB7000AC7806080CB80108A878060848B801087F
:10CB80009078060884B80108A0780608C0B80108A3
:10CB9000A4780608FCB801088478060838B90108AA
:10CBA0009878060874B901084C780608B0B90108ED
:10CBB00054780608ECB901083478060828BA010848
:10CBC0003078060864BA01083C780608A0BA010863
:10CBD00038780608DCBA01082C78060818BB01086A
:10CBE0002478060854BB01084478060890BB010865
:10CBF00020780608CCBB01084078060808BC01086C
:10CC00002478060844BC0108000000000000000071
:10CC100080BC01080000000058CB0108140000008F
:10CC20000000000000000000000000000000000004
:10CC30000000001818181818180018180000000034
:10CC40000000002424242400000000000000000054
:10CC500000000034247EFF2424FF242C0000000068
:10CC60000000183C7E58603C261A5A3C1800000010
:10CC70000000007053D674202E6B4B8E0000000015
:10CC8000000000386C4020504A4A447B00000000FD
:10CC90000000001818181800000000000000000034
:10CCA00000000C1810302020202030100804000054
:10CCB00000003018080C040404040C1810200000B4
:10CCC0000000000000185A3C3C5A18000000000008
:10CCD000000000000018187E7E18180000000000F8
:10CCE0000000000000000000000018180818600094
:10CCF000000000000000003C7E000000000000007A
:10CD000000000000000000000000181800000000F3
:10CD100000000204040C08181010302060400000CD
:10CD20000000003C26424E5A7262663C0000000041
:10CD300000000018684808080808087E0000000085
:10CD40000000003C460206040810607E000000005F
:10CD5000000000384406043C0602067C0000000087
:10CD6000000000040C143424647E0404000000005D
:10CD70000000003E6060603C0602067C000000008F
:10CD8000000000081020607E4242663C0000000067
:10CD90000000007E0204040C08181030000000009F
:10CDA0000000003C6642663C4242423C00000000FB
:10CDB0000000003C664242663A0408100000000091
:10CDC0000000000000001818000018180000000003
:10CDD0000000000000001818000018180818600073
:10CDE0000000000000061C70701C0600000000001F
:10CDF0000000000000007E00007E00000000000037
:10CE0000000000000060380E0E38600000000000D6
:10CE10000000003C26420608180018180000000018
:10CE2000000000007C86227A4B48486F000000001A
:10CE30000000001818182424247E4242000000003C
:10CE40000000007C6642467C4242467C00000000B6
:10CE50000000001C224040404040203E00000000F6
:10CE600000000078644242424242447C00000000DC
:10CE70000000003E6060607E6060607E0000000038
:10CE80000000007E6040407E4040404000000000C6
:10CE90000000003C6642404E4242663C00000000FA
:10CEA000000000424242427E4242424200000000F4
:10CEB0000000007E181818181818187E00000000CE
:10CEC0000000003C060606060646443C0000000042
:10CED0000000004644485070784C44420000000076
:10CEE00000000020202020202020203E0000000004
:10CEF0000000006666665A5A5A424242000000002C
:10CF0000000000626252525A4A4A4646000000003F
:10CF10000000003C644242424242663C0000000085
:10CF20000000007C6642427C40404040000000001F
:10CF30000000003C644242424242663C000E000057
:10CF40000000007C6642427C4844464200000000EB
:10CF50000000003C6640601C0602623C00000000CD
:10CF60000000007E18181818181818180000000083
:10CF700000000042424242424242663C0000000041
:10CF80000000004242662424241818180000000003
:10CF900000000042C35A5A5A5A6A666600000000EE
:10CFA0000000004224241818182424420000000025
:10CFB000000000424224241818181818000000002D
:10CFC0000000007E060408181020607E00000000AB
:10CFD00000003C202020202020202020203C000099
:10CFE000000040202030101808080C040602000041
:10CFF00000003C040404040404040404043C000091
:10D000000000000018182466000000000000000066
:10D01000000000000000000000000000007E000092
:10D02000000020100C0800000000000000000000BC
:10D0300000000000001A26644446463A0000000042
:10D0400000000040405864624242665C00000000FC
:10D0500000000000001C36404040603E0000000020
:10D0600000000002021A26464242663A0000000012
:10D0700000000000001824427E40643E00000000D2
:10D080000000000E10107E101010101000000000A4
:10D0900000000000001A26464242663A02643C0044
:10D0A00000000040405866664242424200000000D4
:10D0B00000000018000078080808087E0000000042
:10D0C0000000000C00003C0404040404044C38007C
:10D0D0000000006060626C78786C646200000000A0
:10D0E00000000070101010101010100E0000000052
:10D0F0000000000000765A5A5A5A5A5A000000009E
:10D1000000000000005866664242424200000000F3
:10D1100000000000001824424242663C000000006B
:10D1200000000000005C76424242665C4040000025
:10D1300000000000003A6E424242663A02020000DD
:10D1400000000000002C766260606060000000005B
:10D1500000000000001866603C06423C0000000031
:10D160000000000010107E101010101E00000000C3
:10D1700000000000004242424242663A00000000C5
:10D180000000000000424224243C18180000000067
:10D19000000000000042C35A5A5A666600000000B0
:10D1A000000000000042243C181824660000000023
:10D1B0000000000000426226243C1818183060006D
:10D1C00000000000003C460C1810207E000000000B
:10D1D00000000E101010187010181010180E00001B
:10D1E0000000181818181818181818181810000027
:10D1F000000070080808180E0818080818700000C9
:10D2000000000000000000724E000000000000005E
:10D2100020CC010800000000000000001000000009
:10D220000000000000000000000000000018000FD7
:10D23000FFF01FFFF81800180BFFD007FFE000E118
:10D24000800181C003FFE002182000180007FFE002
:10D2500003FFC00018000FFFF01FFFF800000000E0
:10D2600000000000000000000000000000000000BE
:10D27000000000000018000018000018000FFFF068
:10D280000FFFF00C18300C18300C3C300C3E300CFA
:10D2900067300CE3B00DC1F00D00300C00300C0015
:10D2A000300C01F0080080000000000000000000C9
:10D2B0000000000000000000000000000000001F4F
:10D2C000BFF81F1FF00603000603000607001F0F2C
:10D2D000C01F0F60061B70063B380633180703009B
:10D2E0000F83001E03000003000003000002000083
:10D2F000000000000000000000000000000000002E
:10D3000000000000060300063FF00600000608408B
:10D310001FBFF01F7FF8060000063FF00630300602
:10D320003FF006303007BFE01F0C80180C9000382B
:10D330008800F0F80000000000000000000000007D
:10D3400000000000000000000000000000080000D5
:10D350001C00003E0000E70003C1C00F00F01FFFEB
:10D36000B800000000000003FFC003FFE00300E07E
:10D370000300E00300E003FFE003FFE00200000021
:10D38000000000000000000000000000000000009D
:10D39000000000000FC0000FDFF00CD9900CD990F6
:10D3A0000FD9900FD9900CD9900CDFF00CDFF00F53
:10D3B000D8100CD80008D80008D81818D81818DCCD
:10D3C000381BCFF00000000000000000000000004B
:10D3D00000000000000000000000000000C6000087
:10D3E000C60000C60000C6101FC6781FC6E000C7F2
:10D3F0008000C60000C60000C60000C60003C608C4
:10D400001FC60C18C61800C7F800C3F800000000BB
:10D41000000000000000000000000000000000000C
:10D42000000000000018000018001FFFF80FFFF0B8
:10D4300000000003FFE003006003006003006003DE
:10D44000FFE00018000018000318C00618600C1850
:10D450003018F8100060000000000000000000001C
:10D46000000000000000000000000000003000008C
:10D470003000003000003000003000003FE0003F8E
:10D48000F0003000003000003000003000003000BC
:10D490000030000030001FFFF81FFFF80000000000
:10D4A000000000000000000000000000000000007C
:10D4B000000000000430000F3000037FF80060001F
:10D4C00000C00010FFF01C323006333000FFF800BF
:10D4D000FFF8026630066330067FF00C7FF80C0020
:10D4E000600801E0000000000000000000000000F3
:10D4F0000000000000000000000000000C00000E12
:10D500007FF802C0180048900018C01830601E60F4
:10D5100030060600007FF000FFF8020F80061EC0F4
:10D52000063EE00C76701CC63808060000000000BD
:10D5300000000000000000000000000000000000EB
:10D540000000000002101006191806199806199814
:10D550001F99981FD99806199806199806199806C0
:10D56000199806119807F1981F3198183118006022
:10D57000180060180000000000000000000000001B
:10D580000000000000000000000000000018000F74
:10D59000FFF01FFFF80018000018000FFFF00C004C
:10D5A000300C62300C66300DFFB00C18300C1830A7
:10D5B0000DFFB00C18300C18300C19F008010000E9
:10D5C000000000000000000000000000000000005B
:10D5D000000000000018000018001FFFF80FFFF007
:10D5E00000000003FFE0030060030060030060032D
:10D5F000FFE00018000018000318C00618600C189F
:10D600003018F8100060000000000000000000006A
:10D610000000000000000000000000000C090007EE
:10D620001980031080003FF80071801871800CF1A0
:10D630008006BFF0003180003180033FF0063FF0EC
:10D640000631800C31800C3FF808300000000000EB
:10D6500000000000000000004C78060820D20108FD
:10D660005478060868D2010834780608B0D2010858
:10D6700030780608F8D201083C78060840D3010843
:10D680003878060888D301082C780608D0D301081A
:10D690002478060818D401084478060860D40108E4
:10D6A00020780608A8D401085C780608F0D40108A0
:10D6B0005878060838D501084078060880D5010852
:10D6C00024780608C8D50108B078060810D60108E5
:10D6D000000000000000000000000000000000004A
:10D6E00058D60108180000000000000000000000EB
:10D6F000000000000000000000000000000000002A
:10D700000000000000000000000000000000000019
:10D710000000000000000000000000000000000009
:10D7200000000000000000000000000000000000F9
:10D7300000000000000000000000000000000000E9
:10D7400000000000000000000000000000000000D9
:10D750000FFFFE001FFFFF001FFFFF001FFFFF0066
:10D760000FFFFE00000000000000000000000000AD
:10D7700000000000000000000000000000000000A9
:10D780000000000000000000000000000000000099
:10D790000000000000000000000000000000000089
:10D7A0000000000000000000000000000000000079
:10D7B0000000000000000000000000000000000069
:10D7C0000000000000000000000000000000000059
:10D7D0000000000000000000000000000000000049
:10D7E0000000000000000000000000000000000039
:10D7F000007FC00001FFF00003FFF80007FFFC00FE
:10D8000007F1FC000FC07E000F803E001F803F002C
:10D810001F803F001F007F001F01FF001F03FF004C
:10D820001F07FF001F0FFF803F3FDF803F7F9F806C
:10D830001FFF1F001FFC1F001FF81F001FF01F000D
:10D840001FE01F001F803F001F803F000F803E0031
:10D850000FC07E0007E0FC0007FFFC0003FFF8009C
:10D8600001FFF000007FC000000000000000000089
:10D8700000000000000000000000000000000000A8
:10D880000000000000000000000000000000000098
:10D890000000000000000000000000000000000088
:10D8A0000000000000000000000000000000000078
:10D8B0000000000000000000000000000000000068
:10D8C0000000000000000000003F8000007F80009A
:10D8D00001FFC00003FFC00007FFC0000FEFC00042
:10D8E0000FC7C0000F87C0000E07C0000007C000B0
:10D8F0000007C0000007C0000007C0000007C0000C
:10D900000007C0000007C0000007C0000007C000FB
:10D910000007C0000007C0000007C0000007C000EB
:10D920000007C0000007C0000007C00007FFFE009E
:10D930000FFFFF801FFFFF800FFFFF800FFFFF0023
:10D9400000000000000000000000000000000000D7
:10D9500000000000000000000000000000000000C7
:10D9600000000000000000000000000000000000B7
:10D9700000000000000000000000000000000000A7
:10D980000000000000000000000000000000000097
:10D990000000000000000000000000000000000087
:10D9A00001FFE00007FFF8000FFFFC000FFFFC0085
:10D9B0000FC0FE0006007E0000003F0000003F0098
:10D9C00000003F0000003F0000003E0000003E005D
:10D9D00000007E000000FC000001F8000003F800D9
:10D9E0000007F000000FE000001FC000003F8000B3
:10D9F000007F000000FE000003F8000007F00000B8
:10DA00000FE000001FE000001FFFFF001FFFFF806E
:10DA10001FFFFF000FFFFF000000000000000000DC
:10DA200000000000000000000000000000000000F6
:10DA300000000000000000000000000000000000E6
:10DA400000000000000000000000000000000000D6
:10DA500000000000000000000000000000000000C6
:10DA600000000000000000000000000000000000B6
:10DA7000000000000000000003FF800007FFE0003E
:10DA80000FFFF0000FFFF8000783FC000000FC0010
:10DA900000007C0000007C0000007C0000007C0096
:10DAA0000000FC000003F80000FFF00001FFE000B0
:10DAB00001FFF00001FFF800007FFC000000FE0005
:10DAC00000003E0000003F0000001F0000001F009B
:10DAD00000003F0000003F0000007E000F81FE00BC
:10DAE0001FFFFC001FFFF8000FFFF00003FFC00046
:10DAF0000000000000000000000000000000000026
:10DB00000000000000000000000000000000000015
:10DB10000000000000000000000000000000000005
:10DB200000000000000000000000000000000000F5
:10DB300000000000000000000000000000000000E5
:10DB400000000000000000000000000000000000D5
:10DB50000001F0000003F8000003F8000007F800DF
:10DB6000000FF800000FF800001FF800003FF80059
:10DB7000003FF800007EF80000FCF80000F8F80014
:10DB800001F8F80003F0F80003E0F80007E0F800FF
:10DB90000FC0F8000F80F8001F80F8003FFFFF0063
:10DBA0003FFFFF803FFFFF801FFFFF8007FFFF0059
:10DBB0000000F8000000F8000000F8000000F80085
:10DBC0000000F8000000F800000000000000000065
:10DBD0000000000000000000000000000000000045
:10DBE0000000000000000000000000000000000035
:10DBF0000000000000000000000000000000000025
:10DC00000000000000000000000000000000000014
:10DC10000000000000000000000000000000000004
:10DC2000000000000000000003FFFC0007FFFE00F2
:10DC300007FFFE0007FFFE0007FFF80007C0000017
:10DC400007C0000007C0000007C0000007C00000B8
:10DC500007C0000007E0000007FFC00007FFF0005A
:10DC600007FFF80003FFFC000001FE0000007E003B
:10DC700000003F0000003F0000001F0000001F00E8
:10DC800000003F0000003F0000007E000F81FE000A
:10DC90001FFFFC001FFFF8000FFFF00003FFC00094
:10DCA0000000000000000000000000000000000074
:10DCB0000000000000000000000000000000000064
:10DCC0000000000000000000000000000000000054
:10DCD0000000000000000000000000000000000044
:10DCE0000000000000000000000000000000000034
:10DCF0000000000000000000000000000000000024
:10DD00000003C000000FE000001FC000003F000043
:10DD1000007E000000FC000001F8000003F000009D
:10DD200003E0000007C0000007C000000F800000F3
:10DD30000F9FF0000F7FFC001FFFFC001FF1FE0093
:10DD40001FC07F001F803F001F001F001F001F001B
:10DD50001F001F001F001F001F001F001F001F00CB
:10DD60001F803F000FE0FE000FFFFE0007FFFC00DA
:10DD700003FFF80000FFE0000000000000000000CA
:10DD80000000000000000000000000000000000093
:10DD90000000000000000000000000000000000083
:10DDA0000000000000000000000000000000000073
:10DDB0000000000000000000000000000000000063
:10DDC0000000000000000000000000000000000053
:10DDD00000000000000000001FFFFE003FFFFF00EA
:10DDE0003FFFFF001FFFFF000FFFFF0000003F008D
:10DDF00000003E0000007E0000007C000000FC00EF
:10DE00000000F8000001F8000001F0000003F0003D
:10DE10000003F0000007E0000007E0000007C0007A
:10DE2000000FC000000F8000001F8000001F0000D6
:10DE3000003F0000003E0000007E0000007E000069
:10DE400000FC000000FC000000F8000000F80000EA
:10DE500000000000000000000000000000000000C2
:10DE600000000000000000000000000000000000B2
:10DE700000000000000000000000000000000000A2
:10DE80000000000000000000000000000000000092
:10DE90000000000000000000000000000000000082
:10DEA0000000000000000000000000000000000072
:10DEB000007FC00001FFF00003FFF80007FFFC0037
:10DEC0000FE0FE000FC07E000F803E001F803F006D
:10DED0000F803E000F803E000F803E0007E0FC00F8
:10DEE00003FFF80001FFF00000FFE00003FFF8006F
:10DEF00007FBFC000FC07E001F803F001F001F00BB
:10DF00001F001F001F001F001F001F001F001F0019
:10DF10001F803F000FE0FF000FFFFE0007FFFC0027
:10DF200003FFF80000FFE000000000000000000018
:10DF300000000000000000000000000000000000E1
:10DF400000000000000000000000000000000000D1
:10DF500000000000000000000000000000000000C1
:10DF600000000000000000000000000000000000B1
:10DF700000000000000000000000000000000000A1
:10DF8000000000000000000000FFC00001FFF000E2
:10DF900007FFFC000FFFFE000FE0FE001F803F00A8
:10DFA0001F001F001F001F001F001F001F001F0079
:10DFB0001F001F001F001F001F803F001FC07F00A9
:10DFC0000FF1FF000FFFFF0007FFDE0001FF3E0023
:10DFD00000383E0000007C0000007C000000F800DB
:10DFE0000001F8000003F0000007E000000FC0008F
:10DFF000001F8000007F000000FE0000007C000089
:10E000000000000000000000000000000000000010
:10E010000000000000000000000000000000000000
:10E0200000000000000000000000000000000000F0
:10E0300000000000000000000000000000000000E0
:10E0400000000000000000000000000000000000D0
:10E0500000000000000000000000000000000000C0
:10E0600000000000000000000000000000000000B0
:10E0700000000000000000000000000000000000A0
:10E080000000000000000000000000000000000090
:10E090000000000000000000000000000000000080
:10E0A0000000000000000000000000000000000070
:10E0B000000000000000000000000000001F000041
:10E0C000003F8000007FC000007FC000007FC000D4
:10E0D000003F8000001F0000000000000000000062
:10E0E0000000000000000000000000000000000030
:10E0F0000000000000000000000000000000000020
:10E10000000000000000000000000000000000000F
:10E1100000000000000000000000000000000000FF
:10E1200000000000000000000000000000000000EF
:10E1300000000000000000000000000000000000DF
:10E1400000000000000000000000000000000000CF
:10E1500000000000000000000000000000000000BF
:10E1600000000000000000000000000000000000AF
:10E17000000000000000000000000000000000009F
:10E18000000000000000000000000000000000008F
:10E19000000000000000000000000000000000007F
:10E1A000000000000000000000000000000000006F
:10E1B000000000000000000000000000000000005F
:10E1C000000000000000000000000000000000004F
:10E1D000000000000000000000000000000000003F
:10E1E000E8D60108B47806080000000036000000F8
:10E1F000000000000000000000000000000000001F
:10E20000000000000000000000000000000000000E
:10E2100000000000000000000000000000000000FE
:10E2200000000000000000000000000000000000EE
:10E2300000000000000000000000000000000000DE
:10E2400000000000000000000000000000000000CE
:10E25000000000000000000007FFFC001FFFFF009F
:10E260001FFFFF001FFFFF00000000000000000074
:10E27000000000000000000000000000000000009E
:10E28000000000000000000000000000000000008E
:10E29000000000000000000000000000000000007E
:10E2A000000000000000000000000000000000006E
:10E2B000000000000000000000000000000000005E
:10E2C000000000000000000000000000000000004E
:10E2D000000000000000000000000000000000003E
:10E2E000000000000000000000000000000000002E
:10E2F0000000000000000000007FC00000FFF000F0
:10E3000003FFF80003FFFC0007E0FC000FC07E00E5
:10E310000F803E000F803E001F003F001F007F0067
:10E320001F01FF001F03FF001E07FF001E0FEF006D
:10E330001E3FCF001E7F8F001EFE0F001FFC0F0030
:10E340001FF81F001FF01F001FC01F001F801F00AD
:10E350000F803E000F803E000FC07E0007E0FC00F3
:10E3600007FFF80003FFF80001FFF000007FC00086
:10E37000000000000000000000000000000000009D
:10E38000000000000000000000000000000000008D
:10E39000000000000000000000000000000000007D
:10E3A000000000000000000000000000000000006D
:10E3B000000000000000000000000000000000005D
:10E3C000000000000000000000000000000000004D
:10E3D000003F0000007F800001FF800003FF8000FD
:10E3E00007FF80000FE780000F8780000F07800085
:10E3F0000C078000000780000007800000078000F5
:10E4000000078000000780000007800000078000F0
:10E4100000078000000780000007800000078000E0
:10E4200000078000000780000007800000078000D0
:10E4300000078000000780000FFFFF800FFFFF80B4
:10E440000FFFFF800FFFFF00000000000000000032
:10E4500000000000000000000000000000000000BC
:10E4600000000000000000000000000000000000AC
:10E47000000000000000000000000000000000009C
:10E48000000000000000000000000000000000008C
:10E49000000000000000000000000000000000007C
:10E4A000000000000000000001FFE00007FFF00096
:10E4B0000FFFFC000FFFFC0007807E0000003E0005
:10E4C00000003E0000001E0000001E0000001E00B4
:10E4D00000003E0000003E0000007C000000FC0048
:10E4E0000001F8000003F0000007E000000FC0008A
:10E4F000001F8000003F0000007E000000FC0000C4
:10E5000001F8000003F0000007E000000FC0000069
:10E510001FFFFF001FFFFF001FFFFF000FFFFF0097
:10E5200000000000000000000000000000000000EB
:10E5300000000000000000000000000000000000DB
:10E5400000000000000000000000000000000000CB
:10E5500000000000000000000000000000000000BB
:10E5600000000000000000000000000000000000AB
:10E57000000000000000000000000000000000009B
:10E5800003FF800007FFE0000FFFF0000FFFF8001F
:10E590000701FC0000007C0000007C0000007C0003
:10E5A00000007C0000007C000000F8000003F80080
:10E5B00000FFF00001FFE00001FFF00001FFF800A4
:10E5C0000007FC0000007E0000003E0000001E006E
:10E5D00000001F0000001F0000001F0000003E00A0
:10E5E00000003E000E00FE001FFFFC001FFFF800B1
:10E5F0000FFFF00003FFC00000000000000000005B
:10E60000000000000000000000000000000000000A
:10E6100000000000000000000000000000000000FA
:10E6200000000000000000000000000000000000EA
:10E6300000000000000000000000000000000000DA
:10E6400000000000000000000000000000000000CA
:10E6500000000000000000000001F0000001F000D8
:10E660000003F8000007F8000007F800000FF800AA
:10E67000001FF800001FF800003EF800007CF800C2
:10E68000007CF80000F8F80001F0F80001F0F80054
:10E6900003E0F80007C0F80007C0F8000F80F8009A
:10E6A0001F80F8001FFFFF001FFFFF801FFFFF807C
:10E6B0001FFFFF800000F8000000F8000000F800D5
:10E6C0000000F8000000F8000000F8000000F00072
:10E6D000000000000000000000000000000000003A
:10E6E000000000000000000000000000000000002A
:10E6F000000000000000000000000000000000001A
:10E700000000000000000000000000000000000009
:10E7100000000000000000000000000000000000F9
:10E7200000000000000000000000000000000000E9
:10E7300003FFFC0007FFFE0007FFFE0007FFFE00CF
:10E7400007C0000007C0000007C0000007C00000AD
:10E7500007C0000007C0000007C0000007C000009D
:10E7600007FFC00007FFF00007FFF80001FFFC00F3
:10E770000001FE0000007E0000003E0000001E00C0
:10E7800000001F0000001F0000001F0000003E00EE
:10E7900000003E000E00FE001FFFFC001FFFF800FF
:10E7A0000FFFF00003FFC0000000000000000000A9
:10E7B0000000000000000000000000000000000059
:10E7C0000000000000000000000000000000000049
:10E7D0000000000000000000000000000000000039
:10E7E0000000000000000000000000000000000029
:10E7F0000000000000000000000000000000000019
:10E8000000000000000000000003C000000FC00076
:10E81000001F8000003F0000007E000000FC0000A0
:10E8200001F8000001F0000003E0000003C0000058
:10E8300007800000078000000F1FF0000F7FF80026
:10E840001FFFFC001FE0FE001F803E001F001F0096
:10E850001F001F001E000F001E000F001E000F00F3
:10E860001F001F001F001F001F803F000FC07E0001
:10E870000FFFFE0007FFFC0001FFF00000FFE000BB
:10E880000000000000000000000000000000000088
:10E890000000000000000000000000000000000078
:10E8A0000000000000000000000000000000000068
:10E8B0000000000000000000000000000000000058
:10E8C0000000000000000000000000000000000048
:10E8D0000000000000000000000000000000000038
:10E8E0001FFFFE001FFFFF001FFFFF001FFFFF00B5
:10E8F00000003F0000003E0000003E0000007C00E1
:10E9000000007C00000078000000F8000000F80023
:10E910000001F0000001F0000003E0000003E0004F
:10E920000007C0000007C000000F8000000F80003B
:10E93000000F8000001F0000001F0000003E0000CC
:10E94000003E0000007C0000007C000000FC000095
:10E9500000F8000000F800000000000000000000C7
:10E9600000000000000000000000000000000000A7
:10E970000000000000000000000000000000000097
:10E980000000000000000000000000000000000087
:10E990000000000000000000000000000000000077
:10E9A0000000000000000000000000000000000067
:10E9B0000000000000000000007FC00001FFF00028
:10E9C00003FFF80007FFFC000FC07E000F803E0031
:10E9D0000F803E000F001E000F001E000F803E0043
:10E9E0000F803E0007C07C0003FFF80001FFF0002D
:10E9F00000FFE00003FFF80007E0FC000F803E008E
:10EA00001F001F001F001F001E000F001E000F0030
:10EA10001F001F001F001F001F803F000FC07E004F
:10EA20000FFFFE0007FFFC0003FFF80000FFE000FF
:10EA300000000000000000000000000000000000D6
:10EA400000000000000000000000000000000000C6
:10EA500000000000000000000000000000000000B6
:10EA600000000000000000000000000000000000A6
:10EA70000000000000000000000000000000000096
:10EA80000000000000000000000000000000000086
:10EA9000007FC00001FFF00007FFFC0007FFFC0043
:10EAA0000FC07E001F803F001F001F001F001F00BF
:10EAB0001E000F001E000F001E000F001F001F0091
:10EAC0001F001F001F803F000FE0FF0007FFFF0037
:10EAD00003FFDE0001FF9E0000383E0000003C0006
:10EAE00000007C000000F8000001F0000001F000D0
:10EAF0000007E000000FC000001F8000003F000082
:10EB0000007E00000078000000000000000000000F
:10EB100000000000000000000000000000000000F5
:10EB200000000000000000000000000000000000E5
:10EB300000000000000000000000000000000000D5
:10EB400000000000000000000000000000000000C5
:10EB500000000000000000000000000000000000B5
:10EB600000000000000000000000000000000000A5
:10EB70000000000000000000000000000000000095
:10EB80000000000000000000000000000000000085
:10EB90000000000000000000000000000000000075
:10EBA0000000000000000000000000000000000065
:10EBB0000000000000000000000000000000000055
:10EBC00000000000000E0000003F8000003F8000B9
:10EBD000003F8000003F8000003F8000001F0000D9
:10EBE0000000000000000000000000000000000025
:10EBF0000000000000000000000000000000000015
:10EC00000000000000000000000000000000000004
:10EC100000000000000000000000000000000000F4
:10EC200000000000000000000000000000000000E4
:10EC300000000000000000000000000000000000D4
:10EC400000000000000000000000000000000000C4
:10EC500000000000000000000000000000000000B4
:10EC600000000000000000000000000000000000A4
:10EC70000000000000000000000000000000000094
:10EC80000000000000000000000000000000000084
:10EC90000000000000000000000000000000000074
:10ECA0000000000000000000000000000000000064
:10ECB0000000000000000000000000000000000054
:10ECC0000000000000000000000000000000000044
:10ECD0000000000000000000000000000000000034
:10ECE0000000000000000000F0E10108B478060810
:10ECF00000000000360000000000000000000000DE
:10ED00000000000000000000000000000000000003
:10ED100000000000000000000000000000000000F3
:10ED200000000000000000000000000000000000E3
:10ED300000000000000000000000000000000000D3
:10ED400000000000000000000000000000000000C3
:10ED500000000000000000000000000000000000B3
:10ED600000000000000000000000000000000000A3
:10ED70000FFFFFF01FFFFFF81FFFFFF81FFFFFF857
:10ED80001FFFFFF80FFFFFF0000000000000000071
:10ED90000000000000000000000000000000000073
:10EDA0000000000000000000000000000000000063
:10EDB0000000000000000000000000000000000053
:10EDC0000000000000000000000000000000000043
:10EDD0000000000000000000000000000000000033
:10EDE0000000000000000000000000000000000023
:10EDF0000000000000000000000000000000000013
:10EE00000000000000000000000000000000000002
:10EE100000000000000000000000000000000000F2
:10EE20000000000000000000000000000001800061
:10EE3000003FFC00007FFF0001FFFF8003FFFFC0D9
:10EE400003FFFFE007FFFFE00FFC3FF00FF81FF0AC
:10EE50000FF00FF01FF00FF81FE01FF81FE03FF852
:10EE60001FE07FF81FE0FFF81FE3FFF83FC7FFFC3C
:10EE70003FCFFFFC3FDFFBFC3FFFF3FC3FFFE3FC2A
:10EE80001FFF87F81FFF07F81FFE07F81FFC07F892
:10EE90001FF007F81FF00FF80FF00FF00FF81FF03A
:10EEA0000FFC3FE007FFFFE003FFFFC003FFFFC0D1
:10EEB00001FFFF80007FFE00003FF800000000001F
:10EEC0000000000000000000000000000000000042
:10EED0000000000000000000000000000000000032
:10EEE0000000000000000000000000000000000022
:10EEF0000000000000000000000000000000000012
:10EF00000000000000000000000000000000000001
:10EF100000000000000000000000000000000000F1
:10EF20000000000000000000000000000000800061
:10EF3000000FF800003FF800007FFC0001FFFC001C
:10EF400003FFFC0007FFFC000FFFFC000FFFFC00AD
:10EF50000FFFFC000FF3FC000FC3FC000783FC0055
:10EF60000003FC000003FC000003FC000003FC00A5
:10EF70000003FC000003FC000003FC000003FC0095
:10EF80000003FC000003FC000003FC000003FC0085
:10EF90000003FC000003FC000003FC000003FC0075
:10EFA00003FFFFF00FFFFFFC0FFFFFFC0FFFFFFC55
:10EFB0000FFFFFFC0FFFFFFC07FFFFF80000000042
:10EFC0000000000000000000000000000000000041
:10EFD0000000000000000000000000000000000031
:10EFE0000000000000000000000000000000000021
:10EFF0000000000000000000000000000000000011
:10F000000000000000000000000000000000000000
:10F0100000000000000000000000000000000000F0
:10F0200000000000000000000000000000030000DD
:10F0300000FFFC0003FFFF0007FFFFC00FFFFFE022
:10F040000FFFFFE00FFFFFF00FE01FF003800FF056
:10F0500000000FF8000007F8000007F8000007F8AC
:10F0600000000FF000000FF000001FF000003FE074
:10F0700000007FE00000FFC00001FF800003FF00F0
:10F08000000FFE00001FFC00003FF800007FF000B2
:10F0900000FFE00001FFC00003FF000007FE0000CA
:10F0A0000FFE00001FFFFFF81FFFFFF81FFFFFFC10
:10F0B0000FFFFFFC0FFFFFF803FFFFF00000000051
:10F0C0000000000000000000000000000000000040
:10F0D0000000000000000000000000000000000030
:10F0E0000000000000000000000000000000000020
:10F0F0000000000000000000000000000000000010
:10F1000000000000000000000000000000000000FF
:10F1100000000000000000000000000000000000EF
:10F1200000000000000000000000000000060000D9
:10F1300001FFF80003FFFE0007FFFF0007FFFF804D
:10F1400007FFFFC007FFFFC003E07FE000003FE0D4
:10F1500000001FE000001FE000001FE000003FE093
:10F1600000007FC0001FFFC000FFFF8000FFFF0006
:10F1700000FFFC0000FFFF8000FFFFC0007FFFE0FA
:10F1800000007FF000001FF000000FF8000007F8FB
:10F19000000007F8000007F800000FF000001FF063
:10F1A00007C03FF00FFFFFE01FFFFFE01FFFFFC0A2
:10F1B0000FFFFF8007FFFE0000FFF80000000000C7
:10F1C000000000000000000000000000000000003F
:10F1D000000000000000000000000000000000002F
:10F1E000000000000000000000000000000000001F
:10F1F000000000000000000000000000000000000F
:10F2000000000000000000000000000000000000FE
:10F2100000000000000000000000000000000000EE
:10F2200000000000000000000000000000000000DE
:10F2300000007F000000FF800000FFC00001FFC051
:10F240000003FFC00003FFC00007FFC0000FFFC0A6
:10F25000000FFFC0001FFFC0003FFFC0003FFFC006
:10F26000007FFFC000FFBFC001FF3FC001FE3FC0E5
:10F2700003FE3FC007FC3FC007F83FC00FF83FC088
:10F280001FF03FC01FF03FC03FFFFFF83FFFFFFCF4
:10F290003FFFFFFE3FFFFFFE1FFFFFFC0FFFFFFCD6
:10F2A00000003FC000003FC000003FC000003FC062
:10F2B00000003FC000003FC000001F8000000000B1
:10F2C000000000000000000000000000000000003E
:10F2D000000000000000000000000000000000002E
:10F2E000000000000000000000000000000000001E
:10F2F000000000000000000000000000000000000E
:10F3000000000000000000000000000000000000FD
:10F3100000000000000000000000000000000000ED
:10F3200000000000000000000000000000000000DD
:10F3300000FFFFE003FFFFF003FFFFF007FFFFF018
:10F3400007FFFFF007FFFFE007FE000007FC0000DB
:10F3500007F8000007F8000007F8000007F80000B1
:10F3600007FC000007FFF80007FFFE0007FFFF8013
:10F3700003FFFFC003FFFFE000FFFFE00000FFF01E
:10F3800000001FF000000FF000000FF8000007F869
:10F39000000007F8000007F800000FF000001FF061
:10F3A00007C03FF00FFFFFE01FFFFFE01FFFFFC0A0
:10F3B0000FFFFF8007FFFE0000FFF80000000000C5
:10F3C000000000000000000000000000000000003D
:10F3D000000000000000000000000000000000002D
:10F3E000000000000000000000000000000000001D
:10F3F000000000000000000000000000000000000D
:10F4000000000000000000000000000000000000FC
:10F4100000000000000000000000000000000000EC
:10F4200000000000000000000000000000001000CC
:10F430000001FC000003FE00000FFC00001FFC00A8
:10F44000003FF000007FE00000FFC00000FF000070
:10F4500001FE000003FE000003FC000007F80000AE
:10F4600007F800000FF0FC000FF7FF000FEFFFC0E0
:10F470000FFFFFE01FFFFFF01FFFFFF01FF81FF857
:10F480001FE007F81FE007F81FC003F81FC003F8CC
:10F490001FC003F81FC003F81FE007F81FE007F8BC
:10F4A0000FF00FF80FFFFFF007FFFFF007FFFFE07F
:10F4B00003FFFFC000FFFF00003FFC000000000052
:10F4C000000000000000000000000000000000003C
:10F4D000000000000000000000000000000000002C
:10F4E000000000000000000000000000000000001C
:10F4F000000000000000000000000000000000000C
:10F5000000000000000000000000000000000000FB
:10F5100000000000000000000000000000000000EB
:10F5200000000000000000000000000000000000DB
:10F530001FFFFFE03FFFFFF03FFFFFF83FFFFFF837
:10F540003FFFFFF81FFFFFF800001FF800000FF853
:10F5500000000FF000001FF000001FE000003FE07F
:10F5600000003FC000007FC000007F800000FF80DF
:10F570000000FF000001FF000001FE000003FE008C
:10F580000003FC000007FC000007F800000FF80073
:10F59000000FF000001FF000001FE000003FE0003F
:10F5A000003FC000007FC000007F800000FF80009F
:10F5B00000FF000000FF000000FE0000000000004F
:10F5C000000000000000000000000000000000003B
:10F5D000000000000000000000000000000000002B
:10F5E000000000000000000000000000000000001B
:10F5F000000000000000000000000000000000000B
:10F6000000000000000000000000000000000000FA
:10F6100000000000000000000000000000000000EA
:10F620000000000000000000000000000001800059
:10F63000003FFC0000FFFF0003FFFFC007FFFFE0EB
:10F6400007FFFFE00FFFFFF00FF81FF00FF00FF0C4
:10F650001FF00FF81FE007F80FF007F00FF00FF0A2
:10F660000FF81FF007FFFFE003FFFFC001FFFF805F
:10F67000007FFE0001FFFF8007FFFFE00FFFFFF0AC
:10F680000FF81FF01FE007F81FE007F83FC003FC6A
:10F690003FC003FC3FC003FC3FE007FC1FF00FF836
:10F6A0001FF81FF81FFFFFF80FFFFFF007FFFFE035
:10F6B00003FFFFC000FFFF00003FFC000000000050
:10F6C000000000000000000000000000000000003A
:10F6D000000000000000000000000000000000002A
:10F6E000000000000000000000000000000000001A
:10F6F000000000000000000000000000000000000A
:10F7000000000000000000000000000000000000F9
:10F7100000000000000000000000000000000000E9
:10F720000000000000000000000000000003C00016
:10F73000003FFC0000FFFF0003FFFFC007FFFFE0EA
:10F740000FFFFFE00FFE7FF01FF00FF01FE007F844
:10F750001FE007F81FC003F81FC003F81FC003F81D
:10F760001FC003F81FE007F81FF00FF81FF81FF87D
:10F770000FFFFFF807FFFFF807FFFFF003FFF7F0A9
:10F7800000FFCFF0001E0FF000001FE000001FE0A0
:10F7900000003FC000007FC000007F800001FF002C
:10F7A0000003FF000007FE00000FFC00003FF80010
:10F7B000003FF000007FC000003F8000000000001C
:10F7C0000000000000000000000000000000000039
:10F7D0000000000000000000000000000000000029
:10F7E0000000000000000000000000000000000019
:10F7F0000000000000000000000000000000000009
:10F8000000000000000000000000000000000000F8
:10F8100000000000000000000000000000000000E8
:10F8200000000000000000000000000000000000D8
:10F8300000000000000000000000000000000000C8
:10F8400000000000000000000000000000000000B8
:10F8500000000000000000000000000000000000A8
:10F860000000000000000000000000000000000098
:10F870000000000000000000000000000000000088
:10F880000000000000000000000000000000000078
:10F890000000000000018000000FF000001FF800D1
:10F8A000001FF800003FFC00003FFC00003FFC0090
:10F8B000001FF800001FF800000FF000000000001B
:10F8C0000000000000000000000000000000000038
:10F8D0000000000000000000000000000000000028
:10F8E0000000000000000000000000000000000018
:10F8F0000000000000000000000000000000000008
:10F9000000000000000000000000000000000000F7
:10F9100000000000000000000000000000000000E7
:10F9200000000000000000000000000000000000D7
:10F9300000000000000000000000000000000000C7
:10F9400000000000000000000000000000000000B7
:10F9500000000000000000000000000000000000A7
:10F960000000000000000000000000000000000097
:10F970000000000000000000000000000000000087
:10F980000000000000000000000000000000000077
:10F990000000000000000000000000000000000067
:10F9A0000000000000000000000000000000000057
:10F9B0000000000000000000000000000000000047
:10F9C0000000000000000000000000000000000037
:10F9D0000000000000000000000000000000000027
:10F9E0000000000000000000000000000000000017
:10F9F0000000000000000000F8EC0108B4780608E0
:10FA000000000000400000000000000000000000B6
:10FA100000000000000000000000000000000000E6
:10FA200000000000000000000000000000000000D6
:10FA300000000000000000000000000000000000C6
:10FA400000000000000000000000000000000000B6
:10FA500000000000000000000001FE0000000FFF99
:10FA6000C000003FFFF000007FFFF80000FFFFFC38
:10FA70000001FFFFFE0003FFFFFF0003FFFFFF0089
:10FA800007FF87FF8007FE01FF800FFE01FFC00F09
:10FA9000FC00FFC00FFC00FFC00FF801FFC01FF803
:10FAA00003FFE01FF807FFE01FF81FFFE01FF83F0C
:10FAB000FFE01FF07FFFE01FF0FFFFE01FF3FFFFFD
:10FAC000E01FF7FFFFE01FFFFF3FE01FFFFE3FE0EB
:10FAD0001FFFFC3FE01FFFF83FE01FFFE07FE01F3C
:10FAE000FFC07FE01FFF807FE00FFF007FC00FFCA3
:10FAF000007FC00FFC00FFC00FFC00FFC007FE012D
:10FB0000FF8007FF03FF8007FF87FF0003FFFFFF62
:10FB10000001FFFFFE0001FFFFFE0000FFFFFC00F1
:10FB2000007FFFF800001FFFE0000007FF800000DB
:10FB3000007800000000000000000000000000004D
:10FB400000000000000000000000000000000000B5
:10FB500000000000000000000000000000000000A5
:10FB60000000000000000000000000000000000095
:10FB70000000000000000000000000000000000085
:10FB80000000000000000000000000000000000075
:10FB90000000000000000000000000000000000065
:10FBA0000000000000000000000000000000000055
:10FBB0000000000000000000000000000000000045
:10FBC0000000000000000000000000000000000035
:10FBD000000000000000FE00000003FF8000000F96
:10FBE000FF8000001FFFC000007FFFC00000FFFF7C
:10FBF000C00001FFFFC00003FFFFC00007FFFFC000
:10FC00000007FFFFC00007FFFFC00007FEFFC000A6
:10FC100007F87FC00007F07FC00003E07FC000004E
:10FC2000007FC00000007FC00000007FC000000017
:10FC30007FC00000007FC00000007FC00000007F88
:10FC4000C00000007FC00000007FC00000007FC037
:10FC50000000007FC00000007FC00000007FC000E7
:10FC600000007FC00000007FC00000007FC00000D7
:10FC7000007FC00000007FC00000007FC0000000C7
:10FC80007FC00003FFFFFFE007FFFFFFF007FFFF5C
:10FC9000FFF00FFFFFFFF00FFFFFFFF007FFFFFF79
:10FCA000F007FFFFFFE003FFFFFFC00000000000C0
:10FCB0000000000000000000000000000000000044
:10FCC0000000000000000000000000000000000034
:10FCD0000000000000000000000000000000000024
:10FCE0000000000000000000000000000000000014
:10FCF0000000000000000000000000000000000004
:10FD000000000000000000000000000000000000F3
:10FD100000000000000000000000000000000000E3
:10FD200000000000000000000000000000000000D3
:10FD300000000000000000000000000000000000C3
:10FD400000000000000000000000000000000000B3
:10FD5000000FFE0000007FFFE00001FFFFF800033E
:10FD6000FFFFFC0007FFFFFE000FFFFFFF000FFF7C
:10FD7000FFFF8007FFFFFF8007F803FF8003E0011C
:10FD8000FFC0000000FFC0000000FFC0000000FF37
:10FD9000C00000007FC0000000FFC0000000FFC0E6
:10FDA000000000FF80000001FF80000003FF8000D2
:10FDB0000007FF0000000FFF0000001FFE00000012
:10FDC0003FFC0000007FFC000000FFF8000001FF86
:10FDD000F0000003FFC0000007FF8000001FFF00CD
:10FDE00000003FFE0000007FFC000000FFF8000064
:10FDF00001FFF0000003FFE0000007FFC000000F5C
:10FE0000FFFFFF800FFFFFFFC00FFFFFFFE00FFFAF
:10FE1000FFFFE00FFFFFFFE00FFFFFFFE007FFFF27
:10FE2000FFE001FFFFFF8000000000000000000075
:10FE300000000000000000000000000000000000C2
:10FE400000000000000000000000000000000000B2
:10FE500000000000000000000000000000000000A2
:10FE60000000000000000000000000000000000092
:10FE70000000000000000000000000000000000082
:10FE80000000000000000000000000000000000072
:10FE90000000000000000000000000000000000062
:10FEA0000000000000000000000000000000000052
:10FEB0000000000000000000000000000000000042
:10FEC000000000000000000000000000000FF8002B
:10FED0000000FFFF800001FFFFE00003FFFFF800CC
:10FEE00007FFFFFC0007FFFFFC0003FFFFFE00030E
:10FEF000FFFFFE0001F80FFF00004007FF000000B9
:10FF000003FF00000001FF00000001FF00000003EC
:10FF1000FF00000003FF00000007FE0000003FFE9E
:10FF200000001FFFFC00003FFFF800007FFFF00013
:10FF3000007FFFC000007FFFF800003FFFFC0000D3
:10FF40003FFFFF00000FFFFF00000007FF800000E1
:10FF500001FF80000000FFC0000000FFC0000000A3
:10FF60007FC00000007FC0000000FFC0000000FF55
:10FF7000C0000000FFC001C003FF8007FC0FFF802E
:10FF80000FFFFFFF000FFFFFFF000FFFFFFE000F3F
:10FF9000FFFFFC0007FFFFF80001FFFFE000007F0C
:10FFA000FF80000001F000000000000000000000E1
:10FFB0000000000000000000000000000000000041
:10FFC0000000000000000000000000000000000031
:10FFD0000000000000000000000000000000000021
:10FFE0000000000000000000000000000000000011
:10FFF0000000000000000000000000000000000001
:020000040802F0
:1000000000000000000000000000000000000000F0
:1000100000000000000000000000000000000000E0
:1000200000000000000000000000000000000000D0
:1000300000000000000000000000000000000000C0
:100040000000000000000000000003E00000000FBE
:10005000F80000000FFC0000001FFC0000003FFE45
:100060000000003FFE0000007FFE000000FFFE00D9
:100070000001FFFE000001FFFE000003FFFE000084
:1000800007FFFE000007FFFE00000FFFFE00001F3D
:10009000FFFE00001FFFFE00003FFFFE00007FF795
:1000A000FE00007FE7FE0000FFC7FE0001FFC7FE65
:1000B0000001FF87FE0003FF07FE0007FF07FE00A9
:1000C00007FE07FE000FFC07FE001FFC07FE001FD7
:1000D000FFFFFF801FFFFFFFF01FFFFFFFF01FFF6D
:1000E000FFFFF01FFFFFFFF01FFFFFFFF00FFFFFFD
:1000F000FFF003FFFFFFC0000007FE00000007FE47
:1001000000000007FE00000007FE00000007FE00E0
:10011000000007FE00000003FC00000003F80000E0
:10012000000060000000000000000000000000006F
:1001300000000000000000000000000000000000BF
:1001400000000000000000000000000000000000AF
:10015000000000000000000000000000000000009F
:10016000000000000000000000000000000000008F
:10017000000000000000000000000000000000007F
:10018000000000000000000000000000000000006F
:10019000000000000000000000000000000000005F
:1001A000000000000000000000000000000000004F
:1001B000000000000000000000000000000000003F
:1001C000000000000000000000007FFFFF0001FFB2
:1001D000FFFF8001FFFFFF8001FFFFFF8003FFFFA4
:1001E000FF8003FFFFFF8003FFFFFF0003FFE0002E
:1001F0000003FF00000003FF00000003FF000000F9
:1002000003FF00000003FF00000003FF00000003E5
:10021000FF00000003FFF8000003FFFFC00003FF22
:10022000FFF00003FFFFFC0001FFFFFE0001FFFFE6
:10023000FF0000FFFFFF00001FFFFF8000000FFF17
:1002400080000003FFC0000001FFC0000000FFC0ED
:10025000000000FFC00000007FC00000007FC00061
:100260000000FFC0000000FFC0000000FFC001C090
:1002700003FF8007FC0FFF800FFFFFFF000FFFFF52
:10028000FF000FFFFFFE000FFFFFFC0007FFFFF85E
:100290000001FFFFE000007FFF80000001F0000090
:1002A000000000000000000000000000000000004E
:1002B000000000000000000000000000000000003E
:1002C000000000000000000000000000000000002E
:1002D000000000000000000000000000000000001E
:1002E000000000000000000000000000000000000E
:1002F00000000000000000000000000000000000FE
:1003000000000000000000000000000000000000ED
:1003100000000000000000000000000000000000DD
:1003200000000000000000000000000000000000CD
:1003300000000000000000000000000000000000BD
:1003400000000F800000003FE0000000FFE0000020
:1003500001FFE0000003FFC0000007FF8000000F66
:10036000FF0000001FFC0000003FF80000007FF0CD
:10037000000000FFE0000000FFC0000001FF80005F
:100380000001FF00000003FF00000003FE0000006A
:1003900007FE00000007FC3FE00007FDFFF8000F2C
:1003A000FBFFFE000FFFFFFF000FFFFFFF000FFF2F
:1003B000FFFF800FFF87FFC01FFE01FFC01FFC0073
:1003C000FFC01FF8007FE01FF0003FE01FF0003F7C
:1003D000E01FF0003FE01FF0003FE01FF0003FE0B3
:1003E0001FF8007FE00FF8007FC00FFC00FFC00F78
:1003F000FE01FFC007FFFFFF8007FFFFFF8003FF35
:10040000FFFF0001FFFFFE0000FFFFFC00003FFFB9
:10041000F000000FFFC000000078000000000000A6
:1004200000000000000000000000000000000000CC
:1004300000000000000000000000000000000000BC
:1004400000000000000000000000000000000000AC
:10045000000000000000000000000000000000009C
:10046000000000000000000000000000000000008C
:10047000000000000000000000000000000000007C
:10048000000000000000000000000000000000006C
:10049000000000000000000000000000000000005C
:1004A000000000000000000000000000000000004C
:1004B000000000000000000000000000000000003C
:1004C000000FFFFFFF001FFFFFFFC01FFFFFFFC068
:1004D0001FFFFFFFE01FFFFFFFE01FFFFFFFE00F19
:1004E000FFFFFFE0000007FFE0000001FFC0000089
:1004F00001FFC0000001FF80000001FF8000000339
:10050000FF00000003FF00000007FE00000007FEE0
:100510000000000FFC0000000FFC0000001FF800AE
:1005200000001FF80000003FF00000003FF0000056
:10053000007FE00000007FE0000000FFC00000003E
:10054000FFC0000001FF80000001FF80000003FFEA
:1005500080000003FF00000007FF00000007FE000E
:1005600000000FFE0000000FFC0000001FFC000058
:10057000001FF80000003FF80000003FF0000000FE
:100580003FF00000007FE00000007FE00000003F3F
:10059000C00000000E00000000000000000000008D
:1005A000000000000000000000000000000000004B
:1005B000000000000000000000000000000000003B
:1005C000000000000000000000000000000000002B
:1005D000000000000000000000000000000000001B
:1005E000000000000000000000000000000000000B
:1005F00000000000000000000000000000000000FB
:1006000000000000000000000000000000000000EA
:1006100000000000000000000000000000000000DA
:1006200000000000000000000000000000000000CA
:1006300000000000000000000001FE0000001FFF9D
:10064000E000007FFFF80000FFFFFC0001FFFFFE5D
:100650000003FFFFFF0007FFFFFF8007FFFFFF8092
:1006600007FF03FFC00FFE00FFC00FFC00FFC00F1D
:10067000FC00FFC00FFC00FFC00FFC00FFC007FC28
:1006800000FFC007FE01FF8007FF87FF8003FFFF19
:10069000FF0001FFFFFE00007FFFF800001FFFE0EA
:1006A00000007FFFF80001FFFFFE0003FFFFFF00D7
:1006B00007FFFFFF800FFE01FFC00FFC00FFC01F00
:1006C000F8007FE01FF8007FE01FF0003FE01FF020
:1006D000003FE01FF0003FE01FF8007FE01FF80040
:1006E0007FE01FFC00FFE00FFF87FFC00FFFFFFF51
:1006F000C007FFFFFF8003FFFFFF0001FFFFFE00B9
:1007000000FFFFFC00003FFFF000000FFFC00000F3
:100710000078000000000000000000000000000061
:1007200000000000000000000000000000000000C9
:1007300000000000000000000000000000000000B9
:1007400000000000000000000000000000000000A9
:100750000000000000000000000000000000000099
:100760000000000000000000000000000000000089
:100770000000000000000000000000000000000079
:100780000000000000000000000000000000000069
:100790000000000000000000000000000000000059
:1007A0000000000000000000000000000000000049
:1007B000000000000003FF0000001FFFE000007FBA
:1007C000FFF80000FFFFFC0001FFFFFE0003FFFF3A
:1007D000FF0007FFFFFF800FFF87FF800FFE01FF75
:1007E000C00FFC00FFC01FF8007FC01FF0003FE0FB
:1007F0001FF0003FE01FF0003FE01FF0003FE01F50
:10080000F0003FE01FF8007FE00FF8007FE00FFCF2
:1008100000FFE00FFE01FFC007FFFFFFC007FFFF63
:10082000FFC003FFFFFFC001FFFFFFC000FFFE7F0F
:1008300080007FFCFF80000FE0FF80000001FF00D0
:10084000000001FF00000003FE00000007FE0000A2
:100850000007FC0000000FFC0000001FF800000073
:100860003FF80000007FF0000001FFE0000003FF00
:10087000C000000FFF8000000FFF0000001FFE00FF
:1008800000001FF80000000FE00000000200000060
:100890000000000000000000000000000000000058
:1008A0000000000000000000000000000000000048
:1008B0000000000000000000000000000000000038
:1008C0000000000000000000000000000000000028
:1008D0000000000000000000000000000000000018
:1008E0000000000000000000000000000000000008
:1008F00000000000000000000000000000000000F8
:1009000000000000000000000000000000000000E7
:1009100000000000000000000000000000000000D7
:1009200000000000000000000000000000000000C7
:1009300000000000000000000000000000000000B7
:1009400000000000000000000000000000000000A7
:100950000000000000000000000000000000000097
:100960000000000000000000000000000000FC008B
:10097000000003FF00000007FF80000007FF800069
:10098000000FFFC000000FFFC000000FFFC00000FD
:100990000FFFC0000007FF80000007FF800000037A
:1009A000FF00000000FC000000000000000000004C
:1009B0000000000000000000000000000000000037
:1009C00000000000000000000000000000300000F7
:1009D0000001FE00000003FF00000007FF80000090
:1009E00007FF8000000FFFC000000FFFC000000FD6
:1009F000FFC0000007FF80000007FF80000003FF2A
:100A000000000001FE0000000030000000000000B7
:100A100000000000000000000000000000000000D6
:100A200000000000000000000000000000000000C6
:100A300000000000000000000000000000000000B6
:100A400000000000000000000000000000000000A6
:100A50000000000000000000000000000000000096
:100A60000000000000000000000000000000000086
:100A70000000000000000000000000000000000076
:100A80000000000000000000000000000000000066
:100A90000000000000000000000000000000000056
:100AA0000000000000000000000000000000000046
:100AB0000000000000000000000000000000000036
:100AC0000000000000000000000000000000000026
:100AD0000000000000000000000000000000000016
:100AE0000000000000000000000000000000000006
:100AF00000000000000000000000000000000000F6
:100B000000000000000000000000000000000000E5
:100B100000000000000000000000000000000000D5
:100B200000000000000000000000000000000000C5
:100B300000000000000000000000000000000000B5
:100B400000000000000000000000000000000000A5
:100B50000000000000000000000000000000000095
:100B60000000000000000000000000000000000085
:100B70000000000000000000000000000000000075
:100B80000000000000000000000000000000000065
:100B90000000000000000000000000000000000055
:100BA0000000000000000000000000000000000045
:100BB0000000000000000000000000000000000035
:100BC0000000000000000000000000000000000025
:100BD0000000000000000000000000000000000015
:100BE0000000000000000000000000000000000005
:100BF00000000000000000000000000000000000F5
:100C000000000000000000000000000000000000E4
:100C100000000000000000000000000000000000D4
:100C200000000000000000000000000000000000C4
:100C300000000000000000000000000000000000B4
:100C400000000000000000000000000000000000A4
:100C50000000000000000000000000000000000094
:100C60000000000000000000000000000000000084
:100C70000000000000000000000000000000000074
:100C800000000000000000000000000007FFFFFF60
:100C9000800FFFFFFFC00FFFFFFFC01FFFFFFFE040
:100CA0000FFFFFFFC00FFFFFFFC00FFFFFFFC003DD
:100CB000FFFFFF0000000000000000000000000037
:100CC0000000000000000000000000000000000024
:100CD0000000000000000000000000000000000014
:100CE0000000000000000000000000000000000004
:100CF00000000000000000000000000000000000F4
:100D000000000000000000000000000000000000E3
:100D100000000000000000000000000000000000D3
:100D200000000000000000000000000000000000C3
:100D300000000000000000000000000000000000B3
:100D400000000000000000000000000000000000A3
:100D50000000000008FA0108C4780608000000003E
:100D60004C00000029FC29FC29FC49FC29FC29FC39
:100D70002AFC0AFC0AFC2AFC29FC49FC49FC29FC47
:100D800029FC29FC29FC29FC29FC29FC29FC48FC1C
:100D900048FC48FC29FC29FC29FC4AFC0AFC0AFC0A
:100DA00029FC29FC29FC2AFC49FC28FC49FC08FCFC
:100DB00049FC29FC29FC29FC48FC48FC49FC49FC6D
:100DC00048FC28FC29FC29FC29FC29FC29FC29FCDD
:100DD00029FC29FC49FC49FC49FC49FC29FC29FC6B
:100DE00029FC29FC29FC49FC49FC29FC29FC29FC9B
:100DF00029FC29FC29FC29FC29FC49FC48FC48FC6D
:100E000049FC49FC49FC4AFCE9FB2AFC49FC29FC59
:100E10004AFC29FC29FC29FC29FC49FC29FC29FC69
:100E200029FC29FC49FC29FC49FC49FC29FC28FC3B
:100E300029FC29FC29FC29FC29FC29FC29FC29FC8A
:100E400049FC49F449F449F449FC29FC29FC29FCF2
:100E500049FC49FC29FC29FC29FC29FC29FC29FC2A
:100E600029FC2AFC29FC29FC49FC49FC09FC29FC39
:100E700028FC48FC29FC49FC28FC49FC49FC49FCAD
:100E800049FC29FC09FC29FC28FC28FC49FC49FCFC
:100E900029FC29FC29FC29FC2AFC29FC29FC29FC29
:100EA00029FC29FC29FC29FC28FC29FC49FC49FCDB
:100EB00049F449FC49FC28FC28FC28FC48FC48FC77
:100EC00049FC29FC29FC29FC29FC29FC29FC29FCDA
:100ED00029FC29FC29FC29FC4AFC29FC29FC28FCCA
:100EE00068FC47FC28FC48FC28FC28FC28FC29FC62
:100EF0006AFC29FC47FC05F428FC49FC29FC2AFC77
:100F000029FC29FC2AFC2AFC29FC49FC29FC29FC97
:100F100029FC29FC29FC29FC29FC29FC29FC29FCA9
:100F200029FC29FC28FC28FC48FC48FC48FC48FC1F
:100F300029FC29FC28FC28FC48FC28FC29FC29FC6D
:100F400029FC29FC28FC08F469FC28FC66FC46F412
:100F500048FC48FC28FC49FC29FC29FC49FC47FCCE
:100F600005FD87FD26F428FC29FC2AFC29FC29FC28
:100F700029FC29FC49FC48FC49FC49FC29FC29FCCA
:100F800029FC29FC29FC29FC29FC29FC29FC29FC39
:100F900029FC28FC48FC48FC48FC48FC29FC29FCAE
:100FA00028FC28FC48FC48FC0AFC0AFC29FC49FCFB
:100FB00069FC29FC08F448FC69FD27FD67F448FC3E
:100FC00049FC28FC28FC29FC29F467F4C3FC23FD18
:100FD00025F428FC29FC29FC29FC29FC29FC49FCD6
:100FE00048FC48FC48FC48FC49FC29FC29FC29FC3D
:100FF00029FC29FC29FC29FC29FC29FC29FC29FCC9
:1010000029FC29FC29FC29FC29FC29FC29FC29FCB8
:1010100029FC29FC0AFC0AFC29FC49FC08F449FCCF
:1010200049FC68FC26FDE4FC24EC47F428FC29FC80
:1010300049FC69FC49F405EC65FDE4FC46F429FC37
:1010400049FC29FC29FC29FC49FC49FC48FC48FCDA
:1010500048FC48FC49FC49FC2AFC2AFC29FC29FCE8
:1010600029FC49FC29FC29FC29FC29FC29FC29FC38
:1010700029FC29FC29FC29FC29FC29FC29FC29FC48
:101080002AFC2AFC29FC49FC49FC29FC49FC27F4E0
:1010900023EC46FD07FD66F448FC29FC48FC48F4B7
:1010A00068F462D367FDE1DB67FC49FC29FC29FC9D
:1010B00029FC49FC48FC48FC48FC48FC48FC48FC2E
:1010C00049FC49FC2AFC29FC29FC49FC48FC48FC59
:1010D00048FC48FC29FC29FC2AFC29FC2AFC2AFCA7
:1010E0002AFC4AFC09FC4AFC29FC49FC29FC29FC95
:1010F00049FC29FC29FC29FC29FC49FC66FCE6FC8E
:1011000006FD24EC47FC48FC47FC46F467F425EC5C
:1011100029FD04E447F469FC29FC29FC4AFC28FC6D
:1011200067F426F406F428FC48FC48FC29FC49FC3A
:1011300029FC29FC29FC28FC48FC48FC48FC48FC0C
:1011400029FC29FC2AFC4AFC2AFC4AFC4AFC29F41A
:101150006AFC09F408FC28F469FC49F429FC49FC00
:1011600049FC49FC29FC49FC47FC04F447FD43ECDD
:1011700024F425F481DBA5FCC6FC81D385F404E4CA
:1011800066F447F428F449FC28F468FC44EC48FD74
:10119000ACFD48FC07F469FC28FC28FC49FC29FC50
:1011A00029FC28FC28FC28FC28FC29FC29FC4AFCFA
:1011B00029FC09FC08FC49FC28FC28FC28FC29FC2B
:1011C00069FC48FC49FC49FC49FC28FC28FC48FC1B
:1011D00069FC28F427FC66FC64FC82FC45FDC3FC2A
:1011E000E3FCC2F4C2F403FDC2F465FD25FD02E494
:1011F00066FC47F488FC25EC25FD05FD26F448FC3B
:1012000049FC28FC49FC29FC49FC49FC29FC29FC37
:1012100009FC09FC29FC29FC29FC29FC29FC49FCC6
:1012200049FC28FC28FC49FC28FC49FC28FC27FC3C
:1012300048FCE6EB48FC48FC27FC48FC27F467FC2C
:1012400066FCE6FCC4FCC2FCA1FCC1FCC0FCC0FC0A
:10125000C0F4E1FCC0F4C1FCA1FC04FD27FD65F471
:1012600003EC48FD25FD83F467FC49FC28FC28FCC1
:1012700049FC49FC48FC48FC29FC29FC0AFC2AFCE6
:101280002AFC29FC49FC28F449FC49FC29FC09FCFE
:1012900029FC09FC29FC08FC48FC68FCC4EB8BFD1C
:1012A000E7FC24F467FC27F467FC25F405FDA2FCA9
:1012B000A1FCC1FCC0FCC0FCC1FCC0FCC0FCC0FC6B
:1012C000C0FCC1FC81F4C2FCA3FC05FD42ECE6FCC1
:1012D00065F466F448FC08F429FC69FC28FC08FC69
:1012E00048FC28FC29FC29FC2AFC2AFC2AFC49FC95
:1012F00028F449FC49FC29FC6AFC4BF44BEC8CECCF
:101300008CEC6CE48CDC8BDCAADC88DCA7DC29F5BB
:10131000A9F447EC45F447FDA2FCC1FCE1FCA0F4B4
:10132000A0FCA0FCC1FCA0FCA0FCA0FCE1FCA0FC7B
:10133000C1FCC2FCA1F481F465FDA4FC87FC48F467
:1013400049FC69FC49FC08FC49FC49FC28FC29FCD7
:1013500029FC29FC2AFC29FC29FC28FC48FC48FC27
:1013600008F44AF46CE48DD48EBC11BDD2A4DADE4C
:10137000DAD6FAD698C651A512CE4DC50BDD46D4A5
:1013800084F4A2FCA1FCC0FC80F4C1FCE2FCA0F44B
:10139000C1FCA0FCA1FCA0FCA0FCC1FCC1FC80F431
:1013A000E2FCC1FCA1F425FD46F428F428FC28FC4D
:1013B00029FC49FC49FC29FC29FC29FC29FC29FCC5
:1013C00029FC49FC49FC28FC28FC29FC4BECAEDC40
:1013D0008EBC97E67CEF3CD73EC7DDAEFDA6FDA6F2
:1013E000FDA63DB7FABED7CE53D6CFDDA7D4A4E431
:1013F000C2F4C1FCC1FCA1FCA1FCC1FCA0FCA0FC8E
:10140000C1FCC1FCA0FCA0FCA1FCC1FCA1FCC1FC76
:10141000C1FC24FD24EC48FC49FC49FC29FC29FCC6
:1014200029FC49FC29FC29FC49FC29FC29FC29FC54
:1014300029FC49FC29FC4BE4AFC4DBE65EDFBCB60B
:10144000DDB6DDAEFFA6FFA6FFA61EA71EA71EA740
:101450001DA7FDAEDCAEFBBE97C66EC5A5DCC2F413
:10146000A1FCA0FCC0FCC1FCA0FCA0FCA0FCC0FC3A
:1014700080FCC1FCA1FCA2FCA2FCA1FCC1FCA2F46A
:1014800006FD66F448FC29FC09FC29FC29FC29FC22
:1014900029FC49FC49FC29FC4AFC29FC49FC29ECB3
:1014A0006BE430D55DEFDCBEFEA6FF9EFF9E3FA73E
:1014B000FF9EFF9E1F9F1F9F1F9F1F9F1F9F1F9F7E
:1014C0003F9FDE9EDCA6D8CEAED5A5D4E3F4A1FC2A
:1014D000A0FCC0FCC1FCC1FCA0FCA0FCA0FCA0FCCA
:1014E000C1FCA1FCA1FCC1FCA1F4C2FC46FD23ECA3
:1014F00046F446F467FC06F406EC48FC29FC08F4C4
:1015000049FC49FCE8FB29FC29F48CE451C59DEF1A
:101510007BAEFEAE1FA7FF9E3FA7FF9EFF9E1F9FB5
:101520001F9F1F9F1FA71FA71F9F1F9FFF9E1FA7D4
:10153000FEA6FCB6F9C6F0C5C6D4A3F4A1FCA1FC76
:10154000A1F4E2FCA1FCA1FCC1FCC0FCC0FCA0FC1D
:10155000A0FCC1FCC1FCA1F404FD42EC42EC41E45E
:1015600024FD25FDC9FD23E449FC49FC29FC09FCB7
:1015700049FC2AFC4BE4EFCC9CE7DCAE1EAF3FA756
:101580003F9F1F9FFF9EFF9EFFA6FF9E1F9F1F9FC7
:101590001F9F1FA71FA71F9FFF9E1FA71FA7DD9E9F
:1015A0001DA7F9C6AECD85D4A3FCA1FCA1F4C1F45E
:1015B000A2FCC1FCC1FCA0FCA0FCC0FCA0FCA0FCE7
:1015C000C1FCA1F4C3FC21E4E4F466FD65FD66FD05
:1015D000C5F423E448FC29FC09FC2AFC2AFC2BE482
:1015E000CFC47CEFBBAEFEA61F9FFF9EFF9E1F9F3A
:1015F0003FA7FF9EFFA6FFA61F9F1F9F1F9F1F9F26
:101600001F9F1F9F1F9F1F9FFF9E1FA7FE9E1CAF18
:10161000D8C66EC584E4A1FCC1FCC1F4C1FCC1FC08
:10162000C1FCC1FCA0FCA0FCC1FCA1FCA1F4E2FC3B
:1016300003FD80CB66F4C5E306EC27EC68FC67F499
:1016400049FC49FC4AFC2AFC2AF4AEE4F6CD3DC72D
:101650001EA73F9F1F9F1F9F3FA71F9FFF9EFF9E8D
:10166000FFA6FFA61F9F1F9F1F9F1F9FFF9EFFA6F6
:10167000FF9E1F9F1F9F1F9F1F9FFE9EFCAE96CE2B
:10168000A7D482F4C2FCC1F4C0FCC0FCA0FCC1FC25
:10169000A1FCA1FCA1FCA1FCA1FCE2FC04FDA1D3E6
:1016A00068FC09F44AFC4AFC29FC28FC48FC48FC7C
:1016B00029FC29F46BF46EC47EE7DEA6FF9E1F9F13
:1016C000DF9EFF9EFF9E1FA7FF9E1FA7FFA6FFA6F0
:1016D0001F9F1F9F1F9F1F9F1F9FFFA61FA7DF9E6C
:1016E0001F9F1F9FFF9E1FA71F9FFABE6DD5A5E4DA
:1016F000A3FCA1FCA0FCA0FCA0FCC1FCA1FCA1FCE3
:10170000A0FCA0FCC1FCA1FCE3FC23EC27FC4AFCF0
:1017100008FC29FC29FC28FC49FC28FC28FC4AF48C
:101720006CE493DD1EC7FFA61F9F1F9F1F9FFF9E98
:10173000FFA6FFA6FF9E1FA71FA7FFA61F9F1F9F15
:101740001F9F1F9FFFA6FFA6FFA61FA7FF9EFF9E2E
:101750001FA7FF9E3F9FFCB653D6C8D4A4ECA2FCA3
:1017600081FCC1FCC0FCA0FCA1FCA0FCA0FCC1FC55
:10177000A0FCA1FC04FDC2E348FC29FC28FC28FCD9
:1017800029FC49FC69FC08F448FC4AEC8DCC3BFF81
:10179000DDBEFFA61F9F1F9F1F9FFFA6FFA6FFA6E0
:1017A000FFA6FFA6FFA61FA71F9FFF9EFF9EFFA6E7
:1017B0001FA7FFA6FFA61FA71F9F1F9F1FA71FA74B
:1017C000FF9EFCAED7CE6DC5A5DCA3F483F482F4F6
:1017D000A1FCC0FCC1FCA1FCC1FCA0FCA0FCA2FCC3
:1017E00047FD25F448FC29FC08FC49FC29FC09FCC0
:1017F00008F469FC29FC6BE48FBC3CE7DDB61FA74D
:101800001F9F1F9FFF9EFF9EFFA6FFA6FFA61FA76D
:101810001FA7FF9EFF9E1F9F1FA71FA7FF9E1FA71B
:101820001FA7FF9EFF9EFF9EFFA6FFA61FA73EA726
:101830001BB7F3AD2CBD2ACD4BD52AD528D5C6D4A0
:10184000C5D4C4E4E3F4C2F4A1FCC2FC63F466F4BE
:1018500047F468FC48FC29FC29FC4AFC29FC29FCCB
:1018600049FC8CDC74C51DC7FEA61F971F9FFFA6F1
:101870001FA71FA71FA7FFA61F9FFF9EFF9E1FA7B3
:101880001FA71FA7FF9E1F9F1F9F1FA71F9F1F9F71
:101890001FA7FFA6FFA61FA71F9FBF8E9D865B8663
:1018A0005A8E598E398E3996179E15A6D1B52BBDF5
:1018B000A6D4C3ECA1F423FDA4F443EC24EC66F419
:1018C00048FC49FC49FC49FC09FC4AFC49FC6CD435
:1018D00074B53EBF1F9F3F9F3F9F3FA73F9F3F9FC6
:1018E0003F9F3F9F3F9F3F9F1FA7FF9EFF9E1F9FC2
:1018F0001F9F1F9FFF9E1F9FFF9E3F9F1F9FFF9E3B
:101900001FA7BE963E7E7F7E5E767F769F769F6E19
:101910009F769F767F765C86389635AEAFBD09CDD3
:1019200006E522DC23DC89FD06FD27FD26EC48F4D4
:1019300028F449FC2AFC09FC29FC8CE494B55EBF20
:10194000FF9E3F9FFF8EDF8E9F865F7E5F7E7F7E46
:10195000BF86FF8E1F971F9F1F9FFF9EFF9E1F9F8B
:101960001FA7FF9E1F9FFF963F9F1F9F7E7E3E7675
:101970007F7E5F7E7F7E7F7E5F765F767F7E7F7EEF
:101980005F7E5E765D865C865A8E16A6D1D5AAD419
:1019900089E446ECE6FCC5FCA9FD04EC48F448F4F7
:1019A00008FC29FC69FC8CDC95AD5FBFDF967E7E70
:1019B0005E765E767F7E7F7E7F7E7F7E5F765E76E2
:1019C0005E7EBF8E1F9F1F9FFF9EFF9EFFA61F9FD5
:1019D000FF9E3F9FFF965E7E5F767F767F7E7F7E57
:1019E0005F7E7F7E7F7E7F7E5F7E5F7E7F7E9F7E4F
:1019F0007F7E7F769F765C8679BE30BD6BD469EC46
:101A0000A6F485FCC6FCE4EB27F449FC28FC48FC62
:101A100028F48DDC56A59E9E1E7E7F7E7F7E5F7E97
:101A20005F7E5F7E5F7E5F7E7F7E7F767F7E3E769F
:101A30005F7EDF961FA7FFA6DF9E1F9F3FA7DF9653
:101A40005E7E5F769F7E7F7E5F767F7E7F7E5F7E1F
:101A50005F7E5F7E5F7E5F7E5F7E5F7E5F7E7F7E7E
:101A60005F7E5E7E3C86FBC6CEC48AE467F446F4A5
:101A700068FC48FC49FC29FC48FC49F46BE48FC431
:101A80003AB65E8E5F7E7F7E5F7E5F7E5F7E5F7E2C
:101A90005F7E5F7E5F7E7F767F7E7F7E5F7E5E7E07
:101AA0009F961FA73FA7FF9EFF9E9E8E3E7E5F765E
:101AB0007F767F767F767F767F7E5F7E7F7E7F7E7E
:101AC0007F767F767F7E5F7E7F7E3F7E5F7E7F7EBE
:101AD0007F763B8ED9E68DCC6AEC48FC29FC29FC4C
:101AE00029FC29FC49FC6BECD0C4DBD63C8E7F7E04
:101AF0005F7E7F7E7F7E7F7E7F7E5F7E5F7E5F7E7E
:101B00005F7E5F7E7F7E7F7E5F7E5F7E3E7EDF8E3E
:101B10003F9F1F9FBF8E5E7E5E7E7F7E7F7E5F7655
:101B20005F7E7F7E5F7E5F7E7F7E7F767F767F7645
:101B30007F7E5F7E7F7E5F7E7F7E5F7E7F7E5D8637
:101B40009CAED2A48CDC49FC29FC49FC49FC48FC35
:101B500029F4ADDC38C63B967E865F767F7E5F7E5D
:101B60007F7E7F7E7F7E7F7E7F7E7F7E7F7E5F7EAD
:101B70007F7E5F767F7E7F7E5F7E7F7EFF963F9F4C
:101B80007F7E5E7E5F7E7F7E7F7E5F7E7F7E5F7EEE
:101B90005F7E5F7E7F767F767F767F767F7E5F7EDD
:101BA0005F767F7E5F7E5F7E7F7E5F7E5D86DCC64A
:101BB0008ECC4AF429FC28FC48FC48FC8CEC8EBCFA
:101BC000FCBE7D865E767F7E3F767F7E5F7E5F7E1B
:101BD0007F767F767F767F767F7E5F7E7F7E5F7685
:101BE0007F7E7F7E5F7E3E76BF861F973E765F7EDE
:101BF0007F7E5F7E7F7E7F7E7F7E5F7E5F7E5F7E7D
:101C00007F767F767F767F767F767F767F767F7E24
:101C10007F7E7F7E5F767F7E3D761EBF6EB44BE417
:101C20004AFC29FC28FC48FC8ECCF5CD7C967F76BE
:101C30005F769F865F7E5F7E5F7E5F7E7F767F764C
:101C40007F767F767F7E7F7E7F7E7F7E5F7E7F7EDC
:101C50005F7E7F7E7F7E9F863F767F7E7F7E5F7EFC
:101C60005F7E7F7E7F7E7F7E5F7E5F7E7F767F76FC
:101C70007F767F767F767F767F7E5F767F7E7F7EC4
:101C80005F767F7E7F7E5B9694C5CDDC4BF409FC4E
:101C900029FC49FCF1ACDBCE1C865F767F7E5F764B
:101CA0009F7E7F765F7E5F7E5F7E7F767F767F76AC
:101CB0007F767F765F7E7F7E5F7E7F7E7F7E7F7E8C
:101CC0005F7E5F7E7F7E7F7E7F7E5F7E7F7E7F7E8C
:101CD0005F7E7F7E7F7E7F7E5F7E7F7E7F767F766C
:101CE0007F767F767F7E5F7E5F767F7E7F7E5F768C
:101CF0007F765C8EB5AD8EC44CEC2AFC29FC08FCCA
:101D0000D28CBBB65E867F7E7F763F767F767F768F
:101D10005F7E5F7E5F7E7F7E7F7E7F767F767F7653
:101D20005F7E5F7E7F7E5F767F7E5F7E5F7E7F7E73
:101D30005F7E5F7E5F7E7F7E7F7E7F7E5F7E7F7E3B
:101D40007F767F7E5F7E5F7E7F7E7F767F767F7E03
:101D50005F7E5F7E7F7E7F7E7F7E7F767F767D8EDD
:101D6000DACEEFC44BE409FC29FC29FC526CDDB649
:101D70003D865F7E7F7E7F7E7F7E7F767F7E7F7EDD
:101D80005F7E5F7E7F767F767F7E5F7E7F7E5F7603
:101D90007F7E5F7E7F7E5F765F7E7F7E5F7E5F7E03
:101DA0005F7E7F7E7F7E7F7E7F767F767F767F7E83
:101DB0005F7E5F7E7F7E7F767F767F7E5F7E5F7ECB
:101DC0007F7E7F7E5F767F7E7F7E1C86DBC6AFB4A4
:101DD0006CE44AFC29FC09FC367D7C9E5E867F7E95
:101DE0005F7E7F7E7F7E7F767F767F7E5F7E5F7E7B
:101DF0007F767F765F7E5F7E7F7E7F7E7F7E7F7E4B
:101E00005F767F7E5F7E5F7E7F7E5F7E7F7E7F7E72
:101E10005F767F7E7F7E7F767F767F7E5F7E5F7E52
:101E20005F7E7F767F767F7E5F7E5F7E5F7E7F7E5A
:101E30007F7E5E767F7E3C8E1CD7AFBC6BE429FC38
:101E400029FC29FC77855C9E5D865F7E7F7E7F7E98
:101E50005F767F7E7F767F7E5F7E5F7E7F767F761A
:101E60005F7E5F7E7F7E7F767F767F767F7E7F7EE2
:101E70005F7E5F7E5F7E7F7E7F7E7F7E7F767F76EA
:101E80007F767F767F767F7E5F7E5F7E5F7E7F7EE2
:101E90007F767F767F7E7F7E5F7E7F7E7F7E5F76B2
:101EA0009F7E5D8E38C6AEC46BEC49FC28FC49FCB5
:101EB0003164FEB65D869F7E5F7E5F767F7E7F7635
:101EC0007F7E7F7E5F7E5F7E7F767F767F7E5F7E9A
:101ED0007F7E7F767F767F767F7E7F7E5F7E5F7E72
:101EE0005F7E5F7E7F7E7F7E7F767F767F767F766A
:101EF0007F767F7E5F7E5F7E5F7E5F7E7F767F7692
:101F00005F769F7E7F7E5F7E9F7E5F767F763C8E54
:101F1000B5C5AED46AEC49FC49FC49FCF38C9BAED8
:101F20005E8E3F767F767F767F767F765F7E5F7E82
:101F30005F7E7F7E7F7E7F767F767F767F7E7F7EF1
:101F40007F7E7F7E7F7E7F7E7F7E7F7E7F7E7F7EA9
:101F50007F7E7F7E7F7E7F7E7F7E7F7E7F7E7F76A1
:101F60007F767F7E5F7E5F7E7F767F769F767F76D1
:101F70007F7E7F863F767F7E7F769EA6F1BC8CE457
:101F800069F448F448F449FCF1ACBACE3D8E7F7E4A
:101F90007F7E7F7E5F767F765F7E5F7E5F7E7F76F1
:101FA0007F767F767F767F767F7E7F7E7F7E7F7E69
:101FB0007F7E7F7E7F7E7F7E7F7E7F7E7F7E7F7E39
:101FC0007F7E7F7E7F7E7F7E7F7E7F767F767F7641
:101FD0005F7E5F7E7F767F769F769F765F765F7E81
:101FE0007F7E5F7E3E7EFDBE6FC46BEC49F448FC95
:101FF00048F448F4AFCC16D61A8E9F765F767F7E73
:102000007F7E7F7E5F7E5F7E7F767F767F767F7648
:102010007F7E7F7E7F7E7F7E7F7E7F7E7F7E7F7ED8
:102020007F7E7F7E7F7E7F7E7F7E7F7E7F7E7F7EC8
:102030007F7E7F7E5F7E7F7E7F767F765F7E5F7E28
:102040007F767F767F767F767F7E5F7E5F7E5E8621
:102050005B9E17C66DD44AF449FC48FC48FC48F422
:102060006CE48EBCFDBE7D867F7E3F767F7E7F7E6C
:102070005F7E5F7E7F767F767F767F767F7E5F7EF8
:102080007F7E7F7E7F7E7F7E7F7E7F7E7F7E7F7E68
:102090007F7E7F7E7F7E7F7E7F7E7F7E7F7E7F7E58
:1020A0005F7E7F7E7F767F765F7E5F7E7F767F76C8
:1020B0007F765F767F7E5F7E7F7E1B8EDBCEB0B4C9
:1020C0006CE429FC28FC48FC48FC48FC4AF4ADDCE4
:1020D00017C63B967E869F7E7F7E5F767F7E7F7E65
:1020E0007F7E7F7E7F7E7F7E7F7E5F7E7F7E7F7E28
:1020F0007F7E7F7E7F7E7F7E7F7E7F7E7F7E7F7EF8
:102100007F7E7F7E7F7E7F7E7F7E7F7E7F7E7F7EE7
:102110007F767F7E5F7E5F7E7F767F765F7E7F7E4F
:102120007F7E5E765C7EFCB631BDADDC4AF408FC99
:1021300029FC28FC28FC48FC28FC6BECD0C4DBD62E
:102140003B965D867E7E7F767F7E7F7E7F7E7F7EF6
:102150007F767F767F7E5F7E7F7E7F7E7F7E7F7EC7
:102160007F7E7F7E7F7E7F7E7F7E7F7E7F7E7F7E87
:102170007F7E7F7E7F7E7F7E7F767F767F7E5F7EA7
:102180007F7E7F7E7F767F763F7E7F863E7E5C860B
:10219000DCA6F6B5CED44AEC29FC29FC29FC29FCA6
:1021A00049FC49FC27FC29F44CE4B0CCFBDE5A9EE8
:1021B0007C867E765F7E5F7E5F7E7F7E9F769F766B
:1021C0005F765F7E5F7E7F7E7F7E7F7E7F7E7F7E8F
:1021D0007F7E7F7E7F7E7F7E7F7E7F7E7F7E7F7E17
:1021E0007F7E7F767F767F765F7E5F867F7E7F765F
:1021F0007F767F767F7E7E7E3B86FCB6D5BDAFCC7C
:102200006BEC29FC29FC29FC29FC29FC29FC29FC74
:1022100048FC28FC2AFC4CE4D0C4D5BD1CBF7B96EE
:102220003D8E1E863F867F7E5F767F767F867F86A9
:102230005F7E5F7E5F7E5F7E5F7E5F7E5F7E5F7EB6
:102240005F7E5F7E5F7E5F7E5F7E5F7E5F7E5F7EA6
:102250007F7E5F7E5F7E3F7E7F7E7F7E5E863D8669
:102260001B86BCA6DAC652B5CECC6BE44AFC08FC91
:1022700029FC29FC29FC29FC29FC29FC49FC09F43E
:1022800049FC29F44AECEDE48DB4F5C5FBCEFDB66E
:102290005C8E7E8E7E869F8E7E8E5D867E8E7E8E10
:1022A0007E8E7E8E7E8E7E8E7E8E7E8E7E8E7E8ECE
:1022B0007E8E7E8E7E8E7E8E7E8E7E8E7E8E7E86C6
:1022C0009E86BF867E863C8E9CA6FCBEDAD6F0B487
:1022D000AECC8CDC6AE449F429FC29FC29FC29FCFD
:1022E00029FC29FC29FC29FC29FC4AFC49FC69FC45
:1022F00008FC29F46BDCCDCCAFAC6F94D6B596A5B9
:10230000979D979D979DB7A5979D979D979D979D05
:10231000979D979D979D979D979D979D979D979D1D
:10232000979D979D979D979D769D97A5B795B795F6
:1023300097A596AD33AD8FA4AECC8DDC2AEC49FCCD
:1023400049FC49FCE8F329FC29FC29FC29FC29FC6F
:1023500029FC29FC49FC29FC49FC29F449FC49FCDD
:102360004AF48BEC8BDC8CDC8DDC6DDC6DDC8EDC84
:102370006DD48EDC8DDC8DDC8DDC8DDC8DDC8DDC3C
:102380008DDC8DDC8DDC8DDC8DDC8DDC8DDC8DDC05
:102390008DDC8DDC8EE48DDC8DD4ADDC8DE46DE4E4
:1023A0006CE46CE46BEC4AF409FC2AFC29FC29FC83
:1023B0004AFC29FC29FC29FC29FC29FC29FC29FCD4
:1023C00029FC29FC49FC49FC29FC29FC4AFC08F4AD
:1023D0006AFC28EC49FC29FC09FC29FC4AFC29FC84
:1023E00029FC29FC29FC29FC29FC29FC29FC29FCC5
:1023F00029FC29FC29FC29FC29FC29FC29FC29FCB5
:1024000009FC29FC49FC29FC09FC29FC29FC29FCC4
:102410002AFC09FC0AFC2AFC29FC29FC29FC29FCD1
:1024200029FC29FC29FC29FC29FC29FC3600360062
:10243000640D020849F449FC2AFC29FC28FC28FC0C
:1024400029FC29FC49F449FC09FC29FC0AFC09FC8B
:1024500049FC48F46AEC6BE48DD4AED4AECCAECC7F
:10246000AFD46ED46DE44BEC6AF428FC48FC28FC35
:1024700049FC49F429FC29FC29FC4AFC29FC29FCDB
:1024800028FC28FC48FC49FC29FC29FC48FC48FCA9
:1024900029FC29FC29FC29FC29FC29FC29FC29FC14
:1024A00049FC49FC29FC29FC29FC28FC29FC29FCC5
:1024B00028F469FC09FC09FC2AFC4BF48BE4ACDC35
:1024C0006DCCAEC4D0BC15DEF9F6B8EE17E6B1BCE3
:1024D00032D58EC4ADDC8BE42AEC4AF46AFC28F4D5
:1024E00049FC49FC29FC29FC29FC29FC28FC48FC66
:1024F00028FC29FC29FC29FC48FC48FC29FC29FC77
:1025000029FC29FC29FC29FC29FC29FC28FC29FCA4
:1025100029FC29FC29FC29FC28FC48FC49F429F465
:102520004AFC09F46BEC8DD4D0BC37CE9DE77DCF4F
:102530005EC71DB7BCAEDDB61EBF3EC71DC79DDF63
:102540003ADF11B5CFCC4CDC29F428FCE8FB29FCA0
:1025500049FC29FC28FC49FC29FC29FC09FC09FC54
:1025600029FC29FC29FC29FC29FC29FC29FC29FC43
:1025700029FC29FC29FC29FC28FC29FC29FC29FC34
:1025800029FC29FC28FC48FC49F44AF42AF46CE4B0
:10259000ADCCB7EE7DDFFDB6FEA61F9FFF9E3F9F31
:1025A0001F9FFF9E3F9F1F9F1F9FFD9EFCAE5DCF05
:1025B0003CF7F1CC6CDC6BF46AFC29FC28FC29FCB0
:1025C00049FC49FC08F429FC09FC09FC29FC49FCEC
:1025D00029FC29FC29FC29FC29FC29FC29FC29FCD3
:1025E00029FC29FC28FC29FC29FC29FC29FC29FCC4
:1025F00029FC29FC49FC2AEC6CE410CD9CEFBBB60D
:102600001EB7BD9EFFA61FA7FFA61FA71FA7FF9E61
:102610001F9FFF9E1F9F1F9F1FA7FFAE7CB67EEFD1
:10262000F5CDAECC4AEC28FC49FC29FC29F449FC48
:1026300049FC49FC29FC29FC4AF449F429FC29FC01
:102640002AFC29FC29FC29FC29FC29FC29FC29FC61
:1026500028FC29FC29FC29FC29FC28FC29FC29FC54
:102660004AF46CE431D57CEFBBAEFE9E1F9F1FA7E2
:10267000FFA6DF9EFFA6FFA6FFA61FA7FF9E1FA720
:102680001F9F1F9F3FA7DF9E1FAF9DAE1CCF3AEF3E
:10269000ADD44AEC4AFC29FC29F44AFC49FC29FC4B
:1026A00029FC29FC49F449F449FC29FC29FC29FCB2
:1026B00029FC29FC29FC29FC29FC29FC48FC49FCB3
:1026C00029FC29FC29FC29FC29FC4AF46BE410D5DF
:1026D0009DEF9CA6FEA63FA71F9F1F9F1F9F1FA7A2
:1026E000DFA6FFA61FA7FF9E1F9FFF9E1F9FFF9EA7
:1026F000FF9E1FA7FFA6FEA61DAFDABEB7E6EED46B
:102700000AEC29FC4AFC29FC08FC29FC29FC29FCD0
:1027100049FC48FC48FC48FC28FC29FC29FC29FC15
:1027200029FC29FC29FC29FC48F449FC29FC29FC4A
:1027300029FC29FC29FC6BECAECC7CF79BAE1FA7D7
:102740001FA7FF9E1F9F1F9F1F9FFF9EFFA6DFA625
:10275000FFA61FA7FF9E3F9F1F9F1FA71FA7FF9EAC
:10276000FF9E1FA7DE9EFDAE5CD793CD8CE429FCB7
:1027700009FC29FC29FC29FC29FC29FC29FC28FC52
:1027800048FC48FC48FC29FC29FC29FC29FC29FCC4
:1027900029FC29FC48FC29FC4AFC2AFC29FC4AFCAF
:1027A00049F48CDCB9E6BCB6DDA61FA7FF9EFF9EF0
:1027B0001F9F1F9F1F9F1F9FFFA6FFA6FFA6FFA68D
:1027C0001F9FFF9EFF9E1FA71FA7FFA61FA71F9F5C
:1027D000FF9EFFA6BDAE9EEF6DCC6AEC49F448FCAF
:1027E00049FC29FC29FC29FC29FC09FC28FC48FCA3
:1027F00049FC29FC29FC29FC29FC29FC29FC29FC91
:1028000049FC29FC09F429FC4AFC4AF44AEC8DC431
:102810005DD71FAFFEA61FA7FFA61FA71FA7FF9E7E
:102820001F9F1F9FFFA6FFA6FFA6FF9E1F9F1F9F24
:102830001FA7FFA6FFA6FF9E1FA7FF9EFF9EFFA646
:10284000FFA6FDC6F4DDACDC69EC28FC48FC49FCC5
:1028500008FC49FC09FC2AFC4AFC29F429FC49FC37
:1028600029FC29FC29FC29FC29FC29FC2AFC4AFC1E
:1028700049FC28FC49FC4AF4ACDC77EEDCBEFFA640
:102880001F9F1FA7FF9EFFA61FA7FFA6FF9EFF9EDD
:10289000FFA6FFA6FF9E1F9F1F9F1F9F1F9F1F9F9B
:1028A0001F9F1F9FFF9EFF9EFFA61FA7FF9EFDAEBF
:1028B0009CEFAEBC6BE429FC49FC29FC29FC4AFCDA
:1028C00009FC29FC09FC4AFC49FC29FC29FC29FCDF
:1028D00029FC29FC29FC29FCE9FB29FC29FC28FC12
:1028E00049FC4AEC8EC47CEFDDAEFF9E1F9F1FA704
:1028F000FFA61FA71FA71FA7FF9EFF9EFF9E1FA744
:102900001FA71FA71F9F1F9F1F9F1F9F1F9F1F9FC7
:10291000FF9EFF9EFFA6FF9E1F9FFDA6FCBEB4BDAF
:102920008DCCACEC2AE46BEC8CEC2AEC4AFC09FC78
:102930004AFC09FC29FC29FC29FC29FC29FC29FC6E
:1029400029FC29FC2AFC4AFC29FC49FC08FC6BEC0C
:1029500031C51BCF1EA71F9F1F9FFF9EDF9EFFA697
:102960001F9FFF9E1F9F1F9F1F9F1F9FFFA6FFA6CA
:10297000FFA6FFA61FA7FF9EFF9EFF9EFF9E1F9F15
:102980001F9FFF9EFFA6FFA63FB7DCC612B58EB401
:10299000CFC4CEC4AFCC8ED44BE46BF429FC49FC3D
:1029A00049FC29FC29FC29FC29FC29FC29FC29FCDF
:1029B0004AFC09FC29FC08FC28FC8BE4D0A47ECF4F
:1029C000FFA61F9F1FA7FF9EFF9EFFA61F9F1FA77B
:1029D0001FA71F9F1F9FFF9EFFA6FFA6FFA6FFA684
:1029E0001FA7FF9EFFA61EA7FDA6FDA61FA73FA728
:1029F0001FA7FF9E9E96BEA619A6BAC6FAD6BAD63D
:102A000096B5B5C58FB46DC48DDC6BE429EC49FC7B
:102A100029FC29FC29FC29FC29FC29FC29FC49FC6E
:102A200028FC69FC28F4ACDCDADEBDAEFFA61F9FF3
:102A3000FF9E1F9F3FA73FA71FA7FF9EFF9EFFA6CA
:102A40001FA7FF9EFF9EFF9E1F9F1FA7FF9EFFA623
:102A5000FDAEDBAEB9A6FBA61EA71F9FBF8E5F7E95
:102A60003F7E1E7E7E8E3C8E3C8E3D8E5D961B8E06
:102A7000FDAEFBBE16B6AFB48DE42AF429FC29FCEA
:102A800029FC29FC29FC29FC49FC28FC29FC29FCFF
:102A900049FC8CD4DAD6FEAEFFA61F9F1F9FFF967F
:102AA000BF8E9F8E9F8EDF96DF96FF9E1FA71FA76C
:102AB0001F9F1F9FFF9E1F9F1F9F1EAFB9B676B619
:102AC00098A61BA7FE9E5D7E5E765F765F7E7F7E0C
:102AD0007F767F767F7E5F7E7F7E7F7E9E7E5C7E42
:102AE0009B96DBC612C58EDC6BEC49F449FC29FCD5
:102AF00029FC29FC28FC49FC09FC29FC28FC8CDC6D
:102B00001AD71EA7FF96BF867F7E3F7E3F7E3E7E02
:102B10003E765E765E7E5E7E7F86DF961F9F1F9F7F
:102B20001F9F1F9F1F9FFBAEB3D6AFB5F9B6BC8EDC
:102B30005D7E5E7E5F7E5F7E7F7E7F767F767F7648
:102B40007F765F7E5F7E7F867F7E5F7E3D7E7D9629
:102B50009BA617C6ADD44AEC49F449FC49FC29FCB4
:102B600048FC49FC29FC2AFC6AF48DCCDAC6BE96E6
:102B70005E7E5F763F765F7E5F7E7F7E7F769F762E
:102B80007F767F7E3F7E3E7E9F861F971FA7FF9E9C
:102B9000FDA6F8BE0CD6CCCD77A67C7E5E7E5F7E91
:102BA0005F7E5F7E7F7E7F767F767F767F765F7EBD
:102BB0005F7E5F7E5F7E7F7E7F7E5E7E5D7E9BA68C
:102BC000B4C5CDDC4AEC49FC29FC6AFC08FC49FC94
:102BD00049FC6BF44BE4D0C4FDBE3D7E7F7E5F7E3E
:102BE0005F7E5F7E7F7E7F767F767F765F767F7E7D
:102BF0005F7E3F7E3F767F7EDF963FA7FBB693C624
:102C000087DDEADD169E3D767F7E7F767F767F7656
:102C10007F767F767F767F767F767F767F7E5F7624
:102C20005F7E7F7E7F765F765E7E5C8E1DC7D0ACDA
:102C30008CE429F409FC09FC49FC29FC49FC4BE41F
:102C4000CFCC99DEFB955E7E7F7E7F7E7F7E5F7E32
:102C50005F7E5F767F767F769F7E5F765F767F7E14
:102C60007F7E3E767E86DC9EB6C6EDD585EDC9DDDF
:102C7000379E7F7E7F7E7F767F767F767F767F76BC
:102C80007F767F767F767F767F767F767F7E5F7EAC
:102C90005F767F7E9F7E3D7E1B861CCF8ECC6BF445
:102CA0004BFC09FC29FC49FC49F4ADDCF6C53BA60C
:102CB0005E965F865F7E7F767F7E7F7E7F7E7F7E75
:102CC0007F7E7F767F7E7F767F767F7E7F7E7E7E35
:102CD0005E7E18962EDE86ED85F5CAD538969F7EE7
:102CE0005F767F767F765F7E7F7E5F7E5F7E5F7EB4
:102CF0005F7E7F7E5F769F7E7F7E5F7E5F7E5F7E74
:102D00005F767F7E7F7E9DA6F2B48EDC2AEC29FC66
:102D100029FC4AFC6BE4CFC4DCBE3D863F863F7E87
:102D20007F7E7F7E7F7E7F767F767F765F7E5F761B
:102D30005F767F7E9F7E7F767E765D7E5A8EF3AD58
:102D4000A8E583FD85F5ECD5388E9F767F767F7E6E
:102D50005F7E5F7E5F7E5F7E5F7E5F7E5F7E7F7E6B
:102D60007F767F767F765F7E5F7E5F7E5F7E7F761B
:102D70007F763D86FBD68FBC8CEC29FC08FC4AF4A0
:102D8000CECC37C63C967F865F7E7F7E7F7E7F7E01
:102D90007F7E5F767F767F767F7E7F7E7F7E5F7EA3
:102DA0005F767F769E767A8614AECDCDA6EDC4FD95
:102DB000A5ED0ECE398E7F767F767F7E5F7E5F7E3D
:102DC0005F7E7F7E7F767F767F767F769F7E5F7663
:102DD0007F765F7E3F7E5F867F863F7E5F7E5E8EF4
:102DE000FDB6B0A48CE448FC29FC4BEC8FACFCBED7
:102DF0005E865F767F7E5F765F767F767F7E7F768C
:102E00007F767F765F7E5F7E3F7E5F7E7F7E7F7692
:102E10007D76578EEEBDA7DDC4F5A4F5A6E50DC6FB
:102E2000388E9F767F767F767F7E7F7E7F767F76F9
:102E30007F767F767F767F767F767F767F7E7F7EDA
:102E40007F7E5F7E3F7E5F865F7E5E863B8ED5ADFA
:102E50008CDC48FC29FC8CE4D29CBDA65E7E7F768F
:102E60007F767F767F767F767F767F765F7E5F7EEA
:102E70005F7E5F7E5F7E5F7E7F7E7D7E5A8614A64C
:102E8000C9DDA4F5A3FDC4F5A6E50DC6168E7C7EAE
:102E90005D767F767F767F769F769F767F767F766C
:102EA0005F7E5F7E7F7E7F767F767F765F7E5F7ED2
:102EB0005F7E5F7E5F7E5E865C86B5A5ACDC48FC8F
:102EC00029FC6DDCB7AD7D8E7F7E3F6E7F767F7E89
:102ED0007F767F767F767F765F7E5F7E5F7E7F7E8A
:102EE0005F7E7F7E7F765B86369E0EBEC6EDA2FD40
:102EF000A2FDC3F5C5EDE9D510B655A6379E589E7F
:102F0000388E388E598E598E5B865D865E865F7EE2
:102F10007F7E7F767F767F767F7E7F7E7F7E7F7EE1
:102F20007F7E5F7E7D86B79D8CD448FC29FC8EDC3D
:102F3000D89D7E865F7E7F7E5F767F7E7F767F7682
:102F40007F767F7E5F7E5F7E7F7E7F767F767F76F9
:102F50007F765986EFBDC8DDC4F5A2FDA1FDA2FDB7
:102F6000A3FDA4EDC6E5A7E5C9E5C9DDEBD50CCE0B
:102F7000EEC50FBE11B615A65B8E5F7E7F767F769F
:102F80007F7E5F7E7F767F767F767F767F765F7EC1
:102F9000BF8697958DDC48FC09FC8EDC97959F7E5B
:102FA0007F7E7F7E5F7E5F7E7F7E7F767F767F7691
:102FB0007F7E7F7E7F7E7F7E9F7E7F767D7E369644
:102FC000EBCDC5EDC3F5A2FDA2FDA2FDA2FDA2FDC4
:102FD000A1FDA1FD82FDA3FDC3F5C4EDC6E5C9DDDC
:102FE000CDC5F3AD3A8E5E7E7F767F765F7E5F7E67
:102FF0007F767F767F767F765F767F7E7F86989DF1
:10300000ADDC28FC29FC8DDC979D9F865E7E5F7E73
:103010005F7E7F7E5F7E5F7E7F767F767F767F7648
:103020005F7E5F7E5F7E5D7E398E13A6CBCDA6E58B
:10303000A3F582FD82FD82FD82FDA2FDA1FDC1FD01
:10304000A2FDA2FDA3F5A3F5A3F5A7E5EFBD169E8E
:103050003C865F7E7F767F767F7E7F7E7F7E7F76FB
:103060007F767F767F767F863E8E97A58DDC28FCE7
:1030700029FC8DDC96A57D8E3D7E7F7E7F7E7F7ECA
:103080005F7E5F7E7F7E7F767F767F765F7E5F7EF0
:103090007F7E5E865A9636A610BEEDCDEBD5EADD74
:1030A000A9DDA9E5A8E5C6E5A3EDC2F5A2FDA2FD4F
:1030B000A2FDA3FDC5EDEBD513AE3A8E5E867F7EF5
:1030C0007F767F767F7E7F7E7F7E7F7E7F767F7638
:1030D0007F7E3E86BDAEF3A46CE429FC2AFC4CDC6A
:1030E00054AD7B9E7E865F769F7E5F767F7E5F7E21
:1030F0005F7E7F7E7F767F767F7E5F7E5F765F7E80
:103100003D7E3C863A86398E38961796379E369E97
:1031100054A62FB6E8DDC4EDA3FDA2FDA1FDA4EDEC
:10312000EBCD12AE398E5D7E5F7E5F767F767F76E9
:103130007F7E7F7E5F7E5F7E5F7E5F7E5F7E3D8681
:10314000DCCE6EAC6BEC29FC2AFC8CE48FACFCC6AC
:103150005D8E7F767F7E5F7E5F7E5F7E5F7E5F7E41
:103160007F767F767F765F7E7F7E7F7E7F7E7F76B7
:103170007F767F767F767F7E5E7E5C7E7B7E3396FB
:1031800009D683EDA3FDA3FDA4F5C9D512A6388EFB
:103190005D7E7F7E7F767F767F767F767F7E7F7E89
:1031A0005F7E5F7E5F7E7F7E5F7E3C9678D6ADCC15
:1031B0006BF429FC2AFC4BECAED417CE3B8E7F7E01
:1031C0007F7E7F7E5F7E5F7E5F7E5F7E5F769F7E9F
:1031D0007F765F7E5F7E5F7E7F7E9F767F767F7667
:1031E0007F765F765F7E7F867C7E3596E8D5A1FD13
:1031F000A2FDA5F5CBD512AE398E7D7E7F767F768A
:103200007F767F767F767F7E5F7E7F7E7F7E7F7616
:103210007F7E5F767E7EBCAECFBC6BE429F449FC3A
:103220002AFC4AF46CE48FB41DC75D867E7E5F7E07
:103230007F7E3F7E7F7E7F7E9F7E5F765F767F7E16
:103240005F7E5F7E7F7E7F7E7F767F767F765F7E0E
:103250007F7E5D7E5A8633AEE6DDA2FDA5F5A9D55B
:10326000F2AD38965D7E5F767F767F767F767F766D
:103270007F7E5F765F7E7F7E7F7E5F767F767E86D7
:103280007C96B9CE8DD429F44AFC09FC29FC49FC72
:1032900029F46CD458C67C9E5D865F7E5F7E3F7E3F
:1032A0007F7E5F767F767F767F7E7F7E7F7E7F7E6E
:1032B0007F7E7F7E7F7E5F7E5F7E5F7E5F767C86A9
:1032C000159E0EC6A5E5C5F5AACD32BE38965D861B
:1032D0007E867F7E7F767F767F767F765F7E7F7E3F
:1032E0007F7E7E7E7F7E7F7E5E761C8EDACE8FBC7A
:1032F0004BE44AFC49FC6AFC49FC28F449FC8BEC91
:10330000AFBC9AC67C9E5E867F7E7F7E7F7E9F7EE0
:103310007F767F7E3F7E7F7E7E7E7F7E5F7E5F7E4E
:103320007F7E5F7E5F7E5F7E7F763A8631BEA9CDEF
:10333000C7E5C9DD12B6F78D5D865F7E7F7E5F7E55
:103340005F7E7F7E7F7E7F7E5F7E5F7E7F7E5E761E
:103350005E7E5D863C961DCFD0C4ACE44AF409FC89
:1033600029FC09FC49FC49FC29FC29EC8BECAECC7E
:1033700078C67B9E5D7E7F765F765F765F767F7EAA
:103380005F7E5F7E7F7E7F7E5F7E5F7E7F767F76E5
:103390007F7E7F7E7F76588ECBC5C7E5CBD5F1B5D6
:1033A000388E9E7E7F7E7F767F767F7E5F7E5F7E9D
:1033B0005F7E5F7E5F7E5F7E7F7EBF863D767B9693
:1033C00099CEAFBC8CE4E8EB29FC49FC29FC4AFC13
:1033D00028FC49FC29FC4AFC29FC4AE4CFC416C657
:1033E0001DBF7C963D865E867F8E5E863E7E5F86B6
:1033F0005E7E5E7E5E7E5E865E7E7E7E5E865E86B5
:103400003C7E569EEAD5A8DDEFBD159E7C865F7694
:103410007F7E5F7E5E7E5E7E3E863E8E5E865E86C2
:103420003E863D863D8E3C96FDBE58C68EBC8CE4E5
:1034300049F428FC29FC49FC29FC49FC28FC29FC0E
:103440004AFCE9FB2AFC6BF44AEC8CD48DB4D4C55D
:10345000DBCEBBB67CA69D9EDEA6DE9EDF9EDF9EFB
:10346000DF9EDE9EDEA6DEA6BEA6BCAE37A6D2B529
:10347000ACCDB0E696BEBAA6FEA6BE9EBE9EBE9ED1
:10348000BF9EBE9EBEA6BEA6DD9EDD9EBCAEBCBEE1
:10349000DCCE74BD6EBC8DDC4BE44AF429FC49FCE7
:1034A00029FC29F449FC28FC49FC28FC29FC2AFCBD
:1034B0002AFC4AFC08FC4AFC8BECACD4CEBCF1AC38
:1034C000B19CB294718C928C938C928492849284ED
:1034D000728C728C718C4F8CCDA450E66CDD29AC53
:1034E0008E949184928C7284928C928C938C728C38
:1034F000718C718C9184918CD19CB0ACAFBCAED4EA
:103500006BEC2AFC2AFC29FC29FC09FC4AFC29FC5E
:1035100028FC48FC29FC29FC2AFC2AFC2AFC2AFC61
:103520002AFC2AFC29F46AF46BEC6BE48CE46CDC76
:103530008DE46DE46DE46DDC8DDC8CDC8DDC8DDC8C
:10354000ACDCAADCE8DCECFD68EC6AEC8CDC8DDC45
:103550006DDC8DDC8CDC8CDC6DDC6CDC8CDCACDC68
:103560008CDCACDC8CDC8CE48BE44AEC2AFC09FCC3
:1035700049FC29FC2AFC2AFC2AFC29FC48FC48FCC2
:1035800029FC29FC4AFC2AFC29FC29FC29FC29FCF1
:1035900029FC49FC29F44AEC8BE48BEC09F409FC86
:1035A00029FC29FC28FC49F44AF48BF44AEC27DC7A
:1035B00069FD65EC48FC29FC49FC4AF46BEC4AE4E3
:1035C0006AEC6AF44AFC08FC69FC28F449FC29F41A
:1035D0006BE46BE46AF449F429FC4AFC08F429FC26
:1035E0002AFC2AFC2AFC29FC48FC48FC28FC28FC74
:1035F00049FC49FC29FC28FC28FC48FC28FC29F44F
:103600006CEC6DCC19F7AFB48BEC49FC29FC28FCB1
:1036100028FC69F48CDCEFD475FEADD469E469FC58
:1036200028FC29FC69FC4AE4CED435EECECC8CDCF7
:103630004AEC4AFC49FC29FC29FC6BECAFC459FF5D
:103640004BD46AEC49FC08FC09FC4AFC29FC29FC27
:1036500029FC29FC48FC48F428FC28FC49FC49FCCE
:1036600029FC28FC47FC48FC49FC4AEC8ED478E64F
:1036700038AE78BE8DCC29EC08FC28FC48FC4AE426
:10368000AFC49CFF1BEFF1BC8DE409EC29FC49FCA5
:1036900029F46CDC12AD99CE1AE7CFBC6CE42AFC9D
:1036A00029FC4AFC2AF48DDC58D6FBDED8FEADDCC2
:1036B00029F408FC29FC29FC29FC28FC28FC29FC0D
:1036C00049F448F429FC29FC29FC49FC48FC48FC45
:1036D00048FC28FC49FC8CE413AD9BAE3B8E9BAEB2
:1036E000D0BC8CE46AFC49FC28F4ADE499DEBCBE95
:1036F000BCB67EEF6ECC4AEC4AFC49FC4BF48ECC57
:103700001CC75B865A8E78BEADDC2AFC49FC2AFCBD
:103710004CECD0CC7EDF9BAE3CCF72C54BEC29FC91
:1037200049FC49FC48FC48FC28FC49FC49FC49F49C
:1037300029FC29FC29FC49FC49F448FC28FC29FC0B
:1037400029F4AECC1CCF3C7E9E865C9679D6AECC5E
:103750004AEC29F46BEC8EC47EDFDEA61FAFFDC6FB
:1037600093D58CE449F44AF46DDC33BD7C9E7E76BF
:103770009E7EFCB66EBC6BF429FC4AF4AED4FAEE25
:10378000BCAE1EA7FDA65CDF8DDC2AFC28F449FC3C
:1037900048FC48FC29FC29FC29FC29FC28FC29FCC4
:1037A00029FC29FC49FC49FC2AFC2BFC8DEC90BC33
:1037B0007BA67E7E7F7E3C86DCBE709C6CE46BF4D8
:1037C000ADDC97E6DCB61FA7DFA6BDB65BF7CDC4C0
:1037D0006AE48BE48EB41CD73C8E7F7E5F763C9689
:1037E00017CE8DCC8BF48BE490AC5DDFFDAE1EA7C5
:1037F0001EA73CCF11CD6CEC4AF429FC29FC29FC16
:1038000029FC29FC29FC29FC28FC49FC29FC2AFC70
:1038100029FC2AFC0AFC2BF46DDC90AC9DA65E769C
:103820007F7E5E863B96D6BD6DE44BEC6EC4B9DE02
:10383000DCB61FA71FA7DDB65BE76CB48AE48BE498
:103840006E9CBBBE5D8E5F7E7F7E1C8E18C6AEC436
:103850006AE48CDC57D6DCBEFEAE1E9F1E9F3DC7C1
:10386000D0BC6DDC4AF429FC2AFC2AFC29FC29FC8A
:1038700029FC29FC29FC29FC29FC29FC2AFC2AFC1E
:103880002AFC2BF48DDCF1B45B9E7E7E5F765F8636
:10389000BCA6909C8CE44BEC6ECCB9E6DCB6FEA6E4
:1038A0001FA7DDAE5BEF6DBC6AEC8BE46DA4FBC6BD
:1038B0003C8E5F7E7F7E3C8E37C6ADCC4AE48BE487
:1038C000D1AC5DCFDEAE1FA7FEA61CC752CD8CE4E7
:1038D00029F429FC29FC29FC29FC29FC29FC29FCC8
:1038E00029FC29FC29FC29FC29FC29FC29FC4AF497
:1038F0006BE48EBC1CD71B8E3D86FB8D3CD7D0BCA9
:103900006BE44AF48EE4F6E5FBD6DCB6BCA6BBBE9F
:103910005AFF8DD44AF44AECCDC4F9DE3A9E3C8E6F
:103920003C8E7BAED4D58CDC6AF46BECD0C47DEFDE
:103930009CB6DDB6BBB69CEF8EC44BE449FC28FCBC
:1039400029FC29FC29FC29FC29FC29FC29FC29FC4F
:1039500029FC29FC29FC29FC28FC29FC4AF48DE4DB
:10396000F1C4FADEFAC6FADEAFBC8DDC29EC49FC04
:103970002BF46DDC57EE7CF79BE759F76DD44CECDC
:103980004AFC2AF46CEC4CC4B9DEFBCEFBCED5C5A8
:10399000AEDC4AF428F44AF46CDCF0CC5CFF5CEF5B
:1039A0009CFF30D58DE44AF428F448FC29FC29FC1E
:1039B00029FC29FC29FC29FC29FC49FC49FC29FC9F
:1039C00029FC29FC28FC28FC29FC2AEC8DDC8EC46F
:1039D0006DACEEC46BDC29F449FC28FC29FC6BF4CB
:1039E0008DD48DBC8CB4CDCC4BEC2AFC09F44AFCB4
:1039F0002AFC4BE48DC48EAC8EB4CED42AEC09FCE8
:103A000069FC49FC2AEC8DE48FCC6EBC4CCC8CE478
:103A10004AEC29F449FC48FC29FC29FC29FC29FC36
:103A200029FC29FC29FC49FC49FC49FC29FC29FC0E
:103A300029FC28FC49FC49F46BF44BE44ADC8BEC90
:103A400049F428FC28FC28FC29FC4AFC2AEC6AECF6
:103A50006BEC6BEC4AFC2AFC49FC49FC4AFC4AF43E
:103A60006BF46BEC6BEC4BEC49FC28FC08FC08FCA1
:103A700049FC2AF46CEC4BE46BF44AF44AF44AFC3B
:103A800029FC28FC29FC29FC29FC29FC29FC29FC0F
:103A900029FC49FC49FC48FC29FC29FC29FC28FCA0
:103AA00049FC28F429F44AFC6AFC29FC28FC27FC80
:103AB00028FC48FC29FC49FC49FC28FC49FC29FC61
:103AC00009FC09FC28FC49FC29F429FC49FC08FCF8
:103AD0004AFC08FC28FC28FC49FC28FC29FC29FCA1
:103AE0002AFC2AFC49FC29FC49FC29F449FC49FC34
:103AF00029FC29FC29FC29FC29FC29FC360036007C
:103B00003424020849FC49FC29FC29FC29FC29FC35
:103B100029FC49FC49FC49FC49FC49FC29FC49FCBD
:103B200049FC49FC29FC29FC49FC48FC48FC48FCB0
:103B300029FC29FC29FC29FC49FC49FC49FC48FCDE
:103B400029FC29FC29FC29FC29FC29FC49FC49FC0D
:103B500029FC29FC29FC29FC29FC29FC49FC49FCFD
:103B600049FC49FC49FC49FC49FC49FC49FC49FC2D
:103B700029FC29FC29FC29FC29FC29FC49FC49FCDD
:103B800049FC49FC49FC29FC49FC49FC49FC49FC2D
:103B900029FC29FC49FC49FC49FC49FC29FC29FC7D
:103BA00029FC29FC49FC49FC49FC49FC49FC49FC2D
:103BB00049FC29FC29FC29FC49FC49FC49FC29FC5D
:103BC00029FC29FC29FC29FC49FC49FC49FC49FC4D
:103BD00049FC49FC49FC49FC49FC49FC29FC29FCFD
:103BE00029FC29FC49FC29FC49FC29FC29FC29FC6D
:103BF00029FC29FC49FC49FC49FC29FC29FC29FC3D
:103C000049FC49FC49FC49FC49FC49FC29FC29FCCC
:103C100048FC28FC49FC49FC49FC49FC49FC49FC9E
:103C200029FC49FC49FC49FC49FC49FC2AFC2AFCCA
:103C30002AFC29FC49FC49FC29FC29FC49FC49FCDB
:103C400049FC49FC49FC49FC29FC29FC29FC49FCAC
:103C500049FC49FC4AFC2AFC29FC29FC29FC49FCBA
:103C600049FC49FC29FC29FC29FC49FC49FC49FC8C
:103C700049FC49FC49FC49FC49FC49FC28FC28FC5E
:103C800029FC2AFC4AFC49FC49FC49FC29FC49FC6A
:103C900049FC48FC48FC49FC49FC2AFC29FC29FC5D
:103CA00049FC49FC29FC29FC29FC49FC49FC49FC4C
:103CB00049FC49FC2BFC2AFC29FC49FC49FC49FC39
:103CC0004AFC49FC49FC49FC49FC49FC49FC29FCEB
:103CD00029FC29FC49FC49FC29FC29FC29FC29FC7C
:103CE00049FC49FC49FC49FC29FC29FC29FC29FC2C
:103CF00029FC29FC29FC29FC29FC29FC29FC48FC7D
:103D000048FC48FC49FC49FC49FC49FC48FC49FC8E
:103D100049FC49FC49FC49FC49FC49FC49FC49FC7B
:103D20002BFC2AFC29FC29FC49FC49FC49FC49FCE8
:103D300049FC49FC49FC49FC29FC29FC29FC29FCDB
:103D400049FC48FC29FC29FC29FC29FC29FC49FCEC
:103D500049FC49FC29FC29FC29FC29FC29FC29FCFB
:103D600029FC29FC29FC29FC29FC48FC48FC48FCCE
:103D700049FC49FC49FC49FC49FC49FC49FC49FC1B
:103D800049FC49FC49FC49FC49FC49FC4AFC49FC0A
:103D900029FC29FC29FC29FC29FC49FC29FC29FCDB
:103DA00029FC29FC29FC29FC29FC49FC48FC48FC8D
:103DB00029FC2AFC29FC29FC29FC49FC49FC49FC7A
:103DC0002AFC49FC49FC49FC49FC49FC49FC4AFCE9
:103DD00049FC49FC49FC49FC49FC49FC49FC49FCBB
:103DE00049FC49FC49FC29FC29FC29FC49FC49FC0B
:103DF00049FC49FC49FC49FC49FC49FC29FC29FCDB
:103E000029FC29FC29FC29FC29FC29FC29FC29FC8A
:103E100029FC29FC49FC49FC48FC49FC29FC2AFCFA
:103E20002AFC29FC49FC49FC49FC49FC4AF44AF4B7
:103E300049FC49FC49FC49FC49FC49FC49FC49FC5A
:103E400049FC49FC49FC49FC29FC29FC29FC29FCCA
:103E500029FC29FC29FC29FC49FC49FC49FC49FCBA
:103E600049FC49FC28FC48FC49FC4AFC4AFC29FC6A
:103E700029FC29FC29FC29FC09FC29FC49FC29FC1A
:103E800049FC49FC49FC49FC4AFC2AFC09FC29FC88
:103E900049FC48FC69FC49F48CEC8CE44AEC49F49C
:103EA00049FC29FC49FC29FC29FC09FC29FC29FCCA
:103EB00049FC49FC2AFC2AFC2AFC29FC49FC49FC57
:103EC00029FC29FC29FC49FC49FC49FC49FC49FC2A
:103ED00048FC48FC49FC29FC29FC49FC29FC49FC1C
:103EE00029FC29FC29FC29FC29FC29FC49FC49FC6A
:103EF00049FC29FC29FC29FC4AFC29FC49FC49F421
:103F00006AF44BDCCBB3AAB36BDC8BF409F46AFC28
:103F100049FC28FC29FC29FC29FC29FC29FC29FC5A
:103F20002AFC2AFC4AFC4AFC29FC28FC29FC49FC06
:103F300029FC49FC49FC49FC49FC49FC29FC29FCB9
:103F400049FC49FC49FC69FC49FC49FC49FC29FC49
:103F500049FC49FC29FC49FC49FC49FC49FC49FC59
:103F60002AFC29FC4AFC49FC49FC6AEC8DDCCCA308
:103F70002E9C2EA4CBAB4CDC6CFC2AFC29FC49FC0F
:103F80002AFC2AFC09FC49FC49FC49FC2AFC2AFCC5
:103F900029FC49FC69FC68FC49FC29FC49FC49FCFA
:103FA00049FC49FC49FC49FC4AFC49FC49FC48FCE9
:103FB00048FC69FC29FC29FC49FC29FC49FC49FC1A
:103FC00049FC49FC29FC29FC29FC29FC4AFC49FC48
:103FD00029FC49FC49FC6AEC8ECC0E9C50942F8C39
:103FE0000DA46DD42BEC2AFC49FC29FC29FC4AFCCD
:103FF00029FC08FC08FC49FC4AFC4AFC4AF449F448
:1040000048FC48FC49FC49FC49FC49FC49FC49FC8A
:1040100049FC49FC6AFC29FC48FC48FC49FC6AFC58
:104020004AF44BF44AFC29FC48FC48FC49FC49FC96
:1040300028FC28FC6AFC4AF44AF46AFC49FC29FC86
:1040400028FC6AF4AECC0D9450942F94EDA38DD43B
:104050004AF429FC28FC28FC49FC29FC49FC4AFCC0
:104060006AF46AF46AEC6AEC8AF46AF449F469FC6A
:1040700049FC29FC49FC49FC49FC49FC49FC49FC38
:104080004AF429FC28FC69FC6AF44BE44CD42CD497
:104090006BEC6AF448FC48FC49FC29FC29FC4AFC0E
:1040A0008BE44BD42BD46CE46AF428FC28FC4AF44F
:1040B0008ECCED9350945094CC9B8DD44AF449FC13
:1040C00049FC49FC49FC29F46BEC8CE48DDC4CCCBC
:1040D0002BCC2BCC2BCC4BD44CDC6CE46BF44AF4C7
:1040E00049FC49FC49FC49FC49FC49FC4AFC49FCA7
:1040F00028FC6AFC4CDCEDB3EE9BED9B2CBCACE4E5
:1041000049F428FC49FC29FC4AFC6CEC0DAC0E94EB
:104110000E9C0CB44BEC29FC29FC6BF48ECCEE9B72
:10412000308C5194EE9B8ED46AEC48FC69FC29F4E7
:1041300029FC6BF46DDC0DB4EE930F940E9C0E9C79
:104140000E9C0E9C0E9C0DAC4DCC6CEC4AF449FCC4
:1041500049FC49FC49FC49FC49FC49FC08FC6BF45E
:104160004DCCEE9B518C508CED9BADD44AEC28FC91
:104170004AFC29FC4AFC4CDC0E945184518CCD9BAA
:104180006CE429FC29FC4BF46ECC0E9C308C518CD9
:10419000EE9B8ECC6AEC69FC28F46AFC4BF42BDCB9
:1041A000ECAB0F9451847284518C308C5184718C9F
:1041B0005184108C0EA42DC46CEC4AF449FC29FCEB
:1041C00049FC49FC29FC29FC29FC4BEC2EC40F9C22
:1041D000508C508C2F942DAC8CE44AFC29FC4AFC6A
:1041E0004AF46CDC0E9451845184EE9B6CDC2AFC06
:1041F00049FC4BF48ED4ED9B50945094ED9B8DCCA8
:104200006AEC48FC49FC4AF46DDCCDAB2F9C508C29
:10421000528C3184528C318C718C5184728C5184CB
:104220005094CD9B4DCC8CEC29F428FC49FC49FCE6
:1042300029FC29FC49FC4BEC4EBC2F9C508C718412
:10424000508C0E9C6DDC4BEC4AFC09F46AFC6CDC77
:104250000E94518451840E946CDC4AF44AFC6BF445
:104260008ED4ED9B50945094ED9B8DCC6BF428FC38
:1042700049FC6BEC2DBC0F94308C718C308C2F9CD6
:10428000EE9BEE9B0D9C2F9C308C518C518C309C66
:104290000DAC8DE449FC28FC28FC49FC29FC49FCB8
:1042A00049FC4BEC4EBC2F9C508C518C508C0E9486
:1042B0000DC48DEC4AF449FC49F46CDC0E94518435
:1042C00051840E946CDC4AF44AFC6BF48ED4ED9B62
:1042D00050945094ED9B8DCC6BF429FC48FC8BECF6
:1042E000EC9B508C518C50942DA46CC4ACE4ACEC81
:1042F0006BEC8DDC4EB42F94318C3094ACA36DD428
:104300006AF448FC49FC49FC29FC49FC49FC4BEC9B
:104310004EBC0F9C508C518C508C2F94CDAB8EDCAE
:104320004AF469FC29F46CDC0E94518451840E9497
:104330006CDC4AF44AFC6BF48ED4ED9B50945094A0
:10434000ED9B8ECC6BF449FC29FC6BE40D947084DE
:10435000728C0F946DC48BE449F428FC29FC4AF458
:104360008DCC0E9C51945194EEA34DCC4AEC49FC5B
:1043700049FC49FC49FC49FC49FC4BEC4EBC2F9CD8
:10438000308C518C518C30940E9C2DBC8BEC49FCA4
:1043900049F46CDC0E9C518451840E946CDC4AF41C
:1043A0004AFC6BF48ED4ED9B50945094ED9B8ECCD4
:1043B0006BF429FC29FC6CDC2D947184528CCE9317
:1043C0008DD46AEC49F449FC4AFC4BF4CED40D9CE4
:1043D000309430942FA44DC44BEC49FC4AFC29FC8A
:1043E00049FC49FC49FC4BEC4EBC2F9C308C518C59
:1043F000318C308C3094ED9B6CDC4AF46AF46CDCCC
:104400000E9C518451840E946CDC4AF44AFC6BF48B
:104410008ECCED9B50945094ED9B8ECC6BF429FC8C
:104420004AFC6CDC0D94718C5184EE9B6DDC29F49C
:1044300049FC49FC29FC4BF4AEDCEDA32F94308CF5
:104440000E9C6EBC6CEC49FC4AFC2AFC49FC49FC05
:1044500049FC6BEC4EBC2F9C308C518C318C518CB8
:1044600050842F940CBC8CE44AEC6CDC0E9C518480
:104470005184EE936CDC4AF44AFC6BF48ECCED9BD9
:1044800050945094ED9B8ECC6BF429FC4AF46CDC78
:10449000EE93518C528CEF9B6DDC2AF429FC49FC85
:1044A00028FC4AF48DDCEDAB3094508C0E946EBC3D
:1044B0008CEC4AFC2AFC2AFC29FC49FC49FC6BECEC
:1044C0004EBC2F9C308C518C318C518C518450942B
:1044D000EDA38ED46BE46CDC0E9C51845184EE937E
:1044E0006CDC4AF449FC6BEC8ECCED9B5094509400
:1044F000ED9B8ECC6BF429FC29F46DDC0E9C318491
:10450000728CCE936ED46CEC4BEC6BF46AF46BE46F
:104510008ED4CDA33094508C2F944EB46CEC29FCE7
:104520004AFC29FC29FC28FC49FC6BEC4EBC2F9C66
:104530003094518C308C518C318C518C2F942DAC0B
:104540006DDC6DD40E9451845184EE936CDC4AF48E
:1045500049FC6BEC8DCCED9B50943094ED9B8ECC54
:104560006BF449FC4AF46CD40E945184518C309411
:1045700070BC6FCC8ECC6ECC6DCC8FCC90C40FA4A5
:10458000309450940E946EBC6BEC49FC29FC29FCD1
:1045900029FC28FC49FC6BEC4EBC2F943194518CC7
:1045A000509C3094318C518C708C0E94AED46ECC67
:1045B0000F94518451840E946CDC4AF449FC6BECEA
:1045C0008DCCED9B50943094ED9B8ECC6BF449FCDC
:1045D0004AF46CD40D94718C518C308C0F9CCE9B12
:1045E000EE9B0E9C0EA4EE9B0F9C10945094509446
:1045F0000E946EBC6BEC29FC29FC29FC29FC28FCE0
:1046000048FC6BEC4EBC2F94518C50940E9CB1B472
:104610001094518C71842F8C4EBCB0C40F94518C6B
:1046200051840E946CDC4AF449FC6BEC8DCCED9B10
:1046300050943094ED9B8ECC6BF449FC4AF48CDCA6
:104640000D94508C508C518C5094509450945094A4
:104650003094308C318C518C518C508C2E946EBC9B
:104660006BEC29FC29FC29FC29FC29FC48FC6BEC9F
:104670004EBC2F94518C3094CDA3F1CC0F9C309430
:10468000508C5094ED9BB0B4308C518C51840E946E
:104690006CDC49F449FC6BEC8DCCED9B5094309470
:1046A000ED9B8ED46BF429FC49F48CDC0E9C508C71
:1046B000518C518C0F8C30945094508C5094509459
:1046C000518C718C5184708C2E946EBC6BEC29FCD7
:1046D00029FC29FC29FC29FC29FC6BEC4EBC2F94FD
:1046E000508C3094EDABAFCC8FBCEE9B509450947B
:1046F0002F94509C308C518C51840E946CDC4AF475
:1047000049FC6BEC8DCCED9B50943094ED9B8ED49A
:104710006BF429FC4AF46DDCEE935184718C518C5E
:104720000E9C0E9CEE9B0E9C0D9CED9B0E944F944C
:104730002F8C4F8C0E946EBC6BEC29FC29FC29FC51
:104740002AFC29FC29FC6BEC4EBC2F94508C2F9436
:10475000EDABAFD4CFD4ECA34F9C508C508C508C8D
:10476000508C718C51840E946CDC4AF449FC6BECD7
:104770008DCCED9B50943094ED9B8ED46BF429FC42
:104780004AF46DDCEE933184728450948FB48ECCF5
:104790008ECC8ECC8ECC8EC4AFBC4F9C509470947B
:1047A0000E946EBC6BEC49FC29FC29FC4AFC29FCEC
:1047B00029FC4BEC4DBC2E944F942F94CCA3CFDC12
:1047C0008DE42CC42E9C518C5084718C518C718C36
:1047D00051840E946CDC4AF449FC6BEC8DCCED9B5F
:1047E00050943094ED9B8ED46BF429FC29FC6CDC46
:1047F0000E9C5184728C0E948DCC8BEC6BEC4BEC3C
:104800004BF48CECCED4EDA30F94308C0F944EBCB3
:104810006BEC29FC29FC49FC2AFC29FC29FC6BECEB
:104820004DBC2E9450942F9CEDAB8ED46BECADE42C
:10483000ED9B308C718C5184518C718C51840E9411
:104840006CDC4AF449FC6BF48ECCED9B50943094B4
:10485000EE9B8ECC6BF429FC49FC6BDCEE9351840F
:10486000728CEE938CDC69F449FC49FC29FC4AF417
:104870008DDCECA3519C31940F944EBC4BEC29FC85
:1048800049FC49FC29FC29FC29FC6BEC6EBC2F94EB
:10489000308C2F94CCABAEE44AF46BEC8EC40E9407
:1048A0005194518C518C518C51840E948CDC4AF46F
:1048B00049FC4BF46ECCEE9B5094308CEE9B8ECC2E
:1048C0006BEC49FC49F46CDCEE93518452840E94F9
:1048D0006CDC49F449FC29FC29FC4BF48EDCCDA3AB
:1048E000309451940E944DBC6BF429FC29FC69FC66
:1048F00029FC29FC29FC6BEC6EB42F943194309C7C
:10490000ECAB8DDC6BF44AF48DDC0DAC0F94518C68
:10491000518C518C51840E948CD449F429FC4BF465
:104920006ECCCE9B50943094EE9B8ECC6BF449FCB5
:1049300049F46CDCEE9B518452840F946CDC49FC8E
:1049400049FC29FC29FC6BF4AEDCECA33094508CC0
:104950000F944DBC6BF429FC48FC69FC29FC29FC34
:1049600048FC6AEC6EB42F8C508C2F94EDAB8EDC2F
:104970004AF469FC6AEC6CCCEE93518C518C718CCE
:1049800071840E948CD449F429FC4BF46FCCEE9BCB
:10499000309C2F94EE9B8ECC4AF428FC49F46CDCBE
:1049A0000E9C518451840F946CDC4AF42AFC29FC3F
:1049B00029FC4AF4ADDCECAB3094518C2F944EBC06
:1049C0006BEC49FC28FC48FC29FC49FC48FC6AECDF
:1049D0006DB42F8C508C3094EDA3AEDC4AEC49FCC6
:1049E00048F48BE40DA43094518C718C51840E9456
:1049F0006CDC49F449FC4BF48ECCEE9B2F9C2F943D
:104A0000ED9B8ECC4AF428FC49F46CDCEE9B518C77
:104A100052840E946CDC4AF42AFC29FC29FC4AF4EA
:104A20008DDCECAB3094518C30944EB46BEC49FC83
:104A300028FC48FC4AF449FC48FC4AEC6EBC0F9444
:104A4000518C3094EDAB8EDC6BF429FC48FC6AF49D
:104A50004EC4CE9B30945194518CEE9B6CDC49F447
:104A600049FC6BF48DCCEC9B4E9C2E94ED9B8ECC34
:104A70006BEC49FC49F46CDCEE9B728C728C0E94EE
:104A80008BDC69F449FC49FC49FC6AF48DDCECAB35
:104A90003094518C30944FBC4CEC49FC28FC47FCC2
:104AA0004AFC49FC48FC4AEC6DBC0E94519430948D
:104AB000CDAB8EDC6BF449FC48FC49F48DE4EDB3DE
:104AC0000F9C518C318CEE9B6CDC49F449FC6BECF7
:104AD0008DCCEC9B4F944F94ED9B8ECC6BEC29FCD2
:104AE00049F46BDCEE93528C528C0E946BDC69F4BF
:104AF00048FC49FC49FC6AEC8DDCECAB3094518CF1
:104B00000F944EBC4BEC29FC28FC28FC49FC29FCEA
:104B100048FC6AEC8DC40D94508C3094CCAB8DE481
:104B20004BEC4AFC49FC69FC6BEC4DCC2F94518456
:104B3000518CEE9B6CE449F449FC6BEC8ECCED9B04
:104B400050945094EE9B8ECC4BF429FC49FC8CDCA9
:104B50000E945184518CEE9B6CE449FC49FC48FC5A
:104B600049FC6AECADDCECAB2F94308CEE9B6ECC48
:104B70004BEC29FC28FC48FC49FC29FC49FC6AF464
:104B80006CD4CBAB0D9CCDA30BC48CEC4AF429FCAC
:104B900049FC28F449F48CE40CAC2E940E9CECAB4C
:104BA0006BEC49FC49FC6BEC8ECCEE9B518C518C30
:104BB000EE9B8ECC4BF429FC49FC8BECECAB0E9CB1
:104BC0000E9CECAB6CEC49FC49FC49FC49FC6AF4DA
:104BD000ACECEBBB0DACEDA3CBAB6CDC4AF428FC2E
:104BE00049FC48FC29FC29FC4AFC4AFC6BF44BE4D8
:104BF0004CD40BD46BF449FC49FC49FC49FC49FCFE
:104C000029FC4AF48BE44AD42BD46BE46AF449FCC3
:104C100048FC6AEC6DC40E9C3084718CEE9B6ED4A3
:104C20004BF429FC29FC6AF44CEC2CDC2BD46BE40F
:104C30006AF449FC49FC29FC29FC29FC4AF44BECA8
:104C40002BDC0BD46CE46BEC4AFC49FC49FC49FCC2
:104C500029FC29FC2AFC2AFC29FC49FC4AF449F4D9
:104C600049FC29FC29FC29FC29FC29FC29FC29FCFC
:104C700069FC48F429F44AFC49FC49FC48FC6AF404
:104C80008DCC0E9C508C508CCD9B6ED42AF429FC7C
:104C900029FC4AFC4AFC29F429F449F449FC49FC62
:104CA0002AFC2AFC29FC29FC49FC49FC2AFC2AF4A0
:104CB0004AF44AF449FC49FC49FC49FC29FC29FC1A
:104CC00029FC29FC29FC49FC69FC49F449FC29FC24
:104CD00049FC49FC48FC48FC29FC49FC49FC49FCCE
:104CE00049FC29FC29FC29FC29FC4AF48DD4ED9BC4
:104CF000509450940DA4AED44AEC28FC29FC29FC15
:104D000049FC49FC49FC29FC29FC29FC2AFC2AFC19
:104D100029FC29FC49FC49FC4AFC49FC49FC49FCAA
:104D200029FC49FC49FC4AFC29FC29FC29FC29FCFA
:104D300029FC48FC48FC49FC29FC29FC49FC49FCAD
:104D400049FC48FC48FC49FC29FC29FC29FC29FCBD
:104D500029FC29FC29FC4AF46CDCABAB2FA42F9C6A
:104D6000AAA36BD48BF449FC29FC29FC49FC49FC1F
:104D700049FC29FC09FC29FC29FC29FC49FC49FCCB
:104D800029FC29FC29FC29FC28FC28FC29FC49FCDD
:104D900049FC4AFC2AFC29FC29FC29FC29FC29FCA9
:104DA00049FC49FC29FC29FC49FC49FC49FC49FC1B
:104DB00029FC29FC28FC29FC29FC29FC4AFC49FC8B
:104DC00049FC49F46BF44BDCCBB3CBB36CD4ACEC07
:104DD0004AF449FC49FC49FC49FC49FC49FC29FCD2
:104DE00029FC29FC29FC49FC49FC49FC49FC49FCFB
:104DF00049FC49FC28FC28FC29FC49FC49FC49FCED
:104E000049FC49FC29FC29FC29FC29FC49FC49FCFA
:104E100029FC29FC49FC49FC49FC49FC29FC29FCEA
:104E200049FC49FC29FC29FC4AFC49FC29FC49FCB9
:104E300049F46BF46CE48CE46BEC4AF46AFC29FCF6
:104E400029FC49FC4AFC49FC49FC49FC49FC28FC7A
:104E500049FC49FC49FC49FC49FC49FC29FC49FC4A
:104E600029FC29FC49FC49FC49FC29FC49FC49FC7A
:104E700049FC29FC2AFC2AFC49FC29FC29FC29FCC8
:104E800049FC49FC49FC49FC29FC29FC28FC49FC5B
:104E900029FC29FC4AFC49FC28FC49FC49FC4AFC49
:104EA0004AFC4AFC29F428FC49FC29FC29FC29FC81
:104EB00049FC49FC49FC29FC29FC29FC29FC29FC6A
:104EC00029FC48FC28FC28FC29FC29FC29FC49FC7D
:104ED00049FC49FC29FC29FC49FC49FC49FC49FCEA
:104EE0004AFC49FC49FC49FC29FC29FC29FC49FCF9
:104EF00049FC49FC29FC29FC28FC49FC49FC29FC0B
:104F00004AFC4AFC49FC49FC49FC29FC29FC29FCD7
:104F100028FC29FC49FC29FC29FC29FC49FC49FC0A
:104F200049FC29FC29FC29FC29FC29FC49FC49FCF9
:104F300048FC29FC29FC4AFC49FC49FC49FC49FC89
:104F400029FC29FC49FC49FC49FC49FC49FC49FC79
:104F500049FC49FC29FC29FC49FC49FC49FC49FC69
:104F600049FC49FC49FC49FC49FC49FC29FC49FC39
:104F700049FC49FC49FC49FC29FC29FC49FC49FC49
:104F800049FC29FC29FC49FC49FC49FC49FC49FC39
:104F900049FC49FC29FC49FC49FC49FC49FC49FC09
:104FA00049FC29FC29FC49FC49FC49FC29FC29FC59
:104FB00049FC49FC49FC49FC49FC49FC49FC49FCC9
:104FC00049FC49FC49FC49FC49FC49FC49FC49FCB9
:104FD00049FC49FC49FC49FC49FC49FC49FC49FCA9
:104FE00049FC49FC49FC49FC49FC49FC49FC49FC99
:104FF00049FC49FC49FC49FC49FC49FC49FC49FC89
:1050000049FC49FC49FC49FC49FC49FC49FC49FC78
:1050100049FC49FC49FC49FC49FC49FC49FC49FC68
:1050200049FC49FC49FC49FC49FC49FC49FC49FC58
:1050300049FC49FC49FC49FC49FC49FC49FC49FC48
:1050400049FC49FC49FC49FC49FC49FC49FC49FC38
:1050500049FC49FC49FC49FC49FC49FC49FC49FC28
:1050600049FC49FC49FC49FC49FC49FC49FC49FC18
:1050700049FC49FC49FC49FC49FC49FC49FC49FC08
:1050800049FC49FC49FC49FC49FC49FC49FC49FCF8
:1050900049FC49FC49FC49FC49FC49FC49FC49FCE8
:1050A00049FC49FC49FC49FC49FC49FC49FC49FCD8
:1050B00049FC49FC49FC49FC49FC49FC49FC49FCC8
:1050C00049FC49FC49FC49FC49FC49FC49FC49FCB8
:1050D00049FC49FC49FC49FC49FC49FC49FC49FCA8
:1050E00049FC49FC49FC49FC49FC49FC49FC49FC98
:1050F00049FC49FC49FC49FC49FC49FC49FC49FC88
:1051000049FC49FC49FC49FC49FC49FC49FC49FC77
:1051100049FC49FC49FC49FC49FC49FC49FC49FC67
:1051200049FC49FC49FC49FC49FC49FC49FC49FC57
:1051300049FC49FC49FC49FC49FC49FC49FC49FC47
:1051400049FC49FC49FC49FC49FC49FC49FC49FC37
:1051500049FC49FC49FC49FC49FC49FC49FC49FC27
:1051600049FC49FC49FC49FC49FC49FC49FC49FC17
:1051700049FC49FC49FC49FC49FC49FC49FC49FC07
:1051800049FC49FC49FC49FC49FC49FC49FC49FCF7
:1051900049FC49FC49FC49FC49FC49FC49FC49FCE7
:1051A00049FC49FC49FC49FC49FC49FC49FC49FCD7
:1051B00049FC49FC49FC49FC49FC49FC49FC49FCC7
:1051C00049FC49FC49FC49FC49FC49FC36003600D5
:1051D000043B020848FC48FC29FC29FC49FC49F432
:1051E00049FC29FC49FC28FC28FC29FC2AFC0AFC77
:1051F00029FC29FC29FC29FC29FC08FC49FC48FC69
:1052000029FC29FC29FC28FC28FC49FC29FC49FC38
:1052100028F488F4A7EC87EC28F409FC2AFC29FC84
:1052200029FC08FC29FC49FC49FC49FC29FC49FCF7
:1052300048FC48FC49FC29FC29FC29FC29FC29FCE8
:1052400048FC28FC29FC29FC49FC49FC29FC29FCD8
:1052500009FC49FC49FC08FC09FC29FC49FC48FC08
:1052600068F468FC08FC49FC29FC49FC49FC29FC61
:1052700029FC29FC49FC28FC49FC48FC88F4A6E4EC
:105280008CFE85E468FC29FC09FC29FC08FC49FC2F
:1052900029FC29FC49FC29FC29FC29FC49FC49FC86
:1052A00029FC29FC29FC29FC29FC29FC29FC29FCD6
:1052B00029FC29FC29FC29FC29FC29FC2AFC29FCC5
:1052C00029FC29FC49FC29FC28F487F464E485E4E2
:1052D00048F44AFC29FC29F429FC49FC49FC29FC36
:1052E00029FC29FC29FC68F4E5E46CFF09FF07FEB2
:1052F00067F408FC4AFC29FC29FC29FC29FC29FC50
:1053000029FC29FC29FC29FC2AFC29FC29FC29FC74
:1053100029FC29FC29FC29FC49FC49FC29FC29FC25
:1053200029FC29FC29FC29FC09FC4AFC29FC29F45C
:1053300049FC48FC48FCA7F42CFF2CFF87EC28F420
:1053400028F449FC49FC29FC29FC29FC49FC29FCDE
:1053500009FC87F403DD49FF28FF85E567F449FC74
:1053600049FC49FC29FC29FC29FC29FC29FC29FCD5
:1053700029FC2AFC0AFC29FC29FC29FC29FC29FC23
:1053800029FC29FC49FC49FC29FC29FC29FC29FCB5
:1053900029FC48FC49FC49FC49FC49FC48FC27F431
:1053A00088FCCAFDE8FE28FFE8FD86EC68FC49FCA5
:1053B00028FC29FC2AFC09FC29FC09FC29FC87F4AF
:1053C000C7FE06FF8BFF62CC88F428FC48FC48FC33
:1053D00028FC49FC29FC29FC49FC49FC29FC2AFC45
:1053E00029FC29FC29FC29FC29FC29FC29FC29FC95
:1053F00049FC29FC29FC29FC29FC29FC29FC48FC46
:1054000028F449FC49FC28F469FC68FC27F444DCD6
:105410006AFF06F78BFFA3DC67F448FC28F44AFC1C
:105420002AFC09FC29FC49FC28FC65E428FF26F736
:105430004AFFC5DC68F408F469FC48FC48FC29FC18
:105440002AFC2AFC48FC48FC49FC49FC29FC29FCB4
:1054500029FC29FC29FC29FC29FC29FC0AFC2AFC42
:1054600029FC29FC29FC29FC29FC29FC49FC49FCD4
:1054700029FC49FC48FC48FC49FC87F4E6F528FF78
:1054800028FFE6F566EC29FC29FC29FC49FC49FCCF
:1054900029FC29F448F4C6E468FF67FFC9FEA5E4C7
:1054A00068F46AFC29FC29FC29FC29FC0AFC0AFC9A
:1054B00029FC48FC48FC49FC49FC29FC29FC29FC46
:1054C00029FC29FC29FC29FC0AFC2AFC29FC29FCD2
:1054D00029FC29FC29FC29FC49FC29FC29FC29FC84
:1054E00028FC29FC29FC67F483DC8BFF06F729FFE5
:1054F000A7F428FC29FC29FC28F469F449F469F490
:1055000088F464D46AFF08FF08FE86EC68FC09FC96
:105510002AFC2AFC4AFC29FC2AFC0AFC29FC28FC5F
:1055200048F468F448F448FC49FC29FC29FC29FCAF
:1055300029FC29FC49FC29FC29FC29FC29FC09FC43
:1055400049FC29FC08F429FC49FC09FC29FC49FC1C
:1055500008FC48F486E4CAFE46FF48FF06ED48FC16
:1055600029FC29FC49F468EC88F468F448F466E402
:105570008AFE2CFF65E448F449FC29FC2AFC4AFC1D
:1055800009FC29FC48FC49FC2AFC49FC86EC44E463
:1055900067F448F448FC29FC29FC29FC29FC29FC77
:1055A00068FC69FC29FC29FC29FC29FC29FC29FC54
:1055B00069FC29FC29FC29FC29FC29FC49FC48FC44
:1055C00068F4A5E469FFAAFFC3DCA6EC66EC25E459
:1055D000E7EC27EDC5DCE5E447FD63D481CCE3DCF3
:1055E00085E487F427F428FC2AFC09FC4AFC28FC03
:1055F00068FC47EC68F446EC6BFE0DFFCAFD87F4CF
:1056000048FC29FC29FC29FC29FC29FC67F448F406
:1056100029FC29FC49FC29FC09FC29FC29FC29FC62
:1056200048FC49FC29FC09FC29FC49FC28FC87F4BE
:1056300083D4E2D4C2D4A5E509FF69FF69FF48FF1E
:10564000A9FF88FF48FF89FFA9FFA7FEA5EDC4DCDD
:1056500085E4A8F428FC29FC29FC48FC28FC67F414
:10566000A3DC0AFF28FFC8FE0DFF86EC48F429FCE6
:1056700029FC29FC29FC29FC47F428F449FC69FC95
:1056800048F468FC49FC29FC29FC49FC48FC28FC3E
:1056900009FC49FC69FC28F468FC66ECE4DC47FE84
:1056A0004AFF68FF66F765F745F765F764EF64EF53
:1056B00064F724F704F726FF48FF4AFFCAFEE5E433
:1056C00086EC88F448FC27F488F464DC49FF68FF22
:1056D000C6F66AFF83D4A7EC48F429FC29FC29FC10
:1056E00029FC29FC4AFC09FC49FC28F487EC66E407
:1056F00047F449FC49FCE7F368FC68FC09FC29FC19
:1057000048F487ECC5E4CAFE69FF27FF26F746F791
:1057100025F745F724EF64F784F764EF45F766FF54
:1057200045F745F725FF46FF06F7AAFF67FEA3D416
:1057300067F488F4E4DC6BFF26FFC5F66BFFC4DC7E
:10574000A7F427F448FC29FC29FC29FC29FC29FCA6
:1057500009FCE9FB09FC88F488FD6AFEC9FDA5E4A3
:1057600067EC88FC47F428F42AFC29FC66ECE5E4A5
:105770004BFF48FF25F745F745F745F725F766FF47
:1057800065F744F744F744F725F745FF45F745F734
:1057900044F724F745F725F767FF8BFFC6ECA5E430
:1057A000EAFE08FFC6FE6AFFC5E4A7EC27F449FC41
:1057B00029FC29FC29FC29FC29FC29FC49FC4AFC80
:1057C0004AFC26EC2CFF28FF27FF8AFF85E5C5E46D
:1057D00088F428FC09FC48F445ED8AFF06FF25FF04
:1057E00025F745F744F745F745FF24F745FF24F72C
:1057F00044FF65FF45F744EF45F745F765F745F783
:1058000025F746FF46F706F76BFF03DD44E52CFF5F
:105810000CFFC5E467F449FC28F449FC29FC29FC89
:1058200029FC29FC29FC29FC29F449FC29FC87F4E2
:10583000A7F569FF46FFE5EE69FFEBFEA6EC88F4ED
:1058400048F4C7EC6AFFE4F624F765FF45F745F72F
:1058500065F724F745F745F745F745FF24FF24F79B
:1058600065F744F745F745F724F765FF45FF25F74A
:1058700065F746F7C6F66AFF02D5C3DC85E487F410
:1058800028FC29FC4AFC49FC29FC29FC29FC29FCB0
:1058900029FC29FC49FC49FC29FC28FC67F484DC30
:1058A0000AFF49FFE7FEC8FE4CFF82CC24DD4BFF18
:1058B000E6FE25FF45F745F745F745F745F745F778
:1058C00045F745F745F745F745F745F745F745F7F8
:1058D00045F745F745F745F745F745F744F745F7E9
:1058E00026FF07FF6AFFE3DC86F448FC49FC29FC3D
:1058F00049FC49FC29FC49FC49FC29FC29FC49FCE0
:1059000049FC28FC29FC49FC29FC47F406ED45E547
:105910004BFF09FF4CFFA1C404E668FF46FF25F7D3
:1059200045F745F745F745F745F745F745F745F797
:1059300045F745F745F745F745F745F745F745F787
:1059400045F745F745F765F744F744F745F726FF70
:1059500047FF88FE86EC27F449FC6AFC09FC49FCF9
:1059600029FC29FC29FC29FC29FC49FC48FC28FCD1
:1059700029FC2AFC29FC69F427E487EC85E468F516
:10598000C4E403DDA9FF25F745F745F745F745F7DB
:1059900045F745F745F745F745F745F745F745F727
:1059A00045F745F745F745F745F745F745F745F717
:1059B00045F745F745F745F745F745F725F76AFFFA
:1059C00005E567EC49FC09F449FC29FC28FC49FC85
:1059D00029FC49FC08FC28FC27FC48FC29FC0AFCA3
:1059E0004AFC49F449F469FC68F487ECA5E4A9FE93
:1059F00027FF24F745F765F745F745F745F745F7DE
:105A000045F745F745F745F745F745F745F745F7B6
:105A100045F745F745F745F765F765EF45F745F76E
:105A200045F745F745F745F765F706FFCAFEA6E4D3
:105A300069F429FC29FC28FC28FC28FC08FC49FC0A
:105A400049FC69FC49FC49FC2AFC2AFC49FC28F475
:105A500049FC28FC49F4A8ECA4D46BFF26FF45F7C9
:105A600045F745F745F745F745F745F745F745F756
:105A700045F745F745F745F745F745F745F745F746
:105A800045F745F765F765F745F745F745FF45FFE6
:105A900045FF45F765F705F7ABFFA3D448F44AFC8B
:105AA00028F449FC49FC29FC49FC29FC08FC29FC98
:105AB00049FC29FC2AFC2AFC29FC49FC49FC29FC5C
:105AC0006AFC66EC85E548FF45F745F745F745F77D
:105AD00045F745F745F745F745F745F745F745F7E6
:105AE00045F745F745F745F745F745F745F745F7D6
:105AF00045F745F744F744F745F745F745F745F7C8
:105B000045F745F727FFA5ED67F408FC69FC48F465
:105B100048F448F448F448F448FC49FC09FC29FCE2
:105B20002AFC49FC29FC29FC09FC09FC28FC86EC20
:105B300049FF45F724F764F764F744F745F745F75D
:105B400045F745F745F745F745F745F745F745F775
:105B500045F745F745F745F745F745F745F745F765
:105B600045F745F745F745F745F745F765F724F756
:105B700066FF29FF86EC29FC88F487ECA6E4C6ECD6
:105B800085E465E4A7F447EC0AFC2AFC09FC08FC60
:105B900049FC29FC2AFC29FC29FC65E469FF24EF67
:105BA00065F744F744F764F745F745F745F745F7D8
:105BB00045F745F745F745F745F745F745F745F705
:105BC00045F745F745F745F725FF25FF45F745F725
:105BD00045F745F745F745F745F745F724F769FFDA
:105BE00043DC46EC68FD87F544DDA9FE2BFF0CFF86
:105BF0004CFEA6EC09FC2AFC29FC28FC48FC49FCCC
:105C00002AFC2AFC28F484E449FF45FF45F745F7C0
:105C100044F765F745F745F745F745F745F745F785
:105C200045F745F745F745F745F745F745F745F794
:105C300045F745F725FF25F745F745F744F744FFB6
:105C400045FF45F745F745F765F788FF82CCA6F590
:105C500049FF67FF66FF67FFE6FEC7FE2CFF83D4A0
:105C60004AFC29FC29FC28FC68F468F429F449F46E
:105C700088F406ED68FF45F745F746F745F744F722
:105C800045F745F745F745F745F745F745F745F734
:105C900045F745F745F745F745F745F745F745F724
:105CA00045F745F745F765F745FF44FF44FF45F7DE
:105CB00046FF25F745F767FFE3D4A6ED69FFA8FF88
:105CC000A9FF89FF49FF4BFFE8FDC5DC09FC29FC62
:105CD00028FC68FC88F488EC88EC88EC67EC26EDFE
:105CE00068FF64F745F745F745F745F745F745F78A
:105CF00045F745F745F745F745F745F745F745F7C4
:105D000045F745F745F745F745F745F745F745F7B3
:105D100065EF65EF45F745F745F765F745EF45F75B
:105D200045F789FFE5DC86E4C5DC84DCA6E445DCD8
:105D300065E466EC67EC47EC48F467F486F443DC12
:105D400064D405E583D4E6E4A7E4E5DC67FF84F7E3
:105D500045F725F725F765F745F745F745F745F783
:105D600045F745F745F745F745F745F745F745F753
:105D700045F745F745F745F745F745F765EF65EF13
:105D800045F745F765F765EF65F765F744EF48FFB9
:105D900007ED69F468EC48F449FC49FC69FC29FC0E
:105DA00049FC29FCC6EC88FD2AFF69FFA9FF87FF93
:105DB000A8FF69FF87EDC3D487FF63F745F745F771
:105DC00044F765F745F745F745F745F745F745F7D4
:105DD00045F745F745F745F745F745F745F745F7E3
:105DE00045F745F745F745F745F745F745F745F7D3
:105DF00045F745F745F744F764F748FF06ED68F4C3
:105E00004AFC29FC29FC29FC08FC49FC29FC4AFC29
:105E100084DC2DFFE7FE05FF26FF66FF67FF29FFF5
:105E200047EDA3D488FF43F744F745F765F744F7F8
:105E300045F745F745F745F745F745F745F745F782
:105E400045F745F745F745F745F745F745F745F772
:105E500045F745F745F745F745F745F745F745F762
:105E600044F765F744F769FF64E448F409FC0AFC69
:105E700029FC29FC49FC29FC29FC28FCA6EC6BFE2A
:105E80002CFF0AFF0BFFA6ED66ED89FD68EC65DCD3
:105E900089FF44F744F745F745F745F745F745F7D8
:105EA00045F745F745F745F745F745F745F745F712
:105EB00045F745F745F745F745F745F744F744F704
:105EC00045F745F745F745F744F744F744F765FFCD
:105ED00024F769FF43D468FC29FC4AFC28FC49FCF0
:105EE00029FC29FC08FC49FC67ECA7F464DCA5E468
:105EF000A6E486E488F469F449F486E449FF45FFA2
:105F000045F745F745F745F745F745F745F745F7B1
:105F100045F745F745F745F745F745F745F745F7A1
:105F200045F745F745F745F744F744F745F745F793
:105F300045F745F745F744F744F745F746FF29FF8E
:105F4000A6EC68FC49FC29FC69FC28F449FC49FCE6
:105F500029FC49FC49FC48F468F467F468F448FCFF
:105F600029FC29FC29F4A7EC67FE26FF46FF45F72C
:105F700045F745F746F745F745F744F744F744F743
:105F800044F745F745F745F765EF65EF45F745F702
:105F900045F745F745F744F764F744F745F745F704
:105FA00046FF25F745F746FF27FFA5ED66F429FCD8
:105FB00049FC29FC48FC69FC28FC29FC49FC09FC3B
:105FC00029FC29FC49FC49FC28FC29FC09FC0AFCA9
:105FD00049FC87ECE3DC49FF26FF25F765F744F72A
:105FE00045F745F764F744F744F744FF45F745F7AD
:105FF00025F745F765F764EF65F745F745F745F78A
:1060000025F765FF44EF44F745FF25F725F766FFC1
:1060100045F725F78AFFA3D467F429FC29FC29FC5E
:1060200029FC28F429FC29FC09FC29FC48FC48FC33
:1060300029FC29FC28FC29FC09FC29FC29FC27F463
:10604000A5ECEBFE06FF24F785FF64F764F764F721
:1060500065F745F745F745F745FF45FF25FF25FF60
:1060600045F764F765F745F745F745F746FF25F728
:1060700065F744F724F765FF65F723EF64EF67FFE3
:10608000AAFEA6E487EC48F428FC29FC49FC29FC7C
:1060900049FC49FC09FC29FC48FC48FC29FC29FC7A
:1060A00029FC29FC29FC29FC29FC28FC68FC85E446
:1060B00049FF45F744F764F764F764F745F745F798
:1060C00045F745F745F745F725FF25FF45F745F720
:1060D00045F745F745F746F726F725F745F744F71F
:1060E00045FF44F744F785FF45EF89FF24D564D485
:1060F000A9FDA6E466EC68FC28FC29FC09FC09FC67
:1061000049FC49FC29FC29FC09FC29FC29FC49FC27
:1061100048FC48FC08FC29FC29FC67ECCAFE27FF68
:1061200025F744F744F744F745F745F745F765F792
:1061300065F745F745F745FF45FF45F745F745F74F
:1061400025FF25FF26F765F744EF85F745FF24F780
:1061500065F724F748FF25E6E2CC6CFF09FF4AFF0C
:10616000C6F5C4EC87F469FC49FC09F429FC49FC38
:106170002AFC29FC09FC29FC2AFC49FC48F448FCBF
:1061800049FC29FCE8F388F4C4D46AFF06FF45F70C
:1061900045F745F725FF45F745F765F744F745F718
:1061A00044F744F745F744F744F745F725FF25FF43
:1061B00046F745F744EF85F704F765FF24EF26FF20
:1061C0004BFFE4DC63CC4DFF28FFE6F648FF2AFFD7
:1061D00005ED66E448F469FC29FC29FC49FC49FC0E
:1061E00029FC29FC2AFC2AFC29FC49FC28F469F436
:1061F00088F466E463DC23DD69FF06F725F745F7DD
:1062000045F746F745F745F745F745F744F764F78F
:1062100064F764F764F765F745F746F745F765F700
:1062200044F744F765F745F704EF6AFFE6EC68F4D6
:1062300068FC46E4EAFE89FFE5F606FF49FF28FE12
:1062400066EC48FC29FC09FC48F448F429FC29FCCC
:1062500029FC29FC29FC49F448F487ECC5E40CFF2F
:106260000CFF44ED03D56BFF07FF26F746F745F714
:1062700045F745F745F745F744F764F764F764EFEA
:1062800064EF65F745F745F745F765F744F745FFD0
:1062900025F7E6F6AAFF24E547F429FC09FC48FCAB
:1062A000C4EC23DD49FF68FF07FF4BFF65EC48FCAA
:1062B0002AFC09FC48F448FC49FC49FC29FC28FC60
:1062C00048FC47F487ECE5E46AFFC6FE08FF89FE58
:1062D00085E4E6EC4BFF27FF25F765FF44EF65F704
:1062E00045FF25F745F725F745F765F744F744F7E8
:1062F00045F744F764F764F744F725F747FF4AFF8B
:10630000E5EC67EC28F449FC29FC28FC87F466ECF2
:10631000C6E4A8F5AAFE87ED47EC29FC2AFC0AFC96
:1063200048FC28FC29FC09FC08FC69FC88FC86EC7C
:10633000C4DC2BFFC5F688FF4AFF63DC68F467F412
:10634000C4E488FE89FFE5F646FF25F725F746FFFA
:1063500025F745F745F744F745F745F745F745F77E
:1063600045F725F706FF8AFF68FEC4E467F449FC99
:1063700049FC49FC28FC28FC49FC48F448F4C8F4D2
:10638000C6E4A6E449F42AFC0BFC0AFC09FC29FC3F
:1063900029FC4AFC2AFC28FC46EC67F589FF05F736
:1063A00048FF2AFF85DC88F448FC28FC47FC86EC83
:1063B000E4E40AFF69FF26FF45F745F745FF45FF7F
:1063C00044F744F765F745F724EF46F728FF6BFFDE
:1063D00049FEC5DC86E488F428F409FC29FC29FC84
:1063E00029FC29FC49FC49FC28FC27F467F468F4E3
:1063F00029FC0AFCEAFB0AFC09FC2AFC09FC29FC32
:106400002AFC28F4A8F40DFFA6F647FFE9FEC5E430
:1064100088EC29F408FC49FC08FC68FC86ECA4E440
:1064200004DD67FE48FF47FF28FF28FF88FF88FF3D
:1064300028FF89FFAAFF29FFC6EDA3D4A3D4A5DCBA
:1064400087EC69FC29FC4AFC29FC29FC29FC29FC75
:106450002AFC4AFC29FC29FC49FC29FC09FC0AFC11
:106460002AFC29FC0AFC4AFC29FC4AFC49FC49FCA0
:1064700047ECAAFD4DFFAAFEA5E467EC49FC49FCE8
:1064800049FC28FC69FC49FC28F468F467ECA6E4A4
:1064900004D5C2CC06E506EDE5E405E527ED65DCAF
:1064A00004D4A6EC85E4E4E46AFF8AFFE5E447EC63
:1064B00048FC29FC28FC29FC4AFC2AFC0AFC29FC93
:1064C00049FC49FC0AFCE9FB0AFC2AFC29FC29FCE2
:1064D00029FC08FC29FC49FC09F449FC48F487EC38
:1064E00045DC86EC47F449FC08FC29FC49FC28F40F
:1064F00028F429FC29FC49FC48F4A7EC4DFF0CFFCB
:1065000066E467EC88EC88F468F448F449F448F4ED
:1065100068F406ED48FF26FFA9FEA5E468FC08FC28
:1065200048FC29FC29FC2AFC2AFC29FC49FC29FC02
:106530004AFC2AFC2AFC29FC29FC29FC69FC28FCD1
:1065400049FC49FC29FC29FC49FC48FC48FC48FC66
:1065500069FC08FC29FC29FC49FC29FC49FC29FCB4
:1065600009FC49FC87F409FE07FF8AFF44DC48F474
:1065700069F449F429FC29FC28FC48FC48FC86E421
:106580006AFFE6F66AFF24E566F449FC29FC29FC6B
:1065900029FC29FC49FC49FC29FC29FC29FC28FC94
:1065A00029FC29FC29FC49FC48F469FC49FC08FC4D
:1065B0002AFC29FC29FC29FC09FC29FCE8FB29FC14
:1065C00029FC09FC08FC49FC29FC29FC29FC48F4AD
:1065D000A5ECC9FE26FFA9FF64DC69FC49FC09F4AF
:1065E00029FC49FC28FC49FC49FC67EC44E569FFAF
:1065F000E6FEC8FE86EC48FC29FC49FC28FC28FC89
:1066000028FC28FC29FC29FC49FC48FC49FC49FCE5
:1066100029FC29FC49FC49FC29FC29FC29FC29FC12
:1066200029FC29FC29FC29FC29FC29FC29FC29FC42
:1066300029FC29FC29FC29FC2AFC47ECC2D469FF6F
:1066400026FFE8FEA6EC48F429FC29FC48FC48FC9F
:1066500029FC29FC28FC88F464DC4CFFE6FE89FF59
:10666000A5E448FC48FC28FC48FC48FC48FC28FC05
:1066700029FC29FC49FC49FC29FC29FC29FC29FCB2
:1066800029FC29FC29FC29FC29FC29FC29FC29FCE2
:1066900029FC29FC29FC29FC29FC29FC29FC29FCD2
:1066A00029FC29FC29FC87F403DD49FF48FF47FE4C
:1066B000A6EC48FC29FC29FC48FC48FC29FC29FCE8
:1066C00049FC48F466ECE9FD49FF08FF69FD48F420
:1066D00048FC48FC48FC48FC48FC29FC29FC29FCF7
:1066E00029FC29FC29FC29FC29FC29FC29FC29FC82
:1066F00029FC29FC29FC29FC29FC29FC29FC29FC72
:1067000029FC29FC29FC29FC29FC29FC29FC29FC61
:1067100049FC67F466ED0AFF2AFFA2D487F448FC1F
:1067200029FC29FC48FC48FC29FC29FC49FC69FCA3
:1067300088F465E42CFF0BFF46EC49FC49FC49FC5E
:1067400049FC49FC29FC29FC29FC29FC29FC29FCE1
:1067500029FC29FC29FC29FC29FC29FC29FC29FC11
:1067600029FC29FC29FC29FC29FC29FC29FC29FC01
:1067700029FC29FC29FC29FC49FC29FC28F488F483
:10678000A9FDECFE4DFFC5E467F428FC29FC29FCBB
:1067900049FC49FC29FC29FC29FC28FC28F488F444
:1067A000A5E4A5E468F429FC49FC49FC49FC29FC62
:1067B00029FC2AFC2AFC29FC29FC29FC29FC29FCAF
:1067C00029FC29FC29FC29FC29FC29FC29FC29FCA1
:1067D00029FC29FC29FC29FC29FC29FC29FC29FC91
:1067E00029FC29FC49FC48FC69FC48F424DC6CFECB
:1067F00068F5A7EC48FC28FC29FC29FC29FC29FCAD
:1068000029FC29FC49FC49FC29FC29FC88F487F473
:1068100008F429FC49FC49FC29FC29FC2AFC2AFC37
:106820002AFC29FC29FC29FC29FC29FC29FC29FC3F
:1068300029FC29FC29FC29FC29FC29FC29FC29FC30
:1068400029FC29FC29FC29FC29FC29FC29FC49FC00
:1068500048FC07F449FC47F4A7ECA6E4A7EC67EC76
:1068600048FC28FC29FC29FC29FC29FC29FC29FCE2
:1068700049FC29FC0AFC2AFC48F448F44AFC09FCBF
:1068800049FC49FC29FC29FC2AFC2AFC2AFC29FC9D
:1068900029FC29FC29FC29FC29FC29FC36003600AE
:1068A000D451020829FC28FC48FC69FC28F409FCA6
:1068B00009FC0AEC4BD4EFD431D5EFCC4BCC4ADCFD
:1068C00029F428FC28FC49FC28FC49FC28FC08FC8D
:1068D00028FC28F428F46AFC2AF4EAE3B2FD79FFE4
:1068E000BBFFBBFFBBFF7AFFD2FD09E429F449FCE3
:1068F00049FC28FC28FC29FC28FC28FC49FC29F43C
:106900006BF40BD4D8FEBDFFDDFFFEFFDEFFBEFF44
:10691000DFFF9CFF96FE2BDC29F449FC29FC28FCB8
:1069200029FC49FC08FC08FC2AFC2BDCD3F5DDFF24
:10693000DEFFFFFFDFFFDFFFDFFFFFFFDFFFBDFF4A
:10694000B2F50AE429FC49FC29FC29FC28FC29FCB5
:1069500008FC29FC4CD4BBFFDEFFFFFFFFFFFFFF5D
:10696000FFFFFFFFFFFFDFFFDEFF7BFF2AE428F4CE
:1069700029FC29FC29FC29FC29FCE8FB29F430E549
:10698000DCFFFEFFDEF7FFFFDEF7FFFFFFFFFFFF8D
:10699000FFFFFFFFBCFF8CEC29FC29FC29FC29FC34
:1069A00009F449FC08FC09EC51E5BCFFFFFFFFFFBF
:1069B000FFFFFFFFFFFFFFFFFFFFFFFFFFFFBCFF2A
:1069C000EEF449FC29FC29FC29FC29FC29FC09FCE2
:1069D0002AEC71E5DCFFFEFF59CE35AD55AD96B51D
:1069E000FFFFFFFFFEFFFFFFDDFFEEEC29F429F4C0
:1069F00049FC28FC08FC29FC09FC2AEC70EDBBFFD3
:106A0000FEFF10846A526A52AA52FFFFFFF7FFFF8F
:106A1000FFFFBDFFEEEC09F429FC29FC29FC29FC51
:106A200008FC09FC0AEC70EDDBFFBDFFFFFFDFFF98
:106A3000DFFFFFFFDEF7FFFFFFF7FFFFBDFFEEEC1D
:106A400009F429F429FC29FC29FC08FCE8FB29F4B9
:106A500050EDDCFFFEFF3CEF59D639CE1CE7FFFFBF
:106A6000FFFFFEFFFFFFBDFFEEF429F429FC29FC28
:106A700029FC49FC49FC28FC09F471ED9CFFFEFF50
:106A80002C638631E841E839FFFFFFFFFFFFFFFF7E
:106A9000DDFFEEF429F429FC29FC29FC28F408F494
:106AA00028FC09E451E5BDFFDFFFDFFF9FF7BFF7DB
:106AB000DFFFDFFFFFFFFFFFDEFFDCFF0EF529F446
:106AC00049FC29FC29FC49FC49FC28FC2AEC31E55D
:106AD000BDFFBEFFFFFF9EF79EF7DFFFFFFFFFFF3B
:106AE000FEF7FFFFDCFFEEF429F429FC29FC29FC6A
:106AF00008FC29FC08FC2AEC92F5BCFFFEFFAA5218
:106B0000A53185318631FFFFFFFFFFFFDFFFBDFFAE
:106B1000EEF429F429FC29FC29FC29FC09FC08FCD9
:106B20002AEC51E5BCFFFEFF7CEFB9D6D9DEFBE6CF
:106B3000FFFFFFF7DFF7FFFFBEFFCEEC29F429F4DC
:106B400029FC29FC29FC08FC08FC2AEC51EDBDFFBE
:106B5000FEFFFFFFFEFFFFFFFFFFFFFFFFFFFFF74F
:106B6000FFFFDDFFEEEC29F429FC29FC29FC09FCE0
:106B700029FC08FC2AEC72EDDDFFFFFFFFFFFFF7A9
:106B8000FFF7FFF7FFF7FFF7FFF7FFFF9CFFEFECC3
:106B90002AF429FC29FC29FC49FC28FC28FC4AECA5
:106BA00071E5BDFFFFFFDFE7FFDFFFDFFFDFFFDF97
:106BB000FFD7FFDFFFF7DDFF0FED2AF429FC29FCEB
:106BC00029FC29FC29FC29FC29E451E5DDFFFFF71C
:106BD0005AA6987DB975BA75B975D9755A9EDFEF01
:106BE000DDFF0FED29F429FC29FC29FC09FC29FC17
:106BF00008FC09EC71EDDDFFFFF75C9E1C765D6E15
:106C00005E6E5D6E3C76BD9EFFF7DDFF0FF529F4ED
:106C100029FC29FC29FC2AFC09FC28FC29EC71ED43
:106C2000BDFFFFEF7D96FD5D5F567F567F5E5D5E2B
:106C30009D8EFFF79CFF0FF529F429FC28FC28FC0A
:106C400029FC29FC49FC29E450E5FDFFFFE7395DFB
:106C5000B91CFB0CFA0CD90CD8149955FFE7DDFFD1
:106C60002FF529F429FC29FC28FC29FC29FC48FCE7
:106C700029E491EDDDFFFFE79A5DD9141C053C0581
:106C80003B0D1A15DB55FFE7DDFF2FF529F429FC35
:106C900028FC28FC09FC29FC29FC2AEC71EDDDFF0D
:106CA000FFE79A5DDA143C055C055B051A0DFC559F
:106CB000FFE7DDFF0FED29F429FC29FC28FC09FC86
:106CC00029FC09FC2AEC51EDDDFFFFEF9A65DA148F
:106CD0003C055C055C0D1B0DFC55FFE7DDFF0FF56A
:106CE00029F429FC29FC28FC09FC09FC08FC2AECF5
:106CF00051E5DEFFFFEF9965F9143C055C055B0D7E
:106D00001A0DFC55FFE7DDFF2FF529F429FC29FCBE
:106D100028FC29FC08FC29FC2AEC51E5DDFFFFEFEB
:106D20009965F9143C055C0D5B0D1A0DFC55FFE7E8
:106D3000DDFF2FED29F429FC29FC29FC29FC29FC85
:106D400029FC2AEC51E5FEFFFFE79965F9143C05A3
:106D50003C053B0D1A15FC55FFE7DDFF2FED29EC37
:106D600029FC29FC29FC29FC29FC08FC2AEC51E51A
:106D7000FEFFFFE7B965F9143C053C053B0D1A150C
:106D8000FB55FFE7DCFF2FED29EC29FC29FC29FC52
:106D900028FC28FC08FC09EC72EDFEFFFFE7B96552
:106DA000F9145C055D053C0D1A15FB55FFE7DCFF8A
:106DB0002FED29EC29FC29FC29FC29FC28FC49FCA5
:106DC000E9D3D4EDFEFFFFE7BA5DF9143C055D059C
:106DD0003C0D1B15DC55FFE7DDFF50E54BE42AF4C5
:106DE00029FC29FC28FC6AFCEAD314FEDDFFFFF72E
:106DF000FFD7DB55F9143C0D5C0D5C0DFB0CFD550C
:106E0000FFE7DEFFDDFF92ED0AE429FC49FC49FCC7
:106E1000E9DBB2F5BDFFDEFFFFE7FFBF971C3B15C7
:106E20005C0D1B051B053C15FA2CFFD7FFF7FEFF79
:106E3000BCFF0FED2AEC49F44AECADE4BCFFDEFFE9
:106E4000FFF7FFD7B8243C155C0D5C0D5C153B0DBE
:106E50003B053A1DF73CFFD7FFF7DEFFBBFF4CD4E5
:106E60004AEC0ACC58FFBDFFFFFFFFDF973C1B1D1C
:106E70005D0D7D0D5C0D5C0D1B0D5C0D3A0DF81C60
:106E80005855FFE7FFFFDEFF97FE0AE410D5BBFF72
:106E9000DDFFFFEFBF86981C3B155B0D5C0D3B05CE
:106EA0003C0D5D0D5D051B051A1597243FAFFFEFE7
:106EB000FFFF9CFF6CE4F4DDDCFFFEFFFFE7B82C76
:106EC000FB145C153B0D5C0D1C0D5D0D3C055D055B
:106ED0005C0D5C0DD81C1755FFE7FFEFDEFF10EDD2
:106EE000D9EEFEFFDEFFDFCF771C3C151C0D1C0D1D
:106EF0001C0D7D151C055C0D5D053C053C0D1A1D2A
:106F0000762CFFCFFFEFDFFF15F63BF7DEFFFFFF2D
:106F10005FBF981C3C0D3D0D3D0D1D0D3C0D3C0D06
:106F20003C055D0D3D0D3C051B15962CFFC7FFEF85
:106F3000DFFF56F6FAEEDEFFFFFF7FC7981C1C0D41
:106F40003C0D3C0D3C0D3C0D5C055C055C0D1C0DC9
:106F50003C0D1B1D762CFFC7FFEFDEFF35F698EECC
:106F6000DEFFDFFFFFDF771C3C155C0D1B053C0DD2
:106F70001B057C055B053B0D3C0D3C0DFA1CD63C0E
:106F8000FFDFFFF7DDFFF3F5B3D5DCFFDEFFFFE743
:106F90009B55DA141B0D7D0D7C0D5C055C0D5B0DA6
:106FA0003B055C0D3C0DD91C1B7EFFE7FFFF9CFFE2
:106FB0000FED8DCCBBFFDDFFFFF7FFC7361C3B1D80
:106FC0003B0D3C057D0D3C0D1B055C0D1A0D1A1D7E
:106FD000972CFFDFDFF7FFFF9CFF0ADC0ADC55FE82
:106FE000BDFFDFF7FFEF9FBF351C3A1D5C153C0569
:106FF0003C0D3D0D3C0D1A1D3424FFC7FFEFDFFF94
:10700000BDFFD4F52AEC29F40ADC9BFFBEFFFFFF8D
:10701000FFEFFFBF594D771CB91CDA1CB91C98242F
:10702000BB5DFFCFFFEFDFFFDDFF5AFFEBCB4AF485
:1070300008FC09ECCEE4BCFFDEFFFFF7FFEFFFE743
:10704000FFD7FFAEDEA65FB7FFDFFFE7FFF7FFFF6B
:10705000DEFFBBFF6CE46BFC49FC28FC29F40AE46E
:10706000AEDCBCFFDDFFBCFFFEFFDFF7FFF7FFF785
:10707000FFF7FFFFFEFFBEFFBDFF9BFFADD44AF44D
:1070800028FC28FC29FC29FC49F42AEC0BD475FEC9
:107090009BFFBCFFFEFFDFFFFFFFFFFFDDFFDCFF0D
:1070A0009BFF55FE2BDC4AEC49FC29FC29FC08FC23
:1070B00029FC08FC29FC2AF4EAE34CDCF3FDB7FECA
:1070C0005AFF5BFF3AFFD7FE91ED6CD40ADC29F43E
:1070D00029FC29FC29FC29FC29FC29FC49FC08FC89
:1070E00029FC29FC29F409EC09E429E4E9DBE9DBC2
:1070F0004AEC29EC09EC4AFC29FC29FC29FC28FC77
:1071000029FC000015003300A4680208FFFFFFFF00
:10711000FFFFFFFFFFFFFFFFFFFFFFFFFFFFFFFF7F
:10712000FFFFFFFFFFFFFFFFFFFFFFFFFFFFFFFF6F
:10713000FFFFFFFFFFFFFFFFFFFFFFFFFFFFDFFF7F
:10714000FFFFFFFFFFFFFFFFFFFFFFFFFFFFFFFF4F
:10715000FFFFFFFFFFFFFFFFFFFFFFFFFFFFFFFF3F
:10716000FFFFFFFFFFFFFFFFFFFFFFFFFFFFFFFF2F
:10717000FFFFFFFFFFFFFFFFFFFFFFFFFFFFFFFF1F
:10718000FFFFFFFFFFFFFFFFFFFFFFFFFFFFFFFF0F
:10719000FFFFFFFFFFFFFFFFFFFFFFFFFFFFFFFFFF
:1071A000FFFFFFFFFFFFFFFFFFFFFFFFFFFFFFFFEF
:1071B000FFFFFFFFFFFFFFFFFFFFFFFFFFFFFFFFDF
:1071C000FFFFFFFFFFFFFFFFFFFFFFFFFFFFFFFFCF
:1071D000FFFFFFFFFFFFFFFFFFFFBAD6D39C34A5E1
:1071E00055AD96B596B555AD34A5D39CBAD6FFFF2F
:1071F000FFFFFFFFFFFFFFFFFFFFFFFFFFFFFFFF9F
:10720000FFFFFFFFFFFF38C6B6B534A5718C55AD43
:1072100096B575AD75AD96B555AD718C55ADB6B528
:1072200059CEFFFFFFFFFFFFFFFFFFFFFFFFFFFF45
:10723000DFFF9EF796B5D39C14A555AD96B5FBDE42
:10724000DFFFFFFFFFFFDFFFFBDE96B575AD14A587
:10725000D39CB6B59EF7FFFFFFFFFFFFFFFFFFFFC9
:107260009AD618C6518CD7BD9AD6FFFFFFFFFFFFF5
:10727000FFFFFFFFFFFFFFFFFFFFFFFFFFFF79CED5
:10728000D7BD518C18C69AD6FFFFFFFFFFFFFFFF47
:10729000FBDE55AD55ADFFFFFFFFFFFF79CEF39C41
:1072A00055AD75AD75AD55ADF39C9AD6FFFFFFFF9B
:1072B000FFFFB6B514A53CE7FFFFFFFFFFFFDFFFB1
:1072C000BAD638C6FFFFDFFF3CE7D7BDF39C9294E8
:1072D00096B596B575AD75AD929414A5B6B53CE767
:1072E000DFFFDFFF9AD679CEDFFFFFFFFFFFFFFF53
:1072F000FFFFDFFFFFFF79CED7BD718C96B5F7BDDD
:107300009EF7FFFFFFFF9EF7F7BDB6B59294D7BD7E
:10731000BAD6FFFFFFFFFFFFFFFFFFFFFFFFFFFFEB
:10732000FFFFFFFFFFFF3CE796B596B5FFFFFFFFAE
:10733000FFFFFFFFFFFFFFFFFFFFFFFFF7BD34A5CC
:107340001CE7FFFFFFFFFFFFFFFFFFFFFFFFFFFF48
:10735000FFFFFFFFFFFF59CE79CEFFFFFFFFD7BD35
:1073600055AD55AD55AD55ADD7BDFFFFFFFF9AD615
:1073700079CEFFFFFFFFFFFFFFFFFFFFFFFFFFFFD4
:10738000FFFFFFFFFFFFFFFFDFFFFFFFF7BDD39C06
:10739000F39CB6B596B5D39CD39C18C6FFFFFFFFF0
:1073A000FFFFFFFFFFFFFFFFFFFFFFFFFFFFFFFFED
:1073B000FFFFFFFFFFFFDFFFFFFF55AD929496B584
:1073C000DBDEFFFFDFFFBAD696B5B29475ADFFFFE7
:1073D000FFFFFFFFFFFFFFFFFFFFFFFFFFFFFFFFBD
:1073E000FFFFFFFFFFFFFFFFDFFFFFFF55ADFFFFC9
:1073F000DFFFFFFFFFFFFFFFFFFF34A5FFFFFFFFE2
:10740000FFFFFFFFFFFFFFFFFFFFFFFFFFFFFFFF8C
:10741000FFFFFFFFFFFFFFFFFFFFFFFFFFFFFFFF7C
:10742000BEF759CE59CEBEF7FFFFFFFFFFFFFFFFAC
:10743000FFFFFFFFFFFFFFFFFFFFFFFFFFFFFFFF5C
:10744000FFFFFFFFFFFFFFFFFFFFFFFFFFFFFFFF4C
:1074500034A5718C718C34A5FFFFFFFFFFFFFFFF88
:10746000FFFFFFFFFFFFFFFFFFFFFFFFFFFFFFFF2C
:10747000FFFFFFFFFFFFFFFFFFFFFFFFFFFFFFFF1C
:10748000DFFF38C638C6BEF7FFFFFFFFFFFFFFFF75
:10749000FFFFFFFFFFFFFFFFFFFFFFFFFFFFFFFFFC
:1074A000FFFFFFFFFFFFFFFFFFFFFFFFFFFFFFFFEC
:1074B000FFFFFFFFFFFFDFFFFFFFFFFFFFFFFFFFFC
:1074C000FFFFFFFFFFFFFFFFFFFFFFFFFFFFFFFFCC
:1074D000FFFFFFFFFFFFFFFFFFFFFFFFFFFFFFFFBC
:1074E000FFFFFFFFFFFFFFFFFFFFFFFFFFFFFFFFAC
:1074F000FFFFFFFFFFFFFFFFFFFFFFFFFFFFFFFF9C
:10750000FFFFFFFFFFFFFFFFFFFFFFFFFFFFFFFF8B
:10751000FFFFFFFFFFFFDFFFFFFFFFFFFFFFFFFF9B
:10752000FFFFFFFFFFFFFFFFFFFFFFFFFFFFFFFF6B
:10753000FFFFFFFFFFFFFFFFFFFFFFFFFFFFFFFF5B
:10754000FFFFFFFFFFFFFFFFFFFFFFFFFFFFFFFF4B
:10755000FFFFFFFFFFFFFFFFFFFFFFFFFFFFFFFF3B
:10756000FFFFFFFFFFFFFFFFFFFFFFFFFFFFFFFF2B
:10757000FFFFFFFFFFFFFFFFFFFFFFFFFFFFFFFF1B
:10758000FFFFFFFFFFFFFFFFFFFFFFFF18001800D7
:107590000C71020829FC29FC29FC29FC29FC28FC87
:1075A00048FC48FC48FC28FC29FC29FC29FC29FC57
:1075B00049F429FC0AFC0AFC29FC48FC48FC48FC6C
:1075C00029FC29FC09FC29FC28FC48FC48FC49F45E
:1075D00049FC49FC29FC49FC29FC29FC29FC29FC23
:1075E00029FC29FC29FC29FC29FC29FC29FC29FC73
:1075F00029FC29FC29FC29FC29FC29FC29FC29FC63
:1076000029FC29FC29FC29FC29FC29FC48FC48FC14
:1076100048FC28FC29FC29FC29FC29FC49FC49FCE4
:1076200029FC29FC29FC48FC48FC48FC29FC29FCD5
:1076300029FC29FC29FC48FC48FC49FC49FC29FCA4
:1076400029FC49FC29FC29FC29FC29FC29FC29FCF2
:1076500029FC29FC29FC29FC29FC29FC29FC29FC02
:1076600029FC29FC29FC29FC29FC29FC48FC48FCB4
:1076700049FC29FC29FC29FC28FC28FC28FC29FCC5
:1076800029FC29FC29FC29FC29FC29FC29FC48FCB3
:1076900048FC48FC48FC29FC29FC2AFC2AFC29FC63
:1076A00029FC28FC28FC29FC29FC29FC29FC29FCB4
:1076B00029FC29FC29FC29FC29FC29FC29FC29FCA2
:1076C00029FC29FC29FC29FC29FC29FC29FC29FC92
:1076D00029FC29FC29FC29FC48FC48FC29FC29FC44
:1076E00029FC29FC29FC29FC29FC29FC29FC29FC72
:1076F00029FC29FC29FC48FC49FC49FC48FC48FCC5
:1077000028FC29FC29FC2AFC2AFC29FC29FC29FC50
:1077100028FC28FC29FC29FC29FC29FC29FC29FC43
:1077200029FC29FC29FC29FC29FC29FC29FC29FC31
:1077300029FC29FC29FC29FC29FC29FC29FC29FC21
:1077400029FC29FC29FC29FC29FC29FC29FC49FCF1
:1077500029FC2AFC2AFC2AFC2AFC29FC29FC28FCFE
:1077600048FC48F429FC2AFC29FC29FC48FC48FC7C
:1077700029FC29FC29FC29FC29FC29FC28FC28FCE3
:1077800028FC49FC29FC29FC29FC29FC29FC29FCB2
:1077900029FC29FC29FC29FC29FC29FC29FC29FCC1
:1077A00029FC29FC29FC29FC29FC29FC29FC29FCB1
:1077B0002AFC2AFC29FC29FC29FC29FC49FC4AFC5E
:1077C0002AFC2AFC29FC29FC28FC48FC48FC48FC33
:1077D00029FC2AFC29FC29FC28FC48FC49FC29FC42
:1077E00029FC29FC29FC29FC29FC28FC29FC29FC72
:1077F00029FC29FC29FC29FC29FC29FC29FC29FC61
:1078000029FC29FC29FC29FC29FC29FC29FC29FC50
:1078100029FC29FC29FC29FC29FC29FC0AFC29FC5F
:1078200029FC29FC29FC29FC49FC49F449F449F4C8
:1078300029FC29FC29FC29FC29FC29FC29FC29FC20
:1078400029FC29FC29FC49FC49FC49FC49FC29FC90
:1078500029FC29FC29FC29FC29FC29FC29FC29FC00
:1078600029FC29FC29FC29FC29FC29FC29FC29FCF0
:1078700029FC29FC29FC29FC29FC29FC29FC29FCE0
:1078800029FC29FC29FC29FC29FC29FC29FC29FCD0
:1078900029FC29FC29FC49FC49F449FC49FC29FC48
:1078A00029FC29FC0AFC0AFC29FC29FC29FC29FCEE
:1078B00029FC29FC29FC29FC29FC49FC29FC29FC80
:1078C00029FC29FC0AFC29FC29FC29FC29FC29FCAF
:1078D00029FC29FC29FC29FC29FC29FC29FC29FC80
:1078E00029FC29FC29FC29FC29FC29FC29FC29FC70
:1078F00029FC29FC29FC29FC29FC29FC29FC28FC61
:1079000029FC29FC29FC29FC28FC49FC29FC08FC51
:1079100049FC29FC29FC29FC29FC29FC49FC29FCFF
:1079200009FC29FC49FC08FC49FC29FC49FC49FCF0
:1079300029FC29FC29FC29FC29FC29FC29FC29FC1F
:1079400029FC08FC29FC29FC29FC29FC29FC29FC30
:1079500029FC29FC29FC29FC29FC29FC29FC29FCFF
:1079600049F449FC29FC29FC28FC29FC29FC29FCB8
:1079700029FC49FC49FC08F429FC29FC4AFC2AF4AE
:107980004AEC6BEC6BE46BE46CE46CE46BEC8BEC5E
:107990002AEC8AFC49F449FC29F449FC29FC29FC1D
:1079A00049FC49FC49FC29FC29FC29FC29FC49FC2F
:1079B00029FC29FC29FC29FC29FC29FC29FC29FC9F
:1079C00029FC29FC29FC29FC29FC29FC69F449F43F
:1079D00049FC28FC49FC29FC29FC29FC09FC28FC61
:1079E00028FC49FC49FC6AFC0AE4ADE4CDCCCDBCE2
:1079F0006DAC2D9C0D9C2E9C6EA48EB48DC4ADDC04
:107A00006BE44AEC49F469FC28F489FC29FC29FC64
:107A100029FC29FC49FC29FC29FC29FC29FC29FC1E
:107A200029FC29FC29FC29FC29FC29FC29FC29FC2E
:107A300029FC29FC29FC29FC49F449F449FC48FCAF
:107A400049FC29FC29FC2AFC49FC49FC49FC49F475
:107A50004AE46CDCAFCC32C519EF5BE77CDF9DDF1D
:107A60009EDF9ED77DDF7CE71AEF97E610CDADD481
:107A70008CDC6AEC49F428F429FC49FC29FC29FC3B
:107A800049FC49FC29FC29FC29FC29FC29FC29FC8E
:107A900029FC29FC29FC29FC29FC29FC29FC29FCBE
:107AA00029FC29FC29FC29FC49FC49FC29FC29FC6E
:107AB00029FC29FC09FC29F44AF48BE4AEBCB7DEAE
:107AC0007DDF3DC7BDB6DDB6FEAEFEA61EA7FEA697
:107AD000DEAEDEB6DEB6BCB63DCF7CE7F4D5AED4C6
:107AE0006BEC29F449FC4AFC49FC29FC29FC29FCE3
:107AF00049FC29FC29FC29FC29FC29FC29FC29FC3E
:107B000029FC29FC29FC29FC29FC29FC29FC29FC4D
:107B100009FC29FC29FC49FC29FC29FC29FC29FC3D
:107B20004AF46BEC8DDC72D59CEFFCBEDD9EFF9EB3
:107B3000DFA6FFA6FF9E1F9F1F9F1F9FFFA6FFA6FA
:107B4000FFA61FA71FA7FDAEFBCE3AF78ECC8DEC8C
:107B50002AEC29F449FC49FC29FC29FC49FC29FCB4
:107B600029FC29FC29FC29FC29FC29FC29FC29FCED
:107B700029FC29FC29FC29FC29FC29FC29FC29FCDD
:107B800029FC29FC29FC29FC29FC2AFC6CE4AECC4C
:107B9000D9E65CD79CA6FEA6FF9E1FA71FA71FA71E
:107BA0001F9F1F9F1F9F1FA7FFA6FFA61FA7FF9E28
:107BB0001F9F1FA7FDAEDCBE9EEFD1BC8CE409F475
:107BC00029F44AFC49FC29FC49FC29FC29FC29FC34
:107BD00029FC29FC29FC29FC49FC49FC29FC29FC3D
:107BE00029FC29FC29FC29FC28FC28FC29FC2AFC6E
:107BF0002AFC29FC29FC4BECAECC1AEFFBC6DDA617
:107C00001FA71F9F1FA7FFA6FF9E1FA71F9F1F9FA6
:107C10001FA71FA7FFA6FFA6FF9E1F9F1F971F9FBF
:107C20001FA7DEA69CA67EE793E58CE42AEC49FC20
:107C300049FC29FC49FC29FC29FC29FC29FC29FCDC
:107C400029FC29FC49FC49FC29FC29FC29FC29FCCC
:107C500029FC49FC28FC48FC28FC29FC2AFC4AFC9D
:107C60002AF48DDCFAE6FCBEBDAEDFAEFFA6FF9EB9
:107C7000FFA61FA71F9F1F9F1F9F1F9F1F9F1F9F25
:107C80001F9F1F9F1F9F1F9F1F9F1F9FFFA6FFA636
:107C9000FEA6DCAE7DDFF1BC6CE429FC48FC48FCB0
:107CA00008FC29FC2AFC4AF429FC29FC28FC28FCB5
:107CB00029FC29FC28FC29FC29FC29FC29FC48FC7E
:107CC00028FC49FC28FC49FC2AFC2AF46CE492D5E7
:107CD0001CC71FA7FFA6FFA6FFA6FFA6FFA6FFA61D
:107CE0001F9F1F9F1F9F1F9F1F9F1F9F1F9F1F9FA4
:107CF0001F9F1F9F1F9F1F9F1F9FFFA6FF9EFEA6E8
:107D0000BCA67DE7AED44BEC49F448FC49FC09FC29
:107D10002AFC4AF429FC29FC29FC28FC29FC29FC22
:107D200028FC28FC29FC29FC49FC49F449FC29F4DD
:107D300049FC49FC09FC6CECF0BC9DE71DAF1F9FA2
:107D4000FF9EFFA61F9F1F9F1F9F1FA71F9F1F9F75
:107D50001F9F1F9F1F9FFFA6FFA6FFA6FFA6FFA6B0
:107D60001F9F1F9F1F9F1F9F1F9FFF9E1FAFDCBE58
:107D700057DEADD429EC08FC29FC29FC29FC49FC80
:107D800029FC29FC29FC29FC28FC28FC28FC28FCCF
:107D900029FC2AFC49F449F429FC6AFC29FC29FC49
:107DA00009FC6CDC57CE1CB7FE9E1F971F9FFF9EE1
:107DB0001F9F1F9F1F9F1F9F1F9F1F9F1F9F1F9FD3
:107DC000FFA6FFA6FFA6FFA6FFA6FFA6FFA61F9F72
:107DD0001F9F1F9F1F9F1F9FDF9EBDAE7DE78EB41D
:107DE0006BEC49FC08FC29FC29FC49FC29FC29FC1A
:107DF00029FC29FC28FC28FC28FC29FC29FC2AFC5D
:107E000049F449F428FC08FC49FC29FC4BFC6DD4DE
:107E10009EEFDDAEFEA61F9F1F9F1F9FFF9E1FA709
:107E20001F9F1F9F1F9F1F9F1F9F1F9FFFA6FFA694
:107E3000FFA6FFA6FFA6FFA6FFA61F9F1F9F1F9FCF
:107E40001F9F1F9F1FA7FEA6DCB698D68CE429FCB7
:107E500029FC49FC29FC49FC29FC29FC29FC49FC9A
:107E600049FC29FC29FC49FC29FC29FC49FC48FC6B
:107E700029FC49FC29FC4AFC4BE4AFC41DCFFEA6FB
:107E8000FFA61FA7FF9EFF9EFF9E1F9F1F9F1F9F76
:107E90001F9F1F9F1F9F1F9F1F9FFFA6FFA6FFA63D
:107EA000FFA6FFA61F9F1F9F1F9F1F9F1F9F1F9F14
:107EB000FF9E1FA7DD9EBEE76EC48CF44BEC6BECFF
:107EC0004BEC6BEC4AF429FC49FC49FC29FC29FCED
:107ED00049FC49FC29FC29FC28FC28FC09FC29FC5C
:107EE0004AFC4AEC8DD4F9EEBCAE1FA7FF9EFFA65C
:107EF000FFA6FF9E1F9F1F9FFF9EFF9EFFA61FA71F
:107F0000FFA61F9F1F9F1F9F1F9F1F9F1FA7FF9EB3
:107F10001F9F1F9F1F9F1F9F1F9F1F9FFF9E1F9F92
:107F20001F9F7EC732B5AFCCB0CC8FCC8FCC8EDC50
:107F30006CEC4AF429FC29FC2AFC29FC29FC29FCCC
:107F400028FC28FC28FC28FC4AFC29FC29FC6BECBA
:107F5000AEC47BEFFDAE1F9F1FA7FFA6FFA61FA706
:107F60001F9F1F9FFF9EFFA6FFA6FFA6FFA61F9FA6
:107F70001F9F1F9F1F9F1F9F1F9F1F9F1F9F1F9F11
:107F8000FFA6FFA6FFA61F9F1F9F3FA71F97FEA646
:107F9000D8A5F49CF4A4F4A4D4ACD3B4B0C48ECCCF
:107FA0008DD46CE44BEC2AF449FC29FC28FC28FC19
:107FB00029FC29FC29FC29FC49FC6BEC4DB49CE70D
:107FC000FDAE1F9FFFA6FFA6FFAE1FA71F9F1F9F0F
:107FD000FF9EDFA6FFA6FFA6FF9EFF9E1F9F1F9F7F
:107FE0001F9F1F9FFF9E1FA7FF9EFF9E1FA7DF9E35
:107FF0001FA71F9F1F97BF8E5F7E3E7E5D8E7D9663
:108000009E967D965D9E7D9E7BA61DC79ABE32ADD7
:10801000CECC8CE44AEC49FC49FC29FC2AFC4AFC05
:1080200029FC29FC28FC6AE42CA49DE7FDA63F9FBF
:108030001FA7FFA6FFA6FF9E1F971F971F9F1FA7A3
:108040001FA71FA71F9F1F9F1F9FFF9EFF9E1F9F72
:108050001F9FFF9EFFA61FA7DF9E5FA7FF9EBF8EED
:108060005E7E5F7E5F7E5F7E7F7E7F767F767F76C1
:108070007F7E5F767E7E7D7E5C86DCAE98CE8FB422
:10808000ADD44BE449FC28FC4AFC2AF429FC49FC09
:1080900028FC6BEC0D9C5DDF1FAF3F9FDF96BF8E12
:1080A0007F865F7E5F765E765E7E5E7E9E86DF96F4
:1080B0001F9F1F9F1F9FFF9EFF9EFFA6FFA6FFA65D
:1080C0001FA7DF9E1F9F1F9F9F865F7E3F765F7665
:1080D0007F7E7F7E7F7E5F7E7F7E7F765F7E7F7E00
:1080E0007F767E769F7E3D7E1C8EDDC6B5C5CFCC6D
:1080F0006AE449FC2AFC2AF449FC29FC08FC8CECC3
:108100002E9CBFDFDE9E7F865E7E5F7E5F765F7623
:108110005F767F767F7E7F7E5F7E3E7E5E7EBF8ED9
:108120001F9F1F9F1F9FFFA6FFA6FFA6FFA6FF9EE4
:108130001F9F7E865F7E5F767F7E7F7E7F767F76E7
:108140005F7E5F7E7F7E7F7E7F7E7F769F7E7F7677
:108150005F767F7E7F7E5D8E7BAE16CECDD44AEC81
:108160004AF44AFC28FC29FC09FC4CE4709C9FCF93
:108170003D863E765F7E7F7E7F7E7F7E7F7E5F7EDA
:108180005F765F765F767F7E5F7E3E767F861F9727
:108190003FA7FF9EFFA6DF9EFF9E3FA77E863E76FF
:1081A0007F7E7F767F7E5F7E5F767F765F7E7F7E5F
:1081B0007F7E7F7E5F767F7E7F7E7F7E7F7E7F7EFF
:1081C0005F7E3E767D86DCB652BD6CD48BF409FCB6
:1081D00028FC49FC4BECAFD4B7AD7C963D7E9F7E2E
:1081E0007F7E7F7E7F767F767F7E7F7E7F7E7F7EB7
:1081F0007F7E5F767F767F7E5F7E5E7EBF8E5FA7AF
:10820000FF9EFF9E1FA7BF963E7E7F7E7F7E7F766E
:108210007F767F767F7E7F7E7F7E5F7E7F7E7F7EA6
:108220007F7E7F7E5F765F7E7F7E5F767F7E9F7EB6
:108230005E763C86FBCED0B46CE46AFC28F46AEC33
:10824000AECCD6C5DEB61D7E7F7E7F765F7E5F7E3E
:108250007F767F765F7E5F7E5F7E7F7E7F7E5F76CE
:108260005F767F7E7F7E5F7E7F86DF8E1F9F3FA74C
:10827000FF9E3D7E5F7E7F7E7F767F767F767F76F8
:108280005F7E5F7E5F765F765F7E5F7E5F767F7EFE
:108290005F7E5F7E7F7E5F7E5F7E5E7E9F7E5E7E98
:1082A0005C8EFCCE8ED44BF449F4ACDC73B5BCB61A
:1082B0003C867F7E7F767F765F7E5F7E7F769F7651
:1082C0007F7E7F7E5F7E7F7E5F767F767F7E7F7E16
:1082D0007F765F765F7E5E7E1F9F3F9F9F867F7E5D
:1082E0005F7E5F7E7F7E7F767F767F7E5F7E5F7E36
:1082F0007F7E7F7E5F7E5F7E7F7E5F767F7E5F7E1E
:108300005F767F7E7F7E7F7E5F767F7E5F76BDAE8F
:10831000B0BC8DE44BECAECC1CC77D7E7E7E5F7620
:108320007F7E7F7E5F7E5F7E7F767F765F7E5F7EF5
:108330005F7E5F7E7F7E7F767F7E7F7E7F7E7F7E9D
:108340005F7E5F76BF863F975F7E7F7E5F7E7F7EAC
:108350007F7E7F7E7F767F7E5F7E5F7E7F7E7F7E7D
:108360005F7E7F7E7F7E7F7E7F7E7F7E7F7E7F7E45
:108370007F7E7F7E7F7E5F767F7E3C8E59D6D0C4A7
:108380008DDC12BD7C969E769F7E9F7E5F765F76AB
:108390007F7E7F7E7F767F765F7E5F7E5F7E5F7E85
:1083A0007F7E7F7E7F7E7F7E7F7E7F7E5F7E5F762D
:1083B0007F7EDF865F767F7E5F767F7E5F7E5F7605
:1083C0007F7E7F7E7F7E7F7E7F7E7F7E7F7E7F7EC5
:1083D0007F7E7F7E7F7E7F7E7F7E7F7E7F7E7F7EB5
:1083E0007F7E7F765F7E3D8E9BC6B19CD1B4BAD630
:1083F0005C8E5E765F7E5F7E5F7E7F7E7F767F7641
:108400007F767F7E5F7E5F7E7F7E7F7E7F7E7F7ECC
:108410007F7E7F7E7F7E7F7E7F7E5F7E5F767F7EBC
:108420005F767F7E7F7E7F7E7F7E5F7E7F7E7F7EAC
:108430007F7E7F7E7F7E7F7E7F7E7F7E7F7E7F7E54
:108440007F7E7F7E7F7E7F7E7F7E7F765F6E9F7E5C
:108450005F7E5E8E9BB6D38CD2949BB63D869F7E0C
:108460005F7E7F865F7E5F7E7F767F767F7E7F7E8C
:108470007F7E7F767F7E7F7E7F7E7F7E7F7E7F7E1C
:108480007F7E7F7E7F7E7F7E7F7E5F7E7F7E7F7E24
:108490007F7E7F7E7F7E7F7E7F7E7F7E7F7E7F7EF4
:1084A0007F7E7F7E7F7E7F7E7F7E7F7E7F7E7F7EE4
:1084B0007F7E7F7E7F7E7F769F7E5F767F7E5E8EF5
:1084C0009DA6936C526CDDAE7F865F7E5F7E3F7EA5
:1084D0007F7E7F7E7F765F7E7F7E7F7E7F767F76EC
:1084E0007F767F7E7F7E7F7E7F7E7F7E7F7E7F7EAC
:1084F0007F7E7F7E7F7E5F767F7E7F7E7F7E7F7EBC
:108500007F7E7F7E7F7E7F7E7F7E7F7E7F7E7F7E83
:108510007F7E7F7E7F7E7F7E7F7E7F7E7F7E7F7E73
:108520007F7E7F7E5F7E7F7E5F7E5E861C8EFB957C
:10853000F98D3C8E5F865F7E5F7E7F7E7F7E5F7E75
:108540005F7E5F7E5F7E7F767F767F767F767F7EC3
:108550007F7E7F7E7F7E7F7E7F7E7F7E7F7E7F7E33
:108560007F7E5F767F7E7F7E7F7E7F7E7F7E7F7E4B
:108570007F7E7F7E7F7E7F7E7F7E7F7E7F7E7F7E13
:108580007F7E7F7E7F7E7F7E7F7E7F7E7F7E7F7E03
:108590005F7E5F7E7F7E7E863D8EFC8DFA8D5C8E5B
:1085A0007E7E5F767F7E5F7E7F7E7F765F7E5F7E74
:1085B0005F7E7F767F767F767F7E5F7E7F7E7F7E2B
:1085C0007F7E7F7E7F7E7F7E7F7E7F7E5F7E7F7EE3
:1085D0005F7E7F7E7F7E7F7E7F7E7F7E7F7E7F7ED3
:1085E0007F7E7F7E7F7E7F7E7F7E7F7E7F7E7F7EA3
:1085F0007F7E7F7E7F7E7F7E7F7E7F7E5F7E9F7E93
:108600005F765E7E3D8E1B8E3B96FB8D7E867F7EEB
:108610005F7E7F865F7E7F7E7F7E7F7E7F7E7F7EAA
:108620007F767F767F7E5F7E7F7E7F7E7F7E7F7E92
:108630007F7E7F7E7F7E7F7E5F7E7F7E5F767F7E9A
:108640005F7E5F7E7F7E7F7E7F7E7F7E7F7E7F7E82
:108650007F7E7F7E7F7E7F7E7F7E7F7E7F7E7F7E32
:108660007F7E7F7E7F7E7F7E7F7E5F767F7E7E7E4B
:10867000BD9EF56C37757D9E5D867F7E7F7E5F7EBD
:108680005F7E7F7E7F767F767F7E7F7E7F7E7F7E32
:108690005F7E5F7E7F7E7F7E7F7E7F7E7F7E7F7E32
:1086A0007F7E7F7E7F7E7F7E7F7E7F7E7F7E7F7EE2
:1086B0007F7E7F7E7F7E7F7E7F7E7F7E7F7E7F7ED2
:1086C0007F7E7F7E7F7E7F7E7F7E7F7E7F7E7F7EC2
:1086D0007F7E7F7E7F767F765F7E5D86DCB6F284EE
:1086E000B374BCAE5D867F7E5F7E5F7E7F7E5F768D
:1086F0007F767F767F7E7F7E7F7E5F7E5F7E5F7E02
:108700007F7E7F7E7F7E7F7E7F7E7F7E7F7E7F7E81
:108710007F7E7F7E7F7E7F7E7F7E7F7E7F7E7F7E71
:108720007F7E7F7E7F7E7F7E7F7E7F7E7F7E7F7E61
:108730007F7E7F7E7F7E7F7E7F7E7F7E7F7E7F7E51
:108740007F769F7E3F763D8EDAC6F09CF294DBBE4C
:108750003D865F765F767F7E5F767F7E7F7E7F7EE3
:108760005F7E5F7E5F7E5F7E7F767F767F767F7EB9
:108770007F7E7F7E7F7E7F7E7F7E7F7E7F7E7F7E11
:108780007F7E7F7E7F7E7F7E7F7E7F7E7F7E7F7E01
:108790007F7E7F7E7F7E7F7E7F7E7F7E7F7E7F7EF1
:1087A0007F7E7F7E7F7E7F7E7F7E7F7E5F7E3F7649
:1087B0009F863C96B5BDEFC4CFB458CE1C8E9F7E2D
:1087C0007F767F7E7F7E5F767F7E7F7E5F7E5F7E31
:1087D0005F7E7F7E7F767F767F767F7E7F7E7F7EE9
:1087E0007F7E7F7E7F7E7F7E7F7E7F7E7F7E7F7EA1
:1087F0007F7E7F7E7F7E7F7E7F7E7F7E7F7E7F7E91
:108800007F7E7F7E7F7E7F7E7F7E7F7E7F7E7F7E80
:108810007F7E7F7E7F7E5F7E5F7E7F865D7EBCAE5D
:10882000D0BCADDC8DE4B0BCBCAE7E7E7F7E5F7E16
:108830005F7E7F7E7F767F7E5F7E5F7E5F7E7F7ED8
:108840007F767F767F767F7E7F7E7F7E7F7E7F7E58
:108850007F7E7F7E7F7E7F7E7F7E7F7E7F7E7F7E30
:108860007F7E7F7E7F7E7F7E7F7E7F7E7F7E7F7E20
:108870007F7E7F7E7F7E7F7E7F7E7F7E7F7E7F7E10
:108880007F7E5F7E7F7E3D7E5B8EBAC68ECC4BEC5C
:108890002AF46DCCFBD6FA855E7E7F7E7F7E7F7E5E
:1088A0007F767F7E5F7E5F7E5F7E7F7E7F767F7658
:1088B0007F7E7F7E7F7E7F7E7F7E7F7E7F7E7F7ED0
:1088C0007F7E7F7E7F7E7F7E7F7E7F7E7F7E7F7EC0
:1088D0007F7E7F7E7F7E7F7E7F7E7F7E7F7E7F7EB0
:1088E0007F7E7F7E7F7E7F7E7F7E7F7E7F7E5F7EC0
:1088F0005E7E1B863CCFF0B48CE42AFC4BFC4BE440
:10890000CFBC3CD73B867F765F765F7E7F7E7F7E67
:108910007F7E7F767F767F765F7E5F7E5F7E7F7EE7
:108920007F7E7F7E7F7E7F7E7F7E7F7E7F7E7F7E5F
:108930007F7E7F7E7F7E7F7E7F7E7F7E7F7E7F7E4F
:108940007F7E7F7E7F7E7F7E7F7E7F7E7F7E7F7E3F
:108950007F7E7F7E7F7E7F7E5F7E5F7E1C763EBFDA
:1089600032BD6CD429EC29FC09FC4AF46CDC8FB4D0
:108970003DCF1C7E5E7E7F7E7F7E7F7E7F7E7F7E84
:108980007F767F765F7E5F7E5F7E7F7E7F7E7F7E6F
:108990007F7E7F7E7F7E7F7E7F7E7F7E7F7E7F7EEF
:1089A0007F7E7F7E7F7E7F7E7F767F767F7E7F7EEF
:1089B0007F7E7F7E7F7E7F767F767F767F767F7EEF
:1089C0007F7E5F7E5E7E3D8E3EC712AD8DD46BF4A2
:1089D00029FC49FC4AFC29F42AFC6DE4B0B41CCF04
:1089E0005C8E5E767F7E5F7E7F865E7E5E767E7646
:1089F0009F7E5F765F7E7F7E7F7E7F7E7F7E7F7EB7
:108A00007F7E7F7E7F7E7F7E7F7E7F7E7F7E7F7E7E
:108A10007F7E7F767F767F767F767F7E7F7E7F7E8E
:108A20007F7E7F769F767F767F767F7E5E7E7D8679
:108A30003C863DC7D0BC8DDC6BEC4AF429FC29FC9C
:108A400029FC49FC09FC2AF48DDCD0BC9AC61EB76F
:108A50001C8E1D863D8E5E8E9E867E7E5F7E7F7E18
:108A60005F7E5F7E5F7E5F7E5F7E5F7E5F7E5F7E1E
:108A70005F7E5F7E5F7E5F7E5F7E5F7E5F7E5F7E0E
:108A80007F7E7F7E5F7E5F7E5E865F865F7E7F7E8F
:108A90005E767F7E5E7E3C8E3B96BBB6BBC6B1AC3F
:108AA0006CE44AF44AFC49FC29FC29FC29FC29FC19
:108AB00029FC4AFC29F46BEC8DD46EB478CEFCC64C
:108AC000BDAE3C8E5D8E9F8E7E867E7E7E867E8E49
:108AD0007E8E7E8E7E8E7E8E7E8E7E8E7E8E7E8E36
:108AE0007E8E7E8E7E8E7E8E7E8E7E8E7E867E8E2E
:108AF0007E8E7E8E7E8E7E8E7E8E7E8E9E8E3B8E39
:108B00001EB7DBC617CEB0BC8ED46DE44BF44AFC66
:108B10002AFC29FC29FC29FC29FC49FC49FC49FCCC
:108B200008FC49FC4AF46BE4ADCC8EA4F2A4B7ADCA
:108B300077A5789DB89DB89D979D979D979D979D8A
:108B4000979D979D979D979D979D979D979D979D85
:108B5000979D979D979D979D979D979D77A577A5A5
:108B600077A577A5779D979DB7A5B6AD4F94AFB480
:108B7000AED46CE44AF409F42AFC49FC29FC49FC13
:108B800029FC29FC29FC29FC28F449FC6AFC08F48E
:108B900049FC49F46AEC8BE46BDC6DDC6DE46EE45B
:108BA0006DDC8EDC8EDC8DDC8DDC8DDC8DDC8DDC9B
:108BB0008DDC8DDC8DDC8DDC8DDC8DDC8DDC8DDC6D
:108BC0008DDC8DDC8EDC8EDC8EDC8EDC8EDC8EDC57
:108BD0008EDC8EDC8DDC8DDC6CE46BE46BEC6AF49B
:108BE00049F449FC49FC29FC29FC29FC29FC29FC05
:108BF00008FC49FC49FC49FC29F449FC28F469FCBF
:108C000048F448FC29FC29FC09FC2AFC2AFC29FC24
:108C100029FC29FC29FC29FC29FC29FC29FC29FC2C
:108C200029FC29FC29FC29FC29FC29FC29FC29FC1C
:108C300029FC2AFC29FC29FC29FC29FC2AFC2AFC09
:108C400029FC29FC29FC49FC28FC48FC27F448FCA9
:108C500049FC29FC29FC29FC29FC29FC36003600AA
:108C60009475020829FC29FC49FC49FC29FC29FCD3
:108C700029FC28FC48FC49FC29FC29FC49FC28FC6F
:108C800048FC48FC29FC29FC48FC69FC29FC2AFC1E
:108C90002AFC29FC2AFC2AFC09FC29FC49FC28FCAA
:108CA00029FC29FC49FC48FC49FC49FC29FC29FC1D
:108CB00029FC29FC49FC49FC49FC49FC29FC29FC0C
:108CC00029FC29FC29FC29FC29FC29FC29FC29FC7C
:108CD00029FC29FC29FC29FC29FC29FC29FC28FC6D
:108CE00028FC29FC49FC49FC29FC49FC28FC49FCDE
:108CF000E8FB49FC48FC48FC49FC09FC4AFC29FC0F
:108D000029FC29FC09FC29FC49FC28FC29FC29FC3C
:108D100029FC49FC49FC29FC29FC29FC29FC29FCEB
:108D200029FC49FC49FC49FC29FC29FC29FC29FCBB
:108D300029FC29FC29FC29FC29FC29FC48FC48FCCD
:108D400029FC2AFC29FC48FC29FC29FC29FC29FCDB
:108D500029FC49FC29FC29FC29FC29FC2AFC29FCCA
:108D600028FC49FC28F449FC29FC49FC48FC48FC47
:108D700028FC29FC49FC29FC29FC29FC29FC29FCAC
:108D800029FC29FC29FC29FC29FC29FC29FC29FCBB
:108D900049FC49FC29FC29FC29FC29FC29FC29FC6B
:108DA00029FC29FC29FC29FC48FC48FC2AFC2AFC5B
:108DB00049FC48FC29FC29FC29FC29FC29FC29FC4C
:108DC0004AFCE9FB29FCE9FB2AFC08FC68FC48F4A6
:108DD00068FC28FC29FC29FC48FC48FC29FC29FCEF
:108DE00049FC29FC29FC29FC29FC29FC29FC29FC3B
:108DF00029FC29FC29FC29FC29FC29FC49FC49FC0B
:108E000029FC29FC29FC29FC29FC29FC29FC29FC3A
:108E100029FC29FC48FC29FC29FC29FC49FC48FCCC
:108E200049FC29FC29FC49FC29FC09FC2AFC09FC19
:108E300029FC69FC29FC89FCA7EC45DC07EC29FC32
:108E400029FC09FC29FC29FC29FC29FC29FC29FC1A
:108E500049F449FC29FC29FC29FC29FC0AFC29FCD1
:108E600029FC29FC29FC29FC49FC49FC29FC29FC9A
:108E700029FC29FC29FC29FC29FC29FC29FC29FCCA
:108E800028FC29FC29FC29FC49FC48FC49FC29FC5C
:108E900029FC29FC29FC29FC09FC4AFC26EC66EC8F
:108EA000A7EC65DC2BFE0BFE48F409FC29FC2AFC30
:108EB00029FC29FC29FC29FC29FC49FC49F449F43A
:108EC00029FC29FC29FC29FC29FC29FC29FC29FC7A
:108ED00029FC29FC49FC49FC29FC29FC29FC29FC2A
:108EE00029FC29FC29FC29FC29FC29FC29FC29FC5A
:108EF0002AFC29FC49FC48FC49FC29FC29FC08FC0B
:108F000048FC48FC49FC48F4E6EC03D54AFF2AFF3C
:108F10008BFE66EC68FC49FC28FC28FC29FC29FC3B
:108F200029FC29FC49FC69FC49FC49FC29FC29FC79
:108F300029FC29FC29FC29FC29FC29FC29FC29FC09
:108F400029FC29FC29FC29FC29FC29FC29FC29FCF9
:108F500029FC29FC29FC29FC29FC29FC0AFC29FC08
:108F600049FC48FC29FC29FC29FC48FC68FC47EC2E
:108F700087F484E40AFF49FF06F76AFFA5E467F473
:108F800048FC49FC68FC48F449FC29FC29FC48FCE5
:108F900088F4A8F468F448F448FC48FC49FC29FC2F
:108FA00029FC29FC29FC29FC29FC29FC29FC29FC99
:108FB00029FC29FC29FC29FC29FC29FC29FC29FC89
:108FC00029FC29FC29FC29FC29FC29FC29FC29FC79
:108FD00029FC08FC48FC48F467F486ECA6F56AFF17
:108FE000C6F627FF6AFFE3DC87F449FC29FC29FC6D
:108FF00068F468F448FC29FC2AFC48F4A6ECE9FD76
:1090000086EC87F468F448F448FC48FC28FC29FC0A
:1090100029FC29FC29FC29FC29FC29FC29FC29FC28
:1090200029FC29FC29FC29FC29FC29FC29FC29FC18
:1090300028FC49FC09FC29FC4AFC2AFC09FC49FCE7
:1090400068FC66ECC6EC28FE48FF25FF46F707FFE4
:1090500048FEC6EC48F429FC0AFC09FC68FC68F4EC
:1090600048FC49FC48F466EC04DD2BFF09FEC5E42E
:1090700066EC68F448F468FC48FC48FC29FC29FCD0
:1090800029FC29FC29FC29FC29FC29FC29FC29FCB8
:1090900029FC29FC29FC29FC29FC29FC29FC29FCA8
:1090A00049FC29FCE9FB09FC49FC28F447F4A5E448
:1090B000E9FE47FF05F746F746F769FF84DC47F40A
:1090C00048FC29FC2AFC09FC49FC69FC49FC68F4C1
:1090D000A6E4E3D4A4DD28FF6AFF24DD86EC68F46F
:1090E00027F448FC48FC49FC29FC49FC49FC49FCA4
:1090F00029FC29FC29FC29FC29FC29FC29FC29FC48
:1091000029FC29FC29FC29FC29FC28FC28FC29FC39
:109110004AFC4AFC29FC68F4A6ECAAFE06FF44F7C8
:1091200086F725F706F7E9FE65E469FC08F429FCF3
:109130002AFC2AFC29FC29FC29FC48F4EEFE2DFF20
:109140004AFFC7F6C7FE4CFFEFFE0EFE89FC28F46F
:1091500028F449FC49FC49FC49FC49FC29FC29FC50
:1091600029FC29FC29FC29FC29FC29FC29FC29FCD7
:1091700029FC29FC29FC28FC69FC49FCE8FB29FCAA
:1091800069FC86ECE7F528FF25F764F745EF46F71D
:1091900048FFA2D4A7F469FC29FC29FC29FC4AFC5D
:1091A00009FC09FC0AFC09FC49FC66E4E3DC2BFF32
:1091B0002BFFA3DC46EC68FC07F449FC49FC29FCC6
:1091C00029FC49FC29FC29FC29FC29FC29FC29FC57
:1091D00029FC29FC29FC29FC29FC29FC29FC29FC67
:1091E00029FC08FC49FC49FC29FC49FC67ECE5E446
:1091F00069FF45F745F765FF45F705F76BFFC5E4E0
:1092000047EC08FC29FC49FC09FC29FC09FC29FC69
:1092100009FC4AFC29FC48F4C5E4CCFEE9FDA6ECB7
:1092200088F469FC28F449FC49FC29FC29FC29FC48
:1092300029FC29FC29FC29FC29FC29FC29FC29FC06
:1092400029FC29FC29FC29FC29FC29FC29FC49FCD6
:1092500028FC08FC2AFC07ECE5E46BFF06F724EF8A
:1092600065FF04F745FF27FF08FEA6E489FC29FCFB
:1092700029FC29FC09FC29FC29FC29FC49FC08F4EF
:1092800048FC87F4A7ECAAFD66E487EC48F429FCC7
:1092900029FC29FC09FC09FC09FC2AFC29FC29FC05
:1092A00029FC29FC49FC49FC29FC29FC29FC29FC56
:1092B00029FC29FC29FC29FC49FC08FC49FC29FC67
:1092C00009FCA8F4E6F527FF45F765F745F766FFC3
:1092D00025FF08FFA4DC87EC28F449FC49FC49FC85
:1092E00029FC29FC29FC28FC28FC69FC27F488F4CB
:1092F00067ECE9FC27EC48F449FC29FC49FC29FC13
:109300002AFC2AFC09FC09FC29FC29FC49FC49FC33
:1093100049FC49FC29FC29FC49FC49FC49FC49FC65
:1093200029FC29FC29FC29FC49FC49FC48F485E47A
:1093300069FF24F745F745F745F724F745F789FF17
:1093400044DC68F449FC29FC49FC49FC29FC29FC63
:1093500049FC49FC49FC49FC48FC48FC48FC48FCE9
:1093600049FC49FC49FC29FC49FC29FC2AFC2AFC53
:1093700029FC29FC29FC48F448F469F448FC49FC20
:1093800029FC49FC48F448F448FC48FC29FC29FC29
:1093900029FC49FC08FC48F467ECA8F526FF64F7B3
:1093A00045F745F745F724F765F769FF65E449FC9C
:1093B00049FC49FC49FC49FC49FC49FC49FC49FC85
:1093C00049FC49FC29FC29FC29FC29FC29FC29FC35
:1093D00029FC29FC29FC29FC29FC29FC29FC29FC65
:1093E00048FC47EC0AFD67EC48FC49FC49FC29FCB9
:1093F00048FC48FC48FC49FC29FC29FC09F46AFCAF
:1094000029FC68FCA6E40BFF06FF44F745F745F787
:1094100045F745F745FF49FF86EC49FC29FC29FC47
:1094200029FC29FC29FC29FC29FC29FC29FC29FC14
:1094300029FC29FC29FC29FC29FC29FC29FC29FC04
:109440002AFC2AFC29FC29FC29FC29FC48FC67F49D
:10945000ADFEA6EC48FC08FC29FC29FC29FC29FCF3
:1094600029FC29FC29FC29FC29FC49FC29FC67F47E
:10947000E4DC4AFF26FF45F745F745F745F745F792
:1094800045F728FFA6EC49FC29FC29FC29FC29FC0E
:1094900029FC29FC29FC29FC29FC29FC29FC29FCA4
:1094A00029FC29FC29FC29FC29FC29FC2AFC29FC93
:1094B00028FC28FC29FC49FC48F466EC2DFF83DCE1
:1094C00068FC29FC29FC29FC29FC29FC2AFC29FC34
:1094D00029FC29FC6AFC29F429FC86F406F606FF1F
:1094E00025FF45FF65F744EF45F745F745F728FFAA
:1094F000A6EC29FC29FC29FC29FC29FC29FC29FCD7
:1095000029FC29FC29FC29FC29FC29FC29FC29FC33
:1095100029FC29FC29FC29FC29FC49FC48FC48FCC5
:1095200048FC48F487F448F5EAFEC3DC67F429FCFC
:1095300049FC29FC29FC29FC29FC29FC29FC29FCE3
:1095400029FC49FC48FCA6EC49FF25F725FF45F717
:1095500065EF65EF45F745F744F728FF86EC29FCF2
:1095600029FC29FC29FC29FC29FC29FC29FC29FCD3
:1095700029FC29FC29FC29FC29FC29FC29FC29FCC3
:1095800029FC29FC29FC49FC28FC48FC48FC68F41F
:10959000A7ECCBFE09FF47FE87F409FC49FC49FC18
:1095A00029FC29FC29FC29FC29FC29FC29F449FC7B
:1095B00048FC64DC88FF44F745FF45F765EF65F735
:1095C00045F745FF44F749FF86EC29FC29FC29FCB7
:1095D00029FC29FC29FC29FC29FC29FC29FC29FC63
:1095E00029FC29FC29FC29FC49FC29FC29FC29FC33
:1095F00029FC29FC29FC29FC29FC68F4A4DC4BFF8C
:1096000026FF49FFA7EC49FC49FC49FC29FC29FC41
:1096100029FC29FC29FC29FC4AFC49FC68F4A4E447
:1096200068FF64F725F745F765EF65F744F745FFF1
:1096300044F769FF86EC49FC29FC29FC29FC29FC3C
:1096400029FC29FC29FC29FC29FC29FC29FC29FCF2
:1096500029FC29FC49FC49FC29FC29FC29FC29FCA2
:1096600029FC48FC68F4A6ECC2CC48FF45F788FF0B
:10967000A4DC67EC67F468F448FC49FC29FC29FC8D
:1096800029FC29FC2AFC49FC67F442D468FF64F7F2
:1096900045F765F744EF65F745F724F744F789FF89
:1096A00044DC48F449FC29FC29FC49FC29FC09FC60
:1096B00029FC29FC29FC29FC29FC29FC29FC29FC82
:1096C00049FC49FC29FC49FC49FC49FC68F487EC4D
:1096D000A6ECA3D486FE26FF85F745F7A4E5C3DCF8
:1096E000A5E486EC67F448F448FC48FC49FC28FCF7
:1096F00029FC28FC87F487F506FF45F765F745EF59
:1097000065F765F744F744F744F748FFA4DC68ECD5
:1097100048FC49FC28FC29FC29FC29FC29FC09FC03
:1097200029FC29FC29FC29FC29FC29FC49FC49FCD1
:1097300049FC49FC27F447EC25DCA8F5EBFE6AFF61
:1097400047FF24F744EF44F768FF49FFE9FEA7FD10
:1097500065E488F447F448F449FC28FC4AFC49FCD9
:1097600087ECA7F507FF45F765F745EF65F745F780
:1097700044FF44FF44F726FF08FEA7EC68F469FCA9
:1097800049FC49FC49FC29FC29FC29FC29FC29FC51
:1097900029FC29FC29FC29FC49FC49FC49FC48F42A
:1097A00029FD0EFF2CFF0AFFE6FE25FF24F765F7D3
:1097B00045F746F726FF26FFE6FEE9FE0EFF8FFE81
:1097C000E9FC47F448F448FC09FC28FC87F487F5D9
:1097D00007FF25F745F745EF45F745F745FF44F700
:1097E00044F726FF4BFFA5DC67F448FC28FC49FC46
:1097F00049FC29FC29FC49FC29FC29FC29FC29FC01
:1098000029FC29FC49FC49FC29FC27F487ECA5E448
:10981000A3CCC6ED4AFF89FF05F745F725F726FFDC
:1098200027FF8AFF08FF64E544DCA7F447EC48F40F
:1098300048FC28FC4AFC49FC68F423CC89FF45F726
:1098400045F765F765F745F744F744F765F726F7F9
:1098500049FFE3D4A7F448FC28F428FC49FC49FC60
:1098600029FC29FC29FC29FC29FC29FC29FC29FCD0
:1098700049FC49FC29FC49FC68FC47F469F468F49C
:1098800087EC84DCA7FE26FF66F727FF08FE65DC71
:10989000A7EC87EC88F448F448FC29FC49FC29FC37
:1098A00029FC28FC69FC85DC28FF64F745F745F7AF
:1098B00045F745F725F745FF45F745F706F767FEF6
:1098C00086EC48FC69FC49FC29FC49FC29FC28FC85
:1098D00029FC29FC29FC29FC29FC29FC49FC49FC20
:1098E00049FC28F428FC49FC2AFC09FC4AFC67ECEA
:1098F000C2D428FF25F789FF24D469F449FC29FC48
:1099000049FC08F449FC29FC29FC29FC49FC49FCD8
:1099100049F444DC88FF64F765F745F745F745F7F8
:1099200045F745FF44F745F725F76AFFA6EC27F40E
:1099300048FC68FC28F449FC49FC49FC29FC29FC4A
:1099400029FC29FC29FC29FC49FC49FC28FC69FC70
:1099500049FC08FC29FC29FC49FC87F4C4E44AFFC3
:1099600046FF48FFA6EC49FC29FC49FC69FC29FCA0
:1099700049FC29FC09FC29FC28FC49FC29F4A7EC3A
:1099800089FF44F745F725F745F745F745F745F7CC
:1099900045F745F765F7E6FE09FEA7F447F448FCEE
:1099A00029FC29FC29FC29FC29FC29FC29FC29FC8F
:1099B00029FC29FC49FC48FC49FC08FC29FC49FC21
:1099C00049FC08FC49FC67F4A6ECCAFEE6FE66FE0C
:1099D00086EC28FC29FC29FC29FC49FC29FC49FCD3
:1099E00009FC29FC27FC68FC29FCA7F4C8FE26F723
:1099F00025F745F745F765F745F745F745F745F787
:109A000044F725FF4AFFC4DC66EC48FC29FC29FC2E
:109A100029FC49FC29FC29FC29FC29FC29FC49FCDE
:109A200049FC48FC28FC28FC29FC29FC29FC49FCB1
:109A300049FC68F467EC68F50AFFC2CC86EC48FC88
:109A400008FC29FC29FC29FC29FC29FC29FC29FC0F
:109A500048FC48FC29FC26EC24DD48FF26F745F7A6
:109A600045F765F745F745F745F745F744F745F7F7
:109A7000E5F64AFFA5E467F429FC09FC29FC49FC4A
:109A800049FC29FC29FC29FC29FC29FC49FC48FC4F
:109A900028FC28FC29FC29FC29FC29FC49FC49F468
:109AA00069F446E42DFF62CC87F449FC29FCE9FB0C
:109AB00029FC29FC29FC29FC29FC29FC28F449FC67
:109AC00029FC88FC84DC4AFF27FF45F745F744F76B
:109AD00044F744F764F744F745F746F746F707FFBE
:109AE00048FE85EC48FC29FC29FC49FC48F448F474
:109AF00049FC29FC29FC29FC29FC29FC29FC49FCFE
:109B000048FC48FC29FC49FC49FC49FC2AFC28F497
:109B1000EEFEE6E467EC29FC2AFC2AFC29FC29FC81
:109B200029FC29FC29FC29FC29FC4AFC29FC07F416
:109B300087EC6AFE06FF45F745F745F744F744F71B
:109B400064F764F745F746F745F705F728FF86F50C
:109B500086EC48FC28FC29FC48F448F449FC49FC04
:109B600029FC29FC29FC29FC29FC49FC49FC49FC6D
:109B700029FC29FC29FC29FC0AFC29FC87EC87EC40
:109B800048F449FC2AFCE9FB29FC29FC29FC29FCB6
:109B900029FC29FC29FC09FC29FC49FC49F465DC69
:109BA00068FF64F725FF25FF45FF45F745F745F7B3
:109BB00045F745F725F746FF05FF49FF46ED86ECDB
:109BC00048FC49FC49FC49FC49FC49FC29FC29FCAE
:109BD00048FC48FC29FC2AFC2AFC2AFC29FC29FC1C
:109BE00029FC29FC49FC08F449FC28F409FC4AFC3E
:109BF00009FC6AFC29FC29FC29FC29FC29FC29FC1C
:109C000009FC49FC28F449FC29F487EC09FF05F715
:109C100025FF25FF25FF25FF45F745F745F745F7C4
:109C200045FF04F745F705F74AFFA7F5A7F447F402
:109C300049FC29FC29FC29FC29FC29FC28FC29FCDD
:109C400029FC29FC2AFC2AFC29FC29FC29FC29FCEA
:109C500048FC48FC29FC09FC09FC08FC49FC09F407
:109C600029FC29FC29FC29FC29FC29FC09FC29FCEC
:109C700049FC49F449FC68F4A3D46AFF46FF45F760
:109C800045FF25FF25FF45F745F745F745F765F7FC
:109C900024F745F725F748FFE7F5A6EC48F429FC3B
:109CA00029FC29FC29FC29FC29FC29FC29FC49FC6C
:109CB00029FC29FC29FC29FC29FC28FC28FC28FC7F
:109CC00029FC2AFC29FC29FC49FC29FC29FC29FC4B
:109CD00029FC29FC29FC29FC49FC28FC49FC49FCFD
:109CE00029FC48F4A7ECC7F527FF45F745FF25FFFA
:109CF00045F725F725F745F744F744F765F764F787
:109D000064F725F708FFAAFEA6E467F447FC48FCC1
:109D100049FC29FC0AFC29FC49FC48FC48FC48FC9D
:109D200029FC29FC49FC48FC69FC28FC29FC09FCAD
:109D300049FC49FC28FC29FC29FC29FC29FC29FCBC
:109D400029FC29FC49FC49FC49FC29FC29FC29FC8B
:109D500048F4A5E428FF25F746FF45F745F745F702
:109D600065F745F745F745F765F764EF44F745F7BD
:109D700026FFE7FE6AFFA5EDC5E4A6EC48F449FC22
:109D800049FC48FC28FC69FC28FC49FC29FC29FC0E
:109D900049FC29F449FC29FC0AFC0AFC29FC68FC62
:109DA00048FC28F449FC29FC29FC29FC29FC29FC55
:109DB00049FC49FC29FC29FC29FC29FC29FC67F405
:109DC000E3DC8AFFC5F626F766FF24EF64F744F765
:109DD00045FF45F745F765F765F744F745F725FF74
:109DE00005FF68FF29FFC6F5A5E4A6EC87EC67F43C
:109DF00067F447F448F468FC49FC69FC48F468F4EB
:109E000088F468F42AFC2AFC29FC48F448FC69FC24
:109E100049FC29FC29FC29FC29FC29FC2AFC29FCF9
:109E200028FC28FC29FC29FC29FC48FC87ECC5DC23
:109E30006BFFE7FE26FF65F763EF84EF25EF46F73C
:109E400046FF25F744F744F744F745F745FF26FF5B
:109E500005F726FF89FFA7FEE4DC84DCC5ECA5EC52
:109E600086ECA7F466EC67EC87ECA7ECC6E465DC4F
:109E7000E8EB09FC49FC48FC28FC28FC29FC29FCEF
:109E800029FC29FC29FC29FC2AFC29FC28FC28FCAB
:109E900029FC29FC29FC29FC49FC87F4A4DC2BFFC4
:109EA000C7FE46FF44EF64EF86FF45F725F725FF21
:109EB00045FF45F744F744F745FF25F766FF65F78B
:109EC00024EF25F728FF2BFFEAFE69FEA7FD87F5A3
:109ED000A7FDC8FDA8FDA8FD8CFE89FD89FC2AFC14
:109EE00029FC28FC29FC29FC29FC29FC29FC29FC4B
:109EF00029FC29FC29FC29FC29FC29FC49FC49FCFA
:109F000029FC29FC09FC49FC88F4A6E4AAFE29FFE7
:109F100005F765F724EF45EF45F745FF45F745F7AA
:109F200064F764F765FF45F725F725F745F745F72B
:109F300025F726FF07FF07FF27FF26FF47FFE7FE5E
:109F4000A8FE4CFF27F587F408FC09FC29FC29FC36
:109F500029FC49FC29FC29FC29FC29FC29FC29FCB9
:109F600029FC29FC29FC29FC49FC49FC29FC29FC89
:109F70002AFC29FC49FC68F4E6EC86F54AFFC6FE9B
:109F800046FF65F745F745F745F765F764F744F78A
:109F900045F725F725F745F725F765F765F744F702
:109FA00045F725F725F704F706F748FF2AFFC3DC36
:109FB000A6F448F429FC2AFC29FC29FC28FC28FCEE
:109FC00029FC29FC29FC29FC29FC29FC29FC49FC49
:109FD00049FC49FC49FC29FC29FC29FC49FC08FCFA
:109FE00028FC48FC47EC87ECA5E46AFE29FF26FF25
:109FF00025F765F785F764F725F746F725F745F761
:10A0000044F765F766FF24F724EF65F764EF65F71B
:10A0100006F749FF2CFF05ED85EC67F468F428FC92
:10A0200029FC29FC29FC49FC49FC29FC29FC29FCC8
:10A0300029FC29FC29FC29FC29FC49FC49FC49FC98
:10A0400029FC29FC29FC29FC29FC49FC48FC48FC8A
:10A0500049FC49FC47ECA7ECA3DC47FE6AFF68FF1C
:10A0600006F726FF27FF07FF26FF26FF46FF25FFEF
:10A0700006F726FF46FF06FF26FF89FF2AFFE4DCDE
:10A08000A5E487F448FC29FC49FC49FC29FC29FC8F
:10A0900029FC49FC49FC29F429FC29FC29FC29FC60
:10A0A00029FC29FC29FC29FC29FC29FC29FC29FC88
:10A0B00029FC29FC29FC29FC29FC29FC29FC49FC58
:10A0C00049FC48F467F487F465E4A4DCE8FD0BFF81
:10A0D0004BFF4AFF6AFF08FF69FF6AFF4AFF2AFF3A
:10A0E0006BFFCAFE27ED65E486EC87F447F448F47D
:10A0F00029FC49FC29FC29FC29FC29FC29FC29FC18
:10A1000029FC29FC29FC29FC29FC29FC29FC29FC27
:10A1100029FC29FC29FC29FC29FC29FC29FC29FC17
:10A1200029FC29FC29FC29FC29FC29FC29FC29FC07
:10A1300029FC49FC48F447ECA7ECA6E484DCA3D452
:10A1400041C486ED61CC01C483D4C4DCA4DC86E4C4
:10A1500089FC08F449FC49FC29FC49FC29FC29FC40
:10A1600029FC29FC29FC29FC29FC29FC29FC29FCC7
:10A1700029FC29FC29FC29FC29FC29FC29FC29FCB7
:10A1800029FC29FC29FC29FC29FC29FC29FC29FCA7
:10A1900029FC29FC29FC29FC29FC29FC49FC49FC57
:10A1A00049FC48FC68FC68F467EC87F487F487F4A2
:10A1B00067EC88F467F468F488F468FC49F428F4E0
:10A1C00049FC49FC29FC49FC29FC29FC29FC29FC07
:10A1D00029FC29FC29FC29FC29FC29FC29FC29FC57
:10A1E00029FC29FC29FC29FC29FC29FC29FC29FC47
:10A1F00029FC29FC29FC29FC29FC29FC29FC29FC37
:10A2000029FC29FC29FC29FC49FC49FC29FC28FCE7
:10A2100049FC49FC29FC29FC49FC09FC4AFC09FCD5
:10A220006AFC08FC08FC29FC29FC49FC49FC29FCC7
:10A2300029FC49FC29FC49FC29FC29FC29FC29FCB6
:10A2400029FC29FC29FC29FC29FC29FC29FC29FCE6
:10A2500029FC29FC29FC29FC29FC29FC29FC29FCD6
:10A2600029FC29FC29FC29FC29FC29FC29FC29FCC6
:10A2700029FC49FC28F449FC49FC29FC29FC29FC5F
:10A2800029FC09FC09FC2AFC09FC2AFC09FC29FC24
:10A290006AFC29FC49FC49FC29FC29FC29FC29FC15
:10A2A00029FC49FC29FC29FC29FC29FC29FC29FC66
:10A2B00029FC29FC29FC29FC29FC29FC29FC29FC76
:10A2C00029FC29FC29FC29FC29FC29FC29FC29FC66
:10A2D00029FC29FC29FC29FC29FC29FC29FC49FC36
:10A2E00069FC68FC49FC29FC29FC09FC0AFC0AFC05
:10A2F0000AFC0AFCE9FB2AFC29FC49FC29FC49FC74
:10A3000049FC49FC29FC29FC49FC29FC29FC29FCC5
:10A3100029FC29FC29FC29FC29FC29FC29FC29FC15
:10A3200029FC29FC29FC29FC29FC29FC36003600E3
:10A33000648C020849F449FC2AFC29FC28FC28FC0E
:10A3400029FC29FC49F449FC09FC29FC0AFC09FC0C
:10A3500049FC48F46AF46BE4ADD4EECCCFBCEFBC5E
:10A36000EFCC8DD46CE44BF44AFC29FC4AFC29FC6C
:10A3700029FC29FC29FC29FC29FC4AFC29FC29FC94
:10A3800028FC28FC48FC49FC29FC29FC48FC48FC2A
:10A3900029FC29FC29FC29FC29FC29FC29FC29FC95
:10A3A00049FC49FC29FC29FC29FC28FC29FC29FC46
:10A3B00028F469FC09FC09FC2AFC4BF48BE4ACDCB6
:10A3C0006CCCAEC4D0BC36D61AE7F9E637DED0BCCA
:10A3D00031D56DCC8DDC6CE42AE46AF44AFC08FCCF
:10A3E00049FC49FC29FC29FC29FC29FC28FC48FCE7
:10A3F00028FC29FC29FC29FC48FC48FC29FC29FCF8
:10A4000029FC29FC29FC29FC29FC29FC28FC29FC25
:10A4100029FC29FC29FC29FC28FC48FC49F429F4E6
:10A420004AFC09F46BEC8DD4D0BC37CE7DE75DD708
:10A430003EC7FDB6BCAEDDB61EBF3DC71CC79DDF27
:10A440003AE711B5CFD46CDC29F429FCE8FB29FCF0
:10A4500049FC29FC28FC49FC29FC29FC09FC09FCD5
:10A4600029FC29FC29FC29FC29FC29FC29FC29FCC4
:10A4700029FC29FC29FC29FC28FC29FC29FC29FCB5
:10A4800029FC29FC28FC48FC49F44AF42AF46CE431
:10A49000ADCCB7EE7DDFFDBEDEAEFFA6FF9E1F9FFB
:10A4A000FF9EFF9E3FA7FF9E1F9FFD9EFCAE5CD7B9
:10A4B0003BF710CD6CDC6BF46AFC29FC28FC29FC12
:10A4C00049FC49FC08F429FC09FC09FC29FC49FC6D
:10A4D00029FC29FC29FC29FC29FC29FC29FC29FC54
:10A4E00029FC29FC28FC29FC29FC29FC29FC29FC45
:10A4F00029FC29FC49FC2AEC6CE410CD9CEFBBB68E
:10A500001EB7BD9EFFA61FA7FFA61FA71FA7FF9EE2
:10A510001FA7FFA6FFA61FA71EA7FDAE9AAE9DE729
:10A52000F5CDAFCC4AEC28FC49FC29FC29F449FCC8
:10A5300049FC49FC29FC29FC4AF449F429FC29FC82
:10A540002AFC29FC29FC29FC29FC29FC29FC29FCE2
:10A5500028FC29FC29FC29FC29FC28FC29FC29FCD5
:10A560004AF46CE431D57CEFBBAEFE9E1F9F1FA763
:10A570001F9FDF9E1FA7FFA6FFA61FA7FFA61FA75F
:10A580001FA7FF9E3FA7FE9E3FAFBCAE1DC71BEFA0
:10A59000ADD44AEC4AFC29FC29F44AFC49FC29FCCC
:10A5A00029FC29FC49F449F449FC29FC29FC29FC33
:10A5B00029FC29FC29FC29FC29FC29FC48FC49FC34
:10A5C00029FC29FC29FC29FC29FC4AF46BE410D560
:10A5D0009DEF9CA6FEA63FA71F9F1F9F1F9F1FA723
:10A5E000FF9E1F9F1FA7FF9EFFA6DF9EFFA6FF9E49
:10A5F000FF9E1F9F1F9FFFA6FEAEDBBEB7E6EED4F9
:10A600000AEC29FC4AFC29FC08FC29FC29FC29FC51
:10A6100049FC48FC48FC48FC28FC29FC29FC29FC96
:10A6200029FC29FC29FC29FC48F449FC29FC29FCCB
:10A6300029FC29FC29FC6BECAECC7CF79BAE1FA758
:10A640001FA7FF9E1F9F1F9F1F9F1F9F3F9F1F9F13
:10A650001F9F1FA7DF9E1FA7FFA6FF9E3F9F1F9F55
:10A660001F9F1F9FDF9EFEAE5CD793CD8CE429FC1D
:10A6700009FC29FC29FC29FC29FC29FC29FC28FCD3
:10A6800048FC48FC48FC29FC29FC29FC29FC29FC45
:10A6900029FC29FC48FC29FC4AFC2AFC29FC4AFC30
:10A6A00049F48CDCB9E6BCB6DDA61FA7FF9EFF9E71
:10A6B0001F9F1F9F1F9F1F9F1F9F1F9F1F9F1F9FAA
:10A6C000FFA6FF9E1FA7FF9EFF9EFF9E1F9F1F9F2F
:10A6D0001F9F1FA7BDAE9EEF6DCC6AEC49F448FCEE
:10A6E00049FC29FC29FC29FC29FC09FC28FC48FC24
:10A6F00049FC29FC29FC29FC29FC29FC29FC29FC12
:10A7000049FC29FC09F429FC4AFC4AF44AEC8DC4B2
:10A710005DD71FAFFEA61FA7FFA61FA71FA7DF9E1F
:10A72000FFA61FA71F9F1F9F1F9F1F9F1F9F1FA742
:10A73000FF9EFF9E1FA71F9F1F9F1F9FFF9EFF9EA5
:10A74000FFA6FDC6F4DDACDC69EC28FC48FC49FC46
:10A7500008FC49FC09FC2AFC4AFC29F429FC49FCB8
:10A7600029FC29FC29FC29FC29FC29FC2AFC4AFC9F
:10A7700049FC28FC49FC4AF4ACDC77EEDCBEFFA6C1
:10A780001F9F1FA7FF9EFFA61FA7FFA6FFA6FFA64E
:10A79000FFA6FFA61F9F1F9F1F9F1F9FFF9E1FA714
:10A7A0001FA7FF9EFF9E1FA7FFA6FFA6FF9EFDAE51
:10A7B0009CEFAEBC6BE429FC49FC29FC29FC4AFC5B
:10A7C00009FC29FC09FC4AFC49FC29FC29FC29FC60
:10A7D00029FC29FC29FC29FCE9FB29FC29FC28FC93
:10A7E00049FC4AEC8EC47CEFDDAEFF9E1F9F1FA785
:10A7F000FFA61FA71FA71FA7FFA6FFA6FFA61FA7AD
:10A800001FA71F9F1F9F1F9F1FA7FF9EFF9EFF9EAB
:10A810001FA71FA7FFA6FFA61FA7FDA6FCBEB4BDCE
:10A820008DCCACEC2AE46BEC8CEC2AEC4AFC09FCF9
:10A830004AFC09FC29FC29FC29FC29FC29FC29FCEF
:10A8400029FC29FC2AFC4AFC29FC49FC08FC6BEC8D
:10A8500031C51BCF1EA71F9F1F9FFF9EDF9EFFA618
:10A860001F9FFF9E1F9F1F9F1F9F1F9FFFA61FA72A
:10A87000FFA6FFA6FF9EFF9E1F9F1FA71FA7FFA665
:10A88000DF9EFFA6FFA6FFA63FB7DCC612B58EB4BB
:10A89000CFC4CEC4AFCC8ED44BE46BF429FC49FCBE
:10A8A00049FC29FC29FC29FC29FC29FC29FC29FC60
:10A8B0004AFC09FC29FC08FC28FC8BE4D0A47ECFD0
:10A8C000FFA61F9F1FA7FF9EFF9EFFA61F9F3F9FE4
:10A8D0001F9F1F9F1F9F1F9FFFA6FFA6FFA6FFA6EC
:10A8E000FF9EFF9E1F9F1FA71FA7FF9EFF9E1FA7E4
:10A8F0001FA7FF9E9E96BEA619A6BAC6FAD6BAD6BE
:10A9000096B5B5C58FB46DC48DDC6BE429EC49FCFC
:10A9100029FC29FC29FC29FC29FC29FC29FC49FCEF
:10A9200028FC69FC28F4ACDCDADEBDAEFFA61F9F74
:10A93000FF9E1F9F3FA73FA71FA7FF9EFF9E1F9F32
:10A940001FA7FFA6FFA6FFA6FFA61FA7FFA61FA77C
:10A950001F9FFF9E1F9F1F9F1F9FFF96BF8E5F7EA3
:10A960003F7E1E7E7E8E3C8E3C8E3D8E5D961B8E87
:10A97000FDAEFBBE16B6AFB48DE42AF429FC29FC6B
:10A9800029FC29FC29FC29FC49FC28FC29FC29FC80
:10A9900049FC8CD4DAD6FEAEFFA61F9F1F9FFF9600
:10A9A000BF8E9F8E9F8EDF96DF96FF9E1FA71FA7ED
:10A9B0001F9FFF9EFF9EFF9EFFA61FA7FFA6FF9E55
:10A9C0003F9F3F9FDF8E5E7E5E765F765F7E5F7E1F
:10A9D0005F765F765F7E5F7E7F7E7F769E7E5C7E2B
:10A9E0009B96DBC612C58EDC6BEC49F449FC29FC56
:10A9F00029FC29FC28FC49FC09FC29FC28FC8CDCEE
:10AA00001AD71EA7FF96BF867F7E3F7E3F7E3E7E83
:10AA10003E765E763E7E3F7E7F86DF961F9F1F9F3F
:10AA2000FF9E1FA7FFA6FFA6FF9EFF9E3F9FBF861C
:10AA30003E767F7E7F7E7F7E7F7E7F7E7F7E7F7E77
:10AA40007F7E7F7E5F7E7F7E9F7E5E7E3D7E7D966B
:10AA50009CA618C6AED44AEC49F449FC49FC29FC32
:10AA600048FC49FC29FC2AFC6AF48DCCDAC6BE9667
:10AA70005E7E5F763F765F7E5F7E7F7E7F767F76CF
:10AA80007F7E5F7E5F7E3F769F861F971F9FFF9E24
:10AA9000FF9E1FA7FFA61FA7BF8E5F7E5F765F7614
:10AAA0007F7E7F7E7F7E7F7E7F7E7F7E5F7E7F7EDE
:10AAB0005F7E7F7E5F7E7F7E7F865E7E5E7E9CA6E3
:10AAC000B4C5CDDC4AEC49FC29FC6AFC08FC49FC15
:10AAD00049FC6BF44BE4D0C4FDBE3D7E7F7E5F7EBF
:10AAE0005F7E5F7E7F7E7F767F767F765F7E7F7EF6
:10AAF0007F7E5F7E3E765E86DF963FA7FF9EFF9E4F
:10AB00001FA7FF9E3E7E5F7E7F7E7F767F7E5F7E7D
:10AB10007F7E7F7E7F7E7F7E7F767F767F7E5F7685
:10AB20005F7E7F7E7F7E5E7E5E7E5D8E1DC7D0AC4B
:10AB30008CE429F409FC09FC49FC29FC49FC4BE4A0
:10AB4000CFCC99DEFB955E7E7F7E7F7E7F7E5F7EB3
:10AB50005F7E5F767F767F767F7E5F765F7E7F7EAD
:10AB60005F7E3E767E86DF961F9FFF9E1F9F7E86BE
:10AB70003E7E7F7E7F7E7F7E7F7E5F7E7F7E7F7E4E
:10AB80007F7E7F7E7F767F767F7E5F7E7F7E5F7E2D
:10AB90005F7E7F7E7F863D7E1B861CCF8ECC6BF4D6
:10ABA0004BFC09FC29FC49FC49F4ADDCF6C53BA68D
:10ABB0005E965F865F7E7F767F7E7F7E7F7E7F7EF6
:10ABC0007F7E7F767F7E5F765F767F7E7F7E5F7E15
:10ABD0005F7E3E7E1F975F9FBF8E3E7E5F7E7F7E45
:10ABE0005F767F767F7E5F7E7F7E7F7E7F7E7F7ECD
:10ABF0007F767F765F769F7E7F7E7F7E7F7E7F7E85
:10AC00005F7E7F7E7F7E9DA6F2B48EDC2AEC29FCDF
:10AC100029FC4AFC6BE4CFC4DCBE3D863F863F7E08
:10AC20007F7E7F7E7F7E7F767F767F765F7E5F769C
:10AC30005F7E7F7E7F7E7F765F7E5F7E5F7E5F7ED4
:10AC40009F865F9F5E7E5F7E7F7E7F7E7F767F7644
:10AC50005F7E5F7E7F7E7F7E7F7E7F7E7F767F765C
:10AC60007F767F767F7E7F7E7F7E7F7E7F7E7F7E0C
:10AC70005F763D86FBD68FBC8CEC29FC08FC4AF441
:10AC8000CECC37C63C967F865F7E7F7E7F7E7F7E82
:10AC90007F7E5F767F767F767F7E7F7E7F7E7F7E04
:10ACA0005F767F767F7E7F7E7F7E7F7E5F7EDF8E9C
:10ACB0003E767F7E5F7E7F7E7F767F7E5F7E5F7E5D
:10ACC0007F7E7F7E7F7E7F7E7F767F767F7E5F76D4
:10ACD0007F767F765F767F7E9F7E3F765F7E5E8E1D
:10ACE000FDB6B0A48CE448FC29FC4BEC8FACFCBE58
:10ACF0005E865F767F7E5F765F767F767F7E7F760D
:10AD00007F767F765F7E5F7E5F7E7F7E7F7E7F76D3
:10AD10007F767F7E7F7E5F7E5F7E5F7E5F7E7F7ED3
:10AD20005F767F7E5F767F767F7E5F7E7F7E7F7EB3
:10AD30007F7E7F7E7F767F765F767F7E7F7E7F7E63
:10AD40007F7E5F765F767F7E5F7E5E863B8ED5AD53
:10AD50008CDC48FC29FC8CE4D29CBDA65E7E7F7610
:10AD60007F767F767F767F767F767F765F7E5F7E6B
:10AD70005F7E7F7E5F7E7F7E7F7E7F7E7F767F763B
:10AD80007F7E7F7E7F7E7F7E5F7E5F7E7F7E7F7E1B
:10AD90007F7E7F7E5F7E5F7E7F7E7F7E7F7E7F7E0B
:10ADA0007F767F767F767F767F767F767F767F76FB
:10ADB0005F7E5F7E5F7E5E865C86B5A5ACDC48FC10
:10ADC00029FC6DDCB7AD7D8E7F7E3F6E7F767F7E0A
:10ADD0007F767F767F767F765F7E5F7E5F7E7F7E0B
:10ADE0007F7E7F7E7F7E7F7E7F7E7F7E7F7E7F7E7B
:10ADF0007F7E7F7E5F7E5F7E7F7E7F7E7F7E7F7EAB
:10AE00005F7E5F7E7F7E7F7E7F7E7F7E7F767F76AA
:10AE10007F767F767F767F767F767F765F7E5F7EBA
:10AE20007F7E5F7E7D86B79D8CD448FC29FC8EDCBE
:10AE3000D89D7E865F7E7F7E5F767F7E7F767F7603
:10AE40007F767F7E5F7E5F7E7F7E7F7E7F7E7F7E62
:10AE50007F7E7F7E5F7E7F7E7F7E7F7E7F7E7F7E2A
:10AE60007F7E7F7E5F7E5F7E5F7E5F7E7F7E7F7E7A
:10AE70007F7E7F7E7F7E7F7E7F7E7F7E7F7E7F7EEA
:10AE80007F7E7F7E7F7E7F7E7F7E5F7E7F765F7E22
:10AE9000BF8697958DDC48FC09FC8EDC97959F7EDC
:10AEA0007F7E7F7E5F7E5F7E7F7E7F767F767F7612
:10AEB0007F7E7F7E7F7E7F7E7F7E7F7E7F7E7F7EAA
:10AEC0005F7E5F7E7F7E7F7E7F7E7F7E7F7E7F7EDA
:10AED0005F7E5F7E7F7E7F7E7F7E7F7E7F7E7F7ECA
:10AEE0007F7E7F7E7F7E7F7E7F7E7F7E7F7E7F7E7A
:10AEF0007F7E7F7E7F7E7F765F767F7E7F86989D5A
:10AF0000ADDC28FC29FC8DDC979D9F865E7E5F7EF4
:10AF10005F7E7F7E5F7E5F7E7F767F767F767F76C9
:10AF20005F7E5F7E7F7E7F7E7F7E7F7E5F7E5F7EB9
:10AF30005F7E5F7E7F7E7F7E7F7E7F7E7F7E7F7E69
:10AF40007F7E7F7E7F7E7F7E7F7E7F7E7F7E7F7E19
:10AF50007F7E7F7E7F7E7F7E7F7E7F7E7F7E7F7E09
:10AF60007F7E7F7E7F7E7F863E8E97A58DDC28FC50
:10AF700029FC8DDC96A57D8E3D7E7F7E7F7E7F7E4B
:10AF80005F7E5F7E7F7E7F767F767F765F7E5F7E71
:10AF90005F7E7F7E7F7E7F7E5F7E5F7E5F7E5F7E69
:10AFA0007F7E7F7E7F7E7F7E7F7E7F7E7F7E7F7EB9
:10AFB0007F7E7F7E7F7E7F7E7F7E7F7E7F7E7F7EA9
:10AFC0007F7E7F7E7F7E7F7E7F7E7F7E7F7E7F7E99
:10AFD0007F7E3E86BDAEF3A46CE429FC2AFC4CDCEB
:10AFE00054AD7B9E7E865F769F7E5F767F7E5F7EA2
:10AFF0005F7E7F7E7F767F767F7E5F7E5F7E7F76E1
:10B000007F7E7F7E5F7E5F7E5F7E5F7E7F7E7F7ED8
:10B010007F767F767F767F767F767F767F7E7F7E78
:10B020007F7E7F7E7F7E7F7E5F7E5F7E5F7E5F7EB8
:10B030005F7E5F7E5F7E5F7E7F7E5F7E5F7E3D8622
:10B04000DCCE6EAC6BEC29FC2AFC8CE48FA41CC714
:10B050005C867F767F7E5F7E5F7E7F7E5F7E5F7EAB
:10B060007F767F765F7E5F7E5F7E7F7E7F767F7678
:10B070005F7E7F7E5F7E7F7E7F767F767F767F7E40
:10B080007F7E7F767F767F767F767F7E7F7E7F7EF8
:10B090007F7E7F7E7F7E5F7E7F7E5F7E5F7E5F7E48
:10B0A0007F7E7F7E5F7E7F7E5F7E3C9678D6ADCC56
:10B0B0006BF429FC49FC6BECAECC37C65C8E7E761B
:10B0C0007F7E7F7E5F7E7F7E5F7E5F767F767F7E08
:10B0D0005F7E5F7E5F7E7F7E7F767F767F7E5F7E18
:10B0E0005F7E7F7E7F769F767F767F7E5F7E5F76D8
:10B0F0009F7E7F769F767F767F7E5F7E5F7E9F7E60
:10B100005F767F767F765F765F7E7F7E5F767F7EFF
:10B110005F7E7F7E7E7EBCAECFBC6BE429F449FCB3
:10B1200049FC49F48CE48FB41DBF7D7E5F7E5F7E59
:10B130005F7E5F7E7F7E7F7E7F7E7F7E5F7E5F7EA7
:10B140005F7E5F767F767F765F767F7E7F7E7F769F
:10B150007F767F7E5F7E5F7E7F7E5F7E7F767F767F
:10B160007F765F767F7E7F7E7F7E7F7E7F767F7637
:10B170009F7E7F7E5F7E5F7E5F7E7F7E7F7E3D7E69
:10B180007C96B9CE8DD429F44AFC09FC28FC29FC14
:10B190004AFC6DD478C6BB9E5E865F865F865F7E06
:10B1A0007F7E7F765F767F767F767F765F7E5F7E3F
:10B1B0007F7E7F7E7F7E7F763F767F7E7F7E3F7E37
:10B1C0003F7E5F7E7F7E7F765F767F7E7F7E7F7E27
:10B1D0007F767F765F765F765F767F7E5F763F767F
:10B1E0005F7E7F7E5F769F7E5E765C8EDACE8FBCE2
:10B1F0004BE44AFC49FC6AFC28FC08FC29FC8CEC6A
:10B20000CFB499C67DA63E865E865E7E3F76BF7EC3
:10B210005F767F767F767F767F765F7E7F7E5F7ECE
:10B220005F769F7EBF7E5F763F7E5F867F865F7E96
:10B230005F767F7E5F767F7E5F7E5F7E7F767F76C6
:10B240007F7E7F7E7F7E7F7E5F7E7F867F7E3F7676
:10B250007F7E3E7E5C8E1CCFF0C4ACE44AF409FCD9
:10B2600029FC09FC08FC49FC28FC29F48CECAEC440
:10B2700079CE5B9E3C865E7EBF869F7E9F865F7E8C
:10B280003F767F7E5F767F7E5F767F7E7F7E5E7697
:10B290005F765F767F7E3E7EBF86BF8E7F7E5F7EDF
:10B2A0005F767F7E5F7E5F865F7E5F765F765F76AE
:10B2B0007F7E5F765F7E9F869F7E9F7E7E7E3C8EBA
:10B2C00039C6B0C48CE4E8EB29FC49FC29FC4AFCF3
:10B2D00029FC28FC48FC49FC09FC4BE4F0C437C6B7
:10B2E0003DBF5C967D8E1F9F5E869F969F8E5E867D
:10B2F0005E867E865D7E5E867E865E7E7E7EBF8E7E
:10B300009F8E9F8EDF96BF8E9E8E9F8E7F8E3F7EFE
:10B310003E865F865F865F867E867E869F867F8688
:10B320009F965E8E1F9F7C8E3B8E5DDFB0C46CE46B
:10B3300029FC28FC29FC49FC29FC49FC09FC09FCE6
:10B3400069FCE8F329FC6BFC4BE4AED46EAC9DEFDA
:10B350009BAE3B8E1B963FB7DF9EBE96BE9E9D9ECC
:10B36000DEA6BEA6BD9EFE9EBD967C8E3FB73FAFBD
:10B370003C863C863FAFFEAE3C96DFA6BE9EDE9E80
:10B38000BD9EDDA6BDA69D9EBD9EBEA63FBF1A9ECC
:10B390001A9E59AE7CF7AFC44BDC4AF428FC49FC3A
:10B3A00029FC29F449FC28FC09FC29FC29FC4AFC5D
:10B3B0004AFC4AFC29F46BEC2FDDF0B494A55DD770
:10B3C000DCCE317439B635957284B28C7284117CBE
:10B3D000D38C9284517C9AC6517CB3849FCFBFD7C3
:10B3E000927C14959ACE5184B28C9184717C918414
:10B3F000918C928C359DB7AD918478CE3BDF73B53F
:10B40000F0BCCEDC6AF429FC29FC09FC4AFC29FCCE
:10B4100028FC48FC28FC29FC29FC29FC2AFC4AFCC5
:10B4200049FC6BE4D2E555DED0BC8FB4AFBCD4E5AB
:10B4300012CDB0CC8DD4ADD4AFCC8FC4AED46DD43E
:10B44000AEDC8ED4B4DD8FA4F0B411B590A436E692
:10B450008ECCADD4ADD4AECCAFC4CFCCADDC8DD41E
:10B46000D0CCD4E5D4E56EB44DACCEBC34E692E598
:10B470004CEC2AFC0AFC2AFC2AFC29FC48FC48FC6F
:10B4800029FC49FC49FC49FC29FC29FC28FC29E44D
:10B49000EEDC92E5AFD4D7FE6CD48CDC4CDC2BDC3C
:10B4A000ACEC4AD42CCC51F52BD46BEC4BF4CADB6E
:10B4B00091FD6DC40ED50ED56DC471EDE9D36BEC65
:10B4C0008CE44BD450F52BCC2ADC8CEC2BDC8DDCC3
:10B4D000ADDC8CD453FECED491E50FE5EAE30AFC53
:10B4E0002AFC2AFC2AFC29FC48FC48FC2AFC29FCF2
:10B4F00049FC48FC49FC29FC28FC08F46AF44BECA4
:10B500002DD492FD0EF549E44AEC4ADC2BB4EFBC95
:10B51000AFC472E5AEC48ECC4CDC4BEC6CEC8DE46D
:10B52000D2FD12FECCE48BE46BE44CD48ECC8FC401
:10B5300092E56EC40FC54BBC4BDC6BEC4AE40EF5D8
:10B540002BD4EACB4BDC4BEC2BF42AFC29FC29FC5A
:10B5500029FC29FC48FC48F40AFC29FC48FC48FC6E
:10B5600048FC49FC29FC28FC29FCE9F34CEC0BDCE9
:10B570004AEC29EC69F44ADC34EEB7E6B0B4B0BC6E
:10B580008FB417FF2BCC6CEC2BF44CF46CDC6BD42D
:10B5900049EC69EC8CEC2CCCF9FE6FB4B0BCD0BC9F
:10B5A00097E634EE4BDC4AF44AEC8BF4E9DB6BECC7
:10B5B0004AF44AFC2AFC29FC29FC28FC28FC29FC2A
:10B5C00049F448F429FC28FC28FC28FC29FC29FC27
:10B5D00048FC48FC28FC29FC4AF44BF42AFC6AFC91
:10B5E00029F4C9CB4DBCF1BC98E6B7EEAEB4CECCD5
:10B5F0004BCC4BEC2BFCEAFB6BF46BF429F44AF4D8
:10B600004BE44CCCCFCCD0BCB8EED5CDD1BC4DC4E6
:10B61000C9D36AF429F46AFC29F429FC4AFC09F428
:10B6200029F449FC48FC48FC28FC49FC49FC49F445
:10B6300028FC28FC29FC29FC29FC29FC28FC48FCC6
:10B6400028FC49FC4AFC09F42AFC09FC4AF44BE4B6
:10B6500014FED0BC6FA4D0AC8DB4F1F50EED6CEC43
:10B660002AF42AF42AE40AE42AF46BFC6CEC0FEDC9
:10B6700013FE8EBCF1AC909CB0C414FE4BEC09ECF4
:10B680006AFC08F429FC29FC09FC4AFC69FC28F442
:10B6900048FC48FC29FC29FC29FC29FC48FC29FC25
:10B6A00029FC2AFC2AFC2AFC49FC49FC29FC08F458
:10B6B0006AFC49FC29FC49FC29F42AE4EACB8EC443
:10B6C0002EA436E6ADCC6FF52BDC4BE44BEC8CE4D2
:10B6D000CECCEFD46CE44BEC4BEC0ADC70F5CFCC69
:10B6E00036D66FA44EBC8DDC0AE46BFC4AF449FCF0
:10B6F00049FC29FC29FC09FC28FC49FC29FC29FC03
:10B7000029FC29FC29FC29FC49FC49FC29FC2AFCD0
:10B710000AFC09FC49FC49FC29FC49FC29FC49FCC0
:10B7200029FC49FC28F44AF46BEC0BCC6EC451DDC7
:10B730006BD46BE46CEC0ADC6BDCEED414DEF4DD71
:10B74000CEDC4CDC0AE44BEC6BE4ADDC72DD31D5D5
:10B750000BCC6BEC4AF42AF429F46AFC28FC29FC93
:10B7600009FC29FC49FC29FC29FC2AFC29FC29FCB0
:10B7700029FC29FC29FC29FC29FC29FC29FC29FCA1
:10B7800029FC29FC29FC29FC29FC29FC29FC29FC91
:10B7900029FC49FC49FC4AF42BEC4BE44AEC6AF4E2
:10B7A0004AEC2BDCD6FE51DDAFB4AFB4B2E5B5FE4A
:10B7B0002BDC6BEC4AF44AEC2AE44BE44AF44AF4FE
:10B7C00049FC29FC29FC29FC29FC29FC29FC29FC31
:10B7D00029FC29FC29FC29FC29FC29FC29FC29FC41
:10B7E00029FC29FC29FC29FC29FC29FC29FC29FC31
:10B7F00029FC29FC29FC29FC29FC29FC29FC29FC21
:10B8000028FC49FC4AFC29F429F449F46AF48CEC3C
:10B810008ECCAFBC19FF97F68FBC8DC48CE44AF474
:10B8200049FC29FC28FC29FC29FC29FC29FC49FCB1
:10B8300029FC29FC29FC29FC29FC29FC29FC29FCE0
:10B8400029FC29FC29FC29FC29FC29FC29FC29FCD0
:10B8500029FC29FC29FC29FC29FC29FC29FC29FCC0
:10B8600029FC29FC29FC29FC29FC29FC29FC49FC90
:10B870004AF44AF44AF44AFC4AF46BE491E5F0C411
:10B88000F0CCAFBC30C5D2E54ADC6AF449FC29FCF7
:10B8900029FC29FC29FC29FC29FC49FC29FC29FC60
:10B8A00029FC29FC29FC29FC29FC29FC29FC29FC70
:10B8B00029FC29FC29FC29FC29FC29FC29FC29FC60
:10B8C00029FC29FC29FC29FC29FC29FC29FC29FC50
:10B8D00029FC29FC29FC29FC29FC29FC29F44AF42F
:10B8E0004AFC4AFC29F409E433FE4DBCCFCCEFCC32
:10B8F0006DBCF2FD09DC49F449FC29FC49FC49FC1A
:10B9000029FC29FC29FC29FC29FC29FC29FC29FC0F
:10B9100029FC29FC29FC29FC29FC29FC29FC29FCFF
:10B9200029FC29FC29FC29FC29FC29FC29FC29FCEF
:10B9300029FC29FC29FC29FC29FC29FC29FC29FCDF
:10B9400029FC29FC29FC29FC29FC29FC29FC29FCCF
:10B9500029FC29F42BE4AEE4F4F534FEADE44BEC21
:10B9600029FC09FC29FC29FC29FC29FC29FC29FCCF
:10B9700029FC29FC29FC29FC29FC29FC29FC29FC9F
:10B9800029FC29FC29FC29FC29FC29FC29FC29FC8F
:10B9900029FC29FC29FC29FC29FC29FC29FC29FC7F
:10B9A00029FC29FC29FC29FC29FC29FC29FC29FC6F
:10B9B00029FC29FC29FC29FC08FC28FC29FC4AFC60
:10B9C0004AF46CECAECC6DCC4BEC2AFC09FC29FCA7
:10B9D00029FC29FC29FC29FC29FC49FC49FC29FCFF
:10B9E00029FC29FC29FC29FC29FC29FC29FC29FC2F
:10B9F00029FC29FC29FC29FC29FC29FC36003600FD
:10BA000034A3020849F449FC2AFC29FC28FC28FC40
:10BA100029FC29FC49F449FC09FC29FC0AFC09FC25
:10BA200049FC48F46AF46BE4ADD4EECCCFBCEFBC77
:10BA3000EFCC8DD46CE44BF44AFC29FC4AFC29FC85
:10BA400029FC29FC29FC29FC29FC4AFC29FC29FCAD
:10BA500028FC28FC48FC49FC29FC29FC48FC48FC43
:10BA600029FC29FC29FC29FC29FC29FC29FC29FCAE
:10BA700049FC49FC29FC29FC29FC28FC29FC29FC5F
:10BA800028F469FC09FC09FC2AFC4BF48BE4ACDCCF
:10BA90006CCCAEC4D0BC36D61AE7F9E637DED0BCE3
:10BAA00031D56DCC8DDC6CE42AE46AF44AFC08FCE8
:10BAB00049FC49FC29FC29FC29FC29FC28FC48FC00
:10BAC00028FC29FC29FC29FC48FC48FC29FC29FC11
:10BAD00029FC29FC29FC29FC29FC29FC28FC29FC3F
:10BAE00029FC29FC29FC29FC28FC48FC49F429F400
:10BAF0004AFC09F46BEC8DD4D0BC37CE7DE75DD722
:10BB00003EC7FDB6BCAEDDB61EBF3DC71CC79DDF40
:10BB10003AE711B5CFD46CDC29F429FCE8FB29FC09
:10BB200049FC29FC28FC49FC29FC29FC09FC09FCEE
:10BB300029FC29FC29FC29FC29FC29FC29FC29FCDD
:10BB400029FC29FC29FC29FC28FC29FC29FC29FCCE
:10BB500029FC29FC28FC48FC49F44AF42AF46CE44A
:10BB6000ADCCB7EE7DDFFDBEDEAEFFA6FF9E1F9F14
:10BB7000FF9EFF9E3FA7FF9E1F9FFD9EFCAE5CD7D2
:10BB80003BF710CD6CDC6BF46AFC29FC28FC29FC2B
:10BB900049FC49FC08F429FC09FC09FC29FC49FC86
:10BBA00029FC29FC29FC29FC29FC29FC29FC29FC6D
:10BBB00029FC29FC28FC29FC29FC29FC29FC29FC5E
:10BBC00029FC29FC49FC2AEC6CE410CD9CEFBBB6A7
:10BBD0001EB7BD9EFFA61FA7FFA61FA71FA7FF9EFC
:10BBE0001FA7FFA6FFA61FA71EA7FDAE9AAE9DE743
:10BBF000F5CDAFCC4AEC28FC49FC29FC29F449FCE2
:10BC000049FC49FC29FC29FC4AF449F429FC29FC9B
:10BC10002AFC29FC29FC29FC29FC29FC29FC29FCFB
:10BC200028FC29FC29FC29FC29FC28FC29FC29FCEE
:10BC30004AF46CE431D57CEFBBAEFE9E1F9F1FA77C
:10BC40001F9FDF9E1FA7FFA6FFA61FA7FFA61FA778
:10BC50001FA7FF9E3FA7FE9E3FAFBCAE1DC71BEFB9
:10BC6000ADD44AEC4AFC29FC29F44AFC49FC29FCE5
:10BC700029FC29FC49F449F449FC29FC29FC29FC4C
:10BC800029FC29FC29FC29FC29FC29FC48FC49FC4D
:10BC900029FC29FC29FC29FC29FC4AF46BE410D579
:10BCA0009DEF9CA6FEA63FA71F9F1F9F1F9F1FA73C
:10BCB000FF9E1F9F1FA7FF9EFFA6DF9EFFA6FF9E62
:10BCC000FF9E1F9F1F9FFFA6FEAEDBBEB7E6EED412
:10BCD0000AEC29FC4AFC29FC08FC29FC29FC29FC6B
:10BCE00049FC48FC48FC48FC28FC29FC29FC29FCB0
:10BCF00029FC29FC29FC29FC48F449FC29FC29FCE5
:10BD000029FC29FC29FC6BECAECC7CF79BAE1FA771
:10BD10001FA7FF9E1F9F1F9F1F9F1F9F3F9F1F9F2C
:10BD20001F9F1FA7DF9E1FA7FFA6FF9E3F9F1F9F6E
:10BD30001F9F1F9FDF9EFEAE5CD793CD8CE429FC36
:10BD400009FC29FC29FC29FC29FC29FC29FC28FCEC
:10BD500048FC48FC48FC29FC29FC29FC29FC29FC5E
:10BD600029FC29FC48FC29FC4AFC2AFC29FC4AFC49
:10BD700049F48CDCB9E6BCB6DDA61FA7FF9EFF9E8A
:10BD80001F9F1F9F1F9F1F9F1F9F1F9F1F9F1F9FC3
:10BD9000FFA6FF9E1FA7FF9EFF9EFF9E1F9F1F9F48
:10BDA0001F9F1FA7BDAE9EEF6DCC6AEC49F448FC07
:10BDB00049FC29FC29FC29FC29FC09FC28FC48FC3D
:10BDC00049FC29FC29FC29FC29FC29FC29FC29FC2B
:10BDD00049FC29FC09F429FC4AFC4AF44AEC8DC4CC
:10BDE0005DD71FAFFEA61FA7FFA61FA71FA7DF9E39
:10BDF000FFA61FA71F9F1F9F1F9F1F9F1F9F1FA75C
:10BE0000FF9EFF9E1FA71F9F1F9F1F9FFF9EFF9EBE
:10BE1000FFA6FDC6F4DDACDC69EC28FC48FC49FC5F
:10BE200008FC49FC09FC2AFC4AFC29F429FC49FCD1
:10BE300029FC29FC29FC29FC29FC29FC2AFC4AFCB8
:10BE400049FC28FC49FC4AF4ACDC77EEDCBEFFA6DA
:10BE50001F9F1FA7FF9EFFA61FA7FFA6FFA6FFA667
:10BE6000FFA6FFA61F9F1F9F1F9F1F9FFF9E1FA72D
:10BE70001FA7FF9EFF9E1FA7FFA6FFA6FF9EFDAE6A
:10BE80009CEFAEBC6BE429FC49FC29FC29FC4AFC74
:10BE900009FC29FC09FC4AFC49FC29FC29FC29FC79
:10BEA00029FC29FC29FC29FCE9FB29FC29FC28FCAC
:10BEB00049FC4AEC8EC47CEFDDAEFF9E1F9F1FA79E
:10BEC000FFA61FA71FA71FA7FFA6FFA6FFA61FA7C6
:10BED0001FA71F9F1F9F1F9F1FA7FF9EFF9EFF9EC5
:10BEE0001FA71FA7FFA6FFA61FA7FDA6FCBEB4BDE8
:10BEF0008DCCACEC2AE46BEC8CEC2AEC4AFC09FC13
:10BF00004AFC09FC29FC29FC29FC29FC29FC29FC08
:10BF100029FC29FC2AFC4AFC29FC49FC08FC6BECA6
:10BF200031C51BCF1EA71F9F1F9FFF9EDF9EFFA631
:10BF30001F9FFF9E1F9F1F9F1F9F1F9FFFA61FA743
:10BF4000FFA6FFA6FF9EFF9E1F9F1FA71FA7FFA67E
:10BF5000DF9EFFA6FFA6FFA63FB7DCC612B58EB4D4
:10BF6000CFC4CEC4AFCC8ED44BE46BF429FC49FCD7
:10BF700049FC29FC29FC29FC29FC29FC29FC29FC79
:10BF80004AFC09FC29FC08FC28FC8BE4D0A47ECFE9
:10BF9000FFA61F9F1FA7FF9EFF9EFFA61F9F3F9FFD
:10BFA0001F9F1F9F1F9F1F9FFFA6FFA6FFA6FFA605
:10BFB000FF9EFF9E1F9F1FA71FA7FF9EFF9E1FA7FD
:10BFC0001FA7FF9E9E96BEA619A6BAC6FAD6BAD6D7
:10BFD00096B5B5C58FB46DC48DDC6BE429EC49FC16
:10BFE00029FC29FC29FC29FC29FC29FC29FC49FC09
:10BFF00028FC69FC28F4ACDCDADEBDAEFFA61F9F8E
:10C00000FF9E1F9F3FA73FA71FA7FF9EFF9E1F9F4B
:10C010001FA7FFA6FFA6FFA6FFA61FA7FFA61FA795
:10C020001F9FFF9E1F9F1F9F1F9FFF96BF8E5F7EBC
:10C030003F7E1E7E7E8E3C8E3C8E3D8E5D961B8EA0
:10C04000FDAEFBBE16B6AFB48DE42AF429FC29FC84
:10C0500029FC29FC29FC29FC49FC28FC29FC29FC99
:10C0600049FC8CD4DAD6FEAEFFA61F9F1F9FFF9619
:10C07000BF8E9F8E9F8EDF96DF96FF9E1FA71FA706
:10C080001F9FFF9EFF9EFF9EFFA61FA7FFA6FF9E6E
:10C090003F9F3F9FDF8E5E7E5E765F765F7E5F7E38
:10C0A0005F765F765F7E5F7E7F7E7F769E7E5C7E44
:10C0B0009B96DBC612C58EDC6BEC49F449FC29FC6F
:10C0C00029FC29FC28FC49FC09FC29FC28FC8CDC07
:10C0D0001AD71EA7FF96BF867F7E3F7E3F7E3E7E9D
:10C0E0003E765E763E7E3F7E7F86DF961F9F1F9F59
:10C0F000FF9E1FA7FFA6FFA6FF9EFF9E3F9FBF8636
:10C100003E767F7E7F7E7F7E7F7E7F7E7F7E7F7E90
:10C110007F7E7F7E5F7E7F7E9F7E5E7E3D7E7D9684
:10C120009CA618C6AED44AEC49F449FC49FC29FC4B
:10C1300048FC49FC29FC2AFC6AF48DCCDAC6BE9680
:10C140005E7E5F763F765F7E5F7E7F7E7F767F76E8
:10C150007F7E5F7E5F7E3F769F861F971F9FFF9E3D
:10C16000FF9E1FA7FFA61FA7BF8E5F7E5F765F762D
:10C170007F7E7F7E7F7E7F7E7F7E7F7E5F7E7F7EF7
:10C180005F7E7F7E5F7E7F7E7F865E7E5E7E9CA6FC
:10C19000B4C5CDDC4AEC49FC29FC6AFC08FC49FC2E
:10C1A00049FC6BF44BE4D0C4FDBE3D7E7F7E5F7ED8
:10C1B0005F7E5F7E7F7E7F767F767F765F7E7F7E0F
:10C1C0007F7E5F7E3E765E86DF963FA7FF9EFF9E68
:10C1D0001FA7FF9E3E7E5F7E7F7E7F767F7E5F7E97
:10C1E0007F7E7F7E7F7E7F7E7F767F767F7E5F769F
:10C1F0005F7E7F7E7F7E5E7E5E7E5D8E1DC7D0AC65
:10C200008CE429F409FC09FC49FC29FC49FC4BE4B9
:10C21000CFCC99DEFB955E7E7F7E7F7E7F7E5F7ECC
:10C220005F7E5F767F767F767F7E5F765F7E7F7EC6
:10C230005F7E3E767E86DF961F9FFF9E1F9F7E86D7
:10C240003E7E7F7E7F7E7F7E7F7E5F7E7F7E7F7E67
:10C250007F7E7F7E7F767F767F7E5F7E7F7E5F7E46
:10C260005F7E7F7E7F863D7E1B861CCF8ECC6BF4EF
:10C270004BFC09FC29FC49FC49F4ADDCF6C53BA6A6
:10C280005E965F865F7E7F767F7E7F7E7F7E7F7E0F
:10C290007F7E7F767F7E5F765F767F7E7F7E5F7E2E
:10C2A0005F7E3E7E1F975F9FBF8E3E7E5F7E7F7E5E
:10C2B0005F767F767F7E5F7E7F7E7F7E7F7E7F7EE6
:10C2C0007F767F765F769F7E7F7E7F7E7F7E7F7E9E
:10C2D0005F7E7F7E7F7E9DA6F2B48EDC2AEC29FCF9
:10C2E00029FC4AFC6BE4CFC4DCBE3D863F863F7E22
:10C2F0007F7E7F7E7F7E7F767F767F765F7E5F76B6
:10C300005F7E7F7E7F7E7F765F7E5F7E5F7E5F7EED
:10C310009F865F9F5E7E5F7E7F7E7F7E7F767F765D
:10C320005F7E5F7E7F7E7F7E7F7E7F7E7F767F7675
:10C330007F767F767F7E7F7E7F7E7F7E7F7E7F7E25
:10C340005F763D86FBD68FBC8CEC29FC08FC4AF45A
:10C35000CECC37C63C967F865F7E7F7E7F7E7F7E9B
:10C360007F7E5F767F767F767F7E7F7E7F7E7F7E1D
:10C370005F767F767F7E7F7E7F7E7F7E5F7EDF8EB5
:10C380003E767F7E5F7E7F7E7F767F7E5F7E5F7E76
:10C390007F7E7F7E7F7E7F7E7F767F767F7E5F76ED
:10C3A0007F767F765F767F7E9F7E3F765F7E5E8E36
:10C3B000FDB6B0A48CE448FC29FC4BEC8FACFCBE71
:10C3C0005E865F767F7E5F765F767F767F7E7F7626
:10C3D0007F767F765F7E5F7E5F7E7F7E7F7E7F76ED
:10C3E0007F767F7E7F7E5F7E5F7E5F7E5F7E7F7EED
:10C3F0005F767F7E5F767F767F7E5F7E7F7E7F7ECD
:10C400007F7E7F7E7F767F765F767F7E7F7E7F7E7C
:10C410007F7E5F765F767F7E5F7E5E863B8ED5AD6C
:10C420008CDC48FC29FC8CE4D29CBDA65E7E7F7629
:10C430007F767F767F767F767F767F765F7E5F7E84
:10C440005F7E7F7E5F7E7F7E7F7E7F7E7F767F7654
:10C450007F7E7F7E7F7E7F7E5F7E5F7E7F7E7F7E34
:10C460007F7E7F7E5F7E5F7E7F7E7F7E7F7E7F7E24
:10C470007F767F767F767F767F767F767F767F7614
:10C480005F7E5F7E5F7E5E865C86B5A5ACDC48FC29
:10C4900029FC6DDCB7AD7D8E7F7E3F6E7F767F7E23
:10C4A0007F767F767F767F765F7E5F7E5F7E7F7E24
:10C4B0007F7E7F7E7F7E7F7E7F7E7F7E7F7E7F7E94
:10C4C0007F7E7F7E5F7E5F7E7F7E7F7E7F7E7F7EC4
:10C4D0005F7E5F7E7F7E7F7E7F7E7F7E7F767F76C4
:10C4E0007F767F767F767F767F767F765F7E5F7ED4
:10C4F0007F7E5F7E7D86B79D8CD448FC29FC8EDCD8
:10C50000D89D7E865F7E7F7E5F767F7E7F767F761C
:10C510007F767F7E5F7E5F7E7F7E7F7E7F7E7F7E7B
:10C520007F7E7F7E5F7E7F7E7F7E7F7E7F7E7F7E43
:10C530007F7E7F7E5F7E5F7E5F7E5F7E7F7E7F7E93
:10C540007F7E7F7E7F7E7F7E7F7E7F7E7F7E7F7E03
:10C550007F7E7F7E7F7E7F7E7F7E5F7E7F765F7E3B
:10C56000BF8697958DDC48FC09FC8EDC97959F7EF5
:10C570007F7E7F7E5F7E5F7E7F7E7F767F767F762B
:10C580007F7E7F7E7F7E7F7E7F7E7F7E7F7E7F7EC3
:10C590005F7E5F7E7F7E7F7E7F7E7F7E7F7E7F7EF3
:10C5A0005F7E5F7E7F7E7F7E7F7E7F7E7F7E7F7EE3
:10C5B0007F7E7F7E7F7E7F7E7F7E7F7E7F7E7F7E93
:10C5C0007F7E7F7E7F7E7F765F767F7E7F86989D73
:10C5D000ADDC28FC29FC8DDC979D9F865E7E5F7E0E
:10C5E0005F7E7F7E5F7E5F7E7F767F767F767F76E3
:10C5F0005F7E5F7E7F7E7F7E7F7E7F7E5F7E5F7ED3
:10C600005F7E5F7E7F7E7F7E7F7E7F7E7F7E7F7E82
:10C610007F7E7F7E7F7E7F7E7F7E7F7E7F7E7F7E32
:10C620007F7E7F7E7F7E7F7E7F7E7F7E7F7E7F7E22
:10C630007F7E7F7E7F7E7F863E8E97A58DDC28FC69
:10C6400029FC8DDC96A57D8E3D7E7F7E7F7E7F7E64
:10C650005F7E5F7E7F7E7F767F767F765F7E5F7E8A
:10C660005F7E7F7E7F7E7F7E5F7E5F7E5F7E5F7E82
:10C670007F7E7F7E7F7E7F7E7F7E7F7E7F7E7F7ED2
:10C680007F7E7F7E7F7E7F7E7F7E7F7E7F7E7F7EC2
:10C690007F7E7F7E7F7E7F7E7F7E7F7E7F7E7F7EB2
:10C6A0007F7E3E86BDAEF3A46CE429FC2AFC4CDC04
:10C6B00054AD7B9E7E865F769F7E5F767F7E5F7EBB
:10C6C0005F7E7F7E7F767F767F7E5F7E5F7E7F76FA
:10C6D0007F7E7F7E5F7E5F7E5F7E5F7E7F7E7F7EF2
:10C6E0007F767F767F767F767F767F767F7E7F7E92
:10C6F0007F7E7F7E7F7E7F7E5F7E5F7E5F7E5F7ED2
:10C700005F7E5F7E5F7E5F7E7F7E5F7E5F7E3D863B
:10C71000DCCE6EAC6BEC29FC2AFC8CE48FACFCC646
:10C720005D867F767F7E5F7E7F767F7E5F7E5F7EAB
:10C730007F767F767F765F7E5F7E7F7E7F7E7F7E69
:10C740007F7E7F7E7F7E7F7E5F7E5F7E7F7E7F7E41
:10C750007F767F767F767F765F7E5F7E7F7E7F7E51
:10C760007F7E7F7E7F7E7F7E5F7E5F7E5F7E5F7E61
:10C770007F7E7F7E5F7E5F7E5F7E3C9678D6ADCC8F
:10C780006BF429FC49FC6AECAED417CE3C8E7F7664
:10C790007F7E7F7E7F769F767F7E5F7E5F7E7F7EE1
:10C7A0007F767F7E5F7E7F7E7F7E7F7E7F767F76D9
:10C7B0007F765F767F7E5F7E5F7E5F7E7F767F7631
:10C7C0007F767F763F7E7F865F7E5F7E7F7E5F7E29
:10C7D0007F767F7E5F767F7E7F7E5F7E7F765F76F1
:10C7E0007F7E3F7E5E7EBCAEAFBC6BE429F448FC2E
:10C7F00049FC4AF46CE48FB41EBF5D865F7E5F76B1
:10C800009F7E9F7E5F765F7E7F7E5F7E7F7E7F7670
:10C810007F7E5F7E5F7E7F7E5F769F767F7E7F7E80
:10C820005F7E5F7E5F7E5F7E7F767F767F767F76C0
:10C830007F7E7F7E5F767F7E3F767F7E9F7E7F7668
:10C840007F7E5F7E5F7E5F7E7F767F767F7E5E8689
:10C850005C96BACE8DD429F449FC08FC29FC4AFC2C
:10C860002AF46DD458C67C9E3E865F7E3F765F7EFE
:10C870009F7E7F7E5F7E7F7E7F7E7F763F765F7648
:10C880005F7E5F7E9F7E5F765F7E7F7E7F7E7F7E28
:10C890007F7E7F7E7F7E7F7E5F7E7F7E5F767F6E08
:10C8A000BF7E5F765F767F767F7E7F765F767F7EE8
:10C8B0005F7E5F7E7F7E9F7E5E763C86DBCEAFBCFA
:10C8C0004BDC6AFC29FC49FC2AFC09FC4AFC8CEC88
:10C8D000AFBC99CE5D9E5E867F865F7E5F7E7F7EEB
:10C8E0005F7E5F765F765F763F761F977F863F76C7
:10C8F0005F7E7F7E7F7E5F7E7F767F767F7E7F7EA0
:10C900005F7E5F7E5F7E5F7EBF7E9F765F769F7E6F
:10C910001F975E765F767F7E7F765F767F7E5F7E17
:10C920005E7E5D7E5B8E3DCFF0BCADE46AF409F4C3
:10C9300029FC09FC49FC49FC29FC29EC8BECAECC18
:10C9400078C67C9E5E7E7F7E5F767F7E7F7E5F7E0A
:10C950007F7E3F76BF8E3F9FDF965F867F7E5F76CE
:10C960007F7E5F7E7F767F767F7E7F7E5F7E5F7E4F
:10C970005F7E5F7E3E769F7E1E7E1FA73FA79F8EB7
:10C980005F7E5F767F7E5F7E5F7E9F865D7E5B964D
:10C9900099CEAFBC8CE408EC49FC49FC29FC4AFC6C
:10C9A00029FC49FC28FC69FC28FC4AE4EFC417BEBA
:10C9B000FEBE5D963C8E1C7E5E869F861E767F86C2
:10C9C0003FA7FF9E1FA79F8E3E7E5F7E5F7E5F8696
:10C9D0005F7E5F7E5E865E867E7E5E7E5E865E8635
:10C9E0005E863E7EBF96FFAEFFA61FA77F863F7E78
:10C9F0007E863D863C8E3B961DBF58CE8EC48CE411
:10CA000049F428FC28FC49FC29FC2AFC28FC29FCC8
:10CA100049FC08FC49FC69F46AE48DD48EBC94C5D9
:10CA20001BD7BBB69CA6DE9E3D8EBF9EFE9E3FA73B
:10CA30001F9F1FA73C8EDFA6BD9EDE9EBE9EDE9E74
:10CA4000DE9EDE9EDE96DE9EBE9EBE9EDE9E3C8E00
:10CA5000FFA6DF9EFFA61FA79E963C8EBCA6DBB658
:10CA6000FBCE94BD8EBCADDC4BEC2AFC29FC69FCF2
:10CA700028FC28FC49FC29FC28FC08FC29FC29FC92
:10CA800029FC49FC08F44AFC4AECACDC8EBCF0AC56
:10CA9000D19C728498953FB7FEA61FA71F9FFEA644
:10CAA0009DB6B4849184918492849284918491847B
:10CAB0009184918472849284D37CBBAE1FAF1FA7F4
:10CAC000DF9EDFA61FB7B89DB294B0A4AFB4AED4BA
:10CAD0004AE449F42AFC0AFC29FC29FC49FC29FC0B
:10CAE00029FC49FC28FC28FC29FC29FC29FC4AFCDF
:10CAF0004AFC09FC4AFC4AF44BEC6BE48CE4AFCCF6
:10CB0000F2A45ECFFFAEFF9EFF9EDDAEDBDED1BCAA
:10CB10008DD4ADDCADDC6CDCADDC6CDC6CDC8CDCD9
:10CB20008DE4AED4F0BCFAD6BDAEFFA6FF9E1FAF1B
:10CB30005ECFF3A48FCC8DEC4BEC4AEC6AF449FC4D
:10CB400029FC2AFC2AFC4AFC29FC29FC29FC28FC9B
:10CB500049FC49FC09F46AFC09F409F44AFC4AFC62
:10CB60002AF42AF429FC49FC08FC6BECD0BC1CDF3D
:10CB7000BDA61FA71FA7BCBED9FE6DDC49EC49FCB2
:10CB800029FC29F44AEC6BF429FC49FC08FC4AEC2A
:10CB9000ACD4D8EEBCBE1FA71FA7BCA61CDFF1C437
:10CBA0006CEC2AFC2AFC2AFC29EC4AEC4AF44AF4F4
:10CBB0004AFC2AFC29FC29FC29FC28FC29F42AFC33
:10CBC00029FC29FC29FC4AFC2AF44BE4CEE48DDC48
:10CBD0002AF409FC49FC4AECAECC5BF7DBAEFD9EC7
:10CBE000FDA63DDF32DD4BEC6AFC28F449FC4AEC43
:10CBF000AECC8DC46BEC49FC29FC6AFC8CEC51D5A5
:10CC00005DD7DDA61EA79BB69BFF6CCC6AEC29FC0A
:10CC100009FC4AF4ACDCCDDC6BE44AF429FC29FCC9
:10CC200029FC29FC29FC29FC4BFC4AFC29FC29FC99
:10CC300029FC4AF46CDCCECCF8EEAFB44CE44AFCF0
:10CC400029FC29EC6CDCAEC49CEF3BCF5DE716DE23
:10CC50008EE42AF449F469FC4AECCEDC77D698DEFF
:10CC60008DD44AEC29F429FC4AF48DDC77DE9DE76B
:10CC7000FBCE7CF78DC4ABE469F428F44AFC6CE489
:10CC8000AFB419F7AEC48CDC4AF429FC29FC29FCAA
:10CC900029FC29FC4AFC29F449FC08FC09FC4BEC62
:10CCA000AFB45BD7D7951BD78ECC4BEC4AF449FC7D
:10CCB0004AF46BEC6DCC30DD6ED48EEC2BF429FC99
:10CCC00029FC2AECADDC52C57BB67BB653C5AEDC85
:10CCD0004AF429FC29F46BF48CDC8DD451E54CD456
:10CCE0006BE429EC49FC29FC4AF48DD45CD7F88D1F
:10CCF0003BD7D0B48CE449FC29FC29FC29FC29FC55
:10CD000028FC6AFC28FC49FC4BFC6DDC78C65A8E7A
:10CD10005C7E9CA6F1B4ADDC4AEC49FC29FC29FC04
:10CD20004AF44AEC2BF40AFC09FC49FC49FC8CE46B
:10CD3000B0B41CD71C8EFC851CCFB0B46BE449FC8E
:10CD400029FC49FC49F44AF42AF46BFC09F46AFC16
:10CD500008FC4AFC8CE4F1BC9BA65C7E5B8E79C629
:10CD60008DCC4AF449FC29FC29FC29FC08FC28FC50
:10CD700029FC4AF46CEC8FBCBCB67E867F7EFC85B9
:10CD80005DD7AFB46AE449FC29FC08FC49FC49FCC6
:10CD900049FC29FC4AFC29FC28F48CDCF7B55C8EA4
:10CDA0005D7E7E863C8EF8B5ACDC28F449FC29FC1F
:10CDB00049FC29FC29FC29FC4AFC09F42AFC6CECFE
:10CDC000AFBC3CD73B8E7E7E5E86BDB6D0C46BE4E6
:10CDD00049F449FC29FC09FC09FC09FC49FC6AF4FA
:10CDE0008DDCB5CD3B965F765F767F8E7BAEF1A412
:10CDF000ACE428FC29FC29FC29FC49FC08FC49FC82
:10CE000029FC29FC69FC6CCCDBB69E7E7F7E5F76BC
:10CE10007E7EFDBE4CC449FC29FC49FC28FC29FC53
:10CE200028FC28FC29FC2AFC2AFC6CDCD1A49BAE43
:10CE30005D8E5F7E5F7E3C96B4CDCDE449EC29F4F7
:10CE40004AFC29FC09FC4AFC28FC49EC8ED495C517
:10CE50005C965F765F7E5F863A9E94B58DE409FCB2
:10CE600029FC29FC29FC49FC29FC29FC29FC29FC7A
:10CE700028F46CC41CC77D7E9F7E7F767E761EBFA5
:10CE80004CC449F449FC49FC49FC29FC29FC29FC17
:10CE900029FC29FC49FC8CDC95B55B9E5D8E3E7EB1
:10CEA0007F7E3C96B4CDADDC4BEC4BFC09FC09FC21
:10CEB0002AFC2AFC07FC49F48DDC74C53A9E9E8648
:10CEC0005F861C86DBC68FA44BE449FC29FC08FC6A
:10CED00029FC29FC29FC29FC29FC29FC49FC8CD4CF
:10CEE000FBD65C8E3D767E7E5D86FCCE8DD429F4AD
:10CEF00049FC49FC48FC29FC29FC29FC29FC29FCAB
:10CF000029FC6CDCB0ACBBBE3C8E9F865D867BA6EC
:10CF100032C58DDC4BEC4BFC09FC09FC29F429FCE7
:10CF200049FC48FC29EC8DCC5CD75A8E9D965AAEB4
:10CF3000B8EEADD44AEC28FC49FC49FC29FC2AFC9B
:10CF400029FC29FC29FC29FC49FC6CE432C5BBC640
:10CF50005C8E5D8EDCBE32BD8CE44AFC2AFC2AFC71
:10CF600029FC48FC49FC49FC28FC28FC29FC6BF402
:10CF70006DD499EE7CAE5D8E5B961CD7AECC4BEC3F
:10CF80002BF42AFC29FC29FC4AFC29FC08FC49FC5E
:10CF900008F48BE4F0B437BEB6AD53B58DCC6BEC72
:10CFA0004AF449FC49FC28FC29FC29FC29FC29FC01
:10CFB00049FC49FC2AFC4BECAEDC11C5F7B5D7ADFA
:10CFC00032BDAECC4BEC29FC2AFC2AFC29FC48FCE7
:10CFD00048FC48FC28FC28FC29FC2AF44BECAFD484
:10CFE00034ADD7ADF6BDF0BC4CDC4AF42AFC29FCCC
:10CFF00029FC29FC2AFC2AFC29FC29FC29FC49F4EF
:10D000004AE48CDC8DDC6CE46CEC4BFC2AF429F4F7
:10D0100008F449FC28FC48FC49FC49FC49FC49FC53
:10D020002AFC2AF44AEC4BE46CDC6CDC6BE44AEC42
:10D0300049F429FC29FC29FC29FC28FC49FC49FC71
:10D0400028FC29FC49FC49FC4AF44AE48CE48CDCC9
:10D050006CDC6BE42AFC29FC29FC29FC49FC49FC1A
:10D060002AFC09FC29FC29FC49FC49FC49FC28FC58
:10D0700029FC29FC2AFC0AFC4AFC4AFC49FC48FC25
:10D0800048FC48FC29FC29FC49FC49FC2AFC2AFCF8
:10D0900029FC28FC49FC08FC49FC28FC28FC48FC2D
:10D0A00029FC29FC29FC29FC49FC49FC29FC29FC18
:10D0B00069FC28F449F469FC28FC49FC49FC29FC7A
:10D0C00009FC09FC29FC29FC49FC49F4360036001E
:10D0D00004BA020800000000000000000000000088
:10D0E0000000000000000000000000000000000040
:10D0F0000000000000000000000000000000000030
:10D10000000000000000000000000000000000001F
:10D11000000000000000000000000000000000000F
:10D1200000000000000000000000000000000000FF
:10D1300000000000000000000000000000000000EF
:10D1400000000000000000000000000000000000DF
:10D1500000000000000000000000000000000000CF
:10D1600000000000000000000000000000000000BF
:10D1700000000000000000000000000000000000AF
:10D18000000000000000000000000000000000009F
:10D19000000000000000000000000000000000008F
:10D1A000000000000000000000000000000000007F
:10D1B000000000000000000000000000000000006F
:10D1C000000000000000000000000000000000005F
:10D1D000000000000000000000000000000000004F
:10D1E000000000000000000000000000000000003F
:10D1F000000000000000000000000000000000002F
:10D20000000000000000000000000000000000001E
:10D21000000000000000000000000000000000000E
:10D2200000000000000000000000000000000000FE
:10D2300000000000000000000000000000000000EE
:10D2400000000000000000000000000000000000DE
:10D2500000000000000000000000000000000000CE
:10D2600000000000000000000000000000000000BE
:10D2700000000000000000000000000000000000AE
:10D28000000000000000000000000000000000009E
:10D29000000000000000000000000000000000008E
:10D2A000000000000000000000000000000000007E
:10D2B000000000000000000000000000000000006E
:10D2C000000000000000000000000000000000005E
:10D2D000000000000000000000000000000000004E
:10D2E000000000000000000000000000000000003E
:10D2F000000000000000000000000000000000002E
:10D30000000000000000000000000000000000001D
:10D31000000000000000000000000000000000000D
:10D3200000000000000000000000000000000000FD
:10D3300000000000000000000000000000000000ED
:10D3400000000000000000000000000000000000DD
:10D3500000000000000000000000000000000000CD
:10D3600000000000000000000000000000000000BD
:10D3700000000000000000000000000000000000AD
:10D38000000000000000000000000000000000009D
:10D39000000000000000000000000000000000008D
:10D3A000000000000000000000000000000000007D
:10D3B000000000000000000000000000000000006D
:10D3C000000000000000000000000000000000005D
:10D3D000000000000000000000000000000000004D
:10D3E000000000000000000000000000000000003D
:10D3F000000000000000000000000000000000002D
:10D40000000000000000000000000000000000001C
:10D41000000000000000000000000000000000000C
:10D4200000000000000000000000000000000000FC
:10D4300000000000000000000000000000000000EC
:10D4400000000000000000000000000000000000DC
:10D4500000000000000000000000000000000000CC
:10D4600000000000000000000000000000000000BC
:10D4700000000000000000000000000000000000AC
:10D48000000000000000000000000000000000009C
:10D49000000000000000000000000000000000008C
:10D4A000000000000000000000000000000000007C
:10D4B000000000000000000000000000000000006C
:10D4C000000000000000000000000000000000005C
:10D4D000000000000000000000000000000000004C
:10D4E000000000000000000000000000000000003C
:10D4F000000000000000000000000000000000002C
:10D50000000000000000000000000000000000001B
:10D51000000000000000000000000000000000000B
:10D5200000000000000000000000000000000000FB
:10D5300000000000000000000000000000000000EB
:10D5400000000000000000000000000000000000DB
:10D5500000000000000000000000000000000000CB
:10D5600000000000000000000000000000000000BB
:10D5700000000000000000000000000000000000AB
:10D58000000000000000000000000000000000009B
:10D59000000000000000000000000000000000008B
:10D5A000000000000000000000000000000000007B
:10D5B000000000000000000000000000000000006B
:10D5C000000000000000000000000000000000005B
:10D5D000000000000000000000000000000000004B
:10D5E000000000000000000000000000000000003B
:10D5F000000000000000000000000000000000002B
:10D60000000000000000000000000000000000001A
:10D61000000000000000000000000000000000000A
:10D6200000000000000000000000000000000000FA
:10D6300000000000000000000000000000000000EA
:10D6400000000000000000000000000000000000DA
:10D6500000000000000000000000000000000000CA
:10D6600000000000000000000000000000000000BA
:10D6700000000000000000000000000000000000AA
:10D68000000000000000000000000000000000009A
:10D69000000000000000000000000000000000008A
:10D6A000000000000000000000000000000000007A
:10D6B000000000000000000000000000000000006A
:10D6C000000000000000000000000000000000005A
:10D6D000000000000000000000000000000000004A
:10D6E000000000000000000000000000000000003A
:10D6F000000000000000000000000000000000002A
:10D700000000000000000000000000000000000019
:10D710000000000000000000000000000000000009
:10D7200000000000000000000000000000000000F9
:10D7300000000000000000000000000000000000E9
:10D7400000000000000000000000000000000000D9
:10D7500000000000000000000000000000000000C9
:10D7600000000000000000000000000000000000B9
:10D7700000000000000000000000000000000000A9
:10D780000000000000000000000000000000000099
:10D790000000000000000000000000000000000881
:10D7A0000008000800100010001000100010001009
:10D7B00000180018001000100010001000100010D9
:10D7C0000010000800080008000000000000000031
:10D7D0000000000000000000000000000000000049
:10D7E0000000000000000000000000000000000039
:10D7F0000000000000000000000000000000000029
:10D800000000000000000000000000000000000018
:10D810000000000000000000000000000000000008
:10D8200000000000000000000000000000000000F8
:10D8300000000000000000000000000000000000E8
:10D8400000000000000000000000000000000000D8
:10D8500000000000000000000000000000000000C8
:10D8600000000000000000000000000000000000B8
:10D8700000000000000000000000000000000000A8
:10D880000000000000000000000000000000000098
:10D890000000000000000000000000000000000088
:10D8A0000000000000000000000000000000000078
:10D8B0000000000000000000000000000000000068
:10D8C0000000000000000000000000000000000058
:10D8D0000000000000000000000000080008001028
:10D8E0000018002000300038004000480048005078
:10D8F00000500050005000500050004800400040D0
:10D90000003800300028001800180010000800003F
:10D910000000000000000000000000000000000007
:10D9200000000000000000000000000000000000F7
:10D9300000000000000000000000000000000000E7
:10D9400000000000000000000000000000000000D7
:10D9500000000000000000000000000000000000C7
:10D9600000000000000000000000000000000000B7
:10D9700000000000000000000000000000000000A7
:10D980000000000000000000000000000000000097
:10D990000000000000000000000000000000000087
:10D9A0000000000000000000000000000000000077
:10D9B0000000000000000000000000000000000067
:10D9C0000000000000000000000000000000000057
:10D9D0000000000000000000000000000000000047
:10D9E0000000000000000000000000000000000037
:10D9F0000000000000000000000000000000000027
:10DA00000000000000000000000000000008000806
:10DA100000180018002000200028014042506258E1
:10DA20008370C48087A187A9A7B1A7B9A7C1A7C1DF
:10DA3000A7C9C7C9C7C9C7C9A7C987C187B987B98E
:10DA400087B187A1A48083706260215000400030BC
:10DA50000028002000180010000800080000000046
:10DA600000000000000000000000000000000000B6
:10DA700000000000000000000000000000000000A6
:10DA80000000000000000000000000000000000096
:10DA90000000000000000000000000000000000086
:10DAA0000000000000000000000000000000000076
:10DAB0000000000000000000000000000000000066
:10DAC0000000000000000000000000000000000056
:10DAD0000000000000000000000000000000000046
:10DAE0000000000000000000000000000000000036
:10DAF0000000000000000000000000000000000026
:10DB00000000000000000000000000000000000015
:10DB10000000000000000000000000000000000005
:10DB200000000000000000000000000000000000F5
:10DB300000000000000000000000000000000000E5
:10DB40000000000000000000000000080018003085
:10DB5000005001784290C3A866C1A7C9A7D1A7D930
:10DB6000A7D987E146D946E146E146E146E146E1EB
:10DB700026E126E126E126E126E926E126E146E145
:10DB800046E146E187E187E187D9A7D987D145C139
:10DB9000E4B0A398006000400028001800080008C6
:10DBA0000000000000000000000020000000000055
:10DBB0000000000000000000000000000000000065
:10DBC0000000000000000000000000000000000055
:10DBD0000000000000000000000000000000000045
:10DBE0000000000000000000000000000000000035
:10DBF0000000000000000000000000000000000025
:10DC00000000000000000000000000000000000014
:10DC10000000000000000000000000000000000004
:10DC200000000000000000000000000000000000F4
:10DC300000000000000000000000000000000000E4
:10DC400000000000000000000000000000000000D4
:10DC500000000000000000000000000000000000C4
:10DC60000000000020000000000000000000000094
:10DC7000000000000000000000000000000000089C
:10DC8000000800100018002000280040A3704699EA
:10DC900087C187D966E166F145F125E905E905F116
:10DCA00005F105F105F105F105F105F105F105F1C4
:10DCB00005F105F105F105F105F105F105F905F9A4
:10DCC00005F905F925F905F105F105F125F125F12C
:10DCD00045F166E9A7D1A7B986A1C3700040002825
:10DCE00000200018001000080000000000000000E4
:10DCF0000000000000000000000000000000000024
:10DD00000000000000000000000000000000000013
:10DD10000000000000000000000000000000000003
:10DD200000000000000000000000000000000000F3
:10DD300000000000000000000000000000000000E3
:10DD400000000000000000000000000000000000D3
:10DD500000000000000000000000000000000000C3
:10DD600000000000000000000000000000000000B3
:10DD700000000000000000000000000000000000A3
:10DD80000000000000000000000000000000000093
:10DD90000000000000000000000000000000000083
:10DDA0000000000000000000000000000000000073
:10DDB000000000000000000000000000000000085B
:10DDC000002000382170E4A0A7C9A7D987D966D957
:10DDD00046E146E126E925F105F105F105F126F9CF
:10DDE00005F905F105F905F905F105F105F105F16B
:10DDF00005F105F105F105F105F105F105F105F173
:10DE000005F105F1E5F005F105F125F125F125F123
:10DE100025F126E946E946E166E186D9A7D1A7C101
:10DE2000E498017000380020001000080000000095
:10DE300000000000000000000000000000000000E2
:10DE400000000000000000000000000000000000D2
:10DE500000000000000000000000000000000000C2
:10DE600000000000000000000000000000000000B2
:10DE700000000000000000000000000000000000A2
:10DE80000000000000000000000000000000000092
:10DE90000000000000000000000000000000000082
:10DEA0000000000000000000000000000000000072
:10DEB0000000000000000000000000000000000062
:10DEC0000000000000000000000000000000000052
:10DED0000000000000000000000000000000000042
:10DEE0000000000000000000000000000000000032
:10DEF000000000000000000800080018002000409A
:10DF0000C378A7B9A7D166E125E905F105F105F1C7
:10DF100006F105F105F105F105F105F105F105F150
:10DF200005F1E5F005F105F105F105F105F105F162
:10DF300005F105F105F105F105F105F105F105F131
:10DF400005F105F105F105F105F105F105F105F121
:10DF500005F105F106F105F105F905F105F146E9CF
:10DF600086E1A7D166B18380005000280018000820
:10DF70000008000000000000000000000000000099
:10DF80000000000000000000000000000000000091
:10DF90000000000000000000000000000000000081
:10DFA0000000000000000000000000000000000071
:10DFB0000000000000000000000000000000000061
:10DFC0000000000000000000000000000000000051
:10DFD0000000000000000000000000000000000041
:10DFE0000000000000000000000000000000000031
:10DFF0000000000000000000000000000000000021
:10E000000000000000000000000000000000000010
:10E010000000000000000000000000000000000000
:10E0200000000000000000002000200000000000B0
:10E0300000000000000800180040628046B987D93F
:10E0400066E146E145E925E905F105F905F9E5F857
:10E05000E5F005F105F105F125F105F105F105F111
:10E0600025F126F105F105F105F105F106F106F1BD
:10E0700006F106F106F106F106F105F105F105F1EB
:10E0800005F105F105F105F105F105F105F105F1E0
:10E0900025F126F105F1E5F0E5F006F906F905F1BF
:10E0A00025E925E166E187E187D925B1627800405D
:10E0B0000020000800000000200000000000000018
:10E0C0000000000000000000000000000000000050
:10E0D0000000000000000000000000000000000040
:10E0E0000000000000000000000000000000000030
:10E0F0000000000000000000000000000000000020
:10E10000000000000000000000000000000000000F
:10E1100000000000000000000000000000000000FF
:10E1200000000000000000000000000000000000EF
:10E1300000000000000000000000000000000000DF
:10E1400000000000000000000000000000000000CF
:10E1500000000000000000000000000000000000BF
:10E1600000000000000000000000000000000008A7
:10E17000001000200040C378A7B9C8E147F105F1BD
:10E18000E5F825F904F105F105F1E5F0E5F0E5F034
:10E19000E5F805F905F105F105F125F125F105F1A0
:10E1A000E5F0E5E805F105F105F105F105F105F109
:10E1B00005F105F105F105F105F105F105F105F1AF
:10E1C00005F105F105F105F105F105F105F105F19F
:10E1D00005F105F126F126F9E5F0E5F8E5F005F1A0
:10E1E00005F105F105F905F126F167E9A8D987B12F
:10E1F000C37800400020001000080000000000006C
:10E20000000000000000000000000000000000000E
:10E2100000000000000000000000000000000000FE
:10E2200000000000000000000000000000000000EE
:10E2300000000000000000000000000000000000DE
:10E2400000000000000000000000000000000000CE
:10E2500000000000000000000000000000000000BE
:10E2600000000000000000000000000000000000AE
:10E27000000000000000000000000000000000009E
:10E28000000000000000000000000000000000008E
:10E29000000000000000000000000000000000007E
:10E2A00000080008000000002000200000100020EE
:10E2B0000050638867C966D966E126E105E906F181
:10E2C00005F105F105F125F105F105F125F926F92D
:10E2D00005F9E5F005F9E5F0E5F005F105F105F9D9
:10E2E00025F125F105F105F105F105F105F105F13E
:10E2F00005F105F105F105F105F105F105F105F16E
:10E3000005F105F105F105F105F105F105F105F15D
:10E3100006F906F9C5F006F905F105F905F9E5F084
:10E3200005F905F905F105F105E906E926E167E1D9
:10E3300067D946C14380005000200008200020001B
:10E3400000000000000800000000000000000000C5
:10E3500000000000000000000000000000000000BD
:10E3600000000000000000000000000000000000AD
:10E37000000000000000000000000000000000009D
:10E38000000000000000000000000000000000008D
:10E39000000000000000000000000000000000007D
:10E3A000000000000000000000000000000000006D
:10E3B000000000000000000000000000000000005D
:10E3C000000000000000000000000000000000004D
:10E3D000000000000000000000000000000000003D
:10E3E0000000000000000008000800180040C48081
:10E3F00088C188E126E905F905F105F126F106F164
:10E4000005F105F105F105F105F105F105F1E5F07D
:10E41000E5F006F905F905F905F905F105F905F144
:10E4200005F105F105F105F105F105F105F105F13C
:10E4300005F105F105F105F105F105F105F105F12C
:10E4400005F105F105F105F105F105F106F905F113
:10E45000E5F0E5F006F906F9E5F005F105F9E5F076
:10E4600005F105F906F106F106F126F105F105F1D0
:10E4700005F126F1A9E188C1E480004000180008F8
:10E480000008000000000000000000000000000084
:10E49000000000000000000000000000000000007C
:10E4A000000000000000000000000000000000006C
:10E4B000000000000000000000000000000000005C
:10E4C000000000000000000000000000000000004C
:10E4D000000000000000000000000000000000003C
:10E4E000000000000000000000000000000000002C
:10E4F000000000000000000000000000000000001C
:10E50000000000000000000000000000000000000B
:10E5100000000000000000000000000000000000FB
:10E5200000000000000000100030217887C9A7E13A
:10E5300025D946E905F105F105F105F105F105F1EA
:10E5400005F105F105F105F105F105F105F105F11B
:10E5500005F105F105F105F105F105F105F105F10B
:10E5600005F105F105F105F105F105F105F105F1FB
:10E5700005F105F105F105F105F105F105F105F1EB
:10E5800005F105F105F105F105F105F105F105F1DB
:10E5900005F105F105F105F105F105F105F105F1CB
:10E5A00005F105F105F105F105F105F105F105F1BB
:10E5B00005F105F126E926E1A7E166C121700030E9
:10E5C000001000000000000000000000000000003B
:10E5D000000000000000000000000000000000003B
:10E5E000000000000000000000000000000000002B
:10E5F000000000000000000000000000000000001B
:10E60000000000000000000000000000000000000A
:10E6100000000000000000000000000000000000FA
:10E6200000000000000000000000000000000000EA
:10E6300000000000000000000000000000000000DA
:10E6400000000000000000000000000000000000CA
:10E65000000000000000000020000000000000009A
:10E66000000800100020215046A9C8D946E905F14C
:10E6700025F1E4F005F105F105F105F105F105F1EC
:10E6800005F105F105F105F105F105F105F105F1DA
:10E6900005F105F105F105F105F105F105F105F1CA
:10E6A00005F105F105F105F105F105F105F105F1BA
:10E6B00005F105F105F105F105F105F105F105F1AA
:10E6C00005F105F105F105F105F105F105F105F19A
:10E6D00005F105F105F105F105F105F105F105F18A
:10E6E00005F105F105F105F105F105F105F105F17A
:10E6F00005F105F1E4F025F905F126E9C8D946A9A7
:10E700002150002000100008000000000000200040
:10E7100000000000000000000000000000000000F9
:10E7200000000000000000000000000000000000E9
:10E7300000000000000000000000000000000000D9
:10E7400000000000000000000000000000000000C9
:10E7500000000000000000000000000000000000B9
:10E7600000000000000000000000000000000000A9
:10E770000000000000000000000000000000000099
:10E780000000000000000000000000000000000089
:10E790000000000000000000000001000000000870
:10E7A00000200040E4A087D187E105E126F105F1D2
:10E7B000C5E826F905F105F105F105F105F105F1C9
:10E7C00005F105F105F105F105F105F105F105F199
:10E7D00005F105F105F105F105F105F105F105F189
:10E7E00005F105F105F105F105F105F105F105F179
:10E7F00005F105F105F105F105F105F105F105F169
:10E8000005F105F105F105F105F105F105F105F158
:10E8100005F105F105F105F105F105F105F105F148
:10E8200005F105F105F105F105F105F105F105F138
:10E8300005F105F146F9C4E805F146F105E187E186
:10E8400087D1C498004000200008000001000000AB
:10E8500000000000000000000000000000000000B8
:10E8600000000000000000000000000000000000A8
:10E870000000000000000000000000000000000098
:10E880000000000000000000000000000000000088
:10E890000000000000000000000000000000000078
:10E8A0000000000000000000000000000000000068
:10E8B0000000000000000000000000002000000038
:10E8C0000000000000000000000000000000000048
:10E8D0000000000000000000000000000008001818
:10E8E000416087B987E125F125F105F105F126F1B0
:10E8F00026F9C5F005F105F105F105F105F105F180
:10E9000005F105F105F105F105F105F105F105F157
:10E9100005F105F105F105F105F105F105F105F147
:10E9200005F105F105F105F105F105F105F105F137
:10E9300005F105F105F105F105F105F105F105F127
:10E9400005F105F105F105F105F105F105F105F117
:10E9500005F105F105F105F105F105F105F105F107
:10E9600005F105F105F105F105F105F105F105F1F7
:10E9700005F105F1C5F006F126F925F105F125F1BE
:10E9800025F166E1A7B941600020001000080000F1
:10E990000000000000000000000000000000000077
:10E9A0000000000000000000000020000000000047
:10E9B0000000000000000000000000000000000057
:10E9C0000000000000000000000000000000000047
:10E9D0000000000000000000000000000000000037
:10E9E0000000000000000000000000000000000027
:10E9F00000000000000000000000200000000000F7
:10EA00000000000000000000000000000000000006
:10EA10000000000000000000000000100030E4884A
:10EA2000C8D166E145E904E904F125F9E5F0E5F02E
:10EA300006F926F905F105F105F105F105F105F1F4
:10EA400005F105F105F105F105F105F105F105F116
:10EA500005F105F105F105F105F105F105F105F106
:10EA600005F105F105F105F105F105F105F105F1F6
:10EA700005F105F105F105F105F105F105F105F1E6
:10EA800005F105F105F105F105F105F105F105F1D6
:10EA900005F105F105F105F105F105F105F105F1C6
:10EAA00005F105F105F105F105F105F105F105F1B6
:10EAB00005F105F126F905F1E5F005F105F104F19F
:10EAC00004E945E966E1C8D1059100300010000075
:10EAD0000000000000000000000000000000000036
:10EAE0000000000000000000000000002000000006
:10EAF0000000000000000000000000000000000016
:10EB00000000000000000000000000000000000005
:10EB100000000000000000000000000000000000F5
:10EB200000000000000000000000000000000000E5
:10EB300000000000000000000000000000000000D5
:10EB400000000000000000000000000000000000C5
:10EB500000000000000000080018003825A1A7D11F
:10EB600046E125F125F104F105F905F905F105F175
:10EB700005F105F105F105F105F105F105F105F1E5
:10EB800005F105F105F105F105F105F105F105F1D5
:10EB900005F105F105F105F105F105F105F105F1C5
:10EBA00005F105F105F105F105F105F105F105F1B5
:10EBB00005F105F105F105F105F105F105F105F1A5
:10EBC00005F105F105F105F105F105F105F105F195
:10EBD00005F105F105F105F105F105F105F105F185
:10EBE00005F105F105F105F105F105F105F105F175
:10EBF00005F105F105F1E5F005F105F105F105F186
:10EC000024F125F125F146E1A8D946A100380018E4
:10EC100000080000000000000000000000000000EC
:10EC200000000000000000000000000000000000E4
:10EC300000000000000000000000000000000000D4
:10EC400000000000000000000000000000000000C4
:10EC500000000000000000000000000000000000B4
:10EC600000000000000000000000000000000000A4
:10EC70000000000000000000000000000000000094
:10EC80000000000000000000000000000000000084
:10EC90000000000000080020627887C966E145E9AD
:10ECA00025E905F105F105F906F105F105F105F193
:10ECB000E5F0E5F005F105F105F105F105F105F1E6
:10ECC00005F105F105F105F105F105F105F105F194
:10ECD00005F105F105F105F105F105F105F105F184
:10ECE00005F105F105F105F105F105F105F105F174
:10ECF00005F105F105F105F105F105F105F105F164
:10ED000005F105F105F105F105F105F105F105F153
:10ED100005F105F105F105F105F105F105F105F143
:10ED200005F105F105F105F105F105F105F105F133
:10ED300005F105F105F905F925F105F105F105F1F3
:10ED400005F9E5F005F125E925E966E1A7C962784D
:10ED50000028000800000000000000000000000083
:10ED600000000000000000000000000000000000A3
:10ED70000000000000000000000000000000000093
:10ED80000000000000000000000000000000000083
:10ED90000000000000000000000000000000000073
:10EDA0000000000000000000000000000000000063
:10EDB0000000000000000000000000000000000053
:10EDC0000000000000000000000000000000000043
:10EDD000000000100028C380A7D146E905F105F91D
:10EDE00005F105F1E6F8E6F806F105F105F105F1A2
:10EDF00005F905F105F105F105F105F105F105F15B
:10EE000005F105F105F105F105F105F105F105F152
:10EE100005F105F105F105F105F105F105F105F142
:10EE200005F105F105F105F105F105F105F105F132
:10EE300005F105F105F105F105F105F105F105F122
:10EE400005F105F105F105F105F105F105F105F112
:10EE500005F105F105F105F105F105F105F105F102
:10EE600005F105F105F105F105F105F105F105F1F2
:10EE700005F105F1E5F005F905F105F106F106F9F1
:10EE8000E6F8E6F805F105F105F905F146E9A8D13E
:10EE9000C3800028001000000000000000000000F7
:10EEA0000000000000000000000000000000000062
:10EEB0000000000000000000000000000000000052
:10EEC0000000000000000000000000000000000042
:10EED0000000000000000000000000000000000032
:10EEE0000000000000000000000000000000000022
:10EEF0000000000000000000000000000000000012
:10EF000000000000200000000000000000000008D9
:10EF10000018003005A187D966E905E905F1E5F893
:10EF2000E5F806F9E6F8E6F8E6F805F905F105F181
:10EF300005F105F105F105F105F105F105F105F121
:10EF400005F105F105F105F105F105F105F105F111
:10EF500005F105F105F105F105F105F105F105F101
:10EF600005F105F105F105F105F105F105F105F1F1
:10EF700005F105F105F105F105F105F105F105F1E1
:10EF800005F105F105F105F105F105F105F105F1D1
:10EF900005F105F105F105F105F105F105F105F1C1
:10EFA00005F105F105F105F105F105F105F105F1B1
:10EFB00005F105F105F105F105F105F1E6F8E6F8D1
:10EFC000E6F8E6F8E6F8E5F8E4F825F905E946E1BB
:10EFD00087D9C4980030001000080000000000002D
:10EFE0000000000000000000000000000000000021
:10EFF0000000000000000000000000000000000011
:10F000000000000000000000000000000000000000
:10F0100000000000000000000000000000000000F0
:10F0200000000000000000000000000000000000E0
:10F0300000000000000000000000000000000000D0
:10F040000000000000000000000000080008001898
:10F050000038E49866D946F105E905E905F905F9AE
:10F06000E5F8E6F8E6F8E6F8E6F805F905F105F161
:10F0700005F105F105F105F105F105F105F105F1E0
:10F0800005F105F105F105F105F105F105F105F1D0
:10F0900005F105F105F105F105F105F105F105F1C0
:10F0A00005F105F105F105F105F105F105F105F1B0
:10F0B00005F105F105F105F105F105F105F105F1A0
:10F0C00005F105F105F105F105F105F105F105F190
:10F0D00005F105F105F105F105F105F105F105F180
:10F0E00005F105F105F105F105F105F105F105F170
:10F0F00005F105F105F105F105F105F105F9E6F870
:10F10000E6F8E6F8E5F006F9E5F025F905F105E998
:10F1100067F966D925A1003800180008000800002A
:10F1200000000000000000000000000000000000DF
:10F1300000000000000000000000000000000000CF
:10F1400000000000000000000000000000000000BF
:10F1500000000000000000000000000000000000AF
:10F16000000000000000000000000000000000009F
:10F17000000000000000000000000000000000008F
:10F18000000000000000000000000000001000402F
:10F1900066B187E146F125F9E5F005F126F905F1BB
:10F1A00005F106F105F105F105F105F105F105F1AE
:10F1B00025F125F105F105F105F105F105F105F15F
:10F1C00005F105F105F105F105F105F105F105F18F
:10F1D00005F105F105F105F105F105F105F105F17F
:10F1E00005F105F105F105F105F105F105F105F16F
:10F1F00005F105F105F105F105F105F105F105F15F
:10F2000005F105F105F105F105F105F105F105F14E
:10F2100005F105F105F105F105F105F105F105F13E
:10F2200005F105F105F105F105F105F105F105F12E
:10F2300005F105F125F125F105F105F105F105F1DE
:10F2400005F105F106F126F1E5F006F105F1E5E835
:10F2500005F146F187E166B100480018000800009A
:10F26000000000000000000000000000000000009E
:10F27000000000000000000000000000000000008E
:10F28000000000000000000000000000000000007E
:10F29000000000000000000000000000000000006E
:10F2A000000000000000000000000000000000005E
:10F2B000000000000000000000000000000000004E
:10F2C0000000000000000008000000100048C8B165
:10F2D00066E125F1E4F005F106F906F906F106F11B
:10F2E00026F125F125F105F105F105F105F105F10D
:10F2F00025F125F105F105F105F105F105F105F11E
:10F3000005F105F105F105F105F105F105F105F14D
:10F3100005F105F105F105F105F105F105F105F13D
:10F3200005F105F105F105F105F105F105F105F12D
:10F3300005F105F105F105F105F105F105F105F11D
:10F3400005F105F105F105F105F105F105F105F10D
:10F3500005F105F105F105F105F105F105F105F1FD
:10F3600005F105F105F105F105F105F105F105F1ED
:10F3700005F105F125F125F105F105F105F105F19D
:10F3800005F125F105E926F106F1E6F026F906F981
:10F3900005F105F125F167E1C8B10040001000005A
:10F3A0000008000000000000000000000000000055
:10F3B000000000000000000000000000000000004D
:10F3C000000000000000000000000000000000003D
:10F3D000000000000000000000000000000000002D
:10F3E000000000000000000000000000000000001D
:10F3F000000000000000000000000000000000000D
:10F40000000000000000000800100148A8C167E1EA
:10F4100005F1E4F025F105F106F9E6F0E6F006F174
:10F4200025F105F105F105F105F105F105F105F10C
:10F4300005F105F105F105F105F105F105F105F11C
:10F4400005F105F105F105F105F105F105F105F10C
:10F4500005F105F105F105F105F105F105F105F1FC
:10F4600005F105F105F105F105F105F105F105F1EC
:10F4700005F105F105F105F105F105F105F105F1DC
:10F4800005F105F105F105F105F105F105F105F1CC
:10F4900005F105F105F105F105F105F105F105F1BC
:10F4A00005F105F105F105F105F105F105F105F1AC
:10F4B00005F105F105F105F105F105F905F105F194
:10F4C00005F105F105F105F126F9E6F0E6F006F99A
:10F4D00025F125F1E4F026F146E167B90048001076
:10F4E0000008000000000000000000000000000014
:10F4F000000000000000000000000000000000000C
:10F5000000000000000000000000000000000000FB
:10F5100000000000000000000000000000000000EB
:10F5200000000000000000000000000000000000DB
:10F5300000000000000000000000000000000000CB
:10F5400000000000000800180040C8B167E1E5F0C5
:10F5500025F925F125F105E905F106F905F906F981
:10F5600005F105F105F105F105F105F105F905F9DB
:10F5700005F105F105F105F105F105F105F105F1DB
:10F5800005F105F105F105F105F105F105F105F1CB
:10F5900005F105F105F105F105F105F105F105F1BB
:10F5A00005F105F105F105F105F105F105F105F1AB
:10F5B00005F105F105F105F105F105F105F105F19B
:10F5C00005F105F105F105F105F105F105F105F18B
:10F5D00005F105F105F105F105F105F105F105F17B
:10F5E00005F105F105F105F105F105F105F105F16B
:10F5F00005F105F105F105F1E5F8E5F805F105F18D
:10F6000005F105F125F1E5F006F906F9E5F0E5F07B
:10F6100005F105F104F125F9C5F067E1C8B100482D
:10F6200000180008000000000000000000000000BA
:10F6300000000000000000000000000000000000CA
:10F6400000000000000000000000000000000000BA
:10F6500000000000000000000000000000000000AA
:10F66000000000000000000000000000000000009A
:10F67000000000000000000000000000000000008A
:10F68000000000000018003866B966E105E925F9B8
:10F69000E4E825F105F1E5F025F125F105F905F995
:10F6A000E5F006F105F125F105F105F105F905F99A
:10F6B00006F106F105F105F105F105F105F105F198
:10F6C00005F105F105F105F105F105F105F105F18A
:10F6D00005F105F105F105F105F105F105F105F17A
:10F6E00005F105F105F105F105F105F105F105F16A
:10F6F00005F105F105F105F105F105F105F105F15A
:10F7000005F105F105F105F105F105F105F105F149
:10F7100005F105F105F105F105F105F105F105F139
:10F7200005F105F105F105F105F105F105F105F129
:10F7300005F105F106F106F1E5F8E5F805F905F141
:10F7400005F105F106F1E5F0E5F005F925F125F102
:10F7500025F125F125F1E4E825F925F146D987B908
:10F760000038001000000000000000000000000051
:10F770000000000000000000000000000000000089
:10F780000000000000000000000000000000000079
:10F790000000000000000000000000000000000069
:10F7A0000000000000000000000000000000000059
:10F7B0000000000000000000000000000000000049
:10F7C000000000100030E49867E146F104F125F1F3
:10F7D00025F105E925F105F105F1E5F005F105F95A
:10F7E000E5F006F105F125F105F105F105F905F959
:10F7F00006F106F105F105F105F105F105F105F157
:10F8000005F105F105F105F105F105F105F105F148
:10F8100005F105F105F105F105F105F105F105F138
:10F8200005F105F105F105F105F105F105F105F128
:10F8300005F105F105F105F105F105F105F105F118
:10F8400005F105F105F105F105F105F105F105F108
:10F8500005F105F105F105F105F105F105F105F1F8
:10F8600005F105F105F105F105F105F105F105F1E8
:10F8700005F105F106F106F1E5F805F905F905F1DF
:10F8800005F105F105F106F905F905F105F104F1B8
:10F8900005F105F125E925F104F105F125F187E1EF
:10F8A000E49800300010000000000000000000009C
:10F8B0000000000000000000000000000000000048
:10F8C0000000000000000000000000000000000038
:10F8D0000000000000000000000000000000000028
:10F8E0000000000000000000000000000000000018
:10F8F0000000000000000000000000000000000008
:10F900000008002804A166E146F105F125F105F1A2
:10F9100005F105F105F105F105F105F105F105F137
:10F9200005F105F105F105F105F105F105F105F127
:10F9300005F105F105F105F105F105F105F105F117
:10F9400005F105F105F105F105F105F105F105F107
:10F9500005F105F105F105F105F105F105F105F1F7
:10F9600005F105F105F105F105F105F105F105F1E7
:10F9700005F105F105F105F105F105F105F105F1D7
:10F9800005F105F105F105F105F105F105F105F1C7
:10F9900005F105F105F905F105F105F105F105F1AF
:10F9A00005F105F105F105F105F105F105F105F1A7
:10F9B00005F105F105F105F105F105F105F105F197
:10F9C00005F105F105F105F105F105F105F105F187
:10F9D00005F105F105F105F105E945F105F126E926
:10F9E00087E1C49800280008000000000000000023
:10F9F0000000000000000000000000000000000007
:10FA000000000000000000000000000000000000F6
:10FA100000000000000000000000000000000000E6
:10FA200000000000000000000000000000000000D6
:10FA300000000000000000000000000000000008BE
:10FA40000028E38066D946F1E5F0E4F026F125F1DF
:10FA500005F105F105F105F105F105F105F105F1F6
:10FA600005F105F105F105F105F105F105F105F1E6
:10FA700005F105F105F105F105F105F105F105F1D6
:10FA800005F105F105F105F105F105F105F105F1C6
:10FA900005F105F105F105F105F105F105F105F1B6
:10FAA00005F105F105F105F105F105F105F105F1A6
:10FAB00005F105F105F105F105F105F105F105F196
:10FAC00005F105F105F105F105F105F105F105F186
:10FAD00005F105F105F905F105F105F105F105F16E
:10FAE00005F105F105F105F105F105F105F105F166
:10FAF00005F105F105F105F105F105F105F105F156
:10FB000005F105F105F105F105F105F105F105F145
:10FB100005F105F105F105F105E926F105F105F11C
:10FB200067F987D1E3800020000800000000000092
:10FB300000000000000000000000000000000000C5
:10FB400000000000000000000000000000000000B5
:10FB500000000000000000000000000000000000A5
:10FB60000000000000000000000000000000000095
:10FB7000000000000000000000000000000000186D
:10FB80004170A7D166E925F1E5F005F106F905F127
:10FB900005F125F105F105F105F105F105F105F195
:10FBA00005F105F105F105F105F105F105F105F1A5
:10FBB00005F105F105F105F105F9E5F805F905F19E
:10FBC00005F105F105F9E5F805F905F105F105F18E
:10FBD00005F105F105F105F105F105F105F105F175
:10FBE00005F105F105F105F105F105F105F105F165
:10FBF00005F105F105F105F105F105F105F105F155
:10FC000005F105F105F105F105F105F105F105F144
:10FC100005F105F105F105F105F105F105F105F134
:10FC200005F905F905F105F105F105F9E5F805F91D
:10FC300005F105F105F105F105F105F105F105F114
:10FC400005F105F105F105F105F105F105F105F104
:10FC500005F105F105F125F1E5F006F105F1E5E81D
:10FC600005E966E9A7D162780018000000000000ED
:10FC70002000000000000000000000000000000064
:10FC80000000000000000000000000000000000074
:10FC90000000000000000000000000000000000064
:10FCA0000000000000000000000000000000000054
:10FCB00000000000000000000000000000100038FC
:10FCC000C8D126E905E905F106F106F9E5F0E5F008
:10FCD00005F105F105F105F105F105F105F105F174
:10FCE00005F105F105F105F105F105F105F105F164
:10FCF00005F105F105F105F9E5F8E5F805F905F176
:10FD000005F105F105F905F9E6F806F106F106F148
:10FD100005F105F905F105F105F105F105F105F12B
:10FD200005F105F105F105F105F105F105F105F123
:10FD300005F105F105F105F105F105F105F105F113
:10FD400005F105F105F105F105F105F105F105F103
:10FD500005F105F105F105F105F105F105F105F1F3
:10FD600005F905F905F105F105F105F9E5F8E5F8FD
:10FD700005F905F105F105F105F105F105F105F1CB
:10FD800005F105F105F105F105F105F105F105F1C3
:10FD900005F105F105F105F1E5F0E6F026F926F9A2
:10FDA00005F105E946E9A7C9003800100008010877
:10FDB0000000000000000000000000000000000043
:10FDC0000000000000000000000000000000000033
:10FDD0000000000000000000000000000000000023
:10FDE0000000000000000000000000000000000013
:10FDF000000000000000000000000010003066A9B4
:10FE000067E105F105F105F105F105F1E5F005F909
:10FE100005F905F105F105F105F105F105F105F12A
:10FE200005F105F105F105F105F105F105F105F122
:10FE300005F105F105F105F105F905F905F105F102
:10FE400005F105F105F105F105F105F125F105F1E2
:10FE500005F105F905F105F105F105F105F105F1EA
:10FE600005F105F105F105F105F105F105F105F1E2
:10FE700005F105F105F105F105F105F105F105F1D2
:10FE800005F105F105F105F105F105F105F105F1C2
:10FE900005F105F1E5F8E5F805F105F105F105F1E4
:10FEA00005F105F105F105F105F105F105F105F1A2
:10FEB00005F105F105F105F105F105F105F105F192
:10FEC00005F105F105F105F105F105F105F105F182
:10FED00005F105F105F105F106F9E6F0E6F006F1A8
:10FEE00005F905F904F187E146A100300010000092
:10FEF0000000000000000000000000000000000002
:10FF000000000000000000000000000000000000F1
:10FF100000000000000000000000000000000000E1
:10FF200000000000000000000000000000000000D1
:10FF30000000000000000000000800200491A7D984
:10FF400026E905F906F9E5F005F106F105F105F9EF
:10FF5000E5F0E5F005F105F105F105F105F105F133
:10FF600005F105F105F105F105F105F105F105F1E1
:10FF700005F105F105F105F105F105F105F105F1D1
:10FF800005F105F105F105F105F105F105F105F1C1
:10FF900005F905F905F105F105F105F105F105F1A1
:10FFA00005F105F105F105F105F105F105F105F1A1
:10FFB00005F105F105F105F105F105F105F105F191
:10FFC00005F105F105F105F105F105F105F105F181
:10FFD00005F105F1E5F8E5F805F105F105F105F1A3
:10FFE00005F105F105F105F105F105F105F105F161
:10FFF00005F105F105F105F105F105F105F105F151
:020000040803EF
:1000000005F105F105F105F105F105F105F105F140
:1000100005F105F106F9E5F006F906F1E5F0E5F080
:10002000E5F8E5F805F925E9A8D9E59000200008EC
:1000300000000000000000000000000000000000C0
:1000400000000000000000000000000000000000B0
:1000500000000000000000000000000000000000A0
:100060000000000000000000000000000000000090
:10007000000000000000000800204160C7D146E9F0
:1000800004E925F1E5F8E5F026F125F125F105F182
:10009000E5F006F905F105F105F105F105F105F1C8
:1000A00005F105F105F105F105F105F105F105F1A0
:1000B00005F105F105F105F105F105F105F105F190
:1000C00005F105F105F105F105F105F105F105F978
:1000D00005F905F905F105F105F105F105F105F160
:1000E00005F105F105F105F105F105F105F105F160
:1000F00005F105F105F105F105F105F105F105F150
:1001000005F105F105F105F105F105F105F105F13F
:1001100005F105F105F905F905F105F105F105F11F
:1001200005F105F105F105F105F105F105F105F11F
:1001300005F105F105F105F105F105F105F105F10F
:1001400005F105F105F105F105F105F105F105F1FF
:1001500005F105F106F9E5F0E5F025F126F126F1C6
:1001600006F905F905F124E946E9C8D14160002006
:100170000008000000000000000000000000000077
:10018000000000000000000000000000000000006F
:10019000000000000000000000000000000000005F
:1001A000000000000000000000000000000000004F
:1001B0000000000000000010004087B986E104E95B
:1001C00025F1E5F006F9E6F826F105E905F125F156
:1001D00005F106F105F105F105F105F105F105F16E
:1001E00005F105F105F105F105F105F105F105F15F
:1001F00005F105F105F105F105F105F105F105F14F
:1002000005F105F105F105F105F105F105F105F936
:1002100005F905F905F105F105F105F105F105F11E
:1002200005F105F105F105F105F105F105F105F11E
:1002300005F105F105F105F105F105F105F105F10E
:1002400005F105F105F105F105F105F105F105F1FE
:1002500005F105F105F105F105F105F105F105F1EE
:1002600005F105F105F105F105F105F105F105F1DE
:1002700006F105F105F105F105F105F105F105F1CD
:1002800005F105F105F105F105F105F105F105F1BE
:1002900005F105F105F126F905F105F125F105F165
:1002A000E5F0E5F805F125F104E986E1A7B900409C
:1002B000001000000000000000000000000000002E
:1002C000000000000000000000000000000000002E
:1002D000000000000000000000000000000000001E
:1002E000000000000000000000000000010000000D
:1002F000000000000000002005A167E145E904F1CD
:10030000E5F005F9E6F8E6F805F105F105F105F186
:1003100005F105F105F105F105F105F105F105F12D
:1003200005F105F105F105F105F105F105F105F11D
:1003300005F105F105F9E5F0E5F025F905F105F11F
:1003400005F105F105F105F105F105F105F105F1FD
:1003500005F105F105F105F105F105F105F105F1ED
:1003600005F105F105F105F105F105F105F105F1DD
:1003700005F105F105F105F105F105F105F105F1CD
:1003800005F105F105F105F105F105F105F105F1BD
:1003900005F105F105F105F105F105F105F105F1AD
:1003A00005F105F105F105F105F105F105F105F19D
:1003B00006F1E5F005F105F105F105F105F105F1AD
:1003C00005F105F105F105F105F105F105F105F17D
:1003D00005F105F105F105F105F105F125F105F14D
:1003E000E6F8E6F8E6F8E5F025F145E987E1C49896
:1003F00000200000000000000000000000000000DD
:1004000000000000000000000000000000000000EC
:1004100000000000000000000000000000000000DC
:1004200000000000000000000000000000000000CC
:10043000000000000010215087D126F104E925F1C9
:1004400005F9E5F8E6F8E6F805F105F105F105F13D
:1004500025F125F105F105F105F105F105F105F1AC
:1004600005F105F105F105F105F105F105F105F1DC
:1004700005F105F105F925F905F9E4F005F125F196
:1004800005F1E5F005F905F905F105F125F105F1AD
:1004900005F105F105F105F105F105F105F105F1AC
:1004A00005F105F105F105F105F105F105F105F19C
:1004B00005F105F105F105F105F105F105F105F18C
:1004C00005F105F105F105F105F105F105F105F17C
:1004D00005F105F105F105F105F105F105F105F16C
:1004E00005F905F905F105F125F125F105F1E5F02D
:1004F000E5F026F905F105F105F105F105F105F144
:1005000005F105F105F105F105F105F105F105F13B
:1005100005F105F105F105F105F105F105F105F12B
:10052000E6F8E6F8E6F806F904F124F125F1A7D19A
:10053000005000100000000000000000000000005B
:1005400000000000000000000000000000000000AB
:10055000000000000000000000000000000000009B
:10056000000000000000000000000000000000008B
:1005700020000008003025A167E125F105F105F90B
:1005800005F105F1E5F8E5F805F105F105F105F1ED
:1005900005F105F105F105F105F105F105F105F1AB
:1005A00005F105F105F105F105F105F105F105F19B
:1005B00005F105F105F105F105F905F925F9E4F075
:1005C00005F125F9E5F8E5F805F105F105F105F185
:1005D000E6F8E5F805F105F105F105F105F105F19C
:1005E00005F105F105F105F105F105F105F105F15B
:1005F00005F105F105F105F105F105F105F105F14B
:1006000005F105F105F105F105F105F105F105F13A
:1006100005F105F1E6F806F105F125F105F105F121
:10062000E5F8E5F805F125F905F1E4F005F905F936
:1006300005F905F105F105F105F105F105F105F102
:1006400005F105F105F105F105F105F105F105F1FA
:1006500005F105F105F105F105F105F105F105F1EA
:10066000E6F8E6F806F106F1E4F025F105F187E990
:1006700025A100300008200020000000000000003C
:10068000000000000000000000000000000000006A
:10069000000000000000000000000000000000005A
:1006A000000000000000000000000000000000004A
:1006B000000000184178A8D926E905F105F905F9E7
:1006C000E5F005F105F905F905F106F106F105F189
:1006D00005F105F105F105F105F105F105F105F16A
:1006E00005F105F105F105F105F105F105F105F15A
:1006F00005F105F126F105F105F905F9E5F0E5F05B
:1007000026F9E5F0E5F8E5F805F105F106F106F161
:10071000E6F8E6F805F105F105F105F105F105F159
:1007200005F105F105F105F105F105F105F105F119
:1007300005F105F105F105F105F105F105F105F109
:1007400005F105F105F105F105F105F105F105F1F9
:1007500005F105F1E6F806F106F106F105F105F1FE
:1007600005F9E5F805F905F905F9E5F8E5F8E5F025
:1007700005F125F105F105F105F105F105F105F1A9
:1007800005F105F105F105F105F105F105F105F1B9
:1007900005F105F105F905F905F105F105F105F199
:1007A00005F905F906F105F105F105F105F105E198
:1007B000C8D94278001800000000000000000000C6
:1007C0000000000000000000000000000000000029
:1007D0000000000000000000000000000000000019
:1007E0000000000000000000000000000000000009
:1007F0000010004087C946E946F1E5F0E5F005F153
:1008000005F125F105F105F105F105F105F105F910
:1008100005F905F905F105F105F105F105F105F118
:1008200005F105F105F105F105F105F105F105F118
:1008300005F105F105F105F106F106F9E5F0E5F040
:10084000E5F006F905F105F105F105F105F105F110
:1008500006F106F105F105F105F105F105F105F1E6
:1008600005F105F105F105F105F105F105F105F1D8
:1008700005F105F105F105F105F105F105F105F1C8
:1008800005F105F105F105F105F105F105F105F1B8
:1008900005F105F105F105F105F105F105F105F1A8
:1008A00005F105F106F9E5F0E5F006F906F906F1BE
:1008B00026F1E5E805F105F105F105F105F105F190
:1008C00005F105F105F105F105F105F105F105F178
:1008D00005F105F105F9E5F8E5F805F905F105F18A
:1008E00005F105F105F105F125F905F105F126F10F
:1008F00046E987C900480010000000000000000819
:1009000000000000000000000000000000000000E7
:1009100000000000000000000000000000000000D7
:1009200000000000000000000000000000000008BF
:1009300000200589A7E105F106F105F105F105F9AA
:1009400005F105F105F105F105F105F105F105F9EF
:1009500005F905F905F105F105F105F105F105F1D7
:1009600005F105F105F105F105F105F105F105F1D7
:1009700005F106F106E967E946E146D967E167E96D
:1009800006E926F106F105F105F105F105F105F19C
:1009900005F125F105F105F105F105F105F105F187
:1009A00005F105F105F105F105F105F105F105F197
:1009B00005F105F105F105F105F105F105F105F187
:1009C00005F105F105F105F105F105F105F105F177
:1009D00005F105F105F105F105F105F905F105F15F
:1009E00005F106F126F105E926E167E187E167E116
:1009F00047E127E906F105F105F105F105F105F1FA
:100A000005F105F105F105F105F105F105F105F136
:100A100005F105F1E5F8E5F8E5F805F105F105F171
:100A200005F105F105F105F105F105F105F125F1F6
:100A300005F187E1058900200008000000000000A2
:100A400000000000000000000000000000000000A6
:100A50000000000000000000000000000000000096
:100A60000000000000000000000000002000001056
:100A70000050A8C126E125F1C4E826F905F905F9D9
:100A8000E5F005F105F105F125F125F105F105F197
:100A900006F106F105F105F105F105F105F105F1A4
:100AA00005F105F105F105F105F105F105F105F196
:100AB00005F126E988E967C925A10389249986C13A
:100AC00067E106E906F105F105F105F105F905F91A
:100AD00005F105F105F105F105F105F105F105F166
:100AE00005F105F105F105F105F105F105F105F156
:100AF00005F105F105F105F105F105F105F105F146
:100B000005F105F105F105F105F105F105F105F135
:100B100005F105F105F105F105F905F905F105F115
:100B200005F106F106E9C8E9A7C10399E38845A1E3
:100B300067C948E126E905F105F105F105F105F17F
:100B400005F105F105F105F105F105F105F105F1F5
:100B500005F105F106F106F105F105F125F125F1A3
:100B600005F105F105F905F105F106F106F1C4E815
:100B700026F925E1A8C90050001800000000000077
:100B80000000000000000000000000000000000065
:100B90000000000000000000000000000000000055
:100BA000000000000000000000000000000800201D
:100BB000839088E146F105F105F105F105F105F9AC
:100BC000E5F026F905F105F125F125F105F105F12D
:100BD00006F106F106F105F105F105F105F105F162
:100BE00005F105F105F105F105F105F105F105F155
:100BF00026E947E1C5A80058003000280030004829
:100C0000C49888D126E106F105F105F105F905F949
:100C100005F105F105F105F105F105F105F105F124
:100C200005F105F105F105F105F105F105F105F114
:100C300005F105F105F105F105F105F105F105F104
:100C400005F105F105F105F105F105F105F105F1F4
:100C500005F105F105F105F105F905F905F105F1D4
:100C600006F126E1A8D1C3900048003000280030EA
:100C70000060E6B047E126E906F105F105F105F16E
:100C800005F105F105F105F105F105F105F105F1B4
:100C900005F105F106F106F105F105F125F125F162
:100CA00005F105F105F9E5F026F905F105F105F184
:100CB00004F126E988E1849000200008000000008B
:100CC0000000000000000000000000000000000024
:100CD0000000000000000000000000000000000014
:100CE00000000000000000000000000000100040B4
:100CF00067D106F105F105F105F105F105F105F101
:100D000005F105F105F105F105F105F105F105F133
:100D100005F106F106F105F105F905F905F105F111
:100D200005F106F106F905F105F125F105E926E9D8
:100D300068E9C5A80038001800080008001000186D
:100D40000028C48087D906E905F105F125F9E5F009
:100D500005F105F1E5F805F905F125F125F105F1B4
:100D600005F9E5F8E6F805F105F105F105F105F1FC
:100D700006F105F105F105F105F105F105F105F1C2
:100D800006F105F105F105F905F105F105F905F99A
:100D900005F105F125F105F105F105F905F126F15A
:100DA00026E9C8D9216000200018001000080010B2
:100DB00000180038E5A867E126E906F106F105F11B
:100DC00005F905F905F105F105F905F905F905F14B
:100DD00005F105F105F105F105F105F105F105F163
:100DE00005F105F105F105F105F105F105F105F153
:100DF00005F105F126F167C9004800100008000060
:100E000000000000000000000000000000000000E2
:100E100000000000000000000000000000000000D2
:100E20000000000000000000200000080020C48036
:100E300067E1E5F005F105F105F105F105F105F1D1
:100E400005F105F105F105F105F105F105F105F1F2
:100E500005F105F106F105F105F904F905F105F1D2
:100E600006F106F106F905F105F105F126F147E174
:100E700047C90060001800000000000000000000EA
:100E800000080020A388A8D925E905F105F105F19E
:100E900026F9E5F0E5F805F905F125F125F105F16B
:100EA00005F9E6F8E6F805F105F105F105F105F1BA
:100EB00005F105F105F105F105F105F106F106F180
:100EC00006F105F105F105F105F105F105F905F961
:100ED00005F105F105F105E905F106F105F146E930
:100EE000A8D9006800180000000000000000000001
:100EF00000000018005867C967E9E6F005F125F120
:100F0000E5F005F905F105F105F105F9E5F805F953
:100F100005F105F105F105F105F105F105F105F121
:100F200005F105F105F105F105F105F105F105F111
:100F300005F105F105F187E1C380002000080000FC
:100F400000000000000000000000000000000000A1
:100F50000000000000000000000000000000000091
:100F60000000000000000000000000080038A8B9E0
:100F700067E905F105F105F105F105F105F105F167
:100F800005F105F105F105F105F105F105F105F1B1
:100F900005F105F106F105F1E5F8E5F805F105F1D2
:100FA00006F106F105F105F105F905F905F187E10D
:100FB00025A100300010000000000000000000002B
:100FC000000000080028C38087D925E925F105F134
:100FD00005F1E5F005F105F105F105F105F105F182
:100FE00005F105F105F105F105F105F105F105F151
:100FF00005F105F105F105F105F9E6F806F106F14F
:1010000005F105F105F105F105F105F105F105F130
:1010100005F105F126F905F105F125F146E9A7D11C
:1010200041600018000800000000000000000000FF
:10103000000000100030249967E106F1E5F005F9A1
:1010400005F105F105F105F105F105F105F905F1E8
:1010500005F125F105F105F105F105F105F105F1C0
:1010600005F105F105F105F105F105F105F105F1D0
:1010700005F105F105F167E1A7B90048001000008E
:101080000000000000000000000000000000000060
:101090000000000000000000000000000000000050
:1010A000000000000000000000000018227888D92D
:1010B00046E905F105F105F105F105F105F105F147
:1010C00005F105F105F105F105F105F105F105F170
:1010D00005F105F106F105F1E5F805F905F105F170
:1010E00006F106F105F105F105F905F9E5F086D9F6
:1010F000E388002800080000000000000000000055
:101100000000000000080028A39087D925E125F100
:1011100005F126F905F105F105F105F105F105F1F6
:1011200005F105F105F105F106F106F105F905F105
:1011300005F125F105F105F1E6F8E6F8E6F8E6F83F
:1011400005F905F125F125F105F105F105F105F1A7
:1011500005F105F105F105F125F166E1C8D9006851
:10116000002000000000200000000000000000003F
:10117000000000080030C28067E106F9E5F8E5F0FC
:1011800005F105F105F105F105F105F105F905F1A7
:1011900025F125F105F105F105F105F105F105F15F
:1011A00005F105F105F105F105F105F105F105F18F
:1011B00005F105F105F126E9A8D9627800180000CB
:1011C000000000000000000000000000000000001F
:1011D000000000000000000000000000000000000F
:1011E00000000000000000000008003046B947E998
:1011F00026E905F105F105F105F105F105F105F126
:1012000005F105F105F105F105F105F105F105F12E
:1012100005F105F106F105F105F905F905F105F10D
:1012200006F106F126F105F105F105F905F966E18A
:1012300003990028001000000000000000000000DA
:1012400000000000000800100028E48087D925E98C
:1012500025F105F105F105F105F106F106F1E6F8D4
:1012600005F905F905F905F105F106F106F105F1B4
:1012700005F105F105F105F106F1E6F8E6F8E5F806
:1012800005F105F105F105F105F105F125F125F16E
:1012900005F105F1C5F026F146E9A7D1216000204E
:1012A0000008000000000000000000000000000036
:1012B00000000010003044A167E9C6F8E6F805F91F
:1012C00005F105F105F105F105F105F105F105F16E
:1012D00005F105F105F105F105F105F105F105F15E
:1012E00005F105F105F105F105F105F105F105F14E
:1012F00005F105F126F105E966E925B100280000B0
:1013000000000000000000000000000000000000DD
:1013100000000000000000000000000000000000CD
:10132000000000000000000800100150A8D906F1DC
:1013300006F105F105F105F105F105F105F105F1FC
:1013400005F105F105F105F105F105F105F105F1ED
:1013500005F105F106F105F105F105F105F105F1DC
:1013600006F106F125F125F105F105F105F946E152
:10137000A6C10048001800000000000000000000A6
:10138000000000000000000000100028C49087D971
:1013900025E105F105F105F105F106F1E6F8E6F8BC
:1013A000E5F805F905F905F105F105F106F105F195
:1013B00005F105F105F106F106F1E6F8E5F805F9A4
:1013C00005F105F105F105F105F105F105F105F16D
:1013D00005F105F126F946E9A7D1006800200008CB
:1013E00000000000000000000000000000000000FD
:1013F000000000180050A7C926E9E6F8E5F805F94D
:1014000005F105F105F105F105F105F105F105F12C
:1014100005F105F105F105F105F105F105F105F11C
:1014200005F105F105F105F105F105F105F105F10C
:1014300005F105F105F126F125F187D100480010ED
:10144000000000000000000000000000000000009C
:10145000000000000000000000000000000000008C
:1014600000000000000000080020A38066E105F9EC
:1014700005F106F105F105F105F105F105F105F1BB
:1014800005F105F105F105F105F105F105F105F1AC
:1014900005F105F106F105F105F105F105F105F19B
:1014A00005F106F105E925F105F105F105F126E95A
:1014B000A8E1A49000200008000000000000000047
:1014C0002000000000000100000000100028C4807F
:1014D000A7D925E905F105F905F106F1E6F806F1C8
:1014E00005F105F105F105F105F105F105F105F14C
:1014F00005F105F106F105F105F105F905F105F133
:1015000005F105F106F106F106F105F9E5F805F931
:1015100005F905F146F187D10158002000080000C7
:1015200000000000000000000000000000000000BB
:1015300000000020C39867E106F106F9E5F8E5F040
:1015400025F905F105F105F105F105F105F105F1C3
:1015500005F105F105F105F105F105F105F105F1DB
:1015600005F105F105F105F105F105F105F105F1CB
:1015700005F105F105F105F105F986E1A3780020F3
:10158000001000000000000000000000000000004B
:10159000000000000000000000000000000000004B
:1015A0000000000000000010004066B146E905F9A7
:1015B00005F105F105F105F105F105F105F105F17B
:1015C00005F105F105F105F105F105F105F105F16B
:1015D00005F105F105F105F105F105F105F105F15B
:1015E00005F106F105F105F105F105F905F126F121
:1015F00006E9A8D162680020000800000000000091
:1016000000000000000000000000000800080028A2
:10161000A38887D925E905F105F106F106F106F160
:1016200005F105F105F105F105F905F905F105F1FA
:10163000E6F806F106F105F105F105F105F105F110
:1016400005F106F106F106F106F105F9E5F805F9EF
:1016500005F146E1A7D1006800200000000000006D
:101660000000000000000000000000000000000872
:1016700000182160A7D126E906F1E5F005F905F982
:1016800005F905F105F105F105F105F105F105F1A2
:1016900005F105F105F105F105F105F105F105F19A
:1016A00005F105F105F105F105F105F105F105F18A
:1016B00005F105F105F1E5F005F966E166A90038E7
:1016C0000018000000000000000000000000000002
:1016D000000000000000000000000000000000000A
:1016E00000000000000000180058E8D146E905F1AC
:1016F00005F105F105F105F105F105F105F105F13A
:1017000005F105F105F105F105F105F105F105F129
:1017100005F105F105F105F105F905F905F105F109
:1017200005F105F105F105F905F905F905F105F1F1
:1017300006F126E1C8D90170002000080000000071
:101740000000000000000000000000000000001089
:101750000020C378A7D125E105E905F126F9E5F0D8
:1017600005F105F105F105F105F905F905F105F1B9
:10177000E6F8E6F805F905F105F125F105F105F1C1
:1017800006F106F106F9E6F005F105F105F126F19D
:1017900026E9C8D121580018000800000000000008
:1017A0000000000000000000000000000000002019
:1017B0000068A8D146E126F106F105F105F905F921
:1017C00005F105F105F105F105F105F105F905F959
:1017D00005F105F105F105F105F105F105F105F159
:1017E00005F105F105F105F105F105F105F105F149
:1017F00005F105F1E5F005F125F145E1C7D12168D5
:1018000000180000000000000000000000000000C0
:1018100000000000000000000000000000000000C8
:101820000000000000000018828886D925E925F113
:1018300025F905F105F105F105F105F105F105F1D0
:1018400005F105F105F105F105F105F105F105F1E8
:1018500005F105F105F105F1E5F8E5F805F105F10A
:1018600005F105F105F9E5F8E5F805F905F905F1E2
:1018700006F106F126E9C8D9216800200008000019
:101880000100000000000000000000000000000057
:1018900000080028C388C8D146E125F105F105F10B
:1018A00026F905F105F105F1E5F805F905F105F170
:1018B00005F9E5F8E5F805F105F125F105F105F182
:1018C00006F106F106F1E5F005F905F105E947E154
:1018D000C8D10068001800000000000000000000EF
:1018E0000000000000000000000000080020015877
:1018F00087D126E926E925F105F105F105F105F184
:1019000005F105F105F105F105F105F105F905F917
:1019100005F105F105F105F105F105F105F105F117
:1019200005F105F105F105F105F105F105F105F107
:1019300005F105F105F105F905F125E986D90499C7
:101940000028000800000000000000000000000067
:101950000000000000000000000000000000000087
:10196000000000000008002887C146E905E905F1EC
:1019700025F105F105F105F105F105F105F105F197
:1019800005F105F105F105F105F105F105F105F1A7
:1019900005F105F105F105F105F905F105F105F18F
:1019A00005F105F105F905F905F905F9E5F805F978
:1019B00005F105F126F166E987D1017800280008D4
:1019C00000000000200000000000000000000000F7
:1019D000000000100028C38087D905E925F104F133
:1019E00005F1E5F006F106F1E6F8E6F805F105F196
:1019F00005F105F105F105F105F105F105F105F137
:101A000006F106F126F9E5F0E4F025F146E9C8D142
:101A100041600020000800000000000000000000FD
:101A20000000000000000000000800200068A7D1AE
:101A300047E926F105F105F105F105F105F105F19B
:101A400005F105F105F105F105F105F105F9E5F8F7
:101A500005F105F105F105F105F105F105F105F1D6
:101A600005F105F105F105F105F105F105F105F1C6
:101A700005F105F105F105F905F105F145E1C7C1EC
:101A80000028000800000000000000000000000026
:101A90000000000000000000000000000000000046
:101AA0000000000000100048C8D925F105F105F13B
:101AB00005F125F105F105F105F105F105F105F156
:101AC00005F105F105F105F105F105F105F105F166
:101AD00005F105F105F105F105F105F105F105F156
:101AE00005F105F105F105F105F105F105F9E5F857
:101AF00005F105F105F125E946E9A7D94270002075
:101B000000100000000000000000000000000000C5
:101B10000000000800080028A39087D905E105F11E
:101B200005F126F906F1E6F8E6F806F105F105F10A
:101B300025F125F105F105F105F105F105F105F1B5
:101B400005F905F905F105F105F146E9C8D1016886
:101B5000002000080000000000000000000000005D
:101B6000000000000000000800202160A7D146E925
:101B700026F9C5F005F105F105F105F105F105F1CD
:101B800005F105F105F105F105F105F105F905F995
:101B900005F105F105F105F105F105F105F105F195
:101BA00005F105F105F105F105F105F105F105F185
:101BB00005F105F105F1E5F005F905F125F1C7D1CC
:101BC00000400010000000000000000000000000C5
:101BD0000000000000000000000000000000000005
:101BE000000000080020C37887D9E5F005F905F169
:101BF00025F105F105F105F105F105F105F105F115
:101C000005F105F105F105F105F105F105F105F124
:101C100005F105F105F105F105F105F105F105F114
:101C200005F105F105F105F125F105F105F1E5F8FD
:101C300005F905F905F126F105E966E9A7D9017865
:101C40000028000800000000000000000000000064
:101C500000000000000000100020E38087D905E9A3
:101C600025F105F106F106F106F106F105F105F1A0
:101C700025F125F105F105F905F105F125F105F14C
:101C800005F9E5F8C4F026F147E9C8D14158001834
:101C9000000800000000000000000000000000003C
:101CA00000000000000000200068C7D146E105E9FF
:101CB00005F105F905F905F905F905F105F105F154
:101CC00005F105F1E5F8E5F805F105F105F105F196
:101CD00005F105F105F105F105F105F105F105F154
:101CE00005F105F105F105F105F105F105F105F144
:101CF00005F105F105F105F1E5F8E5F805F186D9FD
:101D0000C370002000080000000000000000000078
:101D100000000000000000000000000000000000C3
:101D200000000008003086A167E106F105F905F121
:101D300025F105F105F105F105F105F105F105F1D3
:101D400005F105F105F105F105F105F105F105F1E3
:101D500005F105F105F105F105F105F105F105F1D3
:101D600005F105F105F105F105F105F105F105F1C3
:101D700005F905F905F905F125F125E946E987D1C8
:101D80004268002000080000000000000000000081
:101D9000000020000000000000080020C490A7D927
:101DA00026E105E905F105F105F105F105F105F17A
:101DB00005F105F105F905F905F105F125F105F143
:101DC00005F905F926F147E1A8D1016800180000DE
:101DD0000000000000000000000000000000000003
:101DE0000000000800184160A7D126E925F105F19F
:101DF000E5F026F905F905F905F105F105F105F11B
:101E000005F105F1E5F8E5F805F105F105F105F154
:101E100005F105F105F105F105F105F105F105F112
:101E200005F105F105F105F105F105F105F105F102
:101E300005F105F105F105F1E5F006F905F166E1B9
:101E40006699002800080000000000000000000063
:101E50000000000000000000000000000000000082
:101E600000000010004087B947E106F105F9E5F0F0
:101E700006F906F905F105F105F105F105F105F1A0
:101E800005F105F105F105F105F105F105F105F1A2
:101E900005F105F105F105F105F105F105F105F98A
:101EA00005F105F105F105F106F105F105F125F161
:101EB00005F105F105F105F105F146F105E946E900
:101EC000C8D90170002000080000000000000000D8
:101ED0000000000000000100000000100028C3788E
:101EE000C7D125E905F105F905F105F105F105F180
:101EF00005F905F905F905F105F105F105F105F11A
:101F000005F905F146E9A8D10158002000080000B4
:101F100000000000000000000000000000000000C1
:101F2000000000180068A8D946E905F106F125F17E
:101F300005E905F105F105F125F105F105F905F9C9
:101F400005F105F105F9E5F805F105F105F105F1F2
:101F500005F105F105F105F105F105F105F105F1D1
:101F600005F105F105F105F105F105F105F105F1C1
:101F700005F105F105F125F105F106F9E5F047E96F
:101F800087B90038001000000000000000000000C9
:101F90000000000000000000000000000000000041
:101FA000000000180068A7D147E906F126F905F1FD
:101FB000E5F006F905F105F105F105F105F105F189
:101FC00005F105F105F105F105F105F105F105F161
:101FD00005F105F105F105F105F105F105F905F941
:101FE00005F105F105F105F105F905F105F125F119
:101FF00025F105F105F105F105F1E5F005F126F111
:1020000026E9C8D962680020001000000000000026
:102010000000000000000000000000000008002890
:10202000C388A7D125E905F105F105F105F105F111
:10203000E5F8E5F805F105F105F105F105F105F122
:1020400005F146E1C8D1006800200008000000004A
:102050000000000000000000000000000000000878
:1020600000182158C8D905E926F905F105F105F14F
:1020700005F125F105F105F125F105F105F9E5F881
:1020800005F105F105F105F905F105F105F105F198
:1020900005F105F105F105F105F105F105F105F190
:1020A00005F105F105F105F105F105F105F105F180
:1020B00005F105F126F105F105F105F1E5F026E957
:1020C000A7D1006000180000000000000000000020
:1020D0000000000000000000000000000000000000
:1020E00000000020C3A087E905E905F126F105F10C
:1020F00006F905F105F105F105F105F105F105F127
:1021000005F105F105F105F105F105F105F105F11F
:1021100005F105F105F105F105F105F105F105F10F
:1021200005F105F105F105F105F105F105F105F1FF
:1021300005F105F105F105F105F105F105F105F1EF
:1021400005F145E1C8D12170002000080000000021
:10215000000000000000000000000000000000106F
:102160000020C378A7D905E905F105F105F1E5F0EF
:1021700005F905F926F905F105F105F1E5F026F176
:1021800025E9C8D9215800200008000000000000FF
:102190000000000000000000000000000008002017
:1021A0000168C8D126E105F105F105F105F105F158
:1021B00005F105F105F105F105F105F105F105F16F
:1021C00005F105F105F105F105F105F105F105F15F
:1021D00005F105F105F105F105F105F105F105F14F
:1021E00005F105F105F105F105F105F105F105F13F
:1021F00005F105F105F106F105F105F105F125F10E
:1022000086E9829000180000000000000000000035
:1022100000000000000000000000000000000000BE
:1022200000000020E4A866F105F105F125F105F1B3
:1022300006F905F105F105F105F105F105F105F1E5
:1022400005F105F105F105F105F105F105F105F1DE
:1022500005F105F105F105F105F105F105F105F1CE
:1022600005F105F105F105F105F105F105F105F1BE
:1022700005F105F105F105F105F106F105F105F1AD
:1022800005F105F146E9C8D12168002000080000E9
:10229000010000000000000000000000000000003D
:1022A000000800288388A8D946E125F105F105F149
:1022B00025F9E5F005F105F105F106F105F146E92D
:1022C000C8D90068002000000000000000000000E5
:1022D000000000000000000000000008002001587D
:1022E000A8D147E905F105F905F105F105F105F179
:1022F00005F105F105F105F105F105F105F105F12E
:1023000005F105F105F105F105F105F105F105F11D
:1023100005F105F105F105F105F105F105F105F10D
:1023200005F105F105F105F105F105F105F105F1FD
:1023300005F105F105F106F105F105F105F105F1EC
:1023400066F1C3A8002000000000000000000000AB
:10235000000000000000000000000000000000007D
:102360000000002825B945F105F105F125F105F139
:1023700005F105F105F105F105F105F105F105F1AD
:1023800005F105F105F105F105F105F105F105F19D
:1023900005F105F105F105F105F105F105F105F18D
:1023A00005F105F105F105F105F105F105F105F17D
:1023B00005F105F105F105F105F106F106F106F16A
:1023C00005F905F126F167E187D1017000180000D9
:1023D00000000000200000000000000000000000DD
:1023E000000000080028C48087D905E925F105F11F
:1023F00005F105F126F9E5F005F125F146E9C7D12A
:10240000416000180008000000000000000000000B
:102410000000000000000000000000180068A8D1C3
:1024200067E926F105F905F905F125F125F105F131
:1024300005F905F905F105F105F105F105F105F1DC
:1024400005F105F105F105F105F105F105F105F1DC
:1024500005F105F105F105F105F105F105F105F1CC
:1024600005F105F105F105F105F105F105F105F1BC
:1024700005F105F105F105F105F105F105F105F1AC
:1024800045F145B9002800000000000000000000F0
:10249000000000000000000000000000000000003C
:1024A0000008004066C925E905F105F105F105F1CF
:1024B00005F105F105F105F105F105F105F105F16C
:1024C00005F105F105F105F105F105F105F105F15C
:1024D00005F105F105F105F105F105F105F105F14C
:1024E00005F105F105F105F105F105F105F105F13C
:1024F00005F105F105F105F105F105F106F106F12A
:10250000E6F806F105E926E947E9C8D98168001827
:1025100000080000000000000000000000000000B3
:102520000000000000080020A390A7D925E125F1B4
:1025300005F105F905F105F125E966E1C8D1006865
:102540000018000000000000000000000000000073
:10255000000000000000000800184058C8D147E9FA
:1025600026F1C4F0E5F805F905F125F105F105F1CD
:1025700005F905F905F105F105F105F105F105F19B
:1025800005F105F105F105F105F105F105F105F19B
:1025900005F105F105F105F105F105F105F105F18B
:1025A00005F105F105F105F105F105F105F105F17B
:1025B00005F105F105F105F105F105F105F105F16B
:1025C00025F1A7C90140000800000000000000003C
:1025D00000000000000000000000000000000000FB
:1025E00000104250A7D105F125F105F105F105F1E3
:1025F00005F105F105F105F105F105F105F105F12B
:1026000005F105F105F105F105F105F105F105F11A
:1026100005F105F105F105F105F105F105F105F10A
:1026200005F105F105F105F105F105F105F105F1FA
:1026300005F105F105F105F105F105F1E6F8E6F81A
:10264000E6F006F105F126F105E966E9A7D121706A
:102650000020000800000000000000000000000052
:1026600000000000000800100028E488A7D925E930
:1026700005F105F1C5F026F166E9C7D1216000201A
:102680000008000000000000000000000000000042
:1026900000000000000800200068C8D146E105F1F4
:1026A00005F105F105F105F105F105F105F105F17A
:1026B00005F105F105F105F105F105F105F105F16A
:1026C00005F105F105F105F105F105F105F105F15A
:1026D00005F105F105F105F105F105F105F105F14A
:1026E00005F105F105F105F105F105F105F105F13A
:1026F00005F105F105F9E5F005F105F105F105F143
:1027000005F1A7D1415000100000000000000000BA
:1027100000000000000000000000000000000008B1
:1027200000184260A7D905F105F105F105F105F1A1
:1027300005F105F105F105F105F105F105F105F1E9
:1027400005F105F105F105F105F105F105F105F1D9
:1027500005F105F105F105F105F105F105F105F1C9
:1027600005F105F105F105F105F105F105F105F1B9
:1027700005F105F105F105F105F105F1E5F8E6F8DA
:10278000E6F006F106F105F105F104F146E9A7D1FD
:102790004168002000080000000000000000000068
:1027A000000000000000000000080028A39087D966
:1027B00026E105F126F146E9A7D1006800200000D6
:1027C0000000000000000000000000000000000009
:1027D0000008000800204160C8D126E925F104F175
:1027E000E4F025F105F106F106F105F105F105F139
:1027F00005F105F105F105F105F105F105F105F129
:1028000005F105F105F105F105F105F105F105F118
:1028100005F105F105F105F105F105F105F105F108
:1028200005F105F105F105F105F105F105F105F1F8
:1028300005F105F105F905F105F125F105F105F1C0
:1028400005F1A7D942600018000800000000000050
:102850000000000000000000000000000000000870
:1028600000186268A7D905F105F9E5F005F105F151
:1028700005F105F105F105F105F105F105F105F1A8
:1028800005F105F105F105F105F105F105F105F198
:1028900005F105F105F105F105F105F105F105F188
:1028A00005F105F105F105F105F105F105F105F178
:1028B00005F105F106F106F105F105F105F105F166
:1028C00006F106F105F105F125F145F905E946E1C5
:1028D000C8D10170002000080000000000000000C6
:1028E0000000000000000000000000100028C4806C
:1028F00088D906E946E9A7D1015800180008000068
:1029000000000000000000000000000000000000C7
:10291000000000200068C8D166E105E925F125F135
:10292000E5F005F106F106F105F105F105F105F116
:1029300005F905F905F105F105F105F105F105F1D7
:1029400005F105F105F105F105F105F105F105F1D7
:1029500005F105F105F105F105F105F105F105F1C7
:1029600005F105F105F105F105F105F105F105F1B7
:1029700005F105F105F905F105F125F105F105F17F
:1029800005F187E1837000180008000000000000D6
:10299000000000000000000000000000000000082F
:1029A0000020C48087E105F105F9E5F025F105F186
:1029B00005F105F105F105F105F105F105F105F167
:1029C00005F105F105F105F105F105F105F105F157
:1029D00005F105F105F105F105F105F105F105F147
:1029E00005F105F105F105F105F105F105F105F137
:1029F00005F105F106F106F105F105F125F105F105
:102A000005F106F106F105F105F1E5F005F126F114
:102A100026E9C8D962680020000800000000000014
:102A2000000000000000000000000008000800286E
:102A3000A488C8D1C8C900680020000000000000B8
:102A4000000000000000000000000000000000087E
:102A500000202158C8D125E926F1E5F005F106F15D
:102A600005F106F105F105F105F105F105F105F1B5
:102A700005F105F105F105F105F105F105F105F1A6
:102A800005F105F105F105F105F105F105F105F196
:102A900005F105F105F105F105F105F105F105F186
:102AA00005F105F105F105F105F105F105F105F176
:102AB00005F105F1E5F005F105F125F105F105F167
:102AC00005F987E1C480002800080000000000002C
:102AD00000000000000000000000000000000010E6
:102AE000003086A146D905F105F905F105F105F19A
:102AF00005F105F105F105F105F105F105F105F126
:102B000005F105F105F105F105F105F105F105F115
:102B100005F105F105F105F105F105F105F105F105
:102B200005F105F105F105F105F105F105F105F1F5
:102B300005F105F106F106F105F105F125F105F1C3
:102B400005F105F106F106F106F105F1E5F8E5F804
:102B500005F126E9C8D90170002000080000000036
:102B60000000000000000000000000000000001055
:102B7000002845698248002000080000000000008D
:102B80000000000000000000000000000000002025
:102B90000068A7D145E105F105F9E6F806F106F16F
:102BA00006F105F105F105F105F105F105F105F174
:102BB00005F105F105F105F105F105F105F105F165
:102BC00005F105F105F105F105F105F105F105F155
:102BD00005F105F105F105F105F105F105F105F145
:102BE00005F105F105F105F105F105F105F105F135
:102BF00005F105F105F905F105F105F105F105F11D
:102C000005F946E187A90030000800000000000037
:102C100000000000000000000000000000000010A4
:102C2000003887A946E105F105F905F105F105F13F
:102C300005F105F105F105F105F105F105F105F1E4
:102C400005F105F105F105F105F105F105F105F1D4
:102C500005F105F105F105F105F105F105F105F1C4
:102C600005F105F105F105F105F105F105F105F1B4
:102C700005F105F106F105F105F105F105F105F1A3
:102C800005F105F105F106F106F106F105F9E5F8A2
:102C900005F905F126E9A8D92168002000100000F7
:102CA0000100000000002000000000000000000003
:102CB00000080010000800000000000000000000F4
:102CC000000000000000000000000008001801588B
:102CD00087D126E905F105F905F9E6F8E6F006F1F0
:102CE00006F105F105F105F105F105F905F905F123
:102CF00005F125F105F105F105F105F105F105F104
:102D000005F105F105F105F105F105F105F105F113
:102D100005F105F105F105F105F105F105F105F103
:102D200005F105F105F105F105F105F105F105F1F3
:102D300005F105F105F905F105F105F105F105F1DB
:102D400005F946E187B100380010000000000000DE
:102D50000000000000000000000000000000001063
:102D60000040A7B146E105F105F105F105F105F1D6
:102D700005F105F105F105F105F105F105F105F1A3
:102D800005F105F105F105F105F105F105F105F193
:102D900005F105F105F105F105F105F105F105F183
:102DA00005F105F105F105F105F105F105F105F173
:102DB00005F105F105F105F105F105F905F105F15B
:102DC00005F105F105F105F1E6F8E6F806F105F182
:102DD00005F105F126F166E9A7D901780028000878
:102DE00000000000000000000000000000000000E3
:102DF00000000008000000000000000000000000CB
:102E00000000000000000000000000200068A7D1C2
:102E100046E926F105F105F106F106F106F106F1A4
:102E200005F105F105F105F1E5F8E5F8E6F805F13C
:102E300005F105F105F105F105F105F105F105F1E2
:102E400005F105F105F105F105F105F105F105F1D2
:102E500005F105F105F105F105F105F105F105F1C2
:102E600005F105F105F105F105F105F105F105F1B2
:102E700005F105F105F905F105F105F105F105F19A
:102E800005F946E187B9004000100000000000008D
:102E90000000000000000000000000000000001022
:102EA000004087B946E105F105F105F105F105F1AD
:102EB00005F105F105F105F105F105F105F105F162
:102EC00005F105F105F105F105F105F105F105F152
:102ED00005F105F105F105F105F105F105F105F142
:102EE00005F105F105F105F105F105F105F105F132
:102EF00005F105F105F105F105F905F905F905F10A
:102F000005F105F105F105F1E6F806F106F125F107
:102F100005F105F1E5E825F146F1A7D94270002059
:102F20000008000000000000000000000000000099
:102F30000000000000000000000000000000000091
:102F4000000000000000000800202160C7D146E911
:102F500026F1C5F005F105F126F126F105F105F19F
:102F600005F105F105F105F9E5F8E6F8E6F806F1F1
:102F700005F105F105F105F105F105F105F105F1A1
:102F800005F105F105F105F105F105F105F105F191
:102F900005F105F105F105F105F105F105F105F181
:102FA00005F105F105F105F105F105F105F105F171
:102FB00005F105F105F105F105F105F105F105F161
:102FC00005F146E1A7B9004800100000000000002C
:102FD00000000000000000000000000000000010E1
:102FE000004887B946E105F105F105F106F105F163
:102FF00005F105F105F105F105F105F105F105F121
:1030000005F105F105F105F105F105F105F105F110
:1030100005F105F105F105F105F105F105F105F100
:1030200005F105F105F105F105F105F105F105F1F0
:1030300005F105F105F105F905F905F9E6F805F1E0
:1030400005F105F105F105F105F105F105F105F1D0
:1030500005F105F1E5F026F105E966E1A7D921784A
:103060000028000800000000000000000000000030
:103070000000000000000000000000000000000050
:1030800000000000000000180068C8D166E125E9D2
:1030900005F105F106F106F126F125F105F105F13D
:1030A00025F105F105F105F905F9E6F8E6F805F170
:1030B00005F105F105F105F105F105F105F105F160
:1030C00005F105F105F105F105F105F105F105F150
:1030D00005F105F105F105F105F105F105F105F140
:1030E00005F105F105F105F105F105F105F105F130
:1030F00005F105F105F105F105F105F105F105F120
:1031000005F146E1A7C100480010000000000000E2
:10311000000000000000000000000000000000109F
:103120000050A7C146E105F105F105F106F105F1F1
:1031300005F105F105F105F105F105F105F105F1DF
:1031400005F105F105F105F105F105F105F105F1CF
:1031500005F105F105F105F105F105F105F105F1BF
:1031600005F105F105F105F105F105F105F105F1AF
:1031700005F105F105F105F105F105F105F105F19F
:1031800005F105F105F105F105F105F105F105F18F
:1031900005F105F105F105F125F125E946E9A7D18C
:1031A000626800200008000000000000000000002D
:1031B000000000000000000000000000000000000F
:1031C0000000000800184160A7D146E925F105F18B
:1031D000E5F026F906F106F105F105F105F105F135
:1031E00005F105F105F105F106F105F105F105F12E
:1031F00005F105F105F105F105F105F105F105F11F
:1032000005F105F105F105F105F105F105F105F10E
:1032100005F105F105F105F105F105F105F105F1FE
:1032200005F105F105F105F105F105F105F105F1EE
:1032300005F105F105F105F105F106F105F105F1DD
:1032400005F146E1A7C10050001800000000000091
:10325000000000000000000000000000000000105E
:103260000050C7C946E105F105F105F106F105F188
:1032700005F105F105F105F105F105F105F105F19E
:1032800005F105F105F105F105F105F105F105F18E
:1032900005F105F105F105F105F105F105F105F17E
:1032A00005F105F105F105F105F105F105F105F16E
:1032B00005F105F105F105F105F105F105F105F15E
:1032C00005F105F9E5F805F105F125F105F105F13F
:1032D00005F905F9E5F005F105F146F105E946E1E5
:1032E000C8D9017000200008000000000000200084
:1032F00000000000000000000000000000000000CE
:10330000000000180068C8D946E905F126F105F16A
:1033100005F105F105F105F105F905F905F105F1ED
:1033200005F906F106F106F106F105F105F105F1E1
:1033300005F105F105F105F105F105F105F105F1DD
:1033400005F105F105F105F105F105F105F105F1CD
:1033500005F105F105F105F105F105F105F105F1BD
:1033600005F105F105F105F105F105F105F105F1AD
:1033700005F105F105F105F105F106F105F105F19C
:1033800005F146E1C7C90050001800000000000028
:10339000000000000000000000000000000000101D
:1033A0000058C7C946E105F105F105F106F105F13F
:1033B00005F105F105F105F105F105F105F105F15D
:1033C00005F105F105F105F105F105F105F105F14D
:1033D00005F105F105F105F105F105F105F105F13D
:1033E00005F105F105F105F105F105F105F105F12D
:1033F00005F105F105F105F105F105F105F105F11D
:1034000005F105F1E5F805F905F105F105F105F11D
:10341000E5F8E5F805F905F105F105F105F146F1E5
:1034200046E9E9D1C3500008000000000000000098
:10343000000000000000000000000000000000008C
:1034400000088248E9D126E926F1E5F006F905F9F8
:1034500005F105F105F105F905F904F105F105F1AD
:10346000E5F8E6F806F106F105F105F105F105F1DB
:1034700005F105F105F105F105F105F105F105F19C
:1034800005F105F105F105F105F105F105F105F18C
:1034900005F105F105F105F105F105F105F105F17C
:1034A00005F105F105F105F105F105F105F105F16C
:1034B00005F105F105F105F105F106F105F105F15B
:1034C00005F146E1C7C900500018000000000000E7
:1034D00000000000000000000000000000000010DC
:1034E0000058C7C946E105F105F105F106F105F1FE
:1034F00005F105F105F105F105F105F105F105F11C
:1035000005F105F105F105F105F105F105F105F10B
:1035100005F105F105F105F105F105F105F105F1FB
:1035200005F105F105F105F105F105F105F105F1EB
:1035300005F105F105F105F105F105F105F105F1DB
:1035400005F105F105F905F905F105F105F9E5F8CC
:1035500005F905F105F105F106F905F105F126F189
:1035600026E9E9C9824800080000000000000000C8
:103570000000000000000000000000000000000843
:1035800000082569C8D126E905F105F105F9E5F03E
:1035900005F105F9E5F805F905F125F125F105F144
:1035A000E5F8E6F8E6F806F105F105F125F105F193
:1035B00005F105F105F105F105F105F105F105F15B
:1035C00005F105F105F105F105F105F105F105F14B
:1035D00005F105F105F105F105F105F105F105F13B
:1035E00005F105F105F105F105F105F105F105F12B
:1035F00005F105F105F105F105F106F105F105F11A
:1036000005F146E1C7C9005800180000000000009D
:10361000000000000000000000000000000000109A
:103620000050C7C946E105F105F105F106F105F1C4
:1036300005F105F105F105F105F105F105F105F1DA
:1036400005F105F105F105F105F105F105F105F1CA
:1036500005F105F105F105F105F105F105F105F1BA
:1036600005F105F105F105F105F105F105F105F1AA
:1036700005F105F105F105F105F105F106F106F198
:1036800006F105F105F105F105F105F105F905F979
:1036900005F105F105F105F105F106F105F146E940
:1036A000C8D90068002000000000000000000000F1
:1036B0000000000000000000000000000000000802
:1036C000000800288388A8D926E925F105F105F12D
:1036D00025F9E5F0E5F805F905F125F125F105F104
:1036E00005F9E6F8E6F805F105F105F105F105F152
:1036F00005F105F105F105F105F105F105F105F11A
:1037000005F105F105F105F105F105F105F105F109
:1037100005F105F105F105F105F105F105F105F1F9
:1037200005F105F105F105F105F105F105F105F1E9
:1037300005F105F105F105F105F106F105F105F1D8
:1037400005F146E1C7C9005000100000000000006C
:103750000000000000000000000000000000001059
:103760000050A7C146E105F105F105F106F105F1AB
:1037700005F105F105F105F105F105F105F105F199
:1037800005F105F105F105F105F105F105F105F189
:1037900005F105F105F105F105F105F105F105F179
:1037A00005F105F105F105F105F105F105F105F169
:1037B00005F105F105F105F105F9E6F806F106F167
:1037C00005F105F105F105F105F105F105F105F149
:1037D00005F105F106F9E5F005F125F146E9C7D156
:1037E0004160001800080000000000000000000018
:1037F0000000200020000000000000000000000089
:10380000000000080028C38087D905E925F104F1EC
:1038100005F105F105F105F105F105F105F105F1F8
:1038200005F105F105F105F105F105F105F105F1E8
:1038300005F105F105F105F105F105F105F105F1D8
:1038400005F105F105F105F105F105F105F105F1C8
:1038500005F105F105F105F105F105F105F105F1B8
:1038600005F105F105F105F105F105F105F105F1A8
:1038700005F105F105F105F105F106F105F105F197
:1038800005F146E1A7C10050001000000000000053
:103890000000000000000000000000000000001018
:1038A0000048A7C126E105F105F105F106F105F192
:1038B00005F105F105F105F105F105F105F105F158
:1038C00005F105F105F105F105F105F105F105F148
:1038D00005F105F105F105F105F105F105F105F138
:1038E00005F105F105F105F105F105F105F105F128
:1038F00005F105F105F105F1E6F8E6F8E6F8E6F878
:1039000005F905F125F125F105F105F105F105F1BF
:1039100005F105F105F105F125E966E1C8D1006879
:10392000001800000000000000000000000000007F
:103930000000000000000000000000000000000087
:103940000000000000080028A390A7D925E125F178
:1039500005F105F105F105F105F105F105F105F1B7
:1039600005F105F105F105F106F106F105F905F19D
:1039700005F105F105F105F105F105F105F105F197
:1039800005F105F105F105F105F105F105F105F187
:1039900005F105F105F105F105F105F105F105F177
:1039A00005F105F105F105F105F105F105F105F167
:1039B00005F105F105F105F105F105F105F105F157
:1039C00005F146E187B90048001000000000000042
:1039D00000000000000000000000000000000010D7
:1039E000004887B926E105F105F105F105F105F17A
:1039F00005F105F105F105F105F105F105F105F117
:103A000005F105F105F105F105F105F105F105F106
:103A100005F105F105F105F105F105F105F105F1F6
:103A200005F105F105F105F105F105F105F105F1E6
:103A300005F105F105F105F106F1E6F8E6F8E5F81E
:103A400005F105F105F105F105F105F125F125F186
:103A500005F105F1C5F026F166E9C7D12160002026
:103A6000000800000000000000000000000000004E
:103A70000000000000000000000000000000000046
:103A800000000000000800100028E488A7D925E9FC
:103A900025F105F105F105F105F106F106F1E6F86C
:103AA00005F905F905F905F105F106F106F105F14C
:103AB00005F105F105F105F105F105F105F105F156
:103AC00005F105F105F105F105F105F105F105F146
:103AD00005F105F105F105F105F105F105F105F136
:103AE00005F105F105F105F105F105F105F105F126
:103AF00005F105F105F105F105F105F105F105F116
:103B000005F146E187B90040001000000000000008
:103B10000000000000000000000000000000001095
:103B2000004087B946E105F905F105F105F105F118
:103B300005F105F105F105F105F105F105F105F1D5
:103B400005F105F105F105F105F105F105F105F1C5
:103B500005F105F105F105F105F105F105F105F1B5
:103B600005F105F105F105F105F105F105F105F1A5
:103B700005F105F106F106F106F1E6F8E5F805F9BB
:103B800005F105F105F105F105F105F105F105F185
:103B900005F105F126F967E9C7D1006800200000AA
:103BA0000000000000000000000000000000000015
:103BB0000000000000000000000000000000000005
:103BC000000000000000000000080028A39087D932
:103BD00025E125F105F105F105F106F1E6F8E6F834
:103BE000E5F805F905F905F105F105F106F105F12D
:103BF00005F105F105F105F105F105F105F105F115
:103C000005F105F105F105F105F105F105F105F104
:103C100005F105F105F105F105F105F105F105F1F4
:103C200005F105F105F105F105F105F105F105F1E4
:103C300005F105F105F105F105F105F105F105F1D4
:103C400005F146E1A7B100400010000000000000AF
:103C50000000000000000000000000000000001054
:103C6000003887B146E105F905F105F105F105F1E7
:103C700005F105F105F105F105F105F105F105F194
:103C800005F105F105F105F105F105F105F105F184
:103C900005F105F105F105F105F105F105F105F174
:103CA00005F105F105F105F105F105F105F105F164
:103CB00005F105F106F105F105F105F905F105F14B
:103CC00005F105F106F106F106F105F9E5F805F94A
:103CD00005F905F146F1A7D10158001800080000C8
:103CE00000000000000000000000000000000000D4
:103CF00000000008000800080000000000000000AC
:103D00000000000000000000000000100028C48037
:103D1000A7D905E905F105F905F106F1E6F806F17F
:103D200005F105F105F105F105F105F105F105F1E3
:103D300005F105F105F105F105F105F105F105F1D3
:103D400005F105F105F105F105F105F105F105F1C3
:103D500005F105F105F105F105F105F105F105F1B3
:103D600005F105F105F105F105F105F105F105F1A3
:103D700005F105F105F105F105F105F105F105F98B
:103D800005F146E187A9003800100000000000009E
:103D9000000000000000000000000000000000081B
:103DA000003087A946E105F905F105F105F105F1B6
:103DB00005F105F105F105F105F105F105F105F153
:103DC00005F105F105F105F105F105F105F105F143
:103DD00005F105F105F105F105F105F105F105F133
:103DE00005F105F105F105F105F105F105F105F123
:103DF00005F105F105F105F105F105F105F105F113
:103E000005F106F106F106F106F105F9E5F805F907
:103E100005F146E1A7D10068002000000000000085
:103E2000000000000000000000000000000000088A
:103E300000208248C350002000080000000000005D
:103E40000000000000000000000000000008002842
:103E5000A38887D925E905F105F106F106F106F1F8
:103E600005F105F105F105F105F905F905F105F192
:103E7000E6F805F905F105F105F105F105F105F1A2
:103E800005F105F105F105F105F105F105F105F182
:103E900005F105F105F105F105F105F105F105F172
:103EA00005F105F105F105F105F105F105F105F162
:103EB00005F105F105F105F105F105F105F105F94A
:103EC00005F146D987A10030001000000000000075
:103ED00000000000000000000000000000000008DA
:103EE0000028469967E105F905F125F105F105F18D
:103EF000E5F005F905F105F105F105F105F105F12B
:103F000005F105F105F105F105F105F105F105F101
:103F100005F105F105F105F105F105F105F105F1F1
:103F200005F105F105F105F105F105F105F105F1E1
:103F300005F105F105F105F105F125F105F105F1B1
:103F400006F106F106F9E6F005F105F105F126F1B5
:103F500026E9C8D121580018000800000000000020
:103F60000000000000000000000000000000001839
:103F70000170E8C9E9D101700020000800000000CC
:103F80000000000000000000000000000000001021
:103F90000020C378A7D125E105E905F126F9E5F070
:103FA00005F105F105F105F105F905F905F105F151
:103FB000E6F8E5F805F105F105F105F105F105F182
:103FC00005F105F105F105F105F105F105F105F141
:103FD00005F105F105F105F105F105F105F105F131
:103FE00005F105F105F105F105F105F105F105F121
:103FF00005F105F105F105F105F125F1E5F005F90A
:1040000005F187E1C48000200008000000000000E6
:104010000000000000000000000000000000000898
:104020000020837887E105F105F125F105F105F11F
:1040300005F105F905F105F105F105F105F105F1C8
:1040400005F105F105F105F105F105F105F105F1C0
:1040500005F105F105F105F105F105F105F105F1B0
:1040600005F105F105F105F105F105F105F105F1A0
:1040700005F105F105F905F105F125F105F105F168
:1040800006F106F106F1E5F005F905F105E947E16C
:10409000C8D10068002000000000000000000000FF
:1040A0000000000000000000000000080018015897
:1040B000A7D146E946E9C8D92168002000080000D8
:1040C00001000000000000000000000000000000EF
:1040D00000080028C388C8D146E125F105F105F1A3
:1040E00026F905F105F105F1E5F805F905F105F108
:1040F00005F905F905F105F105F105F105F105F100
:1041000005F105F105F105F105F105F105F105F1FF
:1041100005F105F105F105F105F105F105F105F1EF
:1041200005F105F105F105F105F105F105F105F1DF
:1041300005F105F105F105F105F105F1E5F005F9E8
:1041400005F1A7D9837000180008000000000000E6
:104150000000000000000000000000000000000857
:1041600000182260A7D905F125F105F105F105F147
:1041700005F105F105F105F105F105F105F105F18F
:1041800005F105F105F105F105F105F105F105F17F
:1041900005F105F105F105F105F105F105F105F16F
:1041A00005F105F105F105F105F105F105F105F15F
:1041B00005F105F105F105F105F105F105F105F14F
:1041C00006F106F126F9E5F0E4F025F146E9C8D15B
:1041D000416000200008000800000000000000000E
:1041E0000000000000000000000000200068A7D1CF
:1041F00046E926F126E966E9A7D1017800280008FA
:10420000000000002000000000000000000000008E
:10421000000000100028C38087D905E925F104F1CA
:1042200005F1E5F006F106F1E6F8E6F805F105F12D
:1042300005F105F105F105F105F105F105F105F1CE
:1042400005F105F105F105F105F105F105F105F1BE
:1042500005F105F105F105F105F105F105F105F1AE
:1042600005F105F105F105F105F105F105F105F19E
:1042700005F105F105F905F105F105F105F105F186
:1042800005E9A7D942580018000800000000000006
:10429000000000000000000000000000000000001E
:1042A00000102250A7D905F125F105F105F105F11E
:1042B00005F105F105F105F105F105F105F105F14E
:1042C00005F105F105F105F105F105F105F105F13E
:1042D00005F105F105F105F105F105F105F105F12E
:1042E00005F105F105F105F105F105F105F105F11E
:1042F00005F105F105F105F105F105F105F105F10E
:1043000005F905F905F105F105F146E9C8D101689E
:104310000020000800000000000000000000000075
:10432000000000000000000800202160C7D166E9FD
:1043300026F1C5E805E925E966E9A7D9427000201C
:10434000001000000000000000000000000000005D
:104350000000000800080028A39087D905E105F1B6
:1043600005F126F906F1E6F8E6F806F105F105F1A2
:1043700025F125F105F105F105F105F105F105F14D
:1043800005F105F105F105F105F105F105F105F17D
:1043900005F105F105F105F105F105F105F105F16D
:1043A00005F105F105F105F105F105F105F105F15D
:1043B00005F105F105F905F105F105F105F105F145
:1043C00005E9A7D121500010000000000000000006
:1043D00000000000000000000000000000000000DD
:1043E0000008014087D125F105F105F105F105F13E
:1043F00005F106F105F105F105F105F105F105F10C
:1044000005F105F105F105F105F105F105F105F1FC
:1044100005F105F105F105F105F105F105F105F1EC
:1044200005F105F105F105F105F105F105F105F1DC
:1044300005F105F105F905F905F105F125F105F19C
:1044400005F9E5F8C4F026F147E9C8D1415800184C
:104450000008000000000000000000000000000054
:1044600000000000000000180068C8D166E125E9DE
:1044700005F105F105F146F105E966E1A7D92178D5
:1044800000280008000000000000000000000000FC
:1044900000000000000000100020E38087D905E93B
:1044A00025F105F106F106F106F106F105F105F138
:1044B00025F125F105F105F105F105F105F105F10C
:1044C00005F105F105F105F105F105F105F105F13C
:1044D00005F105F105F105F105F105F105F105F12C
:1044E00005F105F105F105F105F105F105F105F11C
:1044F00005F105F106F905F105F105F105F105F103
:1045000025E987C900400008000000000000000005
:10451000000000000000000000000000000000009B
:104520000008003046C146F105F105F105F105F13D
:1045300005F106F105F105F105F105F105F105F1CA
:1045400005F105F105F105F105F105F105F105F1BB
:1045500005F105F105F105F105F105F105F105F1AB
:1045600005F105F105F105F105F105F105F105F19B
:1045700005F105F105F905F905F105F125F105F15B
:1045800005F905F926F147E1A8D1016800180000F6
:10459000000000000000000000000000000000001B
:1045A0000000000800184160A7D146E925E905F19F
:1045B000E5F026F906F105F125F105E926E9A7D987
:1045C0004268002000080000000000000000000019
:1045D000000020000000000000080020C490A7D9BF
:1045E00026E105E905F105F105F105F105F105F112
:1045F00005F105F105F105F105F105F105F105F10B
:1046000005F105F105F105F105F105F105F105F1FA
:1046100005F105F105F105F105F105F105F105F1EA
:1046200005F105F105F105F105F105F105F105F1DA
:1046300005F105F105F905F105F105F105F105F1C2
:1046400045F145B900300000000000000000000006
:10465000000000000000000000000000000000005A
:1046600000000020C3A866F105E905F105F105F198
:1046700005F106F105F105F105F105F105F105F189
:1046800005F105F105F105F105F105F105F105F17A
:1046900005F105F105F105F105F105F105F105F16A
:1046A00005F105F105F105F105F105F105F105F15A
:1046B00005F105F105F105F105F105F105F105F14A
:1046C00005F905F146E9A8D10158002000080000CD
:1046D00000000000000000000000000000000000DA
:1046E000000000180068C8D946E905F106F105F197
:1046F00005F105F105F105F105F146F105E946E998
:10470000C8D901700020000800000000000000006F
:104710000000000000000100000000100028C37825
:10472000C7D125E905F105F905F105F105F105F117
:1047300005F905F905F105F105F105F105F105F1B9
:1047400005F105F105F105F105F105F105F105F1B9
:1047500005F105F105F105F105F105F105F105F1A9
:1047600005F105F105F105F105F105F105F105F199
:1047700005F105F1E5F006F905F125F105F105F181
:1047800066F1C3A800200000000000000000000047
:104790000000000000000000000000000000000019
:1047A00000000020429086E905E926F1E5F005F1D8
:1047B00006F105F105F105F105F105F105F105F148
:1047C00005F105F105F105F105F105F105F105F139
:1047D00005F105F105F105F105F105F105F105F129
:1047E00005F105F105F105F105F105F105F105F119
:1047F00005F105F105F105F105F105F105F105F109
:1048000005F126E9C8D1006800200008000000007A
:104810000000000000000000000000000000000890
:1048200000202158C8D905E926F105F105F105F167
:1048300005F125F105F1E5F005F105F105F126F1A8
:1048400026E9C8D9626800200010000000000000BE
:104850000000000000000000000000000008002828
:10486000C388A7D125E905F105F105F105F105F1A9
:10487000E5F8E5F805F105F105F105F105F105F1BA
:1048800005F105F105F105F105F105F105F105F178
:1048900005F105F105F105F105F105F105F105F168
:1048A00005F105F105F105F105F105F105F105F158
:1048B00005F105F1E5F006F905F125F105F125E928
:1048C00086E982980020000000000000000000003F
:1048D00000000000000000000000000000000000D8
:1048E000000000182170A7D926E106F105F1E5F0D6
:1048F00006F105F105F105F105F105F105F105F107
:1049000005F105F105F105F105F105F105F105F1F7
:1049100005F105F105F105F105F105F105F905F9D7
:10492000E5F805F905F105F1E5F8E5F805F125F1FA
:1049300005F105F125F105F105F105F105F126F186
:1049400025E9C8D92160002000080000000000000F
:10495000000000000000000000000000000800202F
:104960000168C8D126E105F105F105F105F105F170
:1049700005F105F105F105F105F105F105F105F187
:1049800005F145E1C8D121700020000800000000B9
:104990000000000000000000000000000000001007
:1049A0000020C37887D905E905F105F126F9E5F07E
:1049B000E5F005F905F105F105F105F1E5F8E5F892
:1049C00005F905F105F105F905F905F905F105F117
:1049D00005F105F105F105F105F105F105F105F127
:1049E00005F105F105F105F105F105F105F105F117
:1049F00005F105F105F1E5F005F105F106F146E9EE
:104A000087D10070001800000000000000000000C6
:104A10000000000000000000000000000000000096
:104A200000000010004886B967E905F105F105F1BD
:104A300005F105F105F105F105F105F105F105F1C6
:104A400005F105F105F105F105F105F105F105F1B6
:104A500005F105F105F105F105F105F105F105F99E
:104A6000E5F8E5F805F105F1E6F805F905F125F1B8
:104A700005F105F105F105F125F126F105E966E1FC
:104A8000C8D90068002000000000000000000000FD
:104A90000000000000000000000000080020015895
:104AA000A8D147E905F105F905F105F105F105F191
:104AB00005F105F905F105F105F106F105F105F13D
:104AC00005F105F146E9C8D1216800200008000081
:104AD00001000000000000000000000000000000D5
:104AE00000080028A388A8D925E125F105F105F1E2
:104AF00026F905F105F105F105F105F105F905F9CD
:104B000005F105F105F905F905F905F105F105F1DD
:104B100005F105F105F105F105F105F105F105F1E5
:104B200005F105F105F105F105F105F105F105F1D5
:104B300005F105F105F105F105F9E5F006F146E1AC
:104B400066B90040001000000000000000000000F6
:104B50000000000000000000000000000000000055
:104B600000000010002845A187E1E5F0E5F006F916
:104B7000E5F005F105F105F105F105F105F105F1A6
:104B800005F105F105F105F105F105F105F105F175
:104B900005F105F105F105F105F105F105F105F165
:104BA00005F905F905F105F105F105F105F105F145
:104BB00005F905F926F9E5F005E945E946E9C7D122
:104BC000416000200008000000000000000000001C
:104BD0000000000000000000000000180068A8D1DC
:104BE00067E926F105F905F905F125F125F105F14A
:104BF00005F905F905F105F105F106F106F106F1F2
:104C000005F905F126F167E187D101700018000070
:104C10000000000020000000000000000000000074
:104C2000000000080028C38087D925E925F105F197
:104C300005F1E5F005F905F905F105F105F105F1D5
:104C400005F105F105F105F105F105F105F105F1B4
:104C500005F105F105F105F105F105F105F105F1A4
:104C600005F105F105F105F105F105F105F105F194
:104C700005F105F105F105F9E5F8E5F005F166D96D
:104C80004599002800080000000000000000000016
:104C90000000000000000000000000000000000014
:104CA000000000080018048186D925F1E5F8E5F830
:104CB00005F105F105F105F105F105F105F105F144
:104CC00005F105F105F105F105F105F105F105F134
:104CD00005F105F105F105F105F105F125E925F1EC
:104CE00005F105F905F105F105F105F105F105F904
:104CF00005F905F9E5F805F125E966E1E8D100686F
:104D00000020000000000000000000000000000083
:104D1000000000000000000800184058C8D147E912
:104D200026F1C4F0E5F805F905F125F105F105F1E5
:104D300005F905F905F105F105F105F106F106F1B1
:104D4000E6F806F105E926E947E9C8D981680018BF
:104D5000000800000000000000000000000000004B
:104D60000000000000080020A39087D925E125F16C
:104D700005F125F905F905F905F905F105F125F123
:104D800005F105F105F105F105F105F105F105F173
:104D900005F105F105F105F105F105F105F105F163
:104DA00005F105F105F105F105F105F105F105F153
:104DB00005F105F105F105F1E5F805F905F1A7D9CA
:104DC000C370002000080000000000000000000088
:104DD00000000000000000000000000000000000D3
:104DE0000000000000106258A7D125F105F1E5F0A0
:104DF00025F105F105F105F105F105F105F105F1E3
:104E000005F105F105F105F105F105F105F105F1F2
:104E100005F105F105F105F105F105F125F125F1A2
:104E200005F105F105F105F105F105F105F105F1D2
:104E300005F105F1C5F026F146E9A7D12160002072
:104E4000000800000000000000000000000000005A
:104E500000000000000800200068C8D146E105F10C
:104E600005F105F105F105F105F105F105F105F192
:104E700005F105F105F105F105F105F1E6F8E6F8B2
:104E8000E6F006F105F126F105E966E9A7D1217002
:104E900000200008000000000000000000000000EA
:104EA00000000000000800100028E48087D925E9F0
:104EB00005F105F105F105F105F105F105F105F142
:104EC00005F105F105F105F105F105F105F105F132
:104ED00005F105F105F105F105F105F105F105F122
:104EE00005F105F105F105F105F105F105F105F112
:104EF00005F105F105F105F105F905F125F1C7D138
:104F00000040000800000000000000000000000059
:104F10000000000000000000000000000000000091
:104F20000000000000080030A6C145E925F105F1A8
:104F300005F105F105F105F105F105F105F105F1C1
:104F400005F105F105F105F105F105F105F105F1B1
:104F500005F105F105F105F105F105F105F105F1A1
:104F600005F105F105F105F105F105F105F105F191
:104F700005F105F126F146E9A7D1007000200008EF
:104F80000000000000000000000000000000000021
:104F90000000000800204160C8D126E925F104F195
:104FA000E4F025F105F106F106F105F105F105F151
:104FB00005F105F105F105F105F105F1E5F8E6F872
:104FC000E6F006F106F105F105F104F146E9A7D195
:104FD0004168002000080000000000000000000000
:104FE000000000000000000000100028C49087D9D5
:104FF00025E105F105F105F105F105F105F105F1F1
:1050000005F105F105F105F105F105F105F905F9E0
:1050100005F105F105F105F105F105F105F105F1E0
:1050200005F105F105F105F105F105F105F105F1D0
:1050300005F105F105F105F105F105F145E986C137
:105040000028000000000000000000000000000038
:105050000000000000000000000000000000000050
:105060000000000000000020E49866D925E905F161
:1050700005F105F105F105F105F105F105F105F180
:1050800005F105F105F105F105F105F105F105F170
:1050900005F105F105F105F105F905F905F105F150
:1050A00005F105F105F105F9E5F805F905F105F159
:1050B00006F106F146E9A7D10160002000080000D2
:1050C00000000000000000000000000000000000E0
:1050D000000000180068C8D166E105E925F125F156
:1050E000E5F005F106F106F105F105F105F105F12F
:1050F00005F9E5F806F106F105F105F105F105F10F
:1051000006F106F105F105F125F145F905E946E15C
:10511000C8D101700020000800000000000000005D
:105120000000000000000100000000100028C48002
:10513000A7D925E926F105F105F105F105F105F9F4
:10514000E5F805F905F105F105F105F9E5F805F9C9
:1051500005F105F105F105F105F105F105F105F19F
:1051600005F105F105F105F105F105F105F105F18F
:1051700005F105F105F105F105F125E966E1C398B1
:1051800000200000000000000000000000000000FF
:10519000000000000000000000000000000000000F
:1051A00000000000000000180068C7D145E905F1C3
:1051B00005F105F105F105F105F105F105F105F13F
:1051C00005F105F105F105F105F105F105F105F12F
:1051D00005F105F105F105F105F905F905F105F10F
:1051E00005F105F105F105F905F905F905F105F1F7
:1051F00006F146E1C8D10068002000080000000068
:105200000000000000000000000000000000000896
:1052100000184158C8D125E926F1E5F005F106F15D
:1052200005F106F105F105F105F105F105F105F1CD
:1052300005F105F906F106F105F105F125F105F194
:1052400005F106F106F105F105F1E5F005F126F1AC
:1052500026E9A8D9626800200008000000000000CC
:105260000000000000000000000000080008002806
:10527000A38887D946E126F106F105F105F905F97C
:10528000E5F805F105F105F105F105F905F905F177
:1052900005F105F105F105F105F105F105F105F15E
:1052A00005F105F105F105F105F105F105F105F14E
:1052B00005F105F105F105F105F145E9C7D10068F2
:1052C00000180000000000000000000000000000C6
:1052D00000000000000000000000000000000000CE
:1052E0000000000000000010004087B145E105F912
:1052F000E5F005F105F105F105F105F105F105F11F
:1053000005F105F105F105F105F105F105F105F1ED
:1053100005F105F105F105F105F105F105F105F1DD
:1053200005F106F105F105F1E5F005F905F126F1C4
:1053300006E9A8D14158001800080000000000004C
:105340000000200000000000000000000008002015
:105350002170A7D145E105F105F9E6F806F106F15E
:1053600006F105F105F105F105F105F105F105F18C
:1053700005F105F106F106F105F105F125F105F15B
:1053800005F105F106F106F106F105F1E5F8E5F89C
:1053900005F126E9A8D901700020000800000000EE
:1053A00000000000000000000000000000000008F5
:1053B0000028C480A8D906E926F1E5F005F105F139
:1053C00005F105F105F105F105F105F105F105F12D
:1053D00005F105F105F105F105F105F105F105F11D
:1053E00005F105F105F105F105F105F105F105F10D
:1053F00005F105F105F105F105F966E966B1004031
:10540000001000000000000000000000000000008C
:10541000000000000000000000000000000000008C
:1054200000000000000000080020048986E105F16A
:1054300005F106F105F105F105F105F105F105F1BB
:1054400005F105F105F105F105F105F105F105F1AC
:1054500005F105F106F105F105F105F105F105F19B
:1054600005F106F105F125F105F105F105F105E973
:10547000A8E1A39000200000000000000000000050
:105480000000000000000000000000080020016093
:1054900087D126E905F105F905F9E6F8E6F006F108
:1054A00006F105F105F105F105F105F905F905F13B
:1054B00005F105F105F105F105F105F105F105F13C
:1054C00005F105F105F106F106F106F105F9E5F83A
:1054D00005F905F126E9A8D921680020001000008F
:1054E00001000000000000000000000000000000BB
:1054F00000080028C49887E106E906F906F905F1D5
:1055000005F105F105F105F105F105F105F105F1EB
:1055100005F105F105F105F105F105F105F105F1DB
:1055200005F105F105F105F105F105F105F105F1CB
:1055300005F105F105F105F105F966E1C3800020EB
:105540000008000000000000000000000000000053
:10555000000000000000000000000000000000004B
:1055600000000000000000080010015066D105F1A5
:1055700026F105E905F105F105F105F105F105F162
:1055800005F105F105F105F105F105F105F105F16B
:1055900005F105F106F105F105F105F105F105F15A
:1055A00006F106F105F105F105F105F105F926E130
:1055B00086C100480010000000000000000000004C
:1055C0000000000000000000000800200070A7D9C3
:1055D00026E926F905F105F106F106F106F106F1D5
:1055E00005F105F105F105F1E5F8E5F8E6F805F155
:1055F00005F105F105F105F105F105F905F105F1F3
:1056000005F105F105F105F1E6F8E6F806F105F119
:1056100005F105F126F166E987D101780028000837
:10562000000000000000000000000000000000007A
:1056300000080018004886C126E9E6F8E5F005F103
:1056400005F105F105F105F105F105F105F105F1AA
:1056500005F105F105F105F105F105F105F105F19A
:1056600005F105F105F105F105F105F105F105F18A
:1056700005F105F105F105F126F987D90050001073
:10568000000000000000000000000000000000001A
:10569000000000000000000000000000000000000A
:1056A00000000000000000000000002805B146E9ED
:1056B00026E905E905F105F105F105F105F105F129
:1056C00005F105F105F105F105F105F105F105F12A
:1056D00005F105F106F105F105F905F905F105F109
:1056E00006F106F106F105F1E4F005F905F966E1C8
:1056F00003990028001000000000000000000000D6
:10570000000000000000000800202160A7D146F141
:1057100006F1C5F005F105F126F126F105F105F1D7
:1057200005F105F105F105F9E5F8E6F8E6F806F109
:1057300005F105F105F105F105F905F905F905F1A1
:1057400005F105F105F105F1E6F806F106F125F19F
:1057500005F105F105F125F146E9A7D942700020D0
:105760000008000000000000000000000000000031
:10577000000000100030039947E9E6F8E5F005F96C
:1057800005F105F105F105F105F105F105F105F169
:1057900005F105F105F105F105F105F105F105F159
:1057A00005F105F105F105F105F105F105F105F149
:1057B00005F105F106F105E946E946B900280000C2
:1057C00000000000000000000000000000000000D9
:1057D00000000000000000000000000000000000C9
:1057E0000000000000000000000000186280A7D93F
:1057F00026E125F105F105F105F105F105F105F1C8
:1058000005F105F105F105F105F105F105F105F1E8
:1058100005F105F106F105F105F905F905F905F1BF
:1058200006F106F105F105F105F905F9E5F066E186
:10583000E3880028000800000000000000000000CD
:1058400000000000000000180068C8D146E105E92A
:1058500006F9E5F806F106F126F125F105F105F165
:1058600025F105F105F105F905F9E6F8E6F805F188
:1058700005F105F105F105F905F905F9E6F805F178
:1058800005F105F105F105F105F105F105F105F168
:1058900005F105F105F126F105E966E9A7D90178D9
:1058A00000280008000000000000000000000000C8
:1058B000000000080030E28847E1E6F806F9E5F06C
:1058C000E5F005F905F105F105F9E5F8E5F805F963
:1058D00005F105F105F105F105F105F105F105F118
:1058E00005F105F105F105F105F105F105F105F108
:1058F00005F105F105F126E9A8D98380001800001B
:105900000000000000000000000000000000000097
:105910000000000000000000000000000000000087
:105920000000000000000000000000080048C8C19E
:1059300066E105F105F105F105F105F105F105F166
:1059400005F105F105F105F105F105F105F105F1A7
:1059500005F105F106F105F105F905F905F905F17E
:1059600006F106F106F105F905F905F105F167E122
:1059700025A1003000100000000000000000000021
:105980000000000800202160C7D146E925E905F1A3
:1059900005F106F906F106F105F105F105F105F14C
:1059A00005F105F105F105F106F105F105F105F146
:1059B00005F105F105F105F105F105F105F105F137
:1059C00005F105F105F105F105F105F105F105F127
:1059D00005F105F105F105F125F125E946E9A7D124
:1059E00042680020000800000000000000000000E5
:1059F000000000100030249967E106F105F105F17F
:105A000005F905F905F105F105F9E5F8E5F8E5F819
:105A100005F105F105F105F105F105F105F105F1D6
:105A200005F105F105F105F105F105F105F105F1C6
:105A300005F105F105F166E1A7B900480010000085
:105A40000000000000000000000000000000000056
:105A50000000000000000000000000000000000046
:105A60000000000000000000000000000020E480B2
:105A700087E1E5F005F105F105F105F105F105F125
:105A800005F105F105F105F105F105F105F105F166
:105A900005F105F106F105F105F104F905F905F146
:105AA00006F106F106F9E5F005F105F126F147E901
:105AB00046C100580018000000000000000000006F
:105AC000000000200068A8D946E905E905F105F1C4
:105AD00005F105F105F105F105F905F905F105F106
:105AE00005F906F106F106F106F105F105F105F1FA
:105AF00005F105F105F105F105F105F105F105F1F6
:105B000005F105F9E5F805F105F125F105F105F1D6
:105B100005F905F9E5F005F105F146F105E946E17C
:105B2000C8D901700020000800000000000000003B
:105B300000000018005867C947E906F105E905F1BA
:105B400005F9E5F805F105F105F9E5F8E5F805F9D8
:105B500005F105F105F105F105F105F105F105F195
:105B600005F105F105F105F105F105F105F105F185
:105B700005F105F1E5F066E1C380002000080000B2
:105B80000000000000000000000000000000000015
:105B90000000000000000000000000000000000005
:105BA000000000000008000000000000001000409D
:105BB00087D105E905F105F105F105F105F105F1DB
:105BC00005F105F105F105F105F105F105F105F125
:105BD00005F105F105F105F105F105F105F105F115
:105BE00005F106F1E6F805F125F125F105E926E9CB
:105BF00068E1E5A80038001800100008001000183F
:105C00000028A370A8D126E926F1E5F006F105F1F8
:105C1000E5F005F105F105F105F905F905F905F9D5
:105C2000E5F806F106F106F105F105F105F105F1DA
:105C300005F105F105F105F105F105F105F105F1B4
:105C400005F105F1E5F805F905F105F105F105F1B5
:105C500005F9E5F805F905F105F1E5F005F146F17D
:105C600026E9C8D962680020001800100008000862
:105C700000180038C5A088E126E906F146F105E9DB
:105C800005F905F905F105F105F1E5F805F905F165
:105C900005F105F105F105F105F105F105F105F154
:105CA00005F105F105F105F105F105F105F105F144
:105CB00005F105F105E987D100400008000020004A
:105CC00000000000000000000000000000000000D4
:105CD00000000000000000000000000000000000C4
:105CE000000000000000000000000000000800208C
:105CF000A49088E126E9E4F026F9E5F0E5F026F93C
:105D0000E5F005F105F105F105F105F105F105F104
:105D100006F106F105F105F105F105F105F105F1D1
:105D200005F105F105F105F105F105F105F105F1C3
:105D300026E947D9C5A000500030002800300048AF
:105D400005A1A8D946E106F126F105F105F105F90D
:105D500005F105F105F105F105F105F105F105F193
:105D600005F105F105F105F105F105F105F105F183
:105D700005F105F105F105F105F105F105F105F173
:105D800005F105F105F105F105F105F105F105F163
:105D900005F105F105F105F905F905F905F125F11B
:105DA00026F126E1A8D1C498004800300028003030
:105DB0000058C5A047D926E906F105F105F105F11E
:105DC00005F105F105F105F105F105F105F105F123
:105DD00005F105F106F106F105F105F125F125F1D1
:105DE00005F105F105F9E5F005F905F105F105F114
:105DF000E4F046E988E1A4900020000800000000DB
:105E00000000000000000000000000000000000092
:105E10000000000000000000000000000000000082
:105E20000000000000000000000000002000001042
:105E30000050A8C125E125F9E5F026F9E5F005F1C6
:105E4000E5F005F905F105F125F105F105F105F19B
:105E500006F106F105F105F105F105F105F105F190
:105E600005F105F105F105F105F105F105F105F182
:105E700005F126E988E167C945A1E38824A166C147
:105E800067E126E906F106F105F105F105F905F9E5
:105E900005F105F105F105F105F105F105F105F152
:105EA00005F105F105F105F105F105F105F105F142
:105EB00005F105F105F105F105F105F105F105F132
:105EC00005F105F105F105F105F105F105F105F122
:105ED00005F105F105F105F105F905F905F105F102
:105EE00005F106F126E987E186C104990389259920
:105EF00047C188E126E905F105F105F105F105F154
:105F000005F105F105F105F105F105F105F105F1E1
:105F100005F105F106F106F105F105F125F125F18F
:105F200005F105F105F9E5F005F905F106F1C4E81B
:105F300025F926E1C8C9005000102000000000002B
:105F40000000000000000000000000000000000051
:105F50000000000000000000000000000000000041
:105F60000000000000000000000000000000000829
:105F70000020E488A7E1E5F026F125F105F105F11F
:105F800005F105F105F105F105F105F105F1E5F87A
:105F9000E5F8E5F805F105F105F105F105F105F183
:105FA00005F105F105F105F105F105F105F105F141
:105FB00005F106F126E967E946E146E146E946E9E9
:105FC00005E906F105F105F105F105F105F905F120
:105FD00005F105F105F105F105F105F105F105F111
:105FE00005F105F105F105F105F105F105F105F101
:105FF00005F105F105F105F105F105F105F105F1F1
:1060000005F105F105F105F105F105F105F105F1E0
:1060100005F105F105F105F105F105F105F105F1D0
:1060200005F106F106F106F146E967E167E167E18E
:1060300067E927E906F105F105F105F105F105F13B
:1060400005F105F105F105F105F105F105F105F1A0
:1060500005F105F105F905F905F905F105F105F178
:1060600005F105F105F105F105F905F105F105F178
:1060700005F1A7E1E4800020000800000000000016
:106080000000000000000000000000000000000010
:106090000000000000000000000000000000000000
:1060A00000000000000000000000000000000000F0
:1060B0000010004087C926E126F105F105F105F938
:1060C00005F105F105F105F105F105F105F9E5F831
:1060D000E5F805F905F105F105F105F105F105F121
:1060E00005F105F105F105F105F105F105F105F100
:1060F00005F105F125F105F105F126F9E5F8E5F8D9
:10610000E5F005F905F105F105F105F105F105F1F8
:1061100005F105F105F105F105F105F105F105F1CF
:1061200005F105F105F105F105F105F105F105F1BF
:1061300005F105F105F105F105F105F105F105F1AF
:1061400005F105F105F105F105F105F105F105F19F
:1061500005F105F106F106F106F105F105F105F18C
:1061600005F105F106F9E5F0E5F806F906F906F19D
:1061700006F105E905F105F105F105F105F105F176
:1061800005F105F105F105F105F105F105F105F15F
:1061900005F105F105F905F905F905F105F105F137
:1061A00005F105F106F105F105F905F105F146F1F5
:1061B00026E967C100400010000000000000000058
:1061C00000000000000000000000000000000000CF
:1061D00000000000000000000000000000000000BF
:1061E000000000000000000000000000200000008F
:1061F000000000188380A8D905E105F105F905F92B
:10620000E5F006F1E6F805F905F105F105F105F10E
:1062100005F905F105F105F105F105F105F105F1C6
:1062200005F105F105F105F105F105F105F105F1BE
:1062300005F105F145F125E905F105F9E4F005F968
:1062400005F904F105F905F105F105F105F105F18F
:1062500005F9E5F805F105F105F105F105F105F19F
:1062600005F105F105F105F105F105F105F105F17E
:1062700005F105F105F105F105F105F105F105F16E
:1062800005F105F105F105F105F105F105F105F15E
:1062900005F105F1E6F8E6F806F106F105F105F17C
:1062A00005F9E5F8E5F005F905F9E5F8E5F8E5F0B3
:1062B00005F125F105F105F105F105F105F105F10E
:1062C00005F105F105F105F105F105F105F105F11E
:1062D00005F105F105F105F105F105F105F105F10E
:1062E00005F905F906F1E5F005F104F105F125E9F7
:1062F000A8D942780018000000002000000000002B
:10630000000000000000000000000000000000008D
:10631000000000000000000000000000000000007D
:10632000000000000000000000000000000020004D
:1063300020000008003826A167E125F104F105F9E5
:1063400005F106F9E6F8E6F805F105F105F105F1C4
:1063500005F105F105F105F105F105F105F105F18D
:1063600005F105F105F105F105F105F105F105F17D
:1063700005F105F104E925F105F905F905F904F13F
:1063800005F125F905F905F905F105F125F105F105
:1063900005F9E5F805F105F105F105F105F105F15E
:1063A00005F105F105F105F105F105F105F105F13D
:1063B00005F105F105F105F105F105F105F105F12D
:1063C00005F105F105F105F105F105F105F105F11D
:1063D00005F105F1E6F8E6F805F105F105F105F13D
:1063E000E5F8E5F805F105F1E4F005F125F905F921
:1063F00005F125F105F105F105F105F105F105F1CD
:1064000005F105F105F105F105F105F105F105F1DC
:1064100005F105F105F105F105F105F105F105F1CC
:10642000E6F8E6F806F105F125F904F125F187E132
:1064300026A100300008200000000000000000003D
:10644000000000000000000000000000000000004C
:10645000000000000000000000000000000000003C
:10646000000000000000000000000000000000002C
:10647000200000000010005087D126F104E904F14B
:1064800005F9E6F8E6F8E6F805F105F105F105F19C
:1064900025F125F105F105F105F105F105F105F10C
:1064A00005F105F105F105F105F105F105F105F13C
:1064B00005F105F1E5F006F9E5F8C5F005F105F19E
:1064C00005F1E5F0E5F8E5F805F105F105F105F16F
:1064D00005F105F905F105F105F105F105F105F104
:1064E00005F105F105F105F105F105F105F105F1FC
:1064F00005F105F105F105F105F105F105F105F1EC
:1065000005F105F105F105F105F105F105F105F1DB
:1065100005F105F105F105F105F125F105F105F1AB
:1065200005F905F9E5F025F125F105F1E5F0E5F0CE
:1065300005F905F105F105F105F105F105F105F1A3
:1065400005F105F105F105F105F105F105F105F19B
:1065500005F105F125F125F105F105F105F105F14B
:10656000E6F8E6F8E6F805F925F124F126F1A7D1D9
:10657000005000100000200020000000000000007B
:10658000000000000000000000000000000000000B
:1065900000000000000000000000000000000000FB
:1065A00000000000000000000000000001000000EA
:1065B0000000000000000020E4A066D945E925F1B4
:1065C00005F1E5F8E6F8E6F805F125F105F105F144
:1065D00005F105F105F105F105F105F105F105F10B
:1065E00005F105F105F105F105F105F105F105F1FB
:1065F00005F105F1E5F0E5F8E5F826F9E5F005F136
:1066000005F105F105F105F905F105F105F105F1D2
:1066100005F105F105F105F105F105F105F105F1CA
:1066200005F105F105F105F105F105F105F105F1BA
:1066300005F105F105F105F105F105F105F105F1AA
:1066400005F105F105F105F105F105F105F105F19A
:1066500005F105F105F105F105F105F105F105F18A
:1066600005F105F105F105F105F125F105F105F15A
:1066700005F905F905F105F105F105F105F105F15A
:1066800005F105F105F105F105F105F105F105F15A
:1066900005F105F105F105F105F105F125F105F12A
:1066A000E6F8E6F806F905F104F145E966D905A131
:1066B00000200000000000000000000000000000BA
:1066C00000000000000000000000000000000000CA
:1066D00000000000000000000000000000000000BA
:1066E00000000000000000000000000000000000AA
:1066F00000000000000000100048C7C125D925F1A6
:10670000E4F025F106F9E6F806F105E905F125F1D1
:10671000E5F006F105F105F105F105F105F105F1E9
:1067200005F105F105F105F105F105F105F105F1B9
:1067300005F105F106F106F106F106F106F106F1A3
:1067400006F105F105F105F105F105F105F105F198
:1067500005F905F105F105F105F105F105F105F181
:1067600005F105F105F105F105F105F105F105F179
:1067700005F105F105F105F105F105F105F105F169
:1067800005F105F105F105F105F105F105F105F159
:1067900005F105F105F905F905F905F105F105F131
:1067A00005F105F105F105F105F105F105F105F139
:1067B00005F105F105F105F105F105F105F105F129
:1067C00005F105F105F105F105F105F105F105F119
:1067D00005F105F106F1E5F025F105F105E906F110
:1067E000E6F806F905F125F104E966E1A7B90040EC
:1067F0000010000000000000000000000000000089
:106800000000000000000000000000000000000088
:106810000000000000000000000000000000000078
:106820000000000000000000000000000000000068
:10683000000000000000000800206268A7C966E9A7
:1068400025F105F1E5F8E5F026F126F125F105F150
:10685000E5F006F905F105F105F105F105F105F1A0
:1068600005F105F105F105F105F105F105F105F178
:1068700005F105F105F106F106F106F105F105F165
:1068800005F105F105F105F105F105F105F105F158
:1068900005F905F905F105F105F105F105F105F138
:1068A00005F105F105F105F105F105F105F105F138
:1068B00005F105F105F105F105F105F105F105F128
:1068C00005F105F105F105F105F105F105F105F118
:1068D00005F105F105F905F905F905F105F105F1F0
:1068E00005F105F105F105F105F105F105F105F1F8
:1068F00005F105F105F105F105F105F105F105F1E8
:1069000005F105F105F105F105F105F105F105F1D7
:1069100005F105F106F9E5F005F125F126F126F17D
:10692000E5F0E5F805F125E966E9C8D12160001830
:10693000000800000000000000000000000000004F
:106940000000000000000000000000000000000047
:106950000000000000000000000000000000000037
:106960000000000000000000000000000000000027
:10697000000000000000000000080020E488A7D903
:1069800025E9E4F805F9E5F806F106F106F106F95E
:1069900005F905F105F105F105F105F105F105F13F
:1069A00005F105F105F105F105F105F105F105F137
:1069B00005F105F105F105F905F905F905F105F10F
:1069C00005F105F105F105F105F105F105F105F117
:1069D00005F9E5F805F105F105F105F105F105F118
:1069E00005F105F105F105F105F105F105F105F1F7
:1069F00005F105F105F105F105F105F105F105F1E7
:106A000005F105F105F105F105F105F105F105F1D6
:106A100005F105F105F905F105F105F105F105F1BE
:106A200005F105F105F105F105F105F105F105F1B6
:106A300005F105F105F105F105F105F105F105F1A6
:106A400005F105F105F105F105F105F105F105F196
:106A500005F105F105F905F906F906F106F106F16A
:106A6000E5F005F905F925E9A8D9E5900020000829
:106A70000000000000000000000000000000000016
:106A80000000000000000000000000000000000006
:106A900000000000000000000000000000000000F6
:106AA00000000000000000000000000000000000E6
:106AB000000000000000200800000010003846A17F
:106AC00066E105F105F905F106F1E6F0E6F006F9F3
:106AD00005F905F105F105F105F105F105F105F1FE
:106AE00005F105F105F105F105F105F105F105F1F6
:106AF00005F105F105F905F9E5F805F905F105F1E7
:106B000005F105F105F905F905F105F105F105F1C5
:106B100005F105F905F105F105F105F105F105F1BD
:106B200005F105F105F105F105F105F105F105F1B5
:106B300005F105F105F105F105F105F105F105F1A5
:106B400005F105F105F105F105F105F105F105F195
:106B500005F105F105F105F105F125F105F105F165
:106B600005F105F105F105F105F105F105F905F965
:106B700005F905F905F105F105F105F105F105F155
:106B800005F105F105F105F105F105F105F105F155
:106B900005F105F105F106F906F9E6F0E6F006F172
:106BA00005F105F904F167E125A1003000100000AE
:106BB00000000000000000000000000000000000D5
:106BC00000000000000000000000000000000000C5
:106BD00000000000000000000000000000000000B5
:106BE00000000000000000000000000000000000A5
:106BF0000000000000000000000000080010004835
:106C000087C946E905E905F106F106F9E6F0E5F080
:106C100005F105F105F105F105F105F105F105F1C4
:106C200005F105F105F105F105F105F105F105F1B4
:106C300005F105F105F905F905F905F905F105F184
:106C400005F105F105F9E5F805F905F105F105F19D
:106C500005F105F105F105F105F105F105F105F184
:106C600005F105F105F105F105F105F105F105F174
:106C700005F105F105F105F105F105F105F105F164
:106C800005F105F105F105F105F105F105F105F154
:106C900005F105F105F105F106F106F106F1E6F859
:106CA000E5F8E5F805F105F105F105F9E5F8E5F890
:106CB00005F905F905F105F105F105F105F105F114
:106CC00005F105F105F105F105F105F105F105F114
:106CD00005F105F105F105F1E5F0E6F006F906F13B
:106CE00005F105E926E9A8C90040001000000000F0
:106CF0000000000000000000000000000000000094
:106D00000000000000000000000000000000000083
:106D10000000000000000000000000000000000073
:106D20000000000000000000000000000000000063
:106D30000000000000000000000000080000001833
:106D40004170A7D166E926F1E5F005F106F905F1F4
:106D500005F125F105F105F105F105F105F105F163
:106D600005F105F105F105F105F105F105F105F173
:106D700005F105F105F105F905F905F905F105F14B
:106D800005F105F105F105F905F905F105F105F143
:106D900005F105F105F105F105F105F105F105F143
:106DA00005F105F105F105F105F105F105F105F133
:106DB00005F105F105F105F105F105F105F105F123
:106DC00005F105F105F105F105F105F105F105F113
:106DD00005F105F105F105F105F105F105F9E5F814
:106DE000E5F8E5F805F105F105F105F1E5F805F936
:106DF00005F905F105F105F105F105F105F105F1DB
:106E000005F105F105F105F105F105F105F105F1D2
:106E100005F105F105F105F105F106F905F9E5F0D2
:106E200026F166E9A7D16278001800000000000092
:106E30002000000000000000000000000000000032
:106E40000000000000000000000000000000000042
:106E50000000000000000000000000000000000032
:106E60000000000000000000000000000000000022
:106E7000000000000000000000000000000000080A
:106E80000020E48066D146F1E5F0E5F026F125F139
:106E900005F105F105F105F105F105F105F105F142
:106EA00005F105F105F105F105F105F105F105F132
:106EB00005F105F105F105F105F105F105F105F122
:106EC00005F105F105F105F105F105F105F105F112
:106ED00005F105F105F105F105F105F105F105F102
:106EE00005F105F105F105F105F105F105F105F1F2
:106EF00005F105F105F105F105F105F105F105F1E2
:106F000005F105F105F105F105F105F105F105F1D1
:106F100005F105F105F105F105F105F105F105F1C1
:106F200005F905F105F105F105F105F105F105F1A9
:106F300005F105F105F105F105F105F105F105F1A1
:106F400005F105F105F105F105F105F105F105F191
:106F500005F105F105F105F105F126F1E5F005F181
:106F600046F166D9C3800020000800000000000040
:106F70000000000000000000000000000000000011
:106F80000000000000000000000000000000000001
:106F900000000000000000000000000000000000F1
:106FA00000000000000000000000000000000000E1
:106FB00000000000000000000000000000000000D1
:106FC00000080028E4A046D946F105F125F105F1B5
:106FD00005F105F105F105F105F105F105F105F101
:106FE00005F105F105F105F105F105F105F105F1F1
:106FF00005F106F106F105F106F105F106F105F1DD
:1070000006F105F106F105F105F105F105F105F1CE
:1070100005F105F105F105F105F105F105F105F1C0
:1070200005F105F105F105F105F105F105F105F1B0
:1070300005F105F105F105F105F105F105F105F1A0
:1070400005F105F105F105F105F105F105F105F190
:1070500005F105F105F105F105F105F105F105F180
:1070600005F105F105F105F105F105F105F105F170
:1070700005F105F105F105F105F105F105F105F160
:1070800005F105F105F105F105F105F105F105F150
:1070900005F105F105F905F105F125F105F146F1D7
:1070A00067D905A1002800080008000000000000C2
:1070B00000000000000000000000000000000000D0
:1070C00000000000000000000000000000000000C0
:1070D00000000000000000000000000000000000B0
:1070E00000000000000000000000000000000000A0
:1070F0000000000000000000000000000000000090
:1071000000000010004046A946E105F125F104F118
:1071100005F125F105F9E4F025F105F1E5F006F9B1
:10712000E6F805F105F105F105F105F105F105F1C7
:1071300006F106F106F105F105F105F105F105F19C
:1071400005F105F105F105F105F105F105F105F18F
:1071500005F105F105F105F105F105F105F105F17F
:1071600005F105F105F105F105F105F105F105F16F
:1071700005F105F105F105F105F105F105F105F15F
:1071800005F105F105F105F105F105F105F105F14F
:1071900005F105F105F105F105F105F105F105F13F
:1071A00005F105F105F105F105F105F105F105F12F
:1071B00005F105F106F106F105F905F905F105F10D
:1071C00025F105F106F1E5F005F905F1E5F025F108
:1071D00005F105F905F105F105F105F125F1A7E145
:1071E00025990030001000000000000000000000A1
:1071F000000000000000000000000000000000008F
:10720000000000000000000000000000000000007E
:10721000000000000000000000000000000000006E
:10722000000000000000000000000000000000005E
:10723000000000000000000000000000000000004E
:10724000000000000018004867B946E105F125F983
:10725000E4F025F105F1E4F005F105F105F9E5F0BB
:10726000E5F006F125F125F105F105F105F905F146
:1072700006F106F105F105F105F105F105F105F15C
:1072800005F105F105F105F105F105F105F105F14E
:1072900005F105F105F105F105F105F105F105F13E
:1072A00005F105F105F105F105F105F105F105F12E
:1072B00005F105F105F105F105F105F105F105F11E
:1072C00005F105F105F105F105F105F105F105F10E
:1072D00005F105F105F105F105F105F105F105F1FE
:1072E00005F105F105F105F105F105F105F105F1EE
:1072F00005F105F106F106F105F905F905F105F1CC
:1073000025F105F106F1E5F0E5F005F925F125F1A6
:10731000E5F005F126F905F105F925E967D925A17B
:10732000003000100000000000000000000000001D
:10733000000000000000000000000000000000004D
:10734000000000000000000000000000000000003D
:10735000000000000000000000000000000000002D
:10736000000000000000000000000000000000001D
:10737000000000000000000000000000000000000D
:1073800000000000000800180048A7B947E1E5F038
:1073900025F904F125F125F105F1E5F005F905F9E7
:1073A000E5F025F125F125F105F105F1E5F8E5F820
:1073B00005F105F105F105F105F105F105F105F11D
:1073C00005F105F105F105F105F105F105F105F10D
:1073D00005F105F105F105F105F105F105F105F1FD
:1073E00005F105F105F105F105F105F105F105F1ED
:1073F00005F105F105F105F105F105F105F105F1DD
:1074000005F105F105F105F105F105F105F105F1CC
:1074100005F105F105F105F105F105F105F105F1BC
:1074200005F105F105F105F105F105F105F105F1AC
:1074300005F105F105F105F105F905F905F105F18C
:1074400005F105F105F105F106F905F906F905F172
:1074500005E925F1E4F005F1E5F067E1C8B1003890
:10746000001000000000000000000000000000000C
:10747000000000000000000000000000000000000C
:1074800000000000000000000000000000000000FC
:1074900000000000000000000000000000000000EC
:1074A00000000000000000000000000000000000DC
:1074B00000000000000000000000000000000000CC
:1074C00000000000000000080018004887C167E1C4
:1074D00005E905F105F126F105F1E5F0E5F005F125
:1074E00005F105F125F105F105F106F105F905F9BB
:1074F00005F105F105F105F105F105F105F105F1DC
:1075000005F105F105F105F105F105F105F105F1CB
:1075100005F105F105F105F105F105F105F105F1BB
:1075200005F105F105F105F105F105F105F105F1AB
:1075300005F105F105F105F105F105F105F105F19B
:1075400005F105F105F105F105F105F105F105F18B
:1075500005F105F105F105F105F105F105F105F17B
:1075600005F105F105F105F105F105F105F105F16B
:1075700005F105F105F105F105F105F105F105F15B
:1075800005F105F105F125F106F1E6F0E6F006F961
:1075900005F125F125F125E987E187B900400018BB
:1075A00000080000000000000000000000000000D3
:1075B00000000000000000000000000000000000CB
:1075C00000000000000000000000000000000000BB
:1075D00000000000000000000000000000000000AB
:1075E000000000000000000000000000000000009B
:1075F000000000000000000000000000000000008B
:107600000000000000000000000000180048C8B1A1
:1076100066D925F105E905E906F906F905F105E957
:1076200025E925E905F105F105F106F105F105F179
:1076300005F105F105F105F105F105F105F105F19A
:1076400005F105F105F105F105F105F105F105F18A
:1076500005F105F105F105F105F105F105F105F17A
:1076600005F105F105F105F105F105F105F105F16A
:1076700005F105F105F105F105F105F105F105F15A
:1076800005F105F105F105F105F105F105F105F14A
:1076900005F105F105F105F105F105F105F105F13A
:1076A00005F105F105F105F105F105F105F105F12A
:1076B00005F105F125F125F105F105F105F105F1DA
:1076C00005F125F125F126F106F106F106F906F995
:1076D00005F1E4E826F187E166A10040001800000A
:1076E0000008000000000000000000000000000092
:1076F000000000000000000000000000000000008A
:107700000000000000000000000000000000000079
:107710000000000000000000000000000000000069
:107720000000000000000000000000000000000059
:107730000000000000000000000000000000000049
:1077400000000000000000000000000800180040D9
:1077500086B166D966E925F1E5F005F105F105F197
:1077600026F105F105F105F105F905F105F105F140
:1077700005F105F105F105F105F105F105F105F159
:1077800005F105F105F105F105F105F105F105F149
:1077900005F105F105F105F105F105F105F105F139
:1077A00005F105F105F105F105F105F105F105F129
:1077B00005F105F105F105F105F105F105F105F119
:1077C00005F105F105F105F105F105F105F105F109
:1077D00005F105F105F105F105F105F105F105F1F9
:1077E00005F105F105F105F105F105F105F105F1E9
:1077F00005F105F125F125F105F105F105F105F199
:1078000005F105F106F105F105F126F905F1E5F0BF
:1078100025F946F166D945A90030001000000000A6
:107820000000000000000000000000000000000058
:107830000000000000000000000000000000000048
:107840000000000000000000000000000000000038
:107850000000000000000000000000000000000028
:107860000000000000000000000000000000000018
:107870000000000000000000000000000000000008
:1078800000000000000000000000000800080018D0
:107890000040459966D946F105E905E905F905F97C
:1078A000E6F8E6F8E6F8E6F8E5F8E5F805F105F1BA
:1078B00005F105F105F105F105F105F105F105F118
:1078C00005F105F105F105F105F105F105F105F108
:1078D00005F105F105F105F105F105F105F105F1F8
:1078E00005F105F105F105F105F105F105F105F1E8
:1078F00005F105F105F105F105F105F105F105F1D8
:1079000005F105F105F105F105F105F105F105F1C7
:1079100005F105F105F105F105F105F105F105F1B7
:1079200005F105F105F105F105F105F105F105F1A7
:1079300005F105F105F105F105F105F105F9E6F8A7
:10794000E6F8E6F8E6F8E5F8E5F825F9E4E805E90B
:1079500046F166D945990030001000080008000083
:107960000000000000000000000000000000000017
:107970000000000000000000000000000000000007
:1079800000000000000000000000000000000000F7
:1079900000000000000000000000000000000000E7
:1079A00000000000000000000000000000000000D7
:1079B00000000000000000000000000000000000C7
:1079C000000000000000200000000000000000088F
:1079D00000100030E49886D966E105E905F9E5F87C
:1079E000E5F8E6F8E6F8E6F805F905F905F105F138
:1079F00005F105F105F105F105F105F105F105F1D7
:107A000005F105F105F105F105F105F105F105F1C6
:107A100005F105F105F105F105F105F105F105F1B6
:107A200005F105F105F105F105F105F105F105F1A6
:107A300005F105F105F105F105F105F105F105F196
:107A400005F105F105F105F105F105F105F105F186
:107A500005F105F105F105F105F105F105F105F176
:107A600005F105F105F105F105F105F105F105F166
:107A700005F105F105F105F105F105F1E6F8E6F886
:107A8000E6F8E6F806F9E5F8E5F805F105E966E94E
:107A900087D905A100300010000000000008000098
:107AA00000000000000000000000000000000000D6
:107AB00000000000000000000000000000000000C6
:107AC00000000000000000000000000000000000B6
:107AD00000000000000000000000000000000000A6
:107AE0000000000000000000000000000000000096
:107AF0000000000000000000000000000000000086
:107B00000000000000000000000000000000000075
:107B1000000000100028E488A7D126E9E5F005F967
:107B200005F105F105F905F905F125F105F1E5F096
:107B300005F105F105F105F105F105F105F105F195
:107B400005F105F105F105F105F105F105F105F185
:107B500005F105F105F105F105F105F105F105F175
:107B600005F105F105F105F105F105F105F105F165
:107B700005F105F105F105F105F105F105F105F155
:107B800005F105F105F105F105F105F105F105F145
:107B900005F105F105F105F105F105F105F105F135
:107BA00005F105F105F105F105F105F105F105F125
:107BB00005F105F1E5F005F105F105F106F106F92C
:107BC000E6F8E5F005F105F104F105F146E987D1A4
:107BD000C38000280010000000000000000000002A
:107BE0000000000000000000000000000000000095
:107BF0000000000000000000000000000000000085
:107C00000000000000000000000000000000000074
:107C10000000000000000000000000000000000064
:107C20000000000000000000000000000000000054
:107C30000000000000000000000000000000000044
:107C40000000000000000000000000000000000034
:107C500000000000000800286278A8D187E925E923
:107C600025E925F105F1E5F026F905F105F126F9FB
:107C7000E4F005F905F105F105F105F105F105F16E
:107C800005F105F105F105F105F105F105F105F144
:107C900005F105F105F105F105F105F105F105F134
:107CA00005F105F105F105F105F105F105F105F124
:107CB00005F105F105F105F105F105F105F105F114
:107CC00005F105F105F105F105F105F105F105F104
:107CD00005F105F105F105F105F105F105F105F1F4
:107CE00005F105F105F105F105F105F105F105F1E4
:107CF00005F105F105F905F905F105F1E5F006F1E4
:107D000005F905F105F125E925E967E1A7C96278DB
:107D10000028000800000000000000000000000033
:107D20000000000000000000000000000000000053
:107D30000000000000000000000000000000000043
:107D40000000000000000000000000000000000033
:107D50000000000000000000000000000000000023
:107D60000000000000000000000000000000000013
:107D70000000000000000000000000000000000003
:107D800000000000000000000000000000000000F3
:107D900000000000000800080020015046A987D11B
:107DA00046E905F104F125F9E4F025F125F105E9AD
:107DB00025F105F105F105F105F105F105F105F1F3
:107DC00005F105F105F105F105F105F105F105F103
:107DD00005F105F105F105F105F105F105F105F1F3
:107DE00005F105F105F105F105F105F105F105F1E3
:107DF00005F105F105F105F105F105F105F105F1D3
:107E000005F105F105F105F105F105F105F105F1C2
:107E100005F105F105F105F105F105F105F105F1B2
:107E200005F105F105F105F105F105F105F105F1A2
:107E300005F105F105F105F105F105F105F905F18A
:107E400004F125F125F146E187D146A10040001853
:107E5000000800000000000000000000000000001A
:107E60000000000000000000000000000000000012
:107E70000000000000000000000000000000000002
:107E800000000000000000000000000000000000F2
:107E900000000000000000000000000000000000E2
:107EA00000000000000000000000000000000000D2
:107EB00000000000000000000000000000000000C2
:107EC00000000000000000000000000000000000B2
:107ED00000000000000000000000001000382591A4
:107EE000C8D166E145E904E905F105F105F105F1BF
:107EF00005F126F905F105F105F105F105F105F1A9
:107F000005F105F105F105F105F105F105F105F1C1
:107F100005F105F105F105F105F105F105F105F1B1
:107F200005F105F105F105F105F105F105F105F1A1
:107F300005F105F105F105F105F105F105F105F191
:107F400005F105F105F105F105F105F105F105F181
:107F500005F105F105F105F105F105F105F105F171
:107F600005F105F105F105F105F105F105F105F161
:107F700005F105F106F906F9E5F0E5F025F904F15A
:107F800004E945E966E1C8D1E4880030001000004A
:107F900000000000000000000000000000000000E1
:107FA00000000000000000000000000000000000D1
:107FB00000000000000000000000000000000000C1
:107FC00000000000000000000000000000000000B1
:107FD00000000000000000000000000000000000A1
:107FE0000000000000000000000000000000000091
:107FF0000000000000000000000000000000000081
:108000000000000000000000000000000000000070
:108010000000000000080000000000080010002020
:108020008270C7C187E126E925F105F105F126F93E
:1080300026F1E4E805F105F105F105F105F105F199
:1080400005F105F105F105F105F105F105F105F180
:1080500005F105F105F105F105F105F105F105F170
:1080600005F105F105F105F105F105F105F105F160
:1080700005F105F105F105F105F105F105F105F150
:1080800005F105F105F105F105F105F105F105F140
:1080900005F105F105F105F105F105F105F105F130
:1080A00005F105F105F105F105F105F105F105F120
:1080B00005F105F1C5F006F126F105F125F125F1EF
:1080C00025F187E1A7B962600020001000000000E0
:1080D00000000000000000000000000000000000A0
:1080E0000000000000000000000000000000000090
:1080F0000000000000000000000000000000000080
:10810000000000000000000000000000000000006F
:10811000000000000000000000000000000000005F
:10812000000000000000000000000000000000004F
:10813000000000000000000000000000000000003F
:10814000000000000000000000000000000000002F
:10815000000000000000000800000000000000080F
:1081600000200050A49887D166E105E126F1E5F0F2
:10817000E5F026F905F105F105F105F105F105F147
:1081800005F105F105F105F105F105F105F105F13F
:1081900005F105F105F105F105F105F105F105F12F
:1081A00005F105F105F105F105F105F105F105F11F
:1081B00005F105F105F105F105F105F105F105F10F
:1081C00005F105F105F105F105F105F105F105F1FF
:1081D00005F105F105F105F105F105F105F105F1EF
:1081E00005F105F105F105F105F105F105F105F1DF
:1081F00005F105F146F9E5F005F126F105E187E124
:1082000087D1E4A000400020000800000100000029
:10821000000000000000000000000000000000005E
:10822000000000000000000000000000000000004E
:10823000000000000000000000000000000000003E
:10824000000000000000000000000000000000002E
:10825000000000000000000000000000000000001E
:10826000000000000000000000000000000000000E
:1082700000000000000000000000000000000000FE
:1082800000000000000000000000000000000000EE
:1082900000000000200000000000000000080000B6
:1082A000000800100020005066A9E8E126E905F169
:1082B00025F905F105F105F105F105F105F105F1E6
:1082C00005F105F105F105F105F105F105F105F1FE
:1082D00005F105F105F105F105F105F105F105F1EE
:1082E00005F105F105F105F105F105F105F105F1DE
:1082F00005F105F105F105F105F105F105F105F1CE
:1083000005F105F105F105F105F105F105F105F1BD
:1083100005F105F105F105F105F105F105F105F1AD
:1083200005F105F105F105F105F105F105F105F19D
:1083300005F105F104F125F905F126E9C8D946A9A9
:108340002150002000100008000000000000000084
:10835000000000000000000000000000000000001D
:10836000000000000000000000000000000000000D
:1083700000000000000000000000000000000000FD
:1083800000000000000000000000000000000000ED
:1083900000000000000000000000000000000000DD
:1083A00000000000000000000000000000000000CD
:1083B00000000000000000000000000000000000BD
:1083C00000000000000000000000000000000000AD
:1083D000000000000000000000000000000000009D
:1083E00000000000000800180038828087C987E17B
:1083F00026E126E905F105F105F105F105F105F1A3
:1084000005F105F105F105F105F105F105F105F1BC
:1084100005F105F105F105F105F105F105F105F1AC
:1084200005F105F105F105F105F105F105F105F19C
:1084300005F105F105F105F105F105F105F105F18C
:1084400005F105F105F105F105F105F105F105F17C
:1084500005F105F105F105F105F105F105F105F16C
:1084600005F105F105F105F105F105F105F105F15C
:1084700005F105F126E905D9A7E187C92178003082
:1084800000100000000000000000000000000000DC
:1084900000000000000000000000000000000000DC
:1084A00000000000000000000000000000000000CC
:1084B00000000000000000000000000000000000BC
:1084C00000000000000000000000000000000000AC
:1084D000000000000000000000000000000000009C
:1084E000000000000000000000000000000000008C
:1084F000000000000000000000000000000000007C
:10850000000000000000000000000000000000006B
:10851000000000000000000000000000000000005B
:108520000000000000000008000800180040C4809F
:1085300088C188E126E905F105F106F106F105F1AA
:1085400005F106F1E5F005F105F905F905F105F18B
:1085500006F106F1E5F006F106F906F9E5F0E5F0B9
:10856000E5F8E5F805F905F105F105F105F105F185
:1085700005F105F105F105F105F105F105F105F14B
:1085800005F905F9E5F0E5F005F905F105F905F15D
:1085900005F105F105F905F1E5F005F105F105F144
:1085A00005F105F105F105F126F126E926F125F1A0
:1085B000E5F026F188E188B9E48800400018000859
:1085C00000080000000000000000000000000000A3
:1085D000000000000000000000000000000000009B
:1085E000000000000000000000000000000000008B
:1085F000000000000000000000000000000000007B
:10860000000000000000000000000000000000006A
:10861000000000000000000000000000000000005A
:10862000000000000000000000000000000000004A
:10863000000000000000000000000000000000003A
:10864000000000000000000000000000000000002A
:10865000000000000000000000000000000000001A
:1086600000080008000000002000000000080020B2
:108670000050848887C967D967E126E906E926F1B1
:1086800006F1E5F026F905F105F105F105F106F130
:1086900005F105F106F105F1E5F0E5F005F105F963
:1086A00005F905F905F105F105F105F105F105F10A
:1086B00005F105F105F105F105F105F105F105F10A
:1086C00005F105F105F905F905F905F905F105F1DA
:1086D000E5F0E5F0E5F006F926F905F105F105F11B
:1086E00005F905F1E5F026F126E926E946E166E11E
:1086F00067E167C94388005000200008200020007F
:108700000000000800080000000000000000000059
:108710000000000000000000000000000000000059
:108720000000000000000000000000000000000049
:108730000000000000000000000000000000000039
:108740000000000000000000000000000000000029
:108750000000000000000000000000000000000019
:108760000000000000000000000000000000000009
:1087700000000000000000000000000000000000F9
:1087800000000000000000000000000000000000E9
:1087900000000000000000000000000000000000D9
:1087A00000000000000000000000000000000008C1
:1087B000001000200040A37887B1C8D967E905F10F
:1087C00005F905F9E4F005F105F905F905F105F9F3
:1087D00005F105F105F105F105F105F125F105F1C9
:1087E000E5F0E5E805F105F105F105F105F105F123
:1087F00005F105F105F105F105F105F105F105F1C9
:1088000005F105F105F105F105F105F105F105F1B8
:1088100005F126F9E5F0E5F006F9E5F006F905F1D0
:1088200005F905F1E5F805F905F187E9C8D987B13A
:10883000C378004000200010000800000000000085
:108840000000000000000000000000000000000028
:108850000000000000000000000000000000000018
:108860000000000000000000000000000000000008
:1088700000000000000000000000000000000000F8
:1088800000000000000000000000000000000000E8
:1088900000000000000000000000000000000000D8
:1088A00000000000000000000000000000000000C8
:1088B00000000000000000000000000000000000B8
:1088C00000000000000000000000000000000000A8
:1088D0000000000000000000000000000000000098
:1088E0000000000000000000200020000000000048
:1088F00020000000000800200040627825B187D9E0
:1089000066E125E145E925F105F105F1E5F005F11F
:1089100005F905F105F105F105F105F105F105F19F
:1089200025F126F105F105F105F105F106F106F154
:1089300006F106F106F106F106F105F105F105F182
:1089400005F105F126F125F125F105F105F105F116
:1089500005F105F106F105F106F905F106F105F15C
:1089600025E925E946E987E187D125B1217000385D
:1089700000200008000800000000000000002000A7
:1089800000000000000000000000000000000000E7
:1089900000000000000000000000000000000000D7
:1089A00000000000000000000000000000000000C7
:1089B00000000000000000000000000000000000B7
:1089C00000000000000000000000000000000000A7
:1089D0000000000000000000000000000000000097
:1089E0000000000000000000000000000000000087
:1089F0000000000000000000000000000000000077
:108A00000000000000000000000000000000000066
:108A10000000000000000000000000000000000056
:108A20000000000000000000000000000000000046
:108A30000000000000000008000800180028005096
:108A4000E490A7C1A7D946E125E946F126F9E5F06A
:108A5000E5F006F9E5F005F105F105F105F105F19F
:108A6000E5F005F105F105F105F105F105F105F177
:108A700005F105F105F105F105F105F105F105F146
:108A800005F105F105F105F105F105F105F105F136
:108A900005F105F1E5F005F105F105F105E966E9F6
:108AA00086D9E7D1A7B183780048002800180010C4
:108AB00000000000000000000000000000000000B6
:108AC0000000200000000000000000000000000086
:108AD0000000000000000000000000000000000096
:108AE0000000000000000000000000000000000086
:108AF0000000000000000000000000000000000076
:108B00000000000000000000000000000000000065
:108B10000000000000000000000000000000000055
:108B20000000000000000000000000000000000045
:108B30000000000000000000000000000000000035
:108B40000000000000000000000000000000000025
:108B50000000000000000000000000000000000015
:108B60000000000000000000000000000000000005
:108B700000000000000000002000000000080010BD
:108B8000002800480070E4A0C7C9A7D946D966E10B
:108B900047E906E926F125F105F105F105F105F1B1
:108BA00005F905F905F105F105F105F105F105F105
:108BB00005F105F105F105F105F105F105F105F105
:108BC00005F105F105F105F105F105F105F105F1F5
:108BD00025F126F146E947E167E1A7E1A7D1A7C161
:108BE000A28800600038002000100008000000008B
:108BF0000000200000000000000000000000000055
:108C00000000000000000000000000000000000064
:108C10000000000000000000000000000000000054
:108C20000000000000000000000000000000000044
:108C30000000000000000000000000000000000034
:108C40000000000000000000000000000000000024
:108C50000000000000000000000000000000000014
:108C60000000000000000000000000000000000004
:108C700000000000000000000000000000000000F4
:108C800000000000000000000000000000000000E4
:108C900000000000000000000000000000000000D4
:108CA00000000000200000000000000000000000A4
:108CB00000000000000000000000000000000008AC
:108CC000000800100018002000306258E48045A120
:108CD00087B9C7D986E166F145F125E905E905F1CE
:108CE00005F1E5F005F905F905F105F105F105F1E5
:108CF00005F105F105F105F105F105F105F105F9BC
:108D000005F905F9E5F005F105F125F125F145E94C
:108D100045E986E1A7D1A7B966A1A3700048003054
:108D200000200018001000080000000000000000F3
:108D30000000000000000000000000000000000033
:108D40000000200000000000000000000000000003
:108D50000000000000000000000000000000000013
:108D60000000000000000000000000000000000003
:108D700000000000000000000000000000000000F3
:108D800000000000000000000000000000000000E3
:108D900000000000000000000000000000000000D3
:108DA00000000000000000000000000000000000C3
:108DB00000000000000000000000000000000000B3
:108DC00000000000000000000000000000000000A3
:108DD0000000000000000000000000000000000093
:108DE0000000000000000000000000000000000083
:108DF0000000000000000000000000000000000073
:108E00000000000000000000000800100020002802
:108E1000004821706188C3A866C1A7C987D1A7D9B6
:108E200087E167E146E146E146E146E146E146E1A8
:108E300046E146E146E146E146E146E146E146E1FA
:108E400046E146E187E1A7E1A7D9A7D186C925B1C7
:108E5000C3A8A3900060004000280018001000087C
:108E60000000000000000000000000000000000002
:108E700000000000000000000000000000000000F2
:108E800000000000000000000000000000000000E2
:108E900000000000000000000000000000000000D2
:108EA00000000000000000000000000000000000C2
:108EB00000000000000000000000000000000000B2
:108EC00000000000000000000000000000000000A2
:108ED0000000000000000000000000000000000092
:108EE0000000000000000000000000000000000082
:108EF0000000000000000000000000000000000072
:108F00000000000000000000000000000000000061
:108F10000000000000000000000000000000000051
:108F20000000000000000000000000000000000041
:108F30000000000000000000000000000000000031
:108F40000000000000000000000000000008000811
:108F5000001000180018002000300140215042602D
:108F6000C478469187A987A987B1A7B9A7C1A7C126
:108F7000C7C9C7C9C7C9C7C1A7C1A7C187B987B171
:108F800087A987A9C48083704260215000380028D7
:108F90000020001800180010000800080000000061
:108FA00000000000000000000000000000000000C1
:108FB00000000000000000000000000000000000B1
:108FC00000000000000000000000000000000000A1
:108FD0000000000000000000000000000000000091
:108FE0000000000000000000000000000000000081
:108FF0000000000000000000000000000000000071
:109000000000000000000000000000000000000060
:109010000000000000000000000000000000000050
:109020000000000000000000000000000000000040
:109030000000000000000000000000000000000030
:109040000000000000000000000000000000000020
:109050000000000000000000000000000000000010
:109060000000000000000000000000000000000000
:1090700000000000000000000000000000000000F0
:1090800000000000000000000000000000000000E0
:109090000000000000000000000800080010001898
:1090A00000200028003000380040004000480050F8
:1090B0000050005000500050005000480048004050
:1090C00000380030002800180018001000080000C8
:1090D0000000000000000000000000000000000090
:1090E0000000000000000000000000000000000080
:1090F0000000000000000000000000000000000070
:10910000000000000000000000000000000000005F
:10911000000000000000000000000000000000004F
:10912000000000000000000000000000000000003F
:10913000000000000000000000000000000000002F
:10914000000000000000000000000000000000001F
:10915000000000000000000000000000000000000F
:1091600000000000000000000000000000000000FF
:1091700000000000000000000000000000000000EF
:1091800000000000000000000000000000000000DF
:1091900000000000000000000000000000000000CF
:1091A00000000000000000000000000000000000BF
:1091B00000000000000000000000000000000000AF
:1091C000000000000000000000000000000000009F
:1091D0000000000000000000000000000000000887
:1091E000000800080008001000100010001000180F
:1091F00000180018001800180018001000100010C7
:10920000001000080008000800080000000000002E
:10921000000000000000000000000000000000004E
:10922000000000000000000000000000000000003E
:10923000000000000000000000000000000000002E
:10924000000000000000000000000000000000001E
:10925000000000000000000000000000000000000E
:1092600000000000000000000000000000000000FE
:1092700000000000000000000000000000000000EE
:1092800000000000000000000000000000000000DE
:1092900000000000000000000000000000000000CE
:1092A00000000000000000000000000000000000BE
:1092B00000000000000000000000000000000000AE
:1092C000000000000000000000000000000000009E
:1092D000000000000000000000000000000000008E
:1092E000000000000000000000000000000000007E
:1092F000000000000000000000000000000000006E
:10930000000000000000000000000000000000005D
:10931000000000000000000000000000000000004D
:10932000000000000000000000000000000000003D
:10933000000000000000000000000000000000002D
:10934000000000000000000000000000000000001D
:10935000000000000000000000000000000000000D
:1093600000000000000000000000000000000000FD
:1093700000000000000000000000000000000000ED
:1093800000000000000000000000000000000000DD
:1093900000000000000000000000000000000000CD
:1093A00000000000000000000000000000000000BD
:1093B00000000000000000000000000000000000AD
:1093C000000000000000000000000000000000009D
:1093D000000000000000000000000000000000008D
:1093E000000000000000000000000000000000007D
:1093F000000000000000000000000000000000006D
:10940000000000000000000000000000000000005C
:10941000000000000000000000000000000000004C
:10942000000000000000000000000000000000003C
:10943000000000000000000000000000000000002C
:10944000000000000000000000000000000000001C
:10945000000000000000000000000000000000000C
:1094600000000000000000000000000000000000FC
:1094700000000000000000000000000000000000EC
:1094800000000000200000000000000000000000BC
:1094900000000000000000000000000000000000CC
:1094A00000000000000000000000000000000000BC
:1094B00000000000000000000000000000000000AC
:1094C000000000000000000000000000000000009C
:1094D000000000000000000000000000000000008C
:1094E000000000000000000000000000000000007C
:1094F000000000000000000000000000000000006C
:10950000000000000000000000000000000000005B
:10951000000000000000000000000000000000004B
:10952000000000000000000000000000000000003B
:10953000000000000000000000000000000000002B
:10954000000000000000000000000000000000001B
:10955000000000000000000000000000000000000B
:1095600000000000000000000000000000000000FB
:1095700000000000000000000000000000000000EB
:1095800000000000000000000000000000000000DB
:1095900020000000000000000000000000000000AB
:1095A00000000000000000000000000000000000BB
:1095B00000000000000000000000000000000000AB
:1095C000000000000000000000000000000000009B
:1095D000000000000000000000000000000000008B
:1095E000000000000000000000000000000000007B
:1095F000000000000000000000000000000000006B
:10960000000000000000000000000000000000005A
:10961000000000000000000000000000000000004A
:10962000000000000000000000000000000000003A
:10963000000000000000000000000000000000002A
:10964000000000000000000000000000000000001A
:10965000000000000000000000000000000000000A
:1096600000000000000000000000000000000000FA
:1096700000000000000000000000000000000000EA
:1096800000000000000000000000000000000000DA
:1096900000000000000000000000000000000000CA
:1096A00000000000000000000000000000000000BA
:1096B00000000000000000000000000000000000AA
:1096C000000000000000000000000000000000009A
:1096D000000000000000000000000000000000008A
:1096E000000000000000000000000000000000007A
:1096F000000000000000000000000000000000006A
:109700000000000000000000000000000000000059
:109710000000000000000000000000000000000049
:109720000000000000000000000000000000000039
:109730000000000000000000000000000000000029
:109740000000000000000000000000000000000019
:109750000000000000000000000000000000000009
:1097600000000000000000000000000000000000F9
:1097700000000000000000000000000000000000E9
:1097800000000000000000000000000000000000D9
:1097900000000000000000000000000000000000C9
:1097A00000000000000000000000000000000000B9
:1097B00000000000000000000000000000000000A9
:1097C0000000000000000000000000000000000099
:1097D0000000000000000000000000000000000089
:1097E0000000000000000000000000000000000079
:1097F0000000000000000000000000000000000069
:109800000000000000000000000000000000000058
:109810000000000000000000000000000000000048
:109820000000000000000000000000000000000038
:109830000000000000000000000000000000000028
:109840000000000000000000000000000000000018
:109850000000000000000000000000000000000008
:1098600000000000000000000000000000000000F8
:1098700000000000000000000000000000000000E8
:1098800000000000000000000000000000000000D8
:1098900000000000000000000000000000000000C8
:1098A00000000000000000000000000000000000B8
:1098B00000000000000000000000000000000000A8
:1098C0000000000000000000000000000000000098
:1098D00000000000A000A000D4D00208200020005A
:1098E0002000000000000000000000000000000058
:1098F0000000000000000000000000000000000068
:109900000000000000000000000000000000000057
:109910000000000000000000000000000000000047
:109920000000000020000000000000000000000017
:109930000000000000000000000000000000000027
:109940000000000000000000000000000000000017
:109950000000000000000000000000000000000007
:1099600000000000000000000000000000000000F7
:1099700000000000000000000000000000000000E7
:1099800000002000200020002000200020002000F7
:109990000000000000002000400040002000000007
:1099A0000000200020002000000000000000000057
:1099B0002000200020002000000000000000000027
:1099C0000000000000000000000000000000000097
:1099D0000000000000000000000000000000000087
:1099E0000000000000000000000000000000000077
:1099F0000000000000000000000000000000000067
:109A00000000000000000000000000000000000056
:109A10000000000000000000000000000000000046
:109A20000000000020000000000000000000000016
:109A30000000000000000000000000000000000026
:109A400000000000200020002000000000000000B6
:109A50000000000000000000000000000000000006
:109A600000000000000000000000000000000000F6
:109A700000000000000000000000000000000000E6
:109A800000000000000000000000000000000000D6
:109A900000000000000000000000000000000000C6
:109AA00000000000000000000000000000000000B6
:109AB00000000000000000000000000000000000A6
:109AC0000000000000000000000000000000000096
:109AD0000000000000000000000000000000000086
:109AE0000000000000000000000000000000000076
:109AF0000000000000000000000000000000000066
:109B000020002000000000000000200020002000B5
:109B100000000000000000002000200020002000C5
:109B20000000000000000000000000000000000035
:109B30000000000000000000000000000000000025
:109B40000000000000000000000000000000000015
:109B50000000000000000000000000000000000005
:109B600000000000000000000000000000000000F5
:109B700000000000000000000000000000000000E5
:109B800000000000000000000000000000000000D5
:109B900000000000000000000000000000000000C5
:109BA00000000000000000000000000000000000B5
:109BB00000000000000000000000000000000000A5
:109BC0000000000000000000000000000000000095
:109BD0000000000000000000000000000000000085
:109BE0000000000000000000000000000000000075
:109BF0000000000000000000000000000000000065
:109C00000000000000000000000000000000000054
:109C10000000000000000000000000000000000044
:109C20000000000000000000000000000000000034
:109C30000000000000000000000000000000000024
:109C40000000000000000000000000000000000014
:109C50000000000000000000000000000000000004
:109C600000000000000000000100010000000000F2
:109C700000000000000000000000000000000000E4
:109C800000000000000000000000000000000000D4
:109C900000000000000000000000000000000000C4
:109CA00000000000000000000000000000000000B4
:109CB00000000000000000000000000000000000A4
:109CC0000000000000000000000000000000000094
:109CD0000000000000000000000000000000000084
:109CE0000000000000000000000000000000000074
:109CF0000000000000000000000000000000000064
:109D00000000000000000000000000000000000053
:109D10000000000000000000000000000000000043
:109D20000000000000000000000000000000000033
:109D30000000000000000000000000000000000023
:109D40000000000000000000000000000000000013
:109D50000000000000000000000000000000000003
:109D600000000000000000000000000000000000F3
:109D700000000000000000000000000000000000E3
:109D800000000000000000000000000000000000D3
:109D900000000000000000000000000000000000C3
:109DA00000000000000000000000000000000000B3
:109DB0000000000020000000000000000000000083
:109DC0000000000000000000000000000000000093
:109DD0000100010000000000000000000000000081
:109DE0000000000000000000000000000000000073
:109DF0000000000000000000000000000000000063
:109E00000000000000000000000000000000000052
:109E10000000000000000000000000000000000042
:109E20000000000000000000000000000000000032
:109E30000000000000000000000000000000000022
:109E40000000000000000000000000000000000012
:109E50000000000000000000000000000000000002
:109E600000000000000000000000000000000000F2
:109E700000000000000000000000000000000000E2
:109E800000000000000000000000000000000000D2
:109E900000000000000000000000000000000000C2
:109EA00000000000000000000000000000000000B2
:109EB00000000000000000000000000000000000A2
:109EC0000000000000000000000000000000000092
:109ED0000000000000000000000000000000000082
:109EE0000000000000000000000000000000000072
:109EF0000000000000000000000000000000000062
:109F00000000000000000000000000000000000051
:109F10000000000000000000000000000000000041
:109F20000000000000000000000000000000000031
:109F3000000000000100010000000000000000001F
:109F400020000000000000000000000000000000F1
:109F50000000000000000000000000000000000001
:109F600000000000000000000000000000000000F1
:109F700000000000000000000000000000000000E1
:109F800000000000000000000000000000000000D1
:109F900000000000000000000000000000000000C1
:109FA00000000000000000000000000000000000B1
:109FB00000000000000000000000000000000000A1
:109FC0000000000000000000000000000000000091
:109FD0000000000000000000000000000000000081
:109FE0000000000000000000000000000000000071
:109FF0000000000000000000000000000000000061
:10A000000000000000000000000000000000000050
:10A010000000000000000000000000000000000040
:10A020000000000000000000000000000000000030
:10A030000000000000000000000000000000000020
:10A040000000000000000000000000000000000010
:10A050000000000000000000000000000000000000
:10A0600000000000000000000000000000000000F0
:10A0700000000000000000000000000000000000E0
:10A0800000000000000000000000000000000000D0
:10A09000000000000000200000000000010000009F
:10A0A00000000000000000000000000000000000B0
:10A0B0000000000020002000000000000000000060
:10A0C0000000000000000000000000000000000090
:10A0D0000000000000000000000000000000000080
:10A0E0000000000000000000000000000000000070
:10A0F0000000000000000000000000000000000060
:10A10000000000000000000000000000000000004F
:10A11000000000000000000000000000000000003F
:10A12000000000000000000000000000000000002F
:10A13000000000000000000000000000000000001F
:10A14000000000000000000000000000000000000F
:10A1500000000000000000000000000000000000FF
:10A1600000000000000000000000000000000000EF
:10A1700000000000000000000000000000000000DF
:10A1800000000000000000000000000000000000CF
:10A1900000000000000000000000000000000000BF
:10A1A00000000000000000000000000000000000AF
:10A1B000000000000000000000000000000000009F
:10A1C000000000000000000000000000000000008F
:10A1D000000000000000000000000000000000007F
:10A1E000000000000000000000000000000000006F
:10A1F000000000000000000000000000200020001F
:10A20000200020000000000000000000000000000E
:10A2100000000000000000002000200020000000DE
:10A22000000000000000000000000000000000002E
:10A23000000000000000000000000000000000001E
:10A24000000000000000000000000000000000000E
:10A2500000000000000000000000000000000000FE
:10A2600000000000000000000000000000000000EE
:10A2700000000000000000000000000000000000DE
:10A2800000000000000000000000000000000000CE
:10A2900000000000000000000000000000000000BE
:10A2A00000000000000000000000000000000000AE
:10A2B000000000000000000000000000000000009E
:10A2C000000000000000000000000000000000008E
:10A2D000000000000000000000000000000000007E
:10A2E000000000000000000000000000000000006E
:10A2F000000000000000000000000000000000005E
:10A30000000000000000000000000000000000004D
:10A31000000000000000000000000000000000003D
:10A32000000000000000000000000000000000002D
:10A33000000000000000000000000000000000001D
:10A34000000000000000000000000000000000000D
:10A3500000000000200020000000000001000000BC
:10A3600000000000200020000000000000000000AD
:10A3700000000000200000000000000000000000BD
:10A38000200020000000000000000000010000008C
:10A39000200020000000000000000000000000007D
:10A3A00000000000000000000000000000000000AD
:10A3B000000000000000000000000000000000009D
:10A3C000000000000000000000000000000000008D
:10A3D000000000000000000000000000000000007D
:10A3E000000000000000000000000000000000006D
:10A3F000000000000000000000000000000000005D
:10A40000000000000000000000000000000000004C
:10A41000000000000000000000000000000000003C
:10A42000000000000000000000000000000000002C
:10A43000000000000000000000000000000000001C
:10A44000000000000000000000000000000000000C
:10A4500000000000000000000000000000000000FC
:10A4600000000000000000000000000000000000EC
:10A4700000000000000000000000000000000000DC
:10A4800000000000000000000000000000000000CC
:10A4900000000000000000000000000000000000BC
:10A4A00000000000000000000000000000000000AC
:10A4B000000000000000000000000000000000009C
:10A4C000200020000000000000000000000000004C
:10A4D000000000000000000000002000200000003C
:10A4E000210000002000000020000000000000000B
:10A4F00000080000000020002000200000000000F4
:10A50000000000000000000000000000000000004B
:10A51000000000000000000000000000000000003B
:10A52000000000000000000000000000000000002B
:10A53000000000000000000000000000000000001B
:10A54000000000000000000000000000000000000B
:10A5500000000000000000000000000000000000FB
:10A5600000000000000000000000000000000000EB
:10A5700000000000000000000000000000000000DB
:10A5800000000000000000000000000000000000CB
:10A5900000000000000000000000000000000000BB
:10A5A00000000000000000000000000000000000AB
:10A5B000000000000000000000000000000000009B
:10A5C000000000000000000000000000000000008B
:10A5D000000000000000000000000000000000007B
:10A5E000000000000000000000000000000000006B
:10A5F000000000000000000000000000000000005B
:10A60000000000000000000000000000000000004A
:10A61000000000000000000000000000000000003A
:10A6200000000000000021002000200000002100A8
:10A63000620061006200620042004200620061004C
:10A640008100810041002100000000002000200066
:10A6500000002008000000000000000000002000B2
:10A6600020002000000000000000000000000000AA
:10A6700000000000000000000000000000000000DA
:10A6800000000000000000000000000000000000CA
:10A6900000000000000000000000000000000000BA
:10A6A00000000000000000000000000000000000AA
:10A6B000000000000000000000000000000000009A
:10A6C000000000000000000000000000000000008A
:10A6D000000000000000000000000000000000007A
:10A6E000000000000000000000000000000000006A
:10A6F000000000000000000000000000000000005A
:10A700000000000000000000000000000000000049
:10A710000000000000000000000000000000000039
:10A720000000000000000000000000000000000029
:10A730000000000000000000000000000000000019
:10A740000000000000000000000000000000000009
:10A7500000000000000000000000000000000000F9
:10A7600000000000000000000000000000000000E9
:10A7700000000000000000000000000000000000D9
:10A7800000000000000000000000000020000000A9
:10A790004000000001008200754596259725772529
:10A7A000562D762D7625762575253535355D820035
:10A7B0002100000000000000000000000000000078
:10A7C0000000000000000000000000000000000089
:10A7D0000000000000000000000000000000000079
:10A7E0000000000000000000000000000000000069
:10A7F0000000000000000000000000000000000059
:10A800000000000000000000000000000000000048
:10A810000000000000000000000000000000000038
:10A820000000000000000000000000000000000028
:10A830000000000000000000000000000000000018
:10A840000000000000000000000000000000000008
:10A8500000000000000000000000000000000000F8
:10A8600000000000000000000000000000000000E8
:10A8700000000000000000000000000000000000D8
:10A8800000000000000000000000000000000000C8
:10A8900000000000000000000000000000000000B8
:10A8A00000000000000000000000000000000000A8
:10A8B0000000000000000000000000000000000098
:10A8C0000000000000000000000000000000000088
:10A8D0000000000000000000000000000000000078
:10A8E0000000000000000000000000000000000068
:10A8F00000000000000041002000210063008400EF
:10A900007C7E1B565D5E3D5E3D663C665C5E7C5EAD
:10A910005C5E3C6E987D43004200210021000000F7
:10A9200021000000000000000000200000000000E6
:10A930000000000000000000000000000000000017
:10A940000000000000000000000000000000000007
:10A9500000000000000000000000000000000000F7
:10A9600000000000000000000000000000000000E7
:10A9700000000000000000000000000000000000D7
:10A9800000000000000000000000000000000000C7
:10A9900000000000000000000000000000000000B7
:10A9A00000000000000000000000000000000000A7
:10A9B0000000000000000000000000000000000097
:10A9C0000000000000000000000000000000000087
:10A9D0000000000000000000000000000000000077
:10A9E0000000000000000000000000000000000067
:10A9F0000000000000000000000000000000000057
:10AA00000000000000000000000000000000000046
:10AA10000000000000000000000000000000000036
:10AA20000000000000000000000000000000000026
:10AA30000000000000000000000000000000000016
:10AA40000000000000000000000000000000000006
:10AA500000000000000000000000000000002100D5
:10AA6000210062004F33FD9DFCBCBDCCDDCCDDCCB4
:10AA7000DCCCDCCCFBCCFBC4FCCC1CC55CC53DCE2B
:10AA8000E50042002100010000002100000000005C
:10AA900000000000000000000000000000000000B6
:10AAA00000000000000000000000000000000000A6
:10AAB0000000000000000000000000000000000096
:10AAC0000000000000000000000000000000000086
:10AAD0000000000000000000000000000000000076
:10AAE0000000000000000000000000000000000066
:10AAF0000000000000000000000000000000000056
:10AB00000000000000000000000000000000000045
:10AB10000000000000000000000000000000000035
:10AB20000000000000000000000000000000000025
:10AB30000000000000000000000000000000000015
:10AB40000000000000000000000000000000000005
:10AB500000000000000000000000000000000000F5
:10AB600000000000000000000000000000000000E5
:10AB700000000000000000000000000000000000D5
:10AB800000000000000000000000000000000000C5
:10AB900000000000000000000000000000000000B5
:10ABA00000000000000000000000000000000000A5
:10ABB0000000000000000000000000000000000095
:10ABC0000000000021002100291A0E3BF87C3DB551
:10ABD0005DECFDFB1CFC1CFCFCFBFBFBFBFBFAF334
:10ABE000FBF33CEC5BDCBAC47694547C02000100BD
:10ABF0000100000000000000000000000000000054
:10AC00000000000000000000000000000000000044
:10AC10000000000000000000000000000000000034
:10AC20000000000000000000000000000000000024
:10AC30000000000000000000000000000000000014
:10AC40000000000000000000000000000000000004
:10AC500000000000000000000000000000000000F4
:10AC600000000000000000000000000000000000E4
:10AC700000000000000000000000000000000000D4
:10AC800000000000000000000000000000000000C4
:10AC900000000000000000000000000000000000B4
:10ACA00000000000000000000000000000000000A4
:10ACB0000000000000000000000000000000000094
:10ACC0000000000000000000000000000000000084
:10ACD0000000000000000000000000000000000074
:10ACE0000000000000000000000000000000000064
:10ACF0000000000000000000000000000000000054
:10AD00000000000000000000000000000000000043
:10AD10000000000000000000000000000000000033
:10AD20000000000000000000000020006100620040
:10AD3000F243BB9D9BB47CDC5CF43CFCFAF3D9F39E
:10AD4000DAF3DAFBDBFBBBFBDBFBFBF31BEC1ADC14
:10AD50005AD4B9CC03080200210000000000000012
:10AD600000000000000000000000000000000000E3
:10AD700000000000000000000000000000000000D3
:10AD800000000000000000000000000000000000C3
:10AD900000000000000000000000000000000000B3
:10ADA00000000000000000000000000000000000A3
:10ADB0000000000000000000000000000000000093
:10ADC0000000000000000000000000000000000083
:10ADD0000000000000000000000000000000000073
:10ADE0000000000000000000000000000000000063
:10ADF0000000000000000000000000000000000053
:10AE00000000000000000000000000000000000042
:10AE10000000000000000000000000000000000032
:10AE20000000000000000000000000000000000022
:10AE30000000000000000000000000000000000012
:10AE40000000000000000000000000000000000002
:10AE500000000000000000000000000000000000F2
:10AE600000000000000000000000000000000000E2
:10AE700000000000000000000000000000000000D2
:10AE800000000000000000000000000000002000A2
:10AE90002100420026011B96BB95FBAC7DE4FCFB28
:10AEA0001CF4FAF3FAF3DAF3DAFBDAFBDBFBBCFBB4
:10AEB000BBFBBBFBFBF31FFD5CF45BE45CDDB38B16
:10AEC000010020002000000000000100010000003F
:10AED0002000000000000000000000000000000052
:10AEE0000000000000000000000000000000000062
:10AEF0000000000000000000000000000000000052
:10AF00000000000000000000000000000000000041
:10AF10000000000000000000000000000000000031
:10AF20000000000000000000000000000000000021
:10AF30000000000000000000000000000000000011
:10AF40000000000000000000000000000000000001
:10AF500000000000000000000000000000000000F1
:10AF600000000000000000000000000000000000E1
:10AF700000000000000000000000000000000000D1
:10AF800000000000000000000000000000000000C1
:10AF900000000000000000000000000000000000B1
:10AFA00000000000000000000000000000000000A1
:10AFB0000000000000000000000000000000000091
:10AFC0000000000000000000000000000000000081
:10AFD0000000000000000000000000000000000071
:10AFE000000000000000000000000100010000005F
:10AFF00000002000200041006200ED2A70433DB6B1
:10B00000DBBC9CDC1CFC9BFBBBF3BAF3BAFB9AFBDE
:10B010009AFB9AFB9AF39BF39BFB9BFBBBF37DFC98
:10B020007CF4BCF41BE4B7B32B42C3002000000047
:10B0300001000100000000002000200000000000CE
:10B040000000000000000000000000000000000000
:10B0500000000000000000000000000000000000F0
:10B0600000000000000000000000000000000000E0
:10B0700000000000000000000000000000000000D0
:10B0800000000000000000000000000000000000C0
:10B0900000000000000000000000000000000000B0
:10B0A00000000000000000000000000000000000A0
:10B0B0000000000000000000000000000000000090
:10B0C0000000000000000000000000000000000080
:10B0D0000000000000000000000000000000000070
:10B0E0000000000000000000000000000000000060
:10B0F0000000000000000000000000000000000050
:10B10000000000000000000000000000000000003F
:10B11000000000000000000000000000000000002F
:10B12000000000000000000000000000000000001F
:10B13000000000000000000000000000000000000F
:10B1400000000000000000000000000000000000FF
:10B15000000001000100000000002000410062002A
:10B160008400998D9CA5BAB49CECFBF3BBFB9AFBC5
:10B170009AF37AF35AF35AFB5AFB5AFB5AF37AF3CF
:10B180005AFB5AFB7AFB38E31EFD1FFD9AE3D9D325
:10B190003EE6061962006100210001000000000087
:10B1A000200000000000000000000000000000007F
:10B1B000000000000000000000000000000000008F
:10B1C000000000000000000000000000000000007F
:10B1D000000000000000000000000000000000006F
:10B1E000000000000000000000000000000000005F
:10B1F000000000000000000000000000000000004F
:10B20000000000000000000000000000000000003E
:10B21000000000000000000000000000000000002E
:10B22000000000000000000000000000000000001E
:10B23000000000000000000000000000000000000E
:10B2400000000000000000000000000000000000FE
:10B2500000000000000000000000000000000000EE
:10B2600000000000000000000000000000000000DE
:10B2700000000000000000000000000000000000CE
:10B2800000000000000000000000000000000000BE
:10B2900000000000000000000000000000000000AE
:10B2A000000000000000000000000000000000009E
:10B2B0000000000000000000000000000000200866
:10B2C000000021008200D56CFCA55BB5BBD47CECF2
:10B2D000FBFB9AFB9BFB5AF37AF35AF33AFB3AFBDC
:10B2E0003AFB3AFB5AF35AF33AFB3AFB39F39AFB2F
:10B2F00099EB99E39FFDBCF4B8C35CD51BAE62002B
:10B3000021002100200000000000000000000000DB
:10B31000000000000000000000000000000000002D
:10B32000000000000000000000000000000000001D
:10B33000000000000000000000000000000000000D
:10B3400000000000000000000000000000000000FD
:10B3500000000000000000000000000000000000ED
:10B3600000000000000000000000000000000000DD
:10B3700000000000000000000000000000000000CD
:10B3800000000000000000000000000000000000BD
:10B3900000000000000000000000000000000000AD
:10B3A000000000000000000000000000000000009D
:10B3B000000000000000000000000000000000008D
:10B3C000000000000000000000000000000000007D
:10B3D000000000000000000000000000000000006D
:10B3E000000000000000000000000000000000005D
:10B3F000000000000000000000000000000000004D
:10B40000000000000000000000000000000000003C
:10B41000000000000000000000000000000000002C
:10B420000000000000080000210083002E33F87C9B
:10B430003BB5BCCC3BEC1CFC7AFB9BFB5AFB5AFBA0
:10B440005AF37AFB3AFB3AFB3AFB5AFB5AFB5AFB9C
:10B450003AFB3AFB5AFB7AFB79F378EBFEFC7CF47F
:10B460001CF41ACC5BA5503B0A1A210000002008EE
:10B4700021080000000000000000000000000000A3
:10B4800000000000000000000000000000000000BC
:10B4900000000000000000000000000000000000AC
:10B4A000000000000000000000000000000000009C
:10B4B000000000000000000000000000000000008C
:10B4C000000000000000000000000000000000007C
:10B4D000000000000000000000000000000000006C
:10B4E000000000000000000000000000000000005C
:10B4F000000000000000000000000000000000004C
:10B50000000000000000000000000000000000003B
:10B51000000000000000000000000000000000002B
:10B52000000000000000000000000000000000001B
:10B53000000000000000000000000000000000000B
:10B5400000000000000000000000000000000000FB
:10B5500000000000000000000000000000000000EB
:10B5600000000000000000000000000000000000DB
:10B5700000000000000000000000000000000000CB
:10B58000000000000000000000002000000041005A
:10B590006200C500DC9D9DB5FDD45CEC3CFC9AFBD3
:10B5A0009BFB7AFB5AF35AF33AFB5AFB3AFB3AFB02
:10B5B0003AFB3AFB3AFB5AFB5AFB5AFB3AFB5AFB63
:10B5C00059FB79FB18E3FCFB9FFD3BDC5AAC9CADBF
:10B5D000EF326200410000000000000000000000A7
:10B5E000000000000000000000000000000000005B
:10B5F000000000000000000000000000000000004B
:10B60000000000000000000000000000000000003A
:10B61000000000000000000000000000000000002A
:10B62000000000000000000000000000000000001A
:10B63000000000000000000000000000000000000A
:10B6400000000000000000000000000000000000FA
:10B6500000000000000000000000000000000000EA
:10B6600000000000000000000000000000000000DA
:10B6700000000000000000000000000000000000CA
:10B6800000000000000000000000000000000000BA
:10B6900000000000000000000000000000000000AA
:10B6A000000000000000000000000000000000009A
:10B6B000000000000000000000000000000000008A
:10B6C000000000000000000000000000000000007A
:10B6D000000000000000000000000000000000006A
:10B6E000000000000000000000000000000000005A
:10B6F0002000200020004100D464597D7DB5BCCCE1
:10B700007DEC1CFC9AF39BFB9AF35AF37AFB3AFB11
:10B710005AFB1AFB3AFB3AFB3AFB3AFB3AFB3AFB81
:10B720005AFB5AFB5AFB5AFBF8FA39FB3AF35AF325
:10B73000FBFBDAE31BCC7AAC1885988583002100EB
:10B7400001002100000000000000000000000000D7
:10B7500000000000000000000000000000000000E9
:10B7600000000000000000000000000000000000D9
:10B7700000000000000000000000000000000000C9
:10B7800000000000000000000000000000000000B9
:10B7900000000000000000000000000000000000A9
:10B7A0000000000000000000000000000000000099
:10B7B0000000000000000000000000000000000089
:10B7C0000000000000000000000000000000000079
:10B7D0000000000000000000000000000000000069
:10B7E0000000000000000000000000000000000059
:10B7F0000000000000000000000000000000000049
:10B800000000000000000000000000000000000038
:10B810000000000000000000000000000000000028
:10B820000000000000000000000000000000000018
:10B830000000000000000000000000000000000008
:10B8400000000000000000000000000000000000F8
:10B8500000000000000000002000400062008300A3
:10B8600037657B959CD45DF41CFC9AF3DBFB7AF383
:10B870007AF35AF33AFB3AFB3AFB3AFB3AFB5AFBB0
:10B880005AFB5AFB3AFB3AFB5AFB5AFB5AFB5AFB50
:10B890003AFB1AFB1AFB7AFB58EB7CFC1FFD98BBAA
:10B8A000FBA4BB95840062002000000000000000A3
:10B8B0000000000000000000000000000000000088
:10B8C0000000000000000000000000000000000078
:10B8D0000000000000000000000000000000000068
:10B8E0000000000000000000000000000000000058
:10B8F0000000000000000000000000000000000048
:10B900000000000000000000000000000000000037
:10B910000000000000000000000000000000000027
:10B920000000000000000000000000000000000017
:10B930000000000000000000000000000000000007
:10B9400000000000000000000000000000000000F7
:10B9500000000000000000000000000000000000E7
:10B9600000000000000000000000000000000000D7
:10B9700000000000000000000000000000000000C7
:10B9800000000000000000000000000000000000B7
:10B9900000000000000000000000000000000000A7
:10B9A0000000000000000000000000000000000097
:10B9B0000000000000000000000000000000000087
:10B9C00020006100AB0AF96D1D961CB53CE4DCFB60
:10B9D000BAFB9AFB7AF35AF37AFB19F33AFB19FB99
:10B9E0001AFB3AFB3AFB5AFB5AFB5AFB3AFB3AFB6F
:10B9F0005AFB5AFB3AFB5AFB1AFB3AFB5AFB39F348
:10BA000038EBFBFB5CFC98D33ABC1B9D786D14555E
:10BA100041002100000000000000000000000000C4
:10BA20000000000000000000000000000000000016
:10BA30000000000000000000000000000000000006
:10BA400000000000000000000000000000000000F6
:10BA500000000000000000000000000000000000E6
:10BA600000000000000000000000000000000000D6
:10BA700000000000000000000000000000000000C6
:10BA800000000000000000000000000000000000B6
:10BA900000000000000000000000000000000000A6
:10BAA0000000000000000000000000000000000096
:10BAB0000000000000000000000000000000000086
:10BAC0000000000000000000000000000000000076
:10BAD0000000000000000000000000000000000066
:10BAE0000000000000000000000000000000000056
:10BAF0000000000000000000000000000000000046
:10BB00000000000000000000000000000000000035
:10BB10000000000000000000000000000000000025
:10BB20000000000000000000000061000C035C6EDB
:10BB30003CAD9DDC1CF4BBFB9AFB79FB5AFB3AFB4A
:10BB40003AFB3AFB3AFB3AFB3AFB3AFB5AFB5AFB0D
:10BB50003AFB3AFB3AFB3AFB3AFB3AFB3AFB3BFB3C
:10BB60003BFB3AFB39FB39FB39FB38F358E3B9E3CC
:10BB7000DAE35AB41B6EB6456100200000000000F5
:10BB800000000000000000000000000000000000B5
:10BB900000000000000000000000000000000000A5
:10BBA0000000000000000000000000000000000095
:10BBB0000000000000000000000000000000000085
:10BBC0000000000000000000000000000000000075
:10BBD0000000000000000000000000000000000065
:10BBE0000000000000000000000000000000000055
:10BBF0000000000000000000000000000000000045
:10BC00000000000000000000000000000000000034
:10BC10000000000000000000000000000000000024
:10BC20000000000000000000000000000000000014
:10BC30000000000000000000000000000000000004
:10BC400000000000000000000000000000000000F4
:10BC500000000000000000000000000000000000E4
:10BC600000000000000000000000000000000000D4
:10BC700000000000000000000000000000000000C4
:10BC80000000000000000000000020000000000094
:10BC9000000062002D037D6EFCBC3CECFBF39AF3CC
:10BCA00079FB59FB5AFB3AFB3AFB3AFB3AFB3AFB6E
:10BCB0003AFB3AFB3AFB3AFB3AFB3AFB3AFB3AFBDC
:10BCC0003AFB3AFB3AFB3AFB3AFB3AFB3AFB39FBCD
:10BCD00039FB39F337E35FFD3DFCFABB5C6ED735CA
:10BCE00061002000000000000000000000000000D3
:10BCF0000000000000000000000000000000000044
:10BD00000000000000000000000000000000000033
:10BD10000000000000000000000000000000000023
:10BD20000000000000000000000000000000000013
:10BD30000000000000000000000000000000000003
:10BD400000000000000000000000000000000000F3
:10BD500000000000000000000000000000000000E3
:10BD600000000000000000000000000000000000D3
:10BD700000000000000000000000000000000000C3
:10BD800000000000000000000000000000000000B3
:10BD900000000000000000000000000000000000A3
:10BDA0000000000000000000000000000000000093
:10BDB0000000000000000000000000000000000083
:10BDC0000000000000000000000000000000000073
:10BDD0000000000000000000000000000000000063
:10BDE0000000000000000000000000000000000053
:10BDF0000000200000000000000042000D035D76FE
:10BE0000FCC41BECBAF379F35AF35AF35AFB5AFB0E
:10BE10005AFB3AFB3AFB3AFB3AFB3AFB3AFB3AFB5A
:10BE20003AFB3AFB5AFB5AFB3AFB3AFB3AFB3AFB2A
:10BE30003AFB3AFB5AF35AFB5AFB59F379F359F39D
:10BE400019F3B9BB7D6E962D810020002000000003
:10BE500000000000000000000000000000000000E2
:10BE600000000000000000000000000000000000D2
:10BE700000000000000000000000000000000000C2
:10BE800000000000000000000000000000000000B2
:10BE900000000000000000000000000000000000A2
:10BEA0000000000000000000000000000000000092
:10BEB0000000000000000000000000000000000082
:10BEC0000000000000000000000000000000000072
:10BED0000000000000000000000000000000000062
:10BEE0000000000000000000000000000000000052
:10BEF0000000000000000000000000000000000042
:10BF00000000000000000000000000000000000031
:10BF10000000000000000000000000000000000021
:10BF20000000000000000000000000000000000011
:10BF30000000000000000000000000000000000001
:10BF400000000000000000000000000000000000F1
:10BF500000000000000000000000000000000000E1
:10BF6000000042000D035C76DBBCDAE399F359F381
:10BF70005AF35AF35AFB5AFB5AFB5AFB3AFB3AFB69
:10BF80003AFB3AFB3AFB3AFB3AFB3AFB5AFB5AFBC9
:10BF90005AFB3AFB3AFB3AFB39FB3AFB5AF35AFBA2
:10BFA0005AFB59FB99FBB7E2B8F238B35D6E9625A0
:10BFB0006100200000000000000000000000000000
:10BFC0000000000000000000000000000000000071
:10BFD0000000000000000000000000000000000061
:10BFE0000000000000000000000000000000000051
:10BFF0000000000000000000000000000000000041
:10C000000000000000000000000000000000000030
:10C010000000000000000000000000000000000020
:10C020000000000000000000000000000000000010
:10C030000000000000000000000000000000000000
:10C0400000000000000000000000000000000000F0
:10C0500000000000000000000000000000000000E0
:10C0600000000000000000000000000000000000D0
:10C0700000000000000000000000000000000000C0
:10C0800000000000000000000000000000000000B0
:10C0900000000000000000000000000000000000A0
:10C0A0000000000000000000000000000000000090
:10C0B0000000000000000000000000000000000080
:10C0C0000000000000000000000041004D035C760D
:10C0D000DBBCB9E379F35AFB5AFB3AFB3AFB3AFB78
:10C0E0003AFB3AFB3AFB3AFB3AFB3AFB3AFB3AFBA8
:10C0F0003AFB5AFB5AFB5AFB3AFB3AFB39FB39FB3A
:10C100003AFB3AFB5BF35BFB3AFB59FB79F3DAFB57
:10C11000D9F238B35D6EB62D81000000000000003A
:10C12000000000000000000000000000000000000F
:10C1300000000000000000000000000000000000FF
:10C1400000000000000000000000000000000000EF
:10C1500000000000000000000000000000000000DF
:10C1600000000000000000000000000000000000CF
:10C1700000000000000000000000000000000000BF
:10C1800000000000000000000000000000000000AF
:10C19000000000000000000000000000000000009F
:10C1A000000000000000000000000000000000008F
:10C1B000000000000000000000000000000000007F
:10C1C000000000000000000000000000000000006F
:10C1D000000000000000000000000000000000005F
:10C1E000000000000000000000000000000000004F
:10C1F000000000000000000000000000000000003F
:10C20000000000000000000000000000000000002E
:10C21000000000000000000000000000000000001E
:10C22000000000000000000000000000000000000E
:10C23000000061004E035C6E9ABC99EB5AF33AFB26
:10C240005AFB3AFB3AFB3AFB3AFB3AFB3AFB3AFB26
:10C250003AFB3AFB3AFB3AFB3AFB3AFB3AFB3AFB36
:10C260003AFB3AFB59FB39FB3AFB3AFB5BF35AF3D7
:10C270003AFB39FB58EB7DFC5BFB38B35D6EB62DAA
:10C28000620000000000000000000000000000004C
:10C29000000000000000000000000000000000009E
:10C2A000000000000000000000000000000000008E
:10C2B000000000000000000000000000000000007E
:10C2C000000000000000000000000000000000006E
:10C2D000000000000000000000000000000000005E
:10C2E000000000000000000000000000000000004E
:10C2F000000000000000000000000000000000003E
:10C30000000000000000000000000000000000002D
:10C31000000000000000000000000000000000001D
:10C32000000000000000000000000000000000000D
:10C3300000000000000000000000000000000000FD
:10C3400000000000000000000000000000000000ED
:10C3500000000000000000000000000000000000DD
:10C3600000000000000000000000000000000000CD
:10C3700000000000000000000000000000000000BD
:10C3800000000000000000000000000000000000AD
:10C390000000000000002000000061004E033C7619
:10C3A0005ABC7AEB5AF33AFB3AFB19FB3AFB3AFBDD
:10C3B0003AFB3AFB3AFB3AFB3AFB3AFB3AFB3AFBD5
:10C3C00039FB19FB39FB3AFB3AFB39FB59FB39FBCB
:10C3D0001AFB3BFB3BF35AF33AFB39FB7AFB56DA89
:10C3E00097E257AB7D6E962D6200000000000000C2
:10C3F000000000000000000000000000000000003D
:10C40000000000000000000000000000000000002C
:10C41000000000000000000000000000000000001C
:10C42000000000000000000000000000000000000C
:10C4300000000000000000000000000000000000FC
:10C4400000000000000000000000000000000000EC
:10C4500000000000000000000000000000000000DC
:10C4600000000000000000000000000000000000CC
:10C47000000000002000000000000000000000009C
:10C4800000000000000000000000000000000000AC
:10C49000000000000000000000000000000000009C
:10C4A000000000000000000000000000000000008C
:10C4B000000000000000000000000000000000007C
:10C4C000000000000000000000000000000000006C
:10C4D000000000000000000000000000000000005C
:10C4E0000000210021004100410062006200620062
:10C4F0006200620062006200610061004100410070
:10C50000210042004D031C7E5ABC7AE35BF33AFBE8
:10C510003AFB39FB3AFB3AFB3AFB3AFB3AFB3AFB74
:10C520003AFB3AFB3AFB3AFB1AFB19FB19FB39FBC6
:10C530003AFB39FB39FB39FB1AFB3BFB3AFB39FB76
:10C5400039FB39FB5AFB97E2B8EA57AB5D66D73542
:10C5500062000000210021004100610062006200D1
:10C5600062006100620062006200620061004100DE
:10C57000200020000000000000000000000000007B
:10C5800000000000000000000000000000000000AB
:10C59000000000000000000000000000000000009B
:10C5A000000000000000000000000000000000008B
:10C5B000000000000000000000000000000000007B
:10C5C000000000000000000000000000000000006B
:10C5D000000000000000000000000000000000005B
:10C5E000000000000000000000000000000000004B
:10C5F000000000000000000000000000000000003B
:10C60000000000000000000000000000000000002A
:10C61000000000000000000000000000000000001A
:10C6200000000000000000000000000000002100E9
:10C6300000002000000000000000000000000000DA
:10C6400020000000000000002100410008021966DF
:10C65000F84D3A463A463A465A465A463A465A46B5
:10C66000183E384E39768300420042004E1BFB854F
:10C670009ABC99DB7AF33AFB39FB5AFB5AFB3AF343
:10C680003AFB3AFB5AFB19FB3AFB3AFB1AFB3AFB23
:10C690001AF33AFB1AFB19FB3AFB39FB39FB39FB5E
:10C6A0003AFB5AFB39FB59FB39FB39FB7AFB97DA2A
:10C6B00098EA37AB7D6EB62561002100210042006B
:10C6C0001024394E3A463A3E5A46593E7A46393E49
:10C6D0003A465A4E394E923C42000000200020005B
:10C6E00020002000000000000000200020002000AA
:10C6F0000000010001000000000020000000000018
:10C700000000000000000000000000000000000029
:10C710000000000000000000000000000000000019
:10C720000000000000000000000000000000000009
:10C7300000000000000000000000000000000000F9
:10C7400000000000000000000000000000000000E9
:10C7500000000000000000000000000000000000D9
:10C7600000000000000000000000000000000000C9
:10C7700000000000000000000000000000000000B9
:10C780000000000000000000000020000000000089
:10C790000000000000000000000000000000000099
:10C7A00000000000000020000000210041002100E6
:10C7B0006300E9110F2B1B7E1C6EFC65FC65DC5DC4
:10C7C000FC65DC5DFC65FC651C66DA653C86890100
:10C7D000A91963008701EA01989C3AD439E319FB4F
:10C7E00039FB5AFB3AFB39F35AFB3AFB3AFB19FB8C
:10C7F0003AFB5AFBF9F2F9EA39E339DB39E319EB91
:10C80000F8EA19FB39FB39FB3AFB19FB59FB38FBFA
:10C8100039FB19FB5AFB57DA98F258B33C66D72517
:10C82000C20041008709A801B54C7D6E3D663D5EA2
:10C830005D5E3C5E3C5E7D665D66FC5D5C6E175DCC
:10C840006701871141004100200000000000000046
:10C8500000000000000000000000010000000000D7
:10C8600000000000000000000000000000000000C8
:10C8700000000000000000000000000000000000B8
:10C8800000000000000000000000000000000000A8
:10C890000000000000000000000000000000000098
:10C8A0000000000000000000000000000000000088
:10C8B0000000000000000000000000000000000078
:10C8C0000000000000000000000000000000000068
:10C8D0000000000000000000000000000000000058
:10C8E0000000000000000000000000000000000048
:10C8F0000000000000000000000000000000000038
:10C9000000000000200000000000200000002000C7
:10C910004100200062008300A901BB959DB539ACA0
:10C9200077AB16AB16ABF6AAD6AA17B318B3F7B205
:10C9300017AB57A314839CB51C9E8400C400C5008C
:10C94000F86C3CAD59D31AFB1AFB1AFB3AFB5AFBA5
:10C9500019FB19FBF9FA3AFB3AFB5AFB56DA96CA6D
:10C96000B59A1693F6A2D6B215CA7BFBF9FA3AFB32
:10C970001AFB1AFB59FB39FB19FBF9FA3AFB77E270
:10C9800078EA17AB7D6ED71DE300C300D975DB8D48
:10C99000BEBDFCC4DCCCFDCCFCCC1CCDFCCC1CCD89
:10C9A000FCCC1DCDFCC49DBDFC95786D8300620060
:10C9B000210000000000000001080100000000004C
:10C9C0000000000020002000200000000000000007
:10C9D0000000000000000000000000000000000057
:10C9E0000000000000000000000000000000000047
:10C9F0000000000000000000000000000000000037
:10CA00000000000000000000000000000000000026
:10CA10000000000000000000000000000000000016
:10CA20000000000000000000000000000000000006
:10CA300000000000000000000000000000000000F6
:10CA400000000000000000000000000000000000E6
:10CA500000000000000000000000000000000000D6
:10CA600000000000000000000000000000002000A6
:10CA7000000000002000200062008300766D586DE9
:10CA80005A85BA943ABCDAE339EBD8F2F9FAD9FA12
:10CA9000F9FA37EA37EA58EA78EAB8DA38C3D8ABAD
:10CAA000788C1875796D7865BA6DFB949ADBFAFA13
:10CAB0003AFB1AFBF9FA19FB19FB39FB19FB19FBB5
:10CAC000B8EA96DAB6BA98AB3C9D7C8D3C95199C39
:10CAD000D7BA77DA98EA1AFBFAFA3AFB3AFB5AFB2A
:10CAE0003AFB1AFBF9FA57EA58EA58B35D66DC36A6
:10CAF000D84D165D1D969DB5DDE45DFC5DFC5CFCCE
:10CB00003CFC3CFC5CFC5CFC3CFC5DFC7CF4DCDC4C
:10CB10007CA5FC8D5865D97D6300210000000000D4
:10CB200001000100000000000000000020002000C3
:10CB300020000000000000000000000000000000D5
:10CB400000000000000000000000000000000000E5
:10CB500000000000000000000000000000000000D5
:10CB600000000000000000000000000000000000C5
:10CB700000000000000000000000000000000000B5
:10CB800000000000000000000000000000000000A5
:10CB90000000000000000000000000000000000095
:10CBA0000000000000000000000000000000000085
:10CBB0000000000000000000000000000000000075
:10CBC0000000200000000000000000002000200005
:10CBD00000000000000000000100010001006200F0
:10CBE000C300A4001C867B95BBB4D9C3BADB7AEB27
:10CBF0005AFB7BFB3AFB19FB5AFB36E277E257E222
:10CC000057E298E2B8DAB7BA369B1CB5BC9DDC8D0A
:10CC10003A759A949BE3FAFA1AFB1AFBF9FA19FB94
:10CC2000F9FAF9F2F9F219FB98F297C2778BDA6404
:10CC30007E4E9D3E9E4ED9549893B7C2B9E23BFBBF
:10CC40001AFB5AFB3AFB3AFB3AFB1AF35AFB57EA38
:10CC500038F217B37E6E9B363B6E7B953DD5BDECAF
:10CC60009DFC7DFC5DFC3CFC3DFC5DFC5DFC5DFCDD
:10CC70007DFC5CFC7CFC9CECBCDC1CBD9B955C8E58
:10CC8000A400E40083000100020001000000000095
:10CC90000000000000000000000000000000000094
:10CCA0000000000000000000000000000000000084
:10CCB0000000000000000000000000000000000074
:10CCC0000000000000000000000000000000000064
:10CCD0000000000000000000000000000000000054
:10CCE0000000000000000000000000000000000044
:10CCF0000000000000000000000000000000000034
:10CD00000000000000000000000000000000000023
:10CD10000000000000000000000000000000000013
:10CD200000000000000000000000200000000000E3
:10CD300000000000000020000000000000002100B2
:10CD4000220022002200E9195B965D9ED98C7ECDDF
:10CD5000BFFD7AE35AF339FB5AFB19FB19FB5AFB67
:10CD600019FB5AFB5AF35AFB3AFBB8EA98E2D8DAB5
:10CD7000F8C217AB9793967B3C9DDCBCF8D2FAFACD
:10CD8000D9F2F9FAD9FAF9FAF9FAF9FAF9FAD9FA73
:10CD900057EA96B2DE95BE4E1E1F5E171D1FBE5689
:10CDA0007DA517ABD8DAD9F2D8F2F8F2F9F2F9F298
:10CDB000F9F2D8EAB8EA77E297DA17A3DC7DFB5DEF
:10CDC000DD959AAC9AD3BBF39AF399F39AF3BAFB35
:10CDD000BBF3DCFBDCFBBBF3DAF31BFC7CFC5CF49D
:10CDE0007DFCBDE45DBD7B9DBFB61B960E2B630035
:10CDF00042002200000000000000000000000000CF
:10CE00000000000000000000000000000000000022
:10CE10000000000000000000000000000000000012
:10CE20000000000000000000000000000000000002
:10CE300000000000000000000000000000000000F2
:10CE400000000000000000000000000000000000E2
:10CE500000000000000000000000000000000000D2
:10CE600000000000000000000000000000000000C2
:10CE700000000000000000000000000000000000B2
:10CE800000000000000000000000000000000000A2
:10CE9000000000000000000000000000000800008A
:10CEA0000000200000002100A7015655D65C187D27
:10CEB0005BA5FBBC9BCCFAD3FBEB5AEB5AFB3AFBD2
:10CEC00019FB5AFB39FB19FB3AFB3AF33AFB3AFBE5
:10CED00019F3F8EA77E297DAB7D2B7CAF8CAD6AA4E
:10CEE0007CBC5CC419DBF9F2D9F2F9FAF9FAF9FA67
:10CEF000D9FAB9F2D9FAD9FA77F2D6A21C663D1F4F
:10CF00003E0F3D075E0FBD2E9C7D568BF8D2D9F2A9
:10CF1000F8FAD8FAB8F2D9F2B9FAB9FAF9F296CA27
:10CF2000B8B339A43CB53DBDDDD4DBDB9AEB39EBBE
:10CF300059EB9AFB39F35AFB7AFB7BFBDCFB9BFB3F
:10CF4000DBFB9AF3DAF33CFC3CFC5CF4BDE4DCD4A0
:10CF50001CC57CA5786D364D9765A3004100200067
:10CF600000000000000000000000000000000000C1
:10CF700000000000000000000000000000000000B1
:10CF800000000000000000000000000000000000A1
:10CF90000000000000000000000000000000000091
:10CFA0000000000000000000000000000000000081
:10CFB0000000000000000000000000000000000071
:10CFC0000000000000000000000000000000000061
:10CFD0000000000000000000000000000000000051
:10CFE0000000000000000000000000000000000041
:10CFF0000000000000080008000000000000000021
:10D000000000000000080008000020004100A3000C
:10D010000A027D869B8D788CD7A35ADC5FFDDAF3FC
:10D020007AF35AFB3AFB3AFB3AFB19FB19FB7AFB02
:10D030003AFB3AFB39FB3AFB39FB5AFB5AFBF9F254
:10D0400076DA97E298E2B8DAD7BA18BBFDFB35CAB0
:10D0500096CA75B295AA75B236D237E2D9F2D9FA24
:10D0600078F2B5AA1D76FD363D175E0F3D17DE46F8
:10D070009D95169BF8D2D9F2D8FAD8FA36DA57CA63
:10D0800055B276B275BAD6BA5ABCFCCC9CD47CE404
:10D090007EFC9BF35AF37AFB3AF33AFB39FB5AFBDB
:10D0A00039F35AFB3AF35AFB5AFB7AFB9AF3BAF379
:10D0B000FCFB1CFC1CFC7DF4BDECDCC4BC9DDA7DDF
:10D0C0003B86C400A20061002000000000000000B8
:10D0D0000000000000000000000000000000000050
:10D0E0000000000000000000000000000000000040
:10D0F0000000000000000000000000000000000030
:10D10000000000000000000000000000000000001F
:10D11000000000000000000000000000000000000F
:10D1200000000000000000000000000000000000FF
:10D1300000000000000000000000000000000000EF
:10D1400000000000000000000000000000000000DF
:10D1500000000000000000000000000000000000CF
:10D1600000000000000000000000000000000100BE
:10D1700020004100A200BC9E1DA658945ABC9CDC15
:10D180005FFDB9DB79E379F35AFB5AFB3AFB1AFBF3
:10D190001AFB1AFB3AFB5AFB59FB39FB3AFB3AFBE9
:10D1A0005AFB59FB39FB19F3F8F2D8F2B8EA98E2C6
:10D1B00098DA98DAF9F296CA97A3798CFA7C9A8C65
:10D1C000D7BA57DA98EAD9F257EA76C2B8933A65ED
:10D1D0001E371D171E373A55B9A377C2B8E2F9F2C8
:10D1E00097F2B7EA36CA7ABBDC94BA7C7BAC17AB51
:10D1F00018CB38DB7CF47CF4BBF35AF35AF35AFBBC
:10D200003AFB1AFB1AFB3AFB39FB39FB5AFB5AFB78
:10D210005AFB39FB5AFB7AFB7AF37AF39BF3DBF385
:10D220003CF47DF4BDDCDCBC3A9D5C9E5A8E620011
:10D2300021000000000000000100000000000000CC
:10D2400000000000000000000000000000000000DE
:10D2500000000000000000000000000000000000CE
:10D2600000000000000000000000000000000000BE
:10D2700000000000000000000000000000000000AE
:10D28000000000000000000000000000000000009E
:10D29000000000000000000000000000000000008E
:10D2A000000000000000000000000000000000007E
:10D2B000000000000000000000000000000000006E
:10D2C000000000000000000020002000000000001E
:10D2D00000000000010001004100C300E400FB8DDC
:10D2E000FBAC1AC43CEC5DFCDFFC9AEB59EB59FB40
:10D2F0005AFB5AFB3AFB3AFB1AFB1AFB3AFB3AFB86
:10D3000059FB59FB3AFB3AFB5AFB5AFB5AFB3AFBD7
:10D310003AFB3AFBD9F298EA77EA77E256CAD6A204
:10D3200099747E6E9D467E66B77BB6AA76D2B8F2B9
:10D3300037EA57DAB7C2D89B1D7E5D66FD7D5A8CF1
:10D34000B7BA37E258EA1AFB56EA55CAD692DC84D5
:10D350005E5E9E5EFD7D7673D7BA35CA5CFC1CFCB2
:10D3600019EB5AFB3AFB3AFB3AFB3AFB1AFB3AFB46
:10D370005AFB5AFB5AFB5AFB3AFB39FB3AFB5AFB66
:10D380007AFB5AF37AF39BFBBBFBBBFBFCFB7CEC0D
:10D39000FCCC5BA5586DE400820041000000200039
:10D3A000000000000000000000000000000000007D
:10D3B000000000000000000000000000000000006D
:10D3C000000000000000000000000000000000005D
:10D3D000000000000000000000000000000000004D
:10D3E000000000000000000000000000000000003D
:10D3F000000000000000000000000000000000002D
:10D40000000000000000000000000000000000001C
:10D41000000000000000000000000000000000000C
:10D4200000000000000000000000000000000000FC
:10D43000200020000000000000000000000061004B
:10D44000820015655C8E1A8D7BC49FFD1CF459E328
:10D4500039EB39F37AFB5AFB19F37AFB3AFB3AFBC7
:10D460003AFB3AFB1AFB3AFB59FB5AFB5AFB5AFBB5
:10D470005AFB5AFB5AFB3AFB5AFB5AFB1AFBF9F2CE
:10D4800019FB39DBF6A25D9DBE56FD1E1D171E2F32
:10D490007D4E7D8D35AA17EA99FA99F257DA15C2B1
:10D4A000B6B2D6AAD6B296C236D2D9FA99FA79FAD3
:10D4B00016E2D6AA1E7EDE361E27DD1EDD2E9E66F5
:10D4C0007AA4B6B259EB19F33AFB3AFB3AFB3AFBB2
:10D4D0003AFB3AFB3AFB3AFB3AFB3AFB3AFB5AFB84
:10D4E0003AFB39FB39FB5AFB5AFB5AF35BF35AF30D
:10D4F0007AFB9AFBDBFBFBF35CF49BC4FC959C8EF4
:10D500000D3B210000000000200000000000000092
:10D51000000000000000000000000000000000000B
:10D5200000000000000000000000000000000000FB
:10D5300000000000000000000000000000000000EB
:10D5400000000000000000000000000000000000DB
:10D5500000000000000000000000000000000000CB
:10D5600000000000000000000000000000000000BB
:10D5700000000000000000000000000000000000AB
:10D58000000000000000000000000000000000009B
:10D59000000000000000000020000000000000006B
:10D5A00000000000410041008200944CDC85FB94A7
:10D5B0003BD49EFCDBFB79F35AF35AFB5AFB5AFB34
:10D5C00019FB3AFB5AFB5AFB3AFB3AFB1AFB3AFBB4
:10D5D0005AFB5AFB3AFB3AFB3AFB5AFB5AFB3AFB23
:10D5E0003AFB3AFB1AFB19FBF9F238DBF5927C8522
:10D5F0009D2E5E077E073E0FFD2EBD6DB7B259FA18
:10D6000079F299F217E216EAF6E9F6E916EA15EA6E
:10D6100036EAB8FA79FA79FA57EA37A3BF5E5E17A5
:10D620005E0F5E0F5D0FBD3EDB94B6AA7AF33AFB48
:10D6300019FB3AFB3AFB5AFB3AFB39FB39FB3AFB45
:10D640003AFB3AFB5AFB3AFB3AFB39FB39FB3AFB14
:10D650003AFB5AFB5BFB3AF35AFB9AFB9AFB7AF3D1
:10D66000BBFB9CDCBD957D866B2221002100000068
:10D6700000000000000000000000000000000000AA
:10D68000000000000000000000000000000000009A
:10D69000000000000000000000000000000000008A
:10D6A000000000000000000000000000000000007A
:10D6B000000000000000000000000000000000006A
:10D6C000000000000000000000000000000000005A
:10D6D000000000000000000000000000000000004A
:10D6E000000000000000000000000000000000003A
:10D6F000000000000000000000000000000000002A
:10D7000000000000000000000000000020002000D9
:10D71000A300534CDC851C9D5BDC38E359F35AF3C2
:10D720009AFB39FB39FB5AFB5AFB3AFB5AFB3AFB93
:10D7300039FB19FB3AFB3AFB3AFB5AFB3AFB3AFB43
:10D740003AFB3AFB5AFB5AFB3BFB3AFB3AFBF9FA32
:10D75000F9FAF8E2B5A27D9DBE4E3E175E07FD16B2
:10D760009D467C8D76B258FA99FA99F258EA16E2FB
:10D77000D6E1F6E116E257EAB8FA98FA99FAB9FA58
:10D7800037EAF7B2FD6D1E2F5E0F5E073D1F9D56F7
:10D79000BBA496BA39EB19FB7BFB3AFB3BFB3AFB8C
:10D7A0005AFB5AFB3AFB39FB3AFB3AFB3AFB3AFB92
:10D7B00039FB39FB5AFB3AFB3AFB3AFB5BFB5AFB62
:10D7C0005AFB59FB7AFB9AFB9AF37CDCBD951C7ED5
:10D7D000AD2A2200000020000000400000000000F0
:10D7E0000000000000000000000000000000000039
:10D7F0000000000000000000000000000000000029
:10D800000000000000000000000000000000000018
:10D810000000000000000000000000000000000008
:10D8200000000000000000000000000000000000F8
:10D8300000000000000000000000000000000000E8
:10D8400000000000000000000000000000000000D8
:10D8500000000000000000000000000000000000C8
:10D8600000000000000000000000000000000000B8
:10D87000000000002000410062009554DD855D9DA0
:10D880003AD41FFDFBFB7AF37AFB5AFB5AFB3AFBB7
:10D890005AFB3AFB5AFB3AFB19FB19FB3AFB3AFBE2
:10D8A0003AFB3AFB3AFB3AFB3AFB3AFB3AFB5AFBB0
:10D8B0003AFB3AFB19F319FBF9FAD8E296BAD99B6D
:10D8C0003B5DBF46BE2EDF4E5B65399C56C278FA83
:10D8D00098FAB7F2B6EA32D251DA72E272DA95EA1F
:10D8E000B7F257F278F299F257EAD7C2BA841D56C6
:10D8F000BE36DD2EBD4ED95C98AB77CA3AF33AFB03
:10D9000019FB3AFB3AFB3AFB3AFB39FB39FB3AFB92
:10D910003AFB5AFB3AFB3AFB39FB5AFB5AFB3AFB00
:10D920003AFB3AFB3AF35AFB5AFB59FB7AFBBBFB37
:10D930007AF37CDCBD953C7EAD22420021000000E4
:10D9400020000000000000000000000000000000B7
:10D9500000000000000000000000000000000000C7
:10D9600000000000000000000000000000000000B7
:10D9700000000000000000000000000000000000A7
:10D980000000000000000000000000000000000097
:10D990000000000000000000000000000000000087
:10D9A0000000000000000000000000000000000077
:10D9B0000000000000000000000000000000000067
:10D9C0000000000000000000000000000000000057
:10D9D0000000000000000000000000000000410006
:10D9E00062007454FD7D3C959BCC5FFD1BFC79F37C
:10D9F0007AFB3AFB3AFB3AFB3AFB3AFB3AFB3AFB3F
:10DA00003AFB3AFB3AFB3AFB3AFB3AFB3AFB3AFB6E
:10DA10003AFB39FB39FB59FB3AFB3AFB3AFBF9F28B
:10DA2000F9F2D8EA77DAD7B25A9CBE95FE7DDE8D40
:10DA3000B89BB6BA56DA77F277F2D6F232E3CFE392
:10DA4000CBE3CAE38DE310E3D6F2BAFA78FAD9FA57
:10DA500036E276CAD6AADCACBD851E7E9D9D569365
:10DA6000B7C216DA3AFB39F339FB5AFB5AFB3AFBD9
:10DA700039FB3AFB3AFB3AFB3AFB3AFB3AFB3AFBFF
:10DA80003AFB5AFB3AFB3AFB3AFB5AFB5AF35AFB76
:10DA90005AFB7AFB9BFB9AFB7AFB5BDCBD953C76E1
:10DAA000AC22410020000000000000000000000047
:10DAB0000000000000000000000000000000000066
:10DAC0000000000000000000000000000000000056
:10DAD0000000000000000000000000000000000046
:10DAE0000000000000000000000000000000000036
:10DAF0000000000000000000000000000000000026
:10DB00000000000000000000000000000000000015
:10DB10000000000000000000000000000000000005
:10DB200000000000000000000000000000000000F5
:10DB300000000000000000000000000000000000E5
:10DB400000000000000041006200334CDC7D7D9D40
:10DB50009BCC5FFD1BFC59EB7AFB5AFB3AFB5AFB53
:10DB60001AFB3AFB3AFB3AFB3AFB3AFB3AFB3AFB2D
:10DB70003AFB3AFB3AFB3AFB3AFB39FB59FB5AFBBF
:10DB80003AFB1AFB1AFB19F3F9F2F9F2D8F256CA6A
:10DB9000B6AAF6925783369396C256DA37E2F6D98A
:10DBA000F6E132DA8FDBF1FDCBFDCBFD8EFDCFEB65
:10DBB00033DAB6D9D6E1D5D916E257DA76D296B2AB
:10DBC000378B778B16ABB6C298E21AFB1AFB3AFB7F
:10DBD0003AFB3AFB5AFB5AFB3AFB3AFB3AFB3AFB5D
:10DBE0003AFB3AFB3AFB3AFB3AFB5AFB3AFB3AFB6D
:10DBF0003AFB5AF35AF35AFB7AFB7AFBBBFB9AF3D4
:10DC0000BBFB1AD47C8D5C76ED2261002100000004
:10DC10000000000000000000000000000000000004
:10DC200000000000000000000000000000000000F4
:10DC300000000000000000000000000000000000E4
:10DC400000000000000000000000000000000000D4
:10DC500000000000000000000000000000000000C4
:10DC600000000000000000000000000000000000B4
:10DC700000000000000000000000000000000000A4
:10DC80000000000000000000000000000000000094
:10DC90000000000000000000000000000000000084
:10DCA0000000000000000000000000002000400014
:10DCB00061005354DC851D9D7CDC1CFC7AF35AF317
:10DCC0005AF35AFB5AFB3AFB1AFB1AFB3AFB3AFB94
:10DCD0003AFB3AFB3AFB3AFB3AFB3AFB3AFB19FBBD
:10DCE00019FBF9F297E2B8EA58EA98F298EA58E292
:10DCF000D9F2D9F2F9FA56DA77D277CA97CA56C268
:10DD000037D217DA18E2F8E1F8D954D28CD32EFEC4
:10DD10000EFF4FFF0EFECCE372DAF6E1F6E117E2FA
:10DD200018E2F7D977DA56D297CA76CA77DA56DA8E
:10DD300078EADAFA78EA57EA79FA78F298F298EA21
:10DD4000D8F239F35AF35AFB3AFB3AFB1AFB1AFBA7
:10DD50001AFB3AFB3AFB5AFB5AFB5AFB5AF37AFB83
:10DD60007AFB7AFB9BFB9AF39AF37BD4BD953C7EBE
:10DD7000CC2A41002100000000000000000000004B
:10DD80000000000000000000000000000000000093
:10DD90000000000000000000000000000000000083
:10DDA0000000000000000000000000000000000073
:10DDB0000000000000000000000000000000000063
:10DDC0000000000000000000000000000000000053
:10DDD0000000000000000000000000000000000043
:10DDE0000000000000000000000000000000000033
:10DDF0000000000000000000000000000000000023
:10DE00000000000000000000000000000000000012
:10DE1000000000002000400061005354DC855EA536
:10DE20003CD439E39AF35AF35AFB5AFB5AFB3AFBB8
:10DE30001AFB3AFB3AFB3AFB3AFB3AFB3AFB3AFB5A
:10DE40003AFB3AFB19F31AFB5AFB19EB97CA96B245
:10DE500075A2B6AA97BA56C2FAF2FAFAB8F21AFB43
:10DE6000FAFAD9FA98F235E233D210CA30CA2FCA78
:10DE700030CA4CBAA7CB6BFE2CFF2DFF4CFE09D449
:10DE80004ABA4FCA2EC22FCA10CA12D255DA16DAAF
:10DE9000D9FA98FA98FADAFAFAFAD9EA97D276C25F
:10DEA00096AA96AA96B2B7CAB8DA7BFB19F35AFBC0
:10DEB0003AFB19FB3AFB1AFB1AFB1AFB3AFB5AF323
:10DEC0003AFB3AFB7AFB7AFB5AFB5AFB9AFB9AF332
:10DED000DBFB9CDCBD953D7EAC2A41002000200090
:10DEE0000000000000000000000000000000000032
:10DEF0000000000000000000000000000000000022
:10DF00000000000000000000000000000000000011
:10DF10000000000000000000000000000000000001
:10DF200000000000000000000000000000000000F1
:10DF300000000000000000000000000000000000E1
:10DF400000000000000000000000000000000000D1
:10DF500000000000000000000000000000000000C1
:10DF600000000000000000000000000000000000B1
:10DF70000000000000000000000000000000410060
:10DF80008200734CBC7D3C95BCD43FFDFBF37AF31F
:10DF90007AFB5AFB5AFB5AF35AF35AF33AFB3AFB11
:10DFA0003AFB3AFB3AFB3AFB3AFB3AFB5BFB5BFB87
:10DFB00056E2B6CA169B7DA51E76FD6D1C9DD69AAF
:10DFC00076D216EA77FA77FA98F277F257EA31DAE8
:10DFD0000FF4AFFDACFD8AFDCCFDCAFDE7FD06FEEA
:10DFE00025EE46F607F6E9FDCBFDABFDCCFDACFD1D
:10DFF0008DFD90FC31D216E257EA99FA99FA99F21E
:10E0000058EA56CAD6B2599CFD6D5E66FE95778B6E
:10E01000B7C237DA1AFB3AFB5AFB7AFB3AFB1AFB18
:10E020001AFB3AFB3AFB5AFB3AFB3AFB5AFB5AFB08
:10E030007AF39AF3BBFBDBFBFBFB9CDCBD953C7EE0
:10E04000AC2A410020002000000000000000000079
:10E0500000000000000000000000000000000000C0
:10E0600000000000000000000000000000000000B0
:10E0700000000000000000000000000000000000A0
:10E080000000000000000000000000000000000090
:10E090000000000000000000000000000000000080
:10E0A0000000000000000000000000000000000070
:10E0B0000000000000000000000000000000000060
:10E0C0000000000000000000000000000000000050
:10E0D0000000000000000000000000000000000040
:10E0E000000000000000410062005344FD855C9D7B
:10E0F0009AC45EFD3CFC7AF37AFB3AF35AFB5AFB76
:10E100005AF35AF33AFB3AFB3AFB3AFB3AFB3AFB37
:10E1100039FB19FBF9F25AFB56D217B3787C3C5EF7
:10E12000FD2EFE2EFC557A84D7C236EA78FA78FAAC
:10E1300098FA98F2F6E150DA0AE4C8FDA8FEA6FEC5
:10E14000A7FEA7FE66FE04F604F624F6C4ED46FE1E
:10E15000A8FEA7F687F687FE06FECAF430CAF7D9EE
:10E1600057EA78F299FA99F257EAB7C21894BB6560
:10E17000FD2E1D17BD46DA6479AB57CA3AFB1AFB70
:10E180005AFB39F33AFB3AFB3AFB5AF35AF35AFB80
:10E190005AFB3AFB3AFB3AFB7AF3BBF3FBFBFBFB84
:10E1A0001BFC9CD4BD8D3C7E8C2A210020002000CD
:10E1B000000000000000000000000000000000005F
:10E1C000000000000000000000000000000000004F
:10E1D000000000000000000000000000000000003F
:10E1E000000000000000000000000000000000002F
:10E1F000000000000000000000000000000000001F
:10E20000000000000000000000000000000000000E
:10E2100000000000000000000000000000000000FE
:10E2200000000000000000000000000000000000EE
:10E2300000000000000000000000000000000000DE
:10E2400000000000000000000000000000002100AD
:10E250008300744CDC7D7C9DDBD45EFD1BFC7AF37B
:10E260005AF339F35AFB5AFB5AF33AF33AFB3AFBA7
:10E270003AFB3AFB3AFB3AFB39FB19FB19FB5AFB19
:10E2800077CAD9A39E661D1F3E17FD0E1E1F7F660F
:10E2900037A336DA99F238F279F29AFAF7E131D205
:10E2A0004CECEAF54CFF4BFF6DFF2CFFE9FE25F629
:10E2B00004EE04F625EEE9FE2BFF4CFF8DFF8DFFEB
:10E2C00027F6AAEC31D2F8D937E2B8F2B9FAB9FA9E
:10E2D00016EAD5AA3D763E2F1D173D17FD169E5610
:10E2E000DC94F8B25AEB3AFB3AFB5AFB39FB39FBA8
:10E2F0005AF35AF37AF37AFB3AFB3AFB3AFB5AFBAE
:10E300007AF3DBF3FBF31BFC1BFCBCDCBD8D3C7622
:10E310008C2A210020000000000000000000000006
:10E3200000000000000000000000000000000000ED
:10E3300000000000000000000000000000000000DD
:10E3400000000000000000000000000000000000CD
:10E3500000000000000000000000000000000000BD
:10E3600000000000000000000000000000000000AD
:10E37000000000000000000000000000000000009D
:10E38000000000000000000000000000000000008D
:10E39000000000000000000000000000000000007D
:10E3A000000000000000000000000000000000006D
:10E3B00000000000000021008300744CFC855C9D7F
:10E3C00059CC5BFCDBFB9AFB7AF35AF33AFB3AFB42
:10E3D00039FB39FB3AFB3AFB3AFB3AFB3AFB3AFB97
:10E3E00039FB39FB39FB59F377CAD99BBE561C0F51
:10E3F0005E0F3E0F1E0FBF5E789B56D237E2F6D9F6
:10E4000014DAD1C931D24BC249DC2AF648E6CAEE49
:10E410006DFF6DFFC9F605E604EE25EEE4DDA8F616
:10E420006CFF4CFF4CFFCAF607EEE9EC2BBA12CAA0
:10E4300011CA32D2F4D1D5D916EAD6AA5E66FD1633
:10E440005D173D0F3D0F9D3E1D95B6A27AEB5AFB21
:10E450005AFB59FB59FB59FB5AFB7AF37AF35AF3EF
:10E460003AFB3AFB5AFB5AF39BF3FBFB1BFC3BFCCE
:10E470003BFCBCDCDE8D3D768C2A210020000000B8
:10E48000000000000000000000000000000000008C
:10E49000000000000000000000000000000000007C
:10E4A000000000000000000000000000000000006C
:10E4B000000000000000000000000000000000005C
:10E4C000000000000000000000000000000000004C
:10E4D000000000000000000000000000000000003C
:10E4E000000000000000000000000000000000002C
:10E4F000000000000000000000000000000000001C
:10E5000000000000000000000000000000002000EB
:10E510000000000000080000000000000000620091
:10E5200083003344DC855CA55ADCDAFBFBFBFCFB97
:10E530005AF35AFB3AFB3AFB3AFB3AFB3AFB1AFB1B
:10E540003AFB3AFB3AFB3AFB3AFB3AFB3AFB19F34C
:10E5500097DAB8BB1C76DD361E171E17DE36FD7542
:10E5600037AB56DA36DA33DA8DCA72FD0CFD6AFD46
:10E570000AF6AAFE25E687F667EE68EE68EEC9FEA3
:10E5800088F6A8F6A8F688EE87F687F687F626EED0
:10E5900068FE2AFE6BF52DFD71FD2EDB53D257E28E
:10E5A000F7E997BABF959E4E1D175C0FFD263D6695
:10E5B0007CACB7C219E319F35AFB39F339FB3AFBC8
:10E5C0005AFB5AFB5AFB5AFB5AFB5AF39BF39BF339
:10E5D000DBF31BFC3BFC3BFC3CFCBCDCBE953D7E0A
:10E5E0008C2A210020000000000000000000000034
:10E5F000000000000000000000000000000000001B
:10E60000000000000000000000000000000000000A
:10E6100000000000000000000000000000000000FA
:10E6200000000000000000000000000000000000EA
:10E6300000000000000000000000000000000000DA
:10E6400000000000000000000000000000000000CA
:10E6500000000000000000000000000000000000BA
:10E6600000000000000000000000000000000000AA
:10E67000000000002000200000000000000000005A
:10E6800000000000210021006200734CDB853B9DEF
:10E690009CE4DBFB3CFC3DFC39EB39F33AFB5AFBD9
:10E6A0005AFB5AFB3AFB3AFB3AFB3AFB3AFB3AFB82
:10E6B0003AFB3AFB1AF37BFB35DAD5BA746B1D765D
:10E6C0007E469E4EBC655563D7BA36DA16DA52D20C
:10E6D0000BD3CDFD29FE27F6AAF6EAFE87F645EE16
:10E6E00025EE05E667EE6CFF4CFF6CFF6CFFA8EEB5
:10E6F00005EE04F604EE46F60BFF69F648F629FE31
:10E70000CCFD6AD372D2F6D917E277CA1783DA6CD6
:10E71000BE56BD467E66386418AB77CA19EB5AFB05
:10E7200019F33AFB3AFB3AFB5AFB5AFB3AFB5AFB0A
:10E730007AF39AF3FCFBFBF3FBF31BFC1AFC3BFCA8
:10E740003CFCBDDC9D951C7E8C2A21002000000035
:10E7500000000000000000000000000000000000B9
:10E7600000000000000000000000000000000000A9
:10E770000000000000000000000000000000000099
:10E780000000000000000000000000000000000089
:10E790000000000000000000000000000000000079
:10E7A0000000000000000000000000000000000069
:10E7B0000000000000000000000000000000000059
:10E7C0000000000000000000000000000000000049
:10E7D00000000000000000000000000020002000F9
:10E7E0000000000000000000000000000008000021
:10E7F0006100B35C1B867C9D5BD4FCF3BBF3DBF355
:10E8000079EB7AF33AFB5AFB5AFB5AFB5AFB1AFB99
:10E810003AFB5AFB3AFB5AFB3AFB1AFB1AFB1AFB70
:10E8200098E2D8D2D6A29BB4BB94BB943AA4F6AAE1
:10E8300077D238EA16DA72DAC9CACDFDABFE0AFF22
:10E840000CFF0CFF4BFF46EE04EE24EE67EE4CFF90
:10E850004DFF4DFF4CF7A8EE25F6E4F504EE09FF59
:10E860000BFF2CFF0CFFEDFEABFD4ADB52D217DA9B
:10E8700016E298E296BAB9B39C9CDC949BAC78AB58
:10E88000B7C2D9E21AF31AFB3AFB3AFB3AFB3AFB5E
:10E890005AFB5AFB5AFB5AFB7AF39AF31CFC1BF403
:10E8A0003BFC3BFC3BFC5CFC3CF4DDD4BD953C8676
:10E8B000AC2A410000000000200020000000000001
:10E8C0000000000000000000000000000000000048
:10E8D0000000000000000000000000000000000038
:10E8E0000000000000000000000000000000000028
:10E8F0000000000000000000000000000000000018
:10E900000000000000000000000000000000000007
:10E9100000000000000000000000000000000000F7
:10E9200000000000000000000000000000000000E7
:10E9300000000000000000000000000000000000D7
:10E9400000000000000000000000000000000000C7
:10E95000000000000000000041006A1A4F2BDC9DFF
:10E96000FDCC3CE41CF4DBF3DFFC7AEB7AF35AF3E6
:10E970005AFB3AFB3AFB3AFB5AFB5AFB3AFB3AFB8F
:10E980001AFB3AFB1AFB3AFB3AFBD9EA56CA96BA8B
:10E99000B6AAD6AAB7BA77D299F237EAF6D993DAF5
:10E9A0000AD3ADFDCCFEEAF64CFF2CFF2BFF47EE61
:10E9B00025EEE4E546EE6BFF2CFF2CFF6CFFA8EE86
:10E9C00005EE04F605EEE9FE0AFF2BFF2BFFCCFE59
:10E9D000ABFD4ADB72DA17DA37EA98F256DA76CA12
:10E9E00097B2B7B296BA76CAD8E25AFB5AFB3AFB4C
:10E9F0003AFB5AFB3AFB3AFB3AFB3AFB7AFB9AFBAF
:10EA0000BAFBDAFBFBF33BFC1BFC3BFC5CFC3BEC8A
:10EA1000BDE41DC59C9550336609200020002108E7
:10EA200000000000000000000000000000000000E6
:10EA300000000000000000000000000000000000D6
:10EA400000000000000000000000000000000000C6
:10EA500000000000000000000000000000000000B6
:10EA600000000000000000000000000000000000A6
:10EA70000000000000000000000000000000000096
:10EA80000000000000000000000000000000000086
:10EA90000000000000000000000000000000000076
:10EAA0000000000000000000000000000000000066
:10EAB000000000000000200000000000010800002D
:10EAC00000006200C400DA7D3BA55BC41BE41BFCB4
:10EAD0001CFCBAF39AEB59EB5AFB5AFB3AFB3AFB94
:10EAE0003AFB3AFB3AFB5AFB1AFB3AFB3AFB19FB9F
:10EAF0003AFB1AF31AF3F9E239E3F8DAB8E258E22A
:10EB000079FA78FA78EA51D2EACAADFD4AFEA9F656
:10EB100089FECAFE06E627EE26EE46EE66EE09FF01
:10EB2000E9FEE9FEE9FE46EE06E606E606E626E62C
:10EB3000A7F6C8F6A8F68AFECBFD49D372D2F6D95D
:10EB400038EA79F298EA97E2B8E219EB19EB18EB98
:10EB500019F33AFB39FB39FB19FB3AFB5AF35AF329
:10EB60003AFB5AFB9AFBDBFBFBFBFBFB1BFC3BFC76
:10EB70005CFC1BFC3CFC9CE4DBB47CA5587D630086
:10EB800041002000210000000000410000000000C2
:10EB90000000000000000000000000000000000075
:10EBA0000000000000000000000000000000000065
:10EBB0000000000000000000000000000000000055
:10EBC0000000000000000000000000000000000045
:10EBD0000000000000000000000000000000000035
:10EBE0000000000000000000000000000000000025
:10EBF0000000000000000000000000000000000015
:10EC00000000000000000000000000000000000004
:10EC100000000000000000000000000000000000F4
:10EC20000000000000002008000041008200F564A0
:10EC3000556C7CBD9BD41BECFBFBDBFB7FFD1CF40C
:10EC40005AF319F33AFB3AFB3AFB3AFB5AFB5AFBED
:10EC50003AFB3AFB3AFB5AFB3AFB3AFB3AFB3AFBEC
:10EC60005AFBD9F2B9FA58F258FA78FA98F252DA0D
:10EC7000EACACDFD2AF688F647F684DD6CFF4CFF24
:10EC80004CFF4BFFE8F625EEC4EDC4EDE4EDA7FE26
:10EC90004BFF6CFF4BFF4BFF25E625E6A8F649F638
:10ECA000ABFD69DB72D217DA38F279FA99F298F291
:10ECB00097F239FB39FB39FB39FB5AFB5AFB5AFBFC
:10ECC0005AFB5AFB5AF35AF35AFB9AFBDBFBFBFB4A
:10ECD0001BFC1BFC3BFC1BFC3BFC3BF47CECFCD41A
:10ECE000BCAD355CD14B42002000000000000000AC
:10ECF00021000000000000000000000000000000F3
:10ED00000000000000000000000000000000000003
:10ED100000000000000000000000000000000000F3
:10ED200000000000000000000000000000000000E3
:10ED300000000000000000000000000000000000D3
:10ED400000000000000000000000000000000000C3
:10ED500000000000000000000000000000000000B3
:10ED600000000000000000000000000000000000A3
:10ED70000000000000000000000000000000000093
:10ED80000000000000000000000000000000000083
:10ED900020000000420042008801FB9D7CBD7AD427
:10EDA0001BF4DBFBBDFCFBEB1CFC7AF339F339FBFA
:10EDB0003AFB5AFB5AF33AF33AFB5BFBFAFA3AFB9B
:10EDC0003AFB3AFB39FB3AFB3AFBB8F298FA78FA8D
:10EDD00078FA58FA78FA32DACACA8EFDCEFE4CFFBB
:10EDE000E8FEC4DD2CFF0DFF2DFF2CFFE8F604E646
:10EDF00004F6E4F5E4EDC8FE2BFF2CF74DFF0BF70E
:10EE000026E667EE6DFF4FFFACFD09CB52D2F7D976
:10EE100037EA78FA58F278F276F218FB39F35AFBAF
:10EE20005AFB3AFB5AFB39FB59F35AF37AF37AF35C
:10EE30009BFBBBFB1BFC3BF43CFC3BF45CF45BF43A
:10EE40003CFC9CFCDBD4FDCD1B9E840022002100F9
:10EE50006000200000000000000000000000000032
:10EE600000000000000000000000000000000000A2
:10EE70000000000000000000000000000000000092
:10EE80000000000000000000000000000000000082
:10EE90000000000000000000000000000000000072
:10EEA0000000000000000000000000000000000062
:10EEB0000000000000000000000000000000000052
:10EEC0000000000000000000000000000000000042
:10EED0000000000000000000000000000000000032
:10EEE0000000000000000000000000000000000022
:10EEF00000000000000000002000210000000100D0
:10EF0000A3000501925B1BB5F9CB3BECFAEBBDFC12
:10EF10005FFDF7DA7AF339F33AFB5AFB3AFB5AF31F
:10EF20003AFB5AFB3BFB3AFB5AFB5AFB5AFB5AFB98
:10EF30007AFBF9FAD9FA98FA78FA98FA98FA52DA42
:10EF4000EBCACFFD0EFF8CFFE8FEE4DD4CFF4DFF6A
:10EF50002DFF4CFFE8F604E625F605F6E4EDA8F6ED
:10EF60004BFF4CFF4CFF4CFF47EE27EE4DFF2EFFB3
:10EF70008BFD6ADB73DAF7E136EA98FA98FAB9FAA8
:10EF8000D7F27AFB7AFB7BFB5AFB5AFB39FB59FB26
:10EF90007AFB9AFB9AF3BBFBDBFBFCFB1CFC3CF40F
:10EFA0003CF45CF45CFC5CEC9CEC7ACC77A4A500B3
:10EFB0004601620021002000000020002000000027
:10EFC0000000000000000000000000000000000041
:10EFD0000000000000000000000000000000000031
:10EFE0000000000000000000000000000000000021
:10EFF0000000000000000000000000000000000011
:10F000000000000000000000000000000000000000
:10F0100000000000000000000000000000000000F0
:10F0200000000000000000000000000000000000E0
:10F0300000000000000000000000000000000000D0
:10F0400000000000000000000000000000000000C0
:10F050000000000000000000000000002000000090
:10F06000000000002000200020004100335CF884F4
:10F070007BBD9AC4FAE3FAF3FAEB1FFD1CFC59F3CB
:10F0800039F35AFB5AFB5AFB5AFB3AFB5AFB3AFB41
:10F0900039FBD7EA56DA36D236D235D257E216E203
:10F0A00016E216E216E252DAEBCACDFDE8F505EEFD
:10F0B00004F6E4EDA8F6C9F6C9F688F687F625EE5B
:10F0C000E5E5E5E5E5E566F6C8FEA8FEA7F6E8FE97
:10F0D000E5ED26F646EEE7EDECFD29D351DAF6D95B
:10F0E00015DA36E217E216DA16DA56DA16D277DAD7
:10F0F000D8EA5AFB3AFB7AFB9AFBDBFBFBF3FBFB00
:10F10000FCFB1CFC1CFC3CFC3CFC3CFC1CF49DEC97
:10F11000FCC41DBECE4A210041002000200000009A
:10F1200000002000000000000000000000000000BF
:10F1300000000000000000000000000000000000CF
:10F1400000000000000000000000000000000000BF
:10F1500000000000000000000000000000000000AF
:10F16000000000000000000000000000000000009F
:10F17000000000000000000000000000000000008F
:10F18000000000000000000000000000000000007F
:10F19000000000000000000000000000000000006F
:10F1A000000000000000000000000000000000005F
:10F1B000000000000000000000000000000000004F
:10F1C00000000000000000002000000000002000FF
:10F1D000000041006200C500CF42DCC57ACC1ADCD9
:10F1E000FAE31FFD7DFC9AF359F37AFB39F339F307
:10F1F0005AFB5AFB19F359FB39FBF7E296BA17ABE6
:10F20000579B779BF7AA76BA36D216DAF6D952DA36
:10F210000ACBEDFD08F625EE25F625F625E625E6D2
:10F22000E5E506EE47EE8CFF4CFF4CFF6BFF87F6E3
:10F2300004EE03EE24EE04E647F627F626EE07F684
:10F24000CBFD29CB71D216DA36E215D277C2D7B20E
:10F2500058AB379B58B3F8BA97D25AFB5AF3FBFB1B
:10F26000DBFBFBF31BF41BF41CFC1CFC1CFC3CFC3C
:10F270003CFC5CF49DE4FCCCBCAD4C2AE81941009C
:10F28000000000000000000000000000200000005E
:10F29000000000000000000000000000000000006E
:10F2A000000000000000000000000000000000005E
:10F2B000000000000000000000000000000000004E
:10F2C000000000000000000000000000000000003E
:10F2D000000000000000000000000000000000002E
:10F2E000000000000000000000000000000000001E
:10F2F000000000000000000000000000000000000E
:10F3000000000000000000000000000000000000FD
:10F3100000000000000000000000000000000000ED
:10F3200000000000000000000000000000000000DD
:10F33000000000000000000000000000210021008B
:10F340006200FAA59CAD7AB43CE47AEBFCFB7EFC4F
:10F350009AF3BBFBBAFB7AFB59F359F339F39AFBE7
:10F3600014D2B6BA1573DE859F5E9E5E9C85D47AF4
:10F3700076BA36DAB9F252D20ACBACFDEBFE4BFFCD
:10F380006CFF4CFF09FF25EEE4ED05EE67EE6CFF28
:10F390002CFF2DFF2BFF67EE04EE24EEE3E58BFF41
:10F3A0004BFF4CFF6DFF2EFFCCFD29CB71D2F6D960
:10F3B00036E256CAD69A79847E66BE5E3F76F87388
:10F3C00097AA36D27AF3BAF31CFC3CFC3CFC3DFC19
:10F3D0001CFC1CFC1CFC3CFC3CFC9CE41AAD1CA66C
:10F3E000BA9543002100200020000000000000002A
:10F3F000000000000000000000000000000000000D
:10F4000000000000000000000000000000000000FC
:10F4100000000000000000000000000000000000EC
:10F4200000000000000000000000000000000000DC
:10F4300000000000000000000000000000000000CC
:10F4400000000000000000000000000000000000BC
:10F4500000000000000000000000000000000000AC
:10F46000000000000000000000000000000000009C
:10F47000000000000000000000000000000000008C
:10F48000000000000000000000000000000000007C
:10F49000000000000000000000000000000000006C
:10F4A000000000000000410062006200335C9BA588
:10F4B0005AB47CD45CD43BCC7BCC5ACC5BCC7BD4D4
:10F4C0003BD4FAD3DADB9AE376D279BB5B75DE46BE
:10F4D0001D0F3E177D465B8517B337DAB9F232D27E
:10F4E0000BD3ADFDA7EDE6E589EE0BFF46EE05EE8D
:10F4F00025F605EE46E66CFF4DFF2CFF6CFF87EE10
:10F50000E4E524EE25EEC4DDEAF64CF70DFFADFE92
:10F51000ACFD4AD352D237E2F6E197C2FC9C3D5E85
:10F52000FC165E17FE2EBC65FBB376BA7CE49CD459
:10F53000BCCCBCCC9CCCBDD4BCCCBCCC9CD4BCD4B2
:10F54000DCD41CBDDB9D4B12830042004100400017
:10F5500000000000000000000000000000000000AB
:10F56000000000000000000000000000000000009B
:10F57000000000000000000000000000000000008B
:10F58000000000000000000000000000000000007B
:10F59000000000000000000000000000000000006B
:10F5A000000000000000000000000000000000005B
:10F5B000000000000000000000000000000000004B
:10F5C000000000000000000000000000000000003B
:10F5D000000000000000000000000000000000002B
:10F5E000000000000000000000000000000000001B
:10F5F000000000000000000000000000000000000B
:10F6000000000000000000000000000000002000DA
:10F6100041004100E81970431D8EBD7DBD7DFD8513
:10F62000DC7DFC7DFD7DBC7DBD857D8DFDACDBB3D2
:10F63000B8BA999B9F5E5E1F5E0F7E173E1F5D5E90
:10F64000579B36D2F5D193DACBCACFFDC9FDE7F58A
:10F6500027F647EE05EEE5E5E4E5E5DD26E64BFFBA
:10F660004BFF0AFF4AFF87F6C4DD05E6C4E5A5DDCA
:10F67000A9FE89F629FEEAFDEEFD0BD332D2F7E1B1
:10F6800017EAB6AA3E6EFD265E175E0F5D177D4E29
:10F69000DCA417933D9DBD8D1D861D861D86FD85B1
:10F6A000FC7D1D861D861D861E8EFD8DF253460136
:10F6B000220041002000000020080000000000009F
:10F6C000000000000000000000000000000000003A
:10F6D000000000000000000000000000000000002A
:10F6E000000000000000000000000000000000001A
:10F6F000000000000000000000000000000000000A
:10F7000000000000000000000000000000000000F9
:10F7100000000000000000000000000000000000E9
:10F7200000000000000000000000000000000000D9
:10F7300000000000000000000000000000000000C9
:10F7400000000000000000000000000000000000B9
:10F7500000000000000000000000000000000000A9
:10F760000000000000000000000000000000000099
:10F770000000000020000000000041006100820045
:10F78000DD8E7C6E7D76DE7E9C6EBC6EBD6E9D6673
:10F790003D5E3F7E5EAD79A3B8BADA9B7E561D17FB
:10F7A0005E0F7E0F1D17BE5E98A336CA56DA13D2BF
:10F7B0008ED270FC4BF4A8E426E507F688FE0AFF1B
:10F7C0002BFF2BFFA8F605E605E605E605E6A8F6FD
:10F7D0002BFF0BFF2BFFC9FE47F6A7F5A8E44BEC68
:10F7E00090FCCED275E2F7E1D6E1F7B23D661D1F7F
:10F7F0003D0F5D073D0FBD4EDB9C16933D9DDE7DAD
:10F800007D5E9C4EBD6E9D767C6E9C769C6E7B6E06
:10F810007D763C864300210021000000200000008E
:10F8200020000000000000000000000000000000B8
:10F8300000000000000000000000000000000000C8
:10F8400000000000000000000000000000000000B8
:10F8500000000000000000000000000000000000A8
:10F860000000000000000000000000000000000098
:10F870000000000000000000000000000000000088
:10F880000000000000000000000000000000000078
:10F890000000000000000000000000000000000068
:10F8A0000000000000000000000000000000000058
:10F8B0000000000000000000000000000000000048
:10F8C0000000000000000000000000000000000038
:10F8D0000000000000000000000000002100000007
:10F8E0000000000020004100040125014601E50060
:10F8F0004601460165016F1B5D6EBA6C98A3B6C2E6
:10F90000B8CA78ABDE7DDE3E3D173D17BD3EFE85B5
:10F9100037AB36D217E236EA95EA53E251D28CC2BF
:10F9200008DC4AFEC7E5EBFE2CFF4CFFE9FE04EEC7
:10F9300003EE24EE04EEA9FE4DFF2DFF0CFF07EEB3
:10F94000E6F509F54BC231D212D255E236E258EA59
:10F9500037EA75B29D957D4E1E1F3E17DD261D5E52
:10F960009CB496B2BAC3DBA47D5E1936470126016A
:10F970000501250145012501250105014200210060
:10F980000000200020000000000000000000000037
:10F990000000000000000000000000000000000067
:10F9A0000000000000000000000000000000000057
:10F9B0000000000000000000000000000000000047
:10F9C0000000000000000000000000000000000037
:10F9D0000000000000000000000000000000000027
:10F9E0000000000000000000000000000000000017
:10F9F0000000000000000000000000000000000007
:10FA000000000000000000000000000000000000F6
:10FA100000000000000000000000000000000000E6
:10FA200000000000000000000000000000000000D6
:10FA300000000000000000000000000000000000C6
:10FA40000000000000002100000020002100000054
:10FA50000000200000004100210062008200ED1A39
:10FA6000DD953A94F7C2B7E236CAD7B2F462FD7DAB
:10FA7000BE56BE569D75F56A96BA16DA79F278F2D8
:10FA800099FA98FAF7E131CA0CE4AAFD2FFF0DFFAD
:10FA90002EFF4EFFC9FE04EE24F644F6E4ED88FE88
:10FAA0002EFF0EFF2EFF6FFFE9FDCCFC10CAB7D969
:10FAB000F7E158F278F278F257EA56C2D582FA7C2A
:10FAC0009F667D4E7E6E176417A397CA7BEBFAC3C1
:10FAD000BC7D994D840042002100200020000000E0
:10FAE00000002000000000002000000000000000D6
:10FAF00040000000000000000000000000000000C6
:10FB000000000000000000000000000000000000F5
:10FB100000000000000000000000000000000000E5
:10FB200000000000000000000000000000000000D5
:10FB300000000000000000000000000000000000C5
:10FB400000000000000000000000000000000000B5
:10FB500000000000000000000000000000000000A5
:10FB60000000000000000000000000000000000095
:10FB70000000000000000000000000000000000085
:10FB80000000000000000000000000000000000075
:10FB90000000000000000000000000000000000065
:10FBA0000000000000000000000000000000010054
:10FBB0000100000001000100000000000000000042
:10FBC00020008200B765F864B8A3F8CA97D257DA64
:10FBD000F9EAF8DAB6B298ABD893979338AB76B225
:10FBE000B8E278F298F278F237F278FAF6E132D2A7
:10FBF0002EECCEFDECFDEBFDEBFD0AFE07F626F646
:10FC0000E4EDC4ED05F607FEEAFD0CFE0CFEEBFD8F
:10FC1000CCFDCFFC11CAD6D978F237F278FA78F257
:10FC200078F278E277BA18B398A3B89B98A317AB89
:10FC3000D7CA19EB7BFB9AE35BC4FA9C575DAB0216
:10FC400062000000000040000000000021082000C9
:10FC50000000200000002000000020000000000044
:10FC60000000000000000000000000000000000094
:10FC70000000000000000000000000000000000084
:10FC80000000000000000000000000000000000074
:10FC90000000000000000000000000000000000064
:10FCA0000000000000000000000000000000000054
:10FCB0000000000000000000000000000000000044
:10FCC0000000000000000000000000000000000034
:10FCD0000000000000000000000000000000000024
:10FCE0000000000000000000000000000000000014
:10FCF0000000000000000000000000000000000004
:10FD000000000000000000000000000000000000F3
:10FD100000000000000000000000010001000100E0
:10FD200000000008000020006000A3001C8EDB9C87
:10FD3000D7C277E278E257E2FAF2D8EA56D256CA48
:10FD400055C276C236CA16DA58EA98FA78FA57F2E5
:10FD500057F237F2F6E133DA50DB0EE4CBDBEBE3BC
:10FD6000CADB29DCE6E408FEA9FEA8FE07FE06E5DC
:10FD700009DCCBDBEBDBEBDBECE32EDB53DAD6D9B8
:10FD800078FA58FA78FA78FA58F299F2F6D916D23F
:10FD900035CA55CA76CA76D297DA9BFB3AF39BFBF3
:10FDA0009AEB5AC4FC956B026200410041000000CE
:10FDB00000000000000000000000200020002000E3
:10FDC00020002000000000000000000000000000F3
:10FDD0000000000000000000000000000000000023
:10FDE0000000000000000000000000000000000013
:10FDF0000000000000000000000000000000000003
:10FE000000000000000000000000000000000000F2
:10FE100000000000000000000000000000000000E2
:10FE200000000000000000000000000000000000D2
:10FE300000000000000000000000000000000000C2
:10FE400000000000000000000000000000000000B2
:10FE500000000000000000000000000000000000A2
:10FE60000000000000000000000000000000000092
:10FE70000000000000000000000000000000000082
:10FE8000000000000000000001000100000061000F
:10FE90001756FA6D569318CB97D277E298EA19FB6A
:10FEA000F9FA19F319F3F9EA19F3F8EAD8F277EA4B
:10FEB00098F277F298FA78FA37F258F258F215E297
:10FEC00054DA32D251D251D231D2CED2A9D34DFE50
:10FED0000DFF4CFF8BFE07D48CCA51DA51D231D2C0
:10FEE00031DA12D215D257E258F258FA57FA57F2CD
:10FEF00078FA58F278FA77F2B8F2B8EAD8E239F339
:10FF00003AFB5AFB5AFB5AFBBBFB1AE49AB45B9DC3
:10FF10005B8EA30041000000000000000000000014
:10FF20000000000000002000200000000000000091
:10FF300000000000000000000000000000000000C1
:10FF400000000000000000000000000000000000B1
:10FF500000000000000000000000000000000000A1
:10FF60000000000000000000000000000000000091
:10FF70000000000000000000000000000000000081
:10FF80000000000000000000000000000000000071
:10FF90000000000000000000000000000000000061
:10FFA0000000000000000000000000000000000051
:10FFB0000000000000000000000000000000000041
:10FFC0000000000000000000000000000000000031
:10FFD0000000000000000000000000000000000021
:10FFE00000000000000000002000000000002000D1
:10FFF000000021006200A300B95DBD95D7BA57E2A9
:020000040804EE
:1000000098E277DAD8F219FBF9FA19FB39F31AFBFF
:100010001AFBD9FAB8FA77F258F257F257F278F297
:1000200099F278F2B8F2F6D917E2F7E117E216E2A0
:1000300037EA32DA6DDBF0FDCFFEEEFE2EFEECE3AA
:1000400031DAF6E1F6E1F6E1F6E116DA36DA98EAC7
:10005000B9F278F298F277F278FA78FA98FA77FAB1
:1000600098F2D8F2F9F25AFB3AFB5AFB5AFB5AFBC8
:100070009AFBBAF3DAD3BBB43D9626018300410064
:100080000000000000000000000000000000000070
:100090000000000000000000000000000000000060
:1000A0000000000000000000000000000000000050
:1000B0000000000000000000000000000000000040
:1000C0000000000000000000000000000000000030
:1000D0000000000000000000000000000000000020
:1000E0000000000000000000000000000000000010
:1000F0000000000000000000000000000000000000
:1001000000000000000000000000000000000000EF
:1001100000000000000000000000000000000000DF
:1001200000000000000000000000000000000000CF
:1001300000000000000000000000000000000000BF
:1001400000000000000000000000000000000000AF
:100150000000400020000000000042002D1B5C8ECB
:10016000F793F7BA97D297E297E23AF31AFB5AFB62
:100170003AFB5AFB5AFB3AFBFAFA98F257F278FA32
:1001800058FA79FA99F216DAF6D937DA57D257DAF5
:1001900017E217E299F278F278FA94F2F1FBD2FDC5
:1001A000CFFD8DFD90FD11FC74EA99FA79F299F278
:1001B00037EA16DA76DA35D216D237DA36E277F25D
:1001C00077F298FA38FA58F2B8F25AFB3AFB5AFB2F
:1001D0003AFB3AFB3AFB3AFB5AFB5AF3DBEB5BCCBC
:1001E0009A8C1E96745C4200210000000000000002
:1001F00000000000000000000000000000000000FF
:1002000000000000000000000000000000000000EE
:1002100000000000000000000000000000000000DE
:1002200000000000000000000000000000000000CE
:1002300000000000000000000000000000000000BE
:1002400000000000000000000000000000000000AE
:10025000000000000000000000000000000000009E
:10026000000000000000000000000000000000008E
:10027000000000000000000000000000000000007E
:10028000000000000000000000000000000000006E
:10029000000000000000000000000000000000005E
:1002A000000000000000000000000000000000004E
:1002B00000000000000000000000400000002000DE
:1002C000410067090F239C9D18C377E2B8E2B8E2AA
:1002D00098E21AF33AFB3AFB5AFB5AFB5AFB3AFBF9
:1002E0003AFBB9F298FA37F258FA38F278E256CA7D
:1002F00018BB58AB989BB9B3B7C277D278EA58F21B
:1003000058FA75F2B0E20DDB2AD32BD3EDDAD1E245
:1003100096F258FA58F258EA57D276BA57ABD8AB99
:10032000D9AB17AB96CA97E297EA78FA59FA99FAD5
:10033000D9F23AFB3AFB3AFB1AFB3AFB3AFB1AFBBF
:100340003AFB3AF3DBFBFBE35BB43DA51554C90173
:10035000A3002000000000000000000000000000DA
:10036000000000000000000000000000000000008D
:10037000000000000000000000000000000000007D
:10038000000000000000000000000000000000006D
:10039000000000000000000000000000000000005D
:1003A000000000000000000000000000000000004D
:1003B000000000000000000000000000000000003D
:1003C000000000000000000000000000000000002D
:1003D000000000000000000000000000000000001D
:1003E000000000000000000000000000000000000D
:1003F00000000000000000000000000000000000FD
:1004000000000000000000000000000000000000EC
:1004100000000000000000000000000000002000BC
:100420000000000021004200A3003B963BA5169B64
:10043000F8D297E256DA19F33AFB5AFB5AF35AF319
:100440005AF35AFB39FB3AFB5BFB1AFBB9FA37EA62
:1004500078F237E257D2B69A39745E6EBE4E7E6637
:10046000D77BB6A257D279F238F277F275EA32DA50
:1004700030D251DA12DA14E277F258F258F216D288
:1004800097BA167B5E76BD569E5EFA6CF69277C280
:1004900098E298F2BAFADAFA5AF37AFB3AFB3AFBA4
:1004A0001AFB3AFB3AFB1AFB5AFB5AF35AF3DBF3FB
:1004B000DADBFDCC3FA61C7E6B2221002100000070
:1004C000000000000000000000000000000000002C
:1004D000000000000000000000000000000000001C
:1004E000000000000000000000000000000000000C
:1004F00000000000000000000000000000000000FC
:1005000000000000000000000000000000000000EB
:1005100000000000000000000000000000000000DB
:1005200000000000000000000000000000000000CB
:1005300000000000000000000000000000000000BB
:1005400000000000000000000000000000000000AB
:10055000000000000000000000000000000000009B
:10056000000000000000000000000000000000008B
:10057000000000000000000000000000000000007B
:10058000000000000000200020002000210087095A
:10059000EA01DC8D1AB4D8C2B7DA97E219F33AFB54
:1005A0001AF35AFB7AFB7AFB5BFB5AFB39FB39FBEC
:1005B0003AFB3AFB3AFBD9FA1AFBB8E296BABCAC62
:1005C0001D56FE265D073E27DC65BBA477BA38EAD8
:1005D00078F258F278F257EAF5D915E298F278F203
:1005E00057F278F257F256CAFAAB9D7DFE365D0F90
:1005F0003D1F7D4E1C9DF8B2B8DAB9F23BFB5BFBA8
:100600007AF359F33AFB3AFB3AFB3AFB3AFB3AFBF3
:100610005AF35AF35AFB5AFB7AF3BDEC9EB5FC959C
:100620002F234912410000000000000000000000DC
:1006300000000000000000000000000000000000BA
:1006400000000000000000000000000000000000AA
:10065000000000000000000000000000000000009A
:10066000000000000000000000000000000000008A
:10067000000000000000000000000000000000007A
:10068000000000000000000000000000000000006A
:10069000000000000000000000000000000000005A
:1006A000000000000000000000000000000000004A
:1006B000000000000000000000000000000000003A
:1006C000000000000000000000000000000000002A
:1006D000000000000000000000000000000000001A
:1006E00000000000000000000000000021000000E9
:1006F000000020006200366D1C96D77B38BBB8DA4C
:10070000D8EAD8EA39FB19F33AFB5AFB39FB3AFB32
:100710003BFB3BFB5AFB59FB3AFB3AFB19FB5AFBF1
:100720003AFB18DB159BBD95BD3E5E0F7E075E173D
:10073000BD369C7597B259F298F298EAD8F277EAEA
:10074000D5D917E299F299FA78FA57F236F2D7BA70
:100750001C7D9E4E1E1F7D075D0FDD36DE85578B8F
:10076000F8D2D9F21AFB19FB39FB59FB39FB39FBDB
:100770003AFB3AFB5AFB5AFB59F359F319FB7BFB43
:100780009BFB7DFCBCE41BB59E7EBC7683002100F8
:100790000000000000000000000000000000000059
:1007A0000000000000000000000000000000000049
:1007B0000000000000000000000000000000000039
:1007C0000000000000000000000000000000000029
:1007D0000000000000000000000000000000000019
:1007E0000000000000000000000000000000000009
:1007F00000000000000000000000000000000000F9
:1008000000000000000000000000000000000000E8
:1008100000000000000000000000000000000000D8
:1008200000000000000000000000000000000000C8
:1008300000000000000000000000000000000000B8
:1008400000000000000000000000000000000000A8
:10085000000000000000000000002100A20016655A
:10086000DC95D88B18C357DA3AFB5AFB19FB5AFBB5
:100870005AFB3AFB3AFB3AFB1BFB1AFB5AFB59FBB0
:100880001AFB3AFB3AFB39FB39FB38DBF5929C8DBE
:10089000BD3E5E0F7E073E17FE3E9C7596B279F216
:1008A000D9F219FBF8F2F9F2F6D9F7E1BAFAB9FA86
:1008B00098FAB8FA98FA96B21C7D9E461D175D0705
:1008C0005D17DD36FE85368319D33AFB3AFB39FBDB
:1008D00039FB39FB59FB59FB5AFB3AF359F37AFBC5
:1008E00079FB59FB5AFB5AFB7AFBBAF3DAF31DD5B5
:1008F0007E76DD5EA3002100000000000000000005
:1009000000000000000000000000000000000000E7
:1009100000000000000000000000000000000000D7
:1009200000000000000000000000000000000000C7
:1009300000000000000000000000000000000000B7
:1009400000000000000000000000000000000000A7
:100950000000000000000000000000000000000097
:100960000000000000000000000000000000000087
:100970000000000000000000000000000000000077
:100980000000000000000000000000000000000067
:100990000000000000000000000000000000000057
:1009A0000000000000000000000000000000000047
:1009B0000000000000000000000000000000000037
:1009C00000004100820016657B8DD88BF8C2B8E22A
:1009D0001AF33AFB5AFB5AFB3AFB3AFB3AFB3AFB57
:1009E0001AFB3AFB5AF35AF33AFB3AFB3AFB3AFB4F
:1009F0001AFBF8E2B6B2DCAC3C561D275D073E2779
:100A0000BC657BA477C299F2F9F219F3F9F2F9F215
:100A1000D6D917E2D9FA98F2B8F2B8F297F2B6C27C
:100A20003AA47C6D1D275D073D1F7D561C9D17ABAD
:100A3000F8DA1AFB3AFB39FB59F359F339FB39FB66
:100A40005AFB5AFB3AFB3AFB5AF35AFB39FB5AFB67
:100A50005AFBBBFBFBF3FDCC7E6EDD5EA30000000A
:100A60000000000000000000000000000000000086
:100A70000000000000000000000000000000000076
:100A80000000000000000000000000000000000066
:100A90000000000000000000000000000000000056
:100AA0000000000000000000000000000000000046
:100AB0000000000000000000000000000000000036
:100AC0000000000000000000000000000000000026
:100AD0000000000000000000000000000000000016
:100AE0000000000000000000000000000000000006
:100AF00000000000000000000000000000000000F6
:100B000000000000000000000000000000000000E5
:100B100000000000000000000000000000000000D5
:100B20000000000000000000000041008200166587
:100B30009B8DF89379D33AF35AFB3AFB7AFB5AFB35
:100B40005AFB5AFB3AFB3AFB1AFB3AFB5AF35AF3AD
:100B50003AFB3AFB3AFB5AFB3AFBD9EA35C2F69A22
:100B6000B96C7D66DE4E5D5E1884D7AA56D2B8F2A7
:100B700019FBF9F219FBFAFAF6D9F6D9B9F219FB11
:100B80003AFB39FBF8F255CAB6B2767B7E66DE4692
:100B90009E5EFA6C379396C2B8E23AFB3AFB3AFB98
:100BA00039F339F339FB39FB5AFB5AFB5AFB5AFB31
:100BB0003AFB5AFB5AFB7AFB9AFB9AF3BBEBFDCC50
:100BC0005E6EDC66A3000000000000000000000074
:100BD0000000000000000000000000000000000015
:100BE0000000000000000000000000000000000005
:100BF00000000000000000000000000000000000F5
:100C000000000000000000000000000000000000E4
:100C100000000000000000000000000000000000D4
:100C200000000000000000000000000000000000C4
:100C300000000000000000000000000000000000B4
:100C400000000000000000000000000000000000A4
:100C50000000000000000000000000000000000094
:100C60000000000000000000000000000000000084
:100C70000000000000000000000000000000000074
:100C80000000000000000000000000000000000064
:100C900000002100820036659C8D199499CB9BFB46
:100CA0007BFB7AFB7AFB5AFB5AFB3AFB3AFB3AFB9B
:100CB0001AFB3AFB5AFB5AFB3AFB3AFB1AFB1AFBAC
:100CC0001AF35AF33AF397C237AB19A4399C39ACEB
:100CD000F7BA97CA1AF3F9F21AF3F9F2F9F2F8F23D
:100CE00015D236DA3AFB3BFB1AFB1AFB19FB19F358
:100CF00097DAB6BA5AA45A943AA478ABB7C23AEB88
:100D000019FB3AFB39FB19FB3AFB3AFB3AFB3AFB7E
:100D10003AFB3AFB3AFB3AFB3AFB3AFB7AFB9AFB8B
:100D20009AEB9DFC9EFCDCCC5D76DC66A3000000AB
:100D300000000000000000000000000000000000B3
:100D400000000000000000000000000000000000A3
:100D50000000000000000000000000000000000093
:100D60000000000000000000000000000000000083
:100D70000000000000000000000000000000000073
:100D80000000000000000000000000000000000063
:100D90000000000000000000000000000000000053
:100DA0000000000000000000000000000000000043
:100DB0000000000000000000000000000000000033
:100DC0000000000000000000000000000000000023
:100DD0000000000000000000000000000000000013
:100DE0000000000000000000000000000000000003
:100DF00000000000000000000000210082003765B4
:100E0000BC8D399499CBDCFBBBFB9BFB7AFB5AFB7B
:100E10005AF35AF35AFB3AFB3AFB3AFB3AFB5AFBBA
:100E20003AFB3AFB3AFB3AFB3AF35AFB7BFB77DAA5
:100E300056CA76C275BA96CA56D277E27BFB19F3C8
:100E40003AF33AF339F3F8EA15CA36D25AFB5AFBA9
:100E50001AFB5BFB7BFB7BFB37EA36DA96C2B6BA42
:100E600096C276CA56D23AFB1AFB3AFB5AFB5AFB99
:100E70003AFB19FB3AFB3AFB3AFB3AFB39FB39FBED
:100E800059FB5AFB9BFBBBFBBAEBDEFCDEFCFCC454
:100E90005D76DC66A300000000000000000000009A
:100EA0000000000000000000000000000000000042
:100EB0000000000000000000000000000000000032
:100EC0000000000000000000000000000000000022
:100ED0000000000000000000000000000000000012
:100EE0000000000000000000000000000000000002
:100EF00000000000000000000000000000000000F2
:100F000000000000000000000000000000000000E1
:100F100000000000000000000000000000000000D1
:100F200000000000000000000000000000000000C1
:100F300000000000000000000000000000000000B1
:100F400000000000000000000000000000000000A1
:100F50000000000000000000000000000000000091
:100F600000004000820037659C85598CB9CBFBFBA3
:100F70009AFB7AFB59F359F359F37AF35AF35AF37C
:100F80003AFB3AFB3AFB39FB39FB39FB19FB3AFBDD
:100F90005AFB19FB3AFB19F33AF35AF359F339EBBD
:100FA00039F3F8F259FB39FB3AFB7AFB59EB79EB51
:100FB00035CA56D2BAF379EB19F33AFB1AF33AF37E
:100FC0003AFB3AFB7AF359EB5AF35AFB39F37AFBC3
:100FD0005AFBF9F21AFB3AFB3AFB3AFB3AFB3AFBB3
:100FE0003AFB3AFB39FB59FB79FB9AFB9BFB9BFBDA
:100FF000BAF3FBF3FBEB1DCD5D6EDC5EA3000000DE
:1010000000000000000000000000000000000000E0
:1010100000000000000000000000000000000000D0
:1010200000000000000000000000000000000000C0
:1010300000000000000000000000000000000000B0
:1010400000000000000000000000000000000000A0
:101050000000000000000000000000000000000090
:101060000000000000000000000000000000000080
:101070000000000000000000000000000000000070
:101080000000000000000000000000000000000060
:101090000000000000000000000000000000000050
:1010A0000000000000000000000000000000000040
:1010B0000000000000000000000000000000000030
:1010C000000000000000000000004100A200576581
:1010D0009C859B94FAD3DBFB9AFB9AFB9AFB9AF3D1
:1010E00079F359F35AF35AF33AFB3AFB39FB39FBDC
:1010F00039FB39FB3AFB39FB5AFB3AFB3AFB5AFB0B
:101100005BFB3AFB3AFB3AFB7AFB39F319FB5AFBE0
:101110005AFB99E37ACC18AC329AB5AA7BCCFAC3C5
:101120009AF33AFB5BFB3AFB5AFB19FB39FB39FBA1
:1011300059FB39FB3AFB19F35AFB19F33AFB3AFB1B
:101140003AFB5AFB3AFB3AFB3AFB3AFB59FB79FB79
:101150009AFBBAFB9BFB9BFB9AEB3BF41BF41CCD6D
:101160005D6EDC5EA30000000000000000000000D7
:10117000000000000000000000000000000000006F
:10118000000000000000000000000000000000005F
:10119000000000000000000000000000000000004F
:1011A000000000000000000000000000000000003F
:1011B000000000000000000000000000000000002F
:1011C000000000000000000000000000000000001F
:1011D000000000000000000000000000000000000F
:1011E00000000000000000000000000000000000FF
:1011F00000000000000000000000000000000000EF
:1012000000000000000000000000000000000000DE
:1012100000000000000000000000000000000000CE
:1012200000000000000000000000000000000000BE
:101230000000610082005765BC85FCA45BE4FBFBF9
:10124000FBFBFBFBFBFBDBFBBAFB9AFB5AF35AFBFA
:101250003AF33AF33AFB3AFB3AFB3AFB5AFB5AFBB6
:101260005AFB5AFB3AFB3AFB3AFB3AFB3AFB3AF39E
:101270003AF33AF339F37AFB7AFBD8C3FD85584D3C
:10128000A60869291D8E5D9D79CB39FBF9FA1AFBF9
:101290003AFB3AFB39FB59FB59F359F33AFB39FB5B
:1012A0005AFB5AFB3AFB3AFB3AFB5AFB3AFB3AFB36
:1012B0003AFB5AFB7AFB9AFB9AFB9AFB7BFB9BFB64
:1012C00099EB1EFDDEFCDCC45D6EDD5EA30000005C
:1012D000000000000000000000000000000000000E
:1012E00000000000000000000000000000000000FE
:1012F00000000000000000000000000000000000EE
:1013000000000000000000000000000000000000DD
:1013100000000000000000000000000000000000CD
:1013200000000000000000000000000000000000BD
:1013300000000000000000000000000000000000AD
:10134000000000000000000000000000000000009D
:10135000000000000000000000000000000000008D
:10136000000000000000000000000000000000007D
:10137000000000000000000000000000000000006D
:10138000000000000000000000000000000000005D
:101390000000000000000000000061008200375DD6
:1013A0009C851CA57CE4FBFB1BFCFBFBFBFBBBFB4C
:1013B000DBFBDBFB5AFB5AFB5AF35AF35AFB3AFBB3
:1013C0003AFB3AFB3AFB5AFB39F35AFB5AFB3AFB1E
:1013D0003AFB3AFB3AFB3AFB5AF35BFB3AF35AFB14
:1013E000BAFB9AC47C563926A7016B227D669C6D98
:1013F000DAC339FB3AFB3AFB1AFB3AFB5AFB39FBDF
:1014000059FB3AFB3AFB3AFB3AF33AFB3AFB3AFB1D
:101410003AFB5AFB3AFB3AFB3AFB7AFB9AFB9AFB04
:101420009BFB9AFB7BFB9BFBB9EBDEFC9DFCDCCCC6
:101430003D66FD5EA300000000000000000000000B
:10144000000000000000000000000000000000009C
:10145000000000000000000000000000000000008C
:10146000000000000000000000000000000000007C
:10147000000000000000000000000000000000006C
:10148000000000000000000000000000000000005C
:10149000000000000000000000000000000000004C
:1014A000000000000000000000000000000000003C
:1014B000000000000000000000000000000000002C
:1014C000000000000000000000000000000000001C
:1014D000000000000000000000000000000000000C
:1014E00000000000000000000000000000000000FC
:1014F00000000000000000000000000000002000CC
:1015000000006100A200165DBC851DA53BDC1BFC34
:101510001BFC1BFCDBFBDBFBBAF3DBFB9AFB7AFB64
:101520005AF339F35AF33AFB1AFB1AFB1AFB1AFB6C
:101530003AFB5AFB3AFB3AFB3AFB3AFB5BFB19FBE3
:101540003AFB3AF33AF339EB1BFC3DCD7D5EF92DC6
:10155000C8014B227C66BC75FAC339EB39EB79F3D1
:101560005AFB5AFB19FB5AFB1AFB3AFB3AFB3AFBB4
:101570003AFB3AFB3AFB3AFB3AFB3AFB39FB59FBA5
:101580005AFB7AFB9BFB9BFB9BFB9BFB7AFB9BFB2E
:1015900079E3DDFC9DFCDCCC5E6EDD5EA30020000B
:1015A000000000000000000000000000000000003B
:1015B000000000000000000000000000000000002B
:1015C000000000000000000000000000000000001B
:1015D000000000000000000000000000000000000B
:1015E00000000000000000000000000000000000FB
:1015F00000000000000000000000000000000000EB
:1016000000000000000000000000000000000000DA
:1016100000000000000000000000000000000000CA
:1016200000000000000000000000000000000000BA
:1016300000000000000000000000000000000000AA
:10164000000000000000000000000000000000009A
:10165000000000000000000000000000000000008A
:101660000000000000002000210041008200365DE3
:10167000BC851CA59DE4DBF3FBFBFBFBDBFBDBFB81
:10168000DBFBFBFB9BFB9BFB7AFB5AF35AFB3AFB16
:101690001AFB1AFBF9FA3AFB5AFB3AF33AFB5AFBEC
:1016A0003AFB1AFBF9FA3AFB3AFB5AFB39EB1CFC02
:1016B0005CFC1CC55D56D82D88012B1ABD6EBB7510
:1016C000B8BB5DFC5CFC38EB39F35AFB3AFB1AFB08
:1016D0003BFBFAFA3AFB3AFB1AFB3AFB3AFB3AFBC2
:1016E0003AFB5AFB7AFB7AFB7AFB9BFB9BFB9BF357
:1016F0009BFB9BFB7AFB9AFBB9EBDEFC7DFCFDCCF4
:101700003D66DD5EA3000000000000000000000058
:1017100000000000000000000000000000000000C9
:1017200000000000000000000000000000000000B9
:1017300000000000000000000000000000000000A9
:101740000000000000000000000000000000000099
:101750000000000000000000000000000000000089
:101760000000000000000000000000000000000079
:101770000000000000000000000000000000000069
:101780000000000000000000000000000000000059
:101790000000000000000000000000000000000049
:1017A0000000000000000000000000000000000039
:1017B0000000000000000000000000000000000029
:1017C00000000000000000000000000020000000F9
:1017D000000041008200365DFB7D5C9D3BD41CFC1B
:1017E000FCFBDBFBFBFBDBFBFCFBFCFB7AF39BFB6F
:1017F0007BFB5AFB5AF35AF33AFB3AFB3AFB5AFB90
:101800003AFB5AFB5AFB3AFB3AFB1AFB5AFBF8FA33
:1018100039FB39F379EB7CFC5CFC1CC55D5E193649
:1018200087014B227C66BB7577B3FFFC9EFC18EBEF
:1018300039F319FB1AFB1AFB3BFB3AFB3AFB3AFB69
:101840001AFB1AFB3AFB5AFB5AFB7AFB9AFB9AFBF0
:101850007AFB9BFB9BF39BF39BFB9BFBBBFB99EBFB
:10186000B9EB9DFC7DFCDCCC3D6E1D67A300000048
:101870000000000000000000000000000000000068
:101880000000000000000000000000000000000058
:101890000000000000000000000000000000000048
:1018A0000000000000000000000000000000000038
:1018B0000000000000000000000000000000000028
:1018C0000000000000000000000000000000000018
:1018D0000000000000000000000000000000000008
:1018E00000000000000000000000000000000000F8
:1018F00000000000000000000000000000000000E8
:1019000000000000000000000000000000000000D7
:1019100000000000000000000000000000000000C7
:1019200000000000000000000000000000000000B7
:101930000000000000000000000041008200566D21
:101940003B7E5B8DBCD4FBEB1CFC1CFCDAFB1BFC64
:10195000FCFBFCFB9AFB9AFB9BFB7AFB7AF35AF3AA
:101960005AFB3AFB3AFB5AFB39F35AFB5AFB19FB79
:101970003AFB3AFB18F338F359F3BAFBBDFC9CF47D
:10198000BCEC3CBD5C6ED84D46012A2A5B7E7A8554
:10199000F9CBF8E238E358EB5AF339F31AFB3AFB88
:1019A0001AFB3AFB3AF33AF31AFB19FB3AFB5AFBE0
:1019B0007AFB9AFB9AFB7AFB7AFB7BFB9BFB9BFBFC
:1019C0009BF3BBF3BAF33CFCDEFC9DF4BDEC3CBDE9
:1019D0005C76BB6E8200000000000000000000008A
:1019E00000000000000000000000000000000000F7
:1019F00000000000000000000000000000000000E7
:101A000000000000000000000000000000000000D6
:101A100000000000000000000000000000000000C6
:101A200000000000000000000000000000000000B6
:101A300000000000000000000000000000000000A6
:101A40000000000000000000000000000000000096
:101A50000000000000000000000000000000000086
:101A60000000000000000000000000000000000076
:101A70000000000000000000000000000000000066
:101A80000000000000000000000000000000000056
:101A90000000000000000000000000000000210025
:101AA0000000000061008F3B1234DC8DBBC43CE4BD
:101AB0001CF4FBF3FBFBFAFBFBFBFBFBDBFBDBFBA5
:101AC000BBFBBBFBBBFB7AFB39FB39FB19FB5AFBAE
:101AD0005AFB5AFB3AFB3AFB3AFB39F35BFC3AF40C
:101AE0001BFC1BF47CF4DDE4FCC4DDB53354F04393
:101AF0006621E831D47C358C78C359E359E35DFC29
:101B00009AFBF8F25AFB19FB3AFB7AFB5AF35AF3A9
:101B10005AF35AFB5AFB7AFB9BFB9BFB9AF39AFB0B
:101B20007AFB7BFB7BFB9BFB9BF3BAF3B9EB3BFCA8
:101B3000FEFC9CDC3CBDFDADD6649354420000002D
:101B40000000000000000000000000000000000095
:101B50000000000000000000000000000000000085
:101B60000000000000000000000000000000000075
:101B70000000000000000000000000000000000065
:101B80000000000000000000000000000000000055
:101B90000000000000000000000000000000000045
:101BA0000000000000000000000000000000000035
:101BB0000000000000000000000000000000000025
:101BC0000000000000000000000000000000000015
:101BD0000000000000000000000000000000000005
:101BE00000000000000000000000000000000000F5
:101BF00000000000000000000000000000000000E5
:101C00000000000000000000000000002100820031
:101C1000A4001C8E3CB55BCC3CECFBF33BFCDAF344
:101C2000FBFBFBFB1BFCFBFBFBFBFBFBFBFB9AFB44
:101C300039FB39FB19FB39FB3AFB3AFB1AFB1AFB60
:101C400019FB59F31EFDDCF4BDFC9CF4BDE43DCD55
:101C5000BCB5799566116421A63985314521917B02
:101C60009BCCBACB79DB7FFDBBFB59F3F7E238EBBA
:101C70009AFB59FB7AFB7AFB7AFB7AFB5AFB7BFBDC
:101C80009BFB9BFB9BF39AF37AFB7AFB7BFB7AFB38
:101C90009AF39AF3B9EB3BF4DEFC1DD59CA5FC95B9
:101CA000EA114200210000000000000000000000D6
:101CB0000000000000000000000000000000000024
:101CC0000000000000000000000000000000000014
:101CD0000000000000000000000000000000000004
:101CE00000000000000000000000000000000000F4
:101CF00000000000000000000000000000000000E4
:101D000000000000000000000000000000000000D3
:101D100000000000000000000000000000000000C3
:101D200000000000000000000000000000000000B3
:101D300000000000000000000000000000000000A3
:101D40000000000000000000000000000000000093
:101D50000000000000000000000000000000000083
:101D60000000000000000000000000000000200053
:101D70000000000020002100A4003B8EBC9D5AA45E
:101D80005CE4FCFBFAF31BFCDBFBFCFBFBFBFBFB5F
:101D9000FBFBFBFBFBFBDBFB9AFB7AFB5AFB19F320
:101DA00039FB39FB3AFB5AF359F3BBF37DFC7CF466
:101DB0007CF4DCE41CBD7BA5FB952501C6316339B1
:101DC0006449C549C531F06B9BAD199C79C3D8DA1C
:101DD00019F318EBFEFC5BF478F399FB7AFB7AFBC2
:101DE0007BFB7BFB7AFB9BFB9BFB9AFB9BFB7BFBC5
:101DF0007AFB7AFB7AFB7AF37AFB9AF3BCFCDDFC84
:101E0000DDEC3DC5FD9D1B8E6B2A210020000000EE
:101E100000000000000000000000000000000000C2
:101E200000000000000000000000000000000000B2
:101E300000000000000000000000000000000000A2
:101E40000000000000000000000000000000000092
:101E50000000000000000000000000000000000082
:101E60000000000000000000000000000000000072
:101E70000000000000000000000000000000000062
:101E80000000000000000000000000000000000052
:101E90000000000000000000000000000000000042
:101EA0000000000000000000000000000000000032
:101EB0000000000000000000000000000000000022
:101EC0000000000000000000000000000000000012
:101ED00000000000000000000000000000004100C1
:101EE00042008C22503B9CAD5BDCFBF3FAF3FAF32F
:101EF000FBFBDBFBDAFBFBFB1BFCFBF3DBFBDAFB9B
:101F0000BAFBBAFB7AF339F359FB19F359F3BBFB6C
:101F1000DBF33CFC5DFCBEFCBDEC1CCDDDAD345CFC
:101F20006F43E7218441A4598459A451C539CA4A51
:101F3000704BF9947BC49AD339EB79F39FFD1AEC7B
:101F400099F379FB7AFB7AFB7BFB7AFB7AFB9AFBB2
:101F50009AFB9AF37BF37BFB7AFB9AFB9AF39AF357
:101F6000BAFBDAFBDDFCFDEC3DD51BA5355CA90118
:101F7000A30000002000000000000000000000009E
:101F80000000000000000000000000000000000051
:101F90000000000000000000000000000000000041
:101FA0000000000000000000000000000000000031
:101FB0000000000000000000000000000000000021
:101FC0000000000000000000000000000000000011
:101FD0000000000000000000000000000000000001
:101FE00000000000000000000000000000000000F1
:101FF00000000000000000000000000000000000E1
:1020000000000000000000000000000000000000D0
:1020100000000000000000000000000000000000C0
:1020200000000100000000000000000000000000AF
:1020300000000000000000000000000000000000A0
:102040000000000000002100210042006B12DBA50F
:102050007BD41BF41BF4FBFBFCFBDBFBDBFBFBFB84
:10206000FBF3DBF3DBFBDBFBBBFBDBFBBBFB79EB62
:1020700039EB39EB18DBDEFCBEFC7DFC9DFC9CECF7
:10208000FCC4BCAD1B962D2BA621A54164518561D6
:1020900084618461A55185398519D9A59DB5989B21
:1020A0007ADB5AF339EB59EB79EB59EB9BF35AF3A3
:1020B0009BFB5AFB9BFB9BFB9BFB7AF37BFB7BFB1A
:1020C0009BF37AF39AF37AEB3CFCBDFCDDFCDBD4AA
:1020D0003AA51DA6714B6200200000002000000000
:1020E00000000000000000000000000000000000F0
:1020F0000000200000002000200000000000000080
:1021000000000000000000000000000000000000CF
:1021100000000000000000000000000000000000BF
:1021200000000000000000000000000000000000AF
:10213000000000000000000000000000000000009F
:10214000000000000000000000000000000000008F
:10215000000000000000000000000000000000007F
:10216000000000000000000000000000000000006F
:10217000000000000000000000000000000000005F
:10218000000000000000000000000000000000004F
:10219000000000000000000000000000000000003F
:1021A000000000000000000000000000000000002F
:1021B00000004100A30027091BC55BDCFAE3FBFB21
:1021C000BBF3FCFBDBFBFBFBFBF31BFCDBFBFBFBCD
:1021D000DAF3DAF33CFC5CFC5CFC5CFCFBF37DFCBE
:1021E0009DFC7CF4BCEC3DD55BA5387DE909281A43
:1021F000A539845184614361646184616459C65125
:10220000E539082A0C227CAD3AC49ADB39E35AEB53
:10221000BEFC7DFC5AEB9AF37AFB7AFBBBFB9BF38B
:102220009AF39AF37AF37AF3BBF3BBF37AEB7DFC80
:102230009DFCBDF4DCD43BBD3DA64701C50021009B
:10224000000020002000200000000000000000002E
:1022500000000000210000000000000020004000FD
:102260000000E2288120A120223103290008000873
:10227000000000000000200000000000000000003E
:10228000000000000000000000000000000000004E
:10229000000000000000000000000000000000003E
:1022A000000000000000000000000000000000002E
:1022B000000000000000000000000000000000001E
:1022C000000000000000000000000000000000000E
:1022D00000000000000000000000000000000000FE
:1022E00000000000000000000000000000000000EE
:1022F00000000000000000000000000000000000DE
:1023000000000000000000000000000001000100CB
:1023100000000000200020000000210041004300D8
:10232000BCA5FCAC3BE4FCFBBBFBBBFBDBFBDBF37E
:10233000DAF3DBF3BAF3DAF3DAEBDAE3DDFCFEFC33
:10234000FEFCDDFC9CFC7CF47CFCBCEC5DC53A95A1
:102350005C9677758300C7396441C5596359A46198
:10236000A4598459A5618451C5498529E7111A9E4C
:10237000199DF8ABBADB39E37FFD1EFD78E378EBFE
:1023800079F318EB9BFB9AF379E399EB79EB7AEB12
:1023900059EB9AF3B9EBFEFCBEFCDDE45CB5FCA5A1
:1023A0009CA6A300210021000000000020002000C6
:1023B000000000000000000000000000000001001C
:1023C0002100000000000000001084516351635997
:1023D000C459E55920102110010800000000000038
:1023E00000000000000000000000000000000000ED
:1023F00000000000000000000000000000000000DD
:1024000000000000000000000000000000000000CC
:1024100000000000000000000000000000000000BC
:1024200000000000000000000000000000000000AC
:10243000000000000000000000000000000000009C
:10244000000000000000000000000000000000008C
:10245000000000000000000000000000000000007C
:10246000000000000000000000000000000000006C
:102470000000000001000100010000002000200019
:102480000000000020002200176D5B953AC4FBE3BA
:10249000FCF3DBFBDBF3DBF33CFC5DFCBDFC9DFCF8
:1024A0009DFC7CFC9CF4BCF49CF49CF49CFCDDF452
:1024B000DCE43CCD7C9D5D96E500A20045296541AC
:1024C000A5518459A461A461845984598459A46193
:1024D000A5598541C521C300325C7BA57BC4FAD3D5
:1024E00078D399E3B8EBBDFC7DFC9EFC7AF37AF3DC
:1024F0007DFCBDFC9EFC7EFC9DFC3CFC7DFC5CF4FC
:10250000BCE41CC5DB9D6C1A830041002100000067
:10251000000000002000200000000000000020005B
:10252000200000000000000000000000A220C230D7
:102530000020B3E571E510DD76FEAFC4401804213C
:10254000000000000000000000000000000000008B
:10255000000000000000000000000000000000007B
:10256000000000000000000000000000000000006B
:10257000000000000000000000000000000000005B
:10258000000000000000000000000000000000004B
:10259000000000000000000000000000000000003B
:1025A000000000000000000000000000000000002B
:1025B000000000000000000000000000000000001B
:1025C000000000000000000000000000000000000B
:1025D00000000000000020000000000000000000DB
:1025E000000000002000200000000000200021006A
:1025F00056757A851BA59CCC1BE4DBF3DBF3DBF380
:102600005CFC7DFCDEFCBDFCBDFC7CFC9CFC9CF40D
:102610009DFC9DFC7DFCBDE45DBDBC95B9755A8EED
:10262000C40024112329A549A459846164618461EB
:10263000A461C4618259A361846165516439A200B7
:10264000525C99857B9D7AACDADB59EB79EBBEFC69
:102650009EFCDFFC7AF35AEB5DFCBFFC9EFC9EFC0B
:102660007DFCBEFC7DFC9CE41BB5DC9DFA8DED2A57
:1026700021002100000020000000000020002000B8
:10268000000000000000000000000000000800083A
:1026900000000008A13060386040C692A59A85927B
:1026A0006592A78A8020032100002000000000001E
:1026B000000000000000000000000000000000001A
:1026C000000000000000000000000000000000000A
:1026D00000000000000000000000000000000000FA
:1026E00000000000000000000000000000000000EA
:1026F00000000000000000000000000000000000DA
:1027000000000000000000000000000000000000C9
:1027100000000000000000000000000000000000B9
:1027200000000000000000000000000000000000A9
:102730000000000000000000000000000000200079
:102740000000000000000000000000000000000089
:10275000000000002000610062008400BB9D5CA5B9
:102760003DCDFDDCFDDCFDDCFDD41DD5FCCCFCCC81
:10277000FDD4FDD41DCD3DD51DD5FCD4DDD4FCBC90
:102780007B951B86A4008200C308A220C130835120
:10279000845984618461846143598461C36983611C
:1027A0006461A56103392421A20062000E2BBB9D48
:1027B000BBBCFAC33ACCF9BB1ABCF9B39CD49CD4C9
:1027C0003BC41AC45BCC5BCC3AC43AC49CCC9AB42C
:1027D0009B9D5775830041002100000000002000F0
:1027E0002000000000002000000000002000200069
:1027F000000020082010C228032960208BA311E5C7
:1028000051EDC6A2A59AA5A285A2E89A601803195F
:102810004000000000000000000000000000000078
:1028200000000000000000000000000000000000A8
:102830000000000000000000000000000000000098
:102840000000000000000000000000000000000088
:102850000000000000000000000000000000000078
:102860000000000000000000000000000000000068
:102870000000000000000000000000000000000058
:102880000000000000000000000000000000000048
:102890000000000800000000000000000000000030
:1028A00000000000000000000000000020002000E8
:1028B00000000000000000000000000000002100F7
:1028C00021008300D67439753E8E3F8E3E8E5E8E1B
:1028D0003E865E861E863E86FE851E863E7E3E8641
:1028E0003D861D865D8E7E96955C745C420041003F
:1028F0008210612042518AA383618459846184617A
:102900008561846183618261A46985594439C318F2
:10291000620042006A22335439757C7D9B7DDC7DE8
:10292000DC7DFD7D1D86DD7DBD7DFE85BC751E7E4D
:10293000DD7DDE85FD85FC8D745CB04B4100410082
:102940002100000000000000000000000000000066
:10295000000000000000000000006110A1208C8B2E
:10296000C77A657A69ABECC30CCCA6A2C5A285A2D6
:10297000A6AAE89A402003210000200000000000E1
:102980000000000000000000000000000000000047
:102990000000000000000000000000000000000037
:1029A0000000000000000000000000000000000027
:1029B0000000000000000000000000000000000017
:1029C0000000000000000000000000000000000007
:1029D00000000000000000000000000000000000F7
:1029E00000000000000000000000000000000000E7
:1029F00000000000000000000000000800000000CF
:102A00000000000020002000000000000000000086
:102A1000000000002000200000000000000800006E
:102A200000000000010800002000410042004F2B80
:102A30007C7E7C6E7C769C769C6E7C6E7D767D76D4
:102A40007D6E9E769D6E9D6E7C6E7C767B769B8683
:102A500047014300210000006110C130E0506DCCFF
:102A6000A361A359A4618461646184618369A369DA
:102A70008361C5590331E3208210210041006300C6
:102A8000F6547D76BD7E7C6E9D767C6EBC6E9C6EB3
:102A90009D767C6E9D6E7C6E9D767D767C7E9C8E1A
:102AA000E50042004100410000000000000000007D
:102AB000000000000000000000080000000000000E
:102AC00000006020224119FF2FDDB1FDAABB459215
:102AD00009A329A328A348AB29AB4AA3C1282321D2
:102AE00000000000000000000000000000000000E6
:102AF00000000000000000000000000000000000D6
:102B000000000000000000000000000000000000C5
:102B100000000000000000000000000000000000B5
:102B200000000000000000000000000000000000A5
:102B30000000000000000000000000000000000095
:102B40000000000000000000000000000000000085
:102B50000000000000000000000000000000000075
:102B60000000000000000100000000000000200044
:102B70000000000020000000010000000000000034
:102B80000008000800000000000000000100000034
:102B9000200020004100E4088711A709A709A70920
:102BA000C709C709A809A809A809A809C911880956
:102BB000A809A8098709A8116300210021000000C5
:102BC000611881280051CECC8361A46121614261EA
:102BD00063618361A469A4618361C5610439E428E8
:102BE00061100000200021004609A8118809A809E9
:102BF000A801A801A809A709A709A709A709C70942
:102C0000A709A709A811A819830001000100000065
:102C10000000000000002000000000000100000093
:102C20000000A320A220C3284020D1CCCFD4859A75
:102C3000E6A2E6AAA59A089B8038E238E13801416D
:102C4000C1400239200840000000000000000000E0
:102C50000000000000000000000000000000000074
:102C60000000000000000000000000000000000064
:102C70000000000000000000000000000000000054
:102C80000000000000000000000000000000000044
:102C90000000000000000000000000000000000034
:102CA0000000000000000000000000000000000024
:102CB0000000000000000000000000000000000014
:102CC00000000000000000000108000020000000DB
:102CD00020006000600020006000400040004000D4
:102CE0002000200020004000000020000000000024
:102CF0002000000001000000200020000000200053
:102D00002000200020002000400040004100210061
:102D1000210021002100210021002100200041008C
:102D200000002100000020086118C1282149EBABF8
:102D3000C361415929AB869AC79AA369C47183615B
:102D4000C469A4590339E3284110000000000000C1
:102D500021000100010001000100210021002000EC
:102D60002000200020002000200020000000210082
:102D70000100010001000000000020002000000010
:102D800000000000410861100008E330E6590662C7
:102D900002516ED48DDC649A859AE6A2858A877A80
:102DA0008128A220E220C220C128C12020002000CA
:102DB0000000000000000000000000000000000013
:102DC0000000000000000000000000000000000003
:102DD00000000000000000000000000000000000F3
:102DE00000000000000000000000000000000000E3
:102DF00000000000000000000000000000000000D3
:102E000000000000000000000000000000000000C2
:102E100000000000000000000000000000000000B2
:102E200000000000000000000000000000000000A2
:102E300000000000600060008000C000A000A00052
:102E40008000A00080008000800080008000800062
:102E500080008000200040000000200000000000F2
:102E600020002000200000000000000000002000E2
:102E7000200021002100210021000100000021008C
:102E800020002000200000000000000021080000B9
:102E90006210A2200141E78A8261216148B3A5A2A4
:102EA000649207A3C37962616359E6610339C32859
:102EB0004110000000002000200000000000000081
:102EC0000100010000000000000000000000000000
:102ED0002000200020000000000001000100000090
:102EE0000000000000000000000000088120001821
:102EF0000020AC9B93E5B7FECFE4669A659248ABA1
:102F000069AB49A30562C128601000000000000001
:102F100000000008000000000000000000000000A9
:102F200000000000000000000000000000000000A1
:102F30000000000000000000000000000000000091
:102F40000000000000000000000000000000000081
:102F50000000000000000000000000000000000071
:102F60000000000000000000000000000000000061
:102F70000000000000000000000000000000000051
:102F80000000000000000000000000000000000041
:102F900000000000000000000000200080008C54B1
:102FA0002C45EA2C0B3D692C2B3DE934872C6B45D5
:102FB00048242C45CA34892C0B3D0D4D600000007F
:102FC0002000400000000000000000000000210080
:102FD000210000000000010021002100200020004D
:102FE0002000200000002000000000002000000061
:102FF0000000000021000000E420E3308351F3F5DD
:10300000658A4492A6A2C5A2A49A859A85928692C0
:10301000A88A8138C22820080008000000000000AB
:103020000000200000000000000000000000000080
:103030000000000000000000200020002000000030
:103040000008000800002000200000004010A2201E
:10305000C2208128D1C44EBCAECC8AABC6A2E7AA9E
:1030600008B3E7A2047AC040E0482249E230A11840
:1030700000000000210020002000000000000000EF
:103080000000000000000000000000000000000040
:103090000000000000000000000000000000000030
:1030A0000000000000000000000000000000000020
:1030B0000000000000000000000000000000000010
:1030C0000000000000000000000000000000000000
:1030D00000000000000000000000000000000000F0
:1030E00000000000000000000000000000000000E0
:1030F00000000000000000000000000000000000D0
:1031000000008000E000D16E0A26AB26ED36E915FE
:103110004E3FAA1E68166C3FC70D2C3F8A2E491ED3
:103120002D374D3EC00000000000000000000000F0
:10313000000000000000000000000000000000008F
:10314000000000000000000000000000000000007F
:103150002000000020000000010021000100010803
:10316000043160288259D6FE859AA5A2859AA59A2F
:10317000859AA59A859A8592E89A8030032900005D
:1031800000002000200000000000000000000000FF
:103190002000000000000000000000000008000007
:1031A000000000000000000000000000000000001F
:1031B000200000086020A1306028A04014FE92FD8D
:1031C00013FEA9BB849AA69AE371C46183410231BC
:1031D0000231E228E328A2180008000001002100C3
:1031E00000000000000001000000000000000000DE
:1031F00000000000000000000000000000000000CF
:1032000000000000000000000000000000000000BE
:1032100000000000000000000000000000000000AE
:10322000000000000000000000000000000000009E
:10323000000000000000000000000000000000008E
:10324000000000000000000000000000000000007E
:10325000000000000000000000000000000000006E
:10326000000000000000000020006000E000CB3DF6
:10327000E80DEB26CD3E6D36EE3ECC36EB36EB362A
:103280008B36ED466B36AC3EAC36EF562001A000D7
:10329000800020000000000000000000200000006E
:1032A000000000000000000000000000000000001E
:1032B00000000000000000002000000020000000CE
:1032C00000000000252904298128E98AF4F5C27943
:1032D0006492449AA5A28592A59AC59AA49AA592A9
:1032E000089BE140242900000000000000000000CD
:1032F000200000000100210020002000000000004C
:103300000000000000080000000020002000200055
:103310000000000000000000000840180A8BF5EDD6
:1033200035F631E5C3812492A59227A349ABABB30F
:10333000E040E130601000000000000000000000EC
:1033400000000000010041002000200000000100FA
:10335000000000000000000000000000000000006D
:10336000000000000000000000000000000000005D
:10337000000000000000000000000000000000004D
:10338000000000000000000000000000000000003D
:10339000000000000000000000000000000000002D
:1033A000000000000000000000000000000000001D
:1033B000000000000000000000000000000000000D
:1033C00000000000000000000000000000000000FD
:1033D0002100600000014F5EAE46E4032001C00002
:1033E000C000E0002001E0000001E000C00000019A
:1033F000E0000001AD4EAD56093C60002000200009
:10340000000000000000000000002000000000009C
:1034100000000000000000000000000000000000AC
:103420000000000000000000000020002429000827
:10343000B7FEB7FEB3FDC3810FED4CD46492A59ADD
:10344000A59AA59A8392C59A0893A038C32800002C
:10345000200020000000000020000000010001000A
:10346000000000000000000000000000000000005C
:10347000200020000000000000008210C3208120F6
:103480000018ACA34ECC92FD28AB68B3C6A248ABE3
:103490000041013903410441401840102008000058
:1034A00020000000210021000000000000000000BA
:1034B000000000000000010000000000000000000B
:1034C00000000000000000000000000000000000FC
:1034D00000000000000000000000000000000000EC
:1034E00000000000000000000000000000000000DC
:1034F00000000000000000000000000000000000CC
:1035000000000000000000000000000000000000BB
:1035100000000000000000000000000000000000AB
:10352000000000000000000000000000000000009B
:10353000000000000000000000006000C000906675
:103540004D464403600001000100010000004000FE
:10355000200001002100200000008000EF5E8C466A
:103560000624A000400040002000000000000000F1
:10357000000000000000000000000000000000004B
:10358000000000000000000000000000200000001B
:1035900000000000E3204018AFC46DCC458A45927E
:1035A000EFEC2CD46592A59A8492C49AA49AA49222
:1035B0002893A030C2280000000020000000000076
:1035C00000000000010000000000000020000000DA
:1035D00000000000000000000000200001002108A1
:1035E00000088118A130A13840306FCCAFE4CFEC97
:1035F0006492C69AC69A4993C0280329E4280529EB
:103600002008000000000000000001002100000070
:103610000000000000000000000800080000010099
:103620000100000000000000000000000000000099
:10363000000000000000000000000000000000008A
:10364000000000000000000000000000000000007A
:10365000000000000000000000000000000000006A
:10366000000000000000000000000000000000005A
:10367000000000000000000000000000000000004A
:10368000000000000000000000000000000000003A
:10369000000000000000000000000000000000002A
:1036A00000004000E000AD4DEC3D23036000220827
:1036B00000002000000020000000000000000100C9
:1036C0000000200003122102A50B682CC62A40002E
:1036D0002000000021000000000020000000000089
:1036E00000000000000000000000000000000000DA
:1036F000200000000000200000000000042920201D
:1037000049A348B38592A69AC7AA28B3649AA5A2EA
:10371000A49AA49AA49AC59A2993A030E2280000FA
:103720000000000000002000000000000100000078
:103730000000000000000000000000000000000089
:10374000000000000008043181288C9356FE96FE8C
:1037500018FF86924592459207A3089B002081207E
:1037600061100000000000000000000000000100E7
:103770000100010001002000000001000100000024
:103780000000000000002000000000000000000019
:103790000000000000000000000000000000000029
:1037A0000000000000000000000000000000000019
:1037B0000000000000000000000000000000000009
:1037C00000000000000000000000000000000000F9
:1037D00000000000000000000000000000000000E9
:1037E00000000000000000000000000000000000D9
:1037F00000000000000000000000000000000000C9
:10380000000000000000400000008000E000EE55D5
:103810006D4644036000010020000000200000000D
:1038200020000000000000000000200020006000D8
:10383000240BCD5D6523A0002000000000000000E7
:103840000000000000000000000000000000000078
:103850000000000000000000000000000000000068
:103860000000010004292020ECC3CACB6492A59A71
:1038700069C369CB449AA5A2A59A47ABC5A2869213
:103880006772602081180000000000000000210025
:103890000000000000000000000000000000000028
:1038A0002000200061088110411041184020A972B9
:1038B000C5696AA32CC46DCCCEDCC6924582E47186
:1038C000E47105628120C318610800000000000057
:1038D00000002000000001000000210000000000A6
:1038E00001000000000000000000200000000000B7
:1038F00000000000000000000000000000000000C8
:1039000000000000000000000000000000000000B7
:1039100000000000000000000000000000000000A7
:103920000000000000000000000000000000000097
:103930000000000000000000000000000000000087
:103940000000000000000000000000000000000077
:103950000000000000000000000000000000000067
:103960000000000000000000000000000000000057
:1039700000006000E000705EF0562303600000006D
:1039800020002000000021000000000020000000B6
:103990000000200020004000E311C833672C272CD2
:1039A00001010000000000002000200000000000D5
:1039B0000000000000000000000000000000000007
:1039C000000000002000200000002108E420001872
:1039D000EFE48CE4859A859A68C389CB449AA59ACA
:1039E000859234FE89BB25826028000020000000FB
:1039F00001000100000021000000000000000000A4
:103A0000200000002000000020000000C3206441CE
:103A100000182028203014F614FEEBC3648AA59207
:103A2000A58A69A305626028C12803290000000057
:103A30000000000000000000000000002000000066
:103A40000000000000000000000000002100000055
:103A50000000000000002000000020000000000026
:103A60000000000000000000000000000000000056
:103A70000000000000000000000000000000000046
:103A80000000000000000000000000000000000036
:103A90000000000000000000000000000000000026
:103AA0000000000000000000000000000000000016
:103AB0000000000000000000000000000000000006
:103AC00000000000000000000000000000000000F6
:103AD000000000000000000001006000E0000E4E49
:103AE0004D364203C0006000A0008000600060000E
:103AF00060006000800040004000000020002000C6
:103B00004000800083134E662001400080002000AA
:103B100000000000000000000000000000000000A5
:103B20000000000000000000000000000000000095
:103B30000000000004210018CFDC8DE4649A649A30
:103B4000ADEC44A2849AC59A448AD7FE08AB66823B
:103B5000C228000001000100010000000000000078
:103B60000000000000002000000000000000000035
:103B700000000000C228A13073DDD0CC2CC4A69A6E
:103B8000E7A207A3E69A289B6159E040802820100D
:103B90004008200800000000000020002000200055
:103BA00000002000000020002000000000000008AD
:103BB00000082008000800080000200000000000A5
:103BC00000000000000000000000000000000000F5
:103BD00000002000000000000000000000000000C5
:103BE00000000000000000000000000000000000D5
:103BF00000000000000000000000000000000000C5
:103C000000000000000000000000000000000000B4
:103C100000000000000000000000000000000000A4
:103C20000000000000000000000000000000000094
:103C30000000000000000000000000000000000084
:103C40000000800000012D4E6B368404A00240026B
:103C500060026102610282024002610261020202AC
:103C6000200000004000400000006000662B8C5DDA
:103C7000800241020001A1002000000000000000BD
:103C80000000000000000000000000000000000034
:103C900000000000000000000000200024210010AF
:103CA00010E52CDC238A859AEEEC64A2A5A2A59AE5
:103CB0008692F7FEC7A24682C230000000000100D3
:103CC00000000000000000000000000000000000F4
:103CD000000000002008000800000008602880386C
:103CE00075FE50EDEEE4859AC79A289BE98A8C9B75
:103CF00084490231C22000002108000000000000B9
:103D000000000000000000000000000000000000B3
:103D100000000000200020080008202000200020D3
:103D2000000800000000210020000000000000004A
:103D30000000000000000000000000000000000083
:103D40000000000000000000000000000000000073
:103D50000000000000000000000000000000000063
:103D60000000000000000000000000000000000053
:103D70000000000000000000000000000000000043
:103D80000000000000000000000000000000000033
:103D90000000000000000000000000000000000023
:103DA000000000000000000001006000E000AF5EC5
:103DB0008B368B2ECD56AA3DCF56AF56CC3DF066F6
:103DC0000C46AF5E8E560F668000600040002000FB
:103DD000210020008000C000AC5DED5D4202E309DF
:103DE00020000000000000000000000000000000B3
:103DF00000000000000000000000000000000000C3
:103E00000000000003210018AFDC6DE444926492CE
:103E10004BDC639A84A2A69A86924DCCE7A2257ABF
:103E2000E230200800000000000000002000000038
:103E30000000000020000000400800002431A228FB
:103E4000A228001873DD72E5037A8592A69A07A36B
:103E500005720020602861200008000000000000BA
:103E600021000000000000000000000020002100F0
:103E700021000000210000000000400000000008B8
:103E8000C03831DD8FCC267A0010000021000100FF
:103E90000000000000000000200000000000000002
:103EA0000000000000000000000000000000000012
:103EB0000000000000000000000000000000000002
:103EC00000000000000000000000000000000000F2
:103ED00000000000000000000000000000000000E2
:103EE00000000000000000000000000000000000D2
:103EF00000000000000000000000000000000000C2
:103F000000000000000000000000000000000000B1
:103F10000000400000012D4E8815AB364C460C4E7B
:103F2000D066EC454E4EB05E8B3DD05E4E4E2E566A
:103F3000E000A000400040000000200040006000C1
:103F4000294488348624440B6000210000000000CE
:103F50000000000000002000000000000000000041
:103F600000000000000000002000000820180028C9
:103F700028ABC6AA859AC281EEEC64A285A285927E
:103F8000C79A92F5A79A467A2339000800000000E4
:103F90000000000020000000000000000000000001
:103FA000000000080018E6610A93089BAAB3EAC360
:103FB000C69A047A05724672844961208218A21852
:103FC0002008000020000000000021000000000088
:103FD00000000000000000002000010000000000C0
:103FE000200000000010C140ECC3A69A08ABC471C9
:103FF000001020000100010001000000000000008E
:1040000000000000010000000000000000000000AF
:1040100000000000000000000000000000000000A0
:104020000000000000000000000000000000000090
:104030000000000000000000000000000000000080
:104040000000000000000000000000000000000070
:104050000000000000000000000000000000000060
:104060000000000000000000000000000000000050
:10407000000000000000000000006000E000EC45CF
:104080000A2E230440020002C001000200020002C6
:104090002102E0010002A102AC4DCE65E00040002B
:1040A0002000000020004000800040016D5E0935C6
:1040B000A000200000000000000000000000200020
:1040C0000000000000000000000000000000610887
:1040D000E320A120D4DDCBB369B3C6AA28B350F541
:1040E000C5AA85A2859AA59A869259FF099B467A08
:1040F000E23000000000200000000000000000008E
:10410000000800008218C328C2280020B0C44EC492
:104110002CCC4CCCC69AA69249A360388030C228D9
:1041200082180000000000002000000000000000D5
:10413000000000000000000000000000000000007F
:1041400000002100210000000008001884610AA37B
:104150004AB3CCC3ECBB467200082000010001004A
:10416000010000000000000000000000010000004D
:10417000000000000000000000000000000000003F
:10418000000000000000000000000000000000002F
:10419000000000000000000000000000000000001F
:1041A000000000000000000000000000000000000F
:1041B00000000000000000000000000000000000FF
:1041C00000000000000000000000000000000000EF
:1041D00000000000000000000000000000000000DF
:1041E00000006000E0004E56EF564203C000600041
:1041F00060006000800080004000600060002001DE
:104200000C4E4C4E000160002000000021002000F8
:10421000400000016D55C934441302024000000003
:10422000000021002000000020000000000000002D
:104230000000210001004108E320802855FE2BCC1E
:10424000E7AA449AC6A2AAC3649AA5A2859AA59A87
:10425000E79A35FE2A9B276AE2282000200000000A
:10426000000000000000410800082010A22823419F
:10427000E14860408EDC69BB649AA59AC68AC88210
:104280002A83601820084108210000000000000077
:1042900000002008000000000100200000000000D5
:1042A00020000000000000000000000000000008E6
:1042B0002020E2488BBBCBBB225100180010000825
:1042C00000002000000000000000000000000000CE
:1042D00000000000000000000000000000000000DE
:1042E00000000000000000000000000000000000CE
:1042F00000000000000000000000000000000000BE
:1043000000000000000000000000000000000000AD
:10431000000000000000000000000000000000009D
:10432000000000000000000000000000000000008D
:10433000000000000000000000000000000000007D
:10434000000000000000200000006000E0000E4EB1
:104350006E4E23036000210000002000200020009A
:10436000000000000000E000C93C072D662C494415
:10437000C41920002000210020004000C000A2023B
:10438000AC4DC623400020000000210000000000CA
:104390002000000000000000000000000000610894
:1043A000C32080308DCC4492859AA6A2A6A2D6FEC8
:1043B000649A859A859A2BCC75FEC371C140A12859
:1043C0000000200000004000000000000008043150
:1043D000A2286028ACA393E551E591F52492C6A2EA
:1043E000E6A268AB00304028402000100010000812
:1043F0000008000800080008200800000000000075
:10440000010000002000000000000000000000008B
:104410000000000800080010477A8BB329ABA78A78
:104420004020000800000000000000000000000024
:10443000000000000000000000000000000000007C
:10444000000000000000000000000000000000006C
:10445000000000000000000000000000000000005C
:10446000000000000000000000000000000000004C
:10447000000000000000000000000000000000003C
:10448000000000000000000000000000000000002C
:10449000000000000000000000000000000000001C
:1044A00000000000000000000000000021000000EB
:1044B00000004000E0000E56AE56C202400001006F
:1044C000000040002000200020000000000020002C
:1044D0008000E0006B460A36C41A4000200000004D
:1044E000200040006000A312CB45E51360002000CF
:1044F00000000000000000000000000000000000BC
:1045000001002100210020080331803050E5C5A2C0
:10451000659A459AE7B20FF58592A592859A48B3B8
:104520004DCCC4692441411000000000200000006F
:10453000210861184018476A688225826AB30CCC4A
:104540000BC40BC48692247A66828682C371C471BE
:1045500083698361E5716361457AA7824672A038F9
:1045600000100008200800000000200000000000EB
:10457000000000000000000000000008002087820A
:10458000A9BBC69AE8824018000820082100200034
:10459000000000000000000000000000000000001B
:1045A000000000000000000000000000000000000B
:1045B00000000000000000000000000000000000FB
:1045C00000000000000000000000000000000000EB
:1045D00000000000000000000000000000000000DB
:1045E00000000000000000000000000000000000CB
:1045F00000000000000000000000000000000000BB
:1046000000000000000000000000000000000000AA
:10461000000000000000000800004000E000AC4D79
:10462000AA35E20260000000000020002000000027
:1046300000000000200020000000A0004C464A3688
:10464000E202A00060004000200020006000841A08
:10465000CB45E40B800000000000000001000000DA
:104660000000000000000000000000000000000842
:10467000A130203030E5C6A286A2659A65A207B3B4
:104680008592C59A859AA9BBCFDC002862200000DC
:104690000000000000000008401860280020D0CC76
:1046A000AFDCEFEC0BD4C6AA2482247A45726030CA
:1046B00080300020EDB3B0DC678A4AA3F0DC29A388
:1046C00092ED14FEABB3257A466A0018000800107C
:1046D000000800000008000800080010000800089A
:1046E0000008202084694AB3A9BB89A300102000D8
:1046F00000000000000000000000000000000000BA
:1047000000000000000000000000000000000000A9
:104710000000000000000000000000000000000099
:104720000000000000000000000000000000000089
:104730000000000000000000000000000000000079
:104740000000000000000000000000000000000069
:104750000000000000000000000000000000000059
:104760000000000000000000000000000000000049
:104770000000000000000000000000000000000039
:1047800000004000E000AC4DEB3D01038000000064
:1047900000000000200000000000000020000000D9
:1047A000000080008A3C671CC82C472CC522600092
:1047B000200020004000A412AB45E413800020003C
:1047C00000000100010000000000000000000000E7
:1047D00000002000C220C128E561ABB3859AA5AADC
:1047E000849AA9C3AEEC449AC6A2859A849A6DD4E1
:1047F00093ED2028A3280000A2188118A2184018C1
:10480000A97A4AA3ABB3C6A2E6AA27B3E7A2A692A7
:10481000E88AE982EA7A6020E220A1202B8BE98AEB
:10482000E98A6B9BCCA34A934A9B299B49A3299B6A
:104830004AA300280028002000200020002800288B
:104840000028002800280020002820382ED42AB371
:10485000235100180000000000002008000800009C
:104860000000000000000000000000000000000048
:104870000000000000000000000000000000000038
:104880000000000000000000000000000000000028
:104890000000000000000000000000000000000018
:1048A0000000000000000000000000000000000008
:1048B00000000000000000000000000000000000F8
:1048C00000000000000000000000000000000000E8
:1048D00000000000000000000000000000000000D8
:1048E000000000002000000020004000A0008C55C7
:1048F000CB450103C0006000000000000000000084
:104900000000000000000000420020008000E000E5
:10491000661C6A45A62B80004000200060008312C0
:10492000EB45C30B800000002100010000000000E7
:1049300000000000000000000000000003296028C3
:10494000C88A11E5859A649AA49AC9C3ADE4039212
:10495000A5A244922392AEDC93E5002083200008B8
:10496000E228A02860282028E9922DCC0FED85A20E
:10497000A5A2A59A289B803840288128C328000832
:1049800000000000001000180018001000100018AF
:10499000001800180020C461E9922A9BB0CCABA398
:1049A0000DB4ECAB4AA3EDBB2EC40DBC0CB40CB4DF
:1049B0000CB4EDBB0AABC57161280000400040009B
:1049C00080004000200000080000000000000000FF
:1049D00000000000000000000000000000000000D7
:1049E00000000000000000000000000000000000C7
:1049F00000000000000000000000000000000000B7
:104A000000000000000000000000000000000000A6
:104A10000000000000000000000000000000000096
:104A20000000000000000000000000000000000086
:104A30000000000000000000000000000000000076
:104A40000000000000000000000000000000000066
:104A500000004000A000AF75CC55461CA202020227
:104A60002000000000000000000000000000200006
:104A70000100210060006000493CCC55A834620A66
:104A8000800020006000830ACA3D441440014000B9
:104A90000000000000000000000000000000000016
:104AA000200020080231224929A372F54492C6A2AF
:104AB000849A68BBADE44492A59ACEE4CACB8EDC5E
:104AC00052DD2028C228A128877A457A0CBC8AB3F7
:104AD00028AB07A3C69AE79A08A3299B8C9BA13011
:104AE000C228A220C3200008000000080008000817
:104AF0000008000800080000000800080010E6593F
:104B00006B8B6B938FBC6A9BCBA3CBA36A9B0DB4BF
:104B10002EC40DBC0DB4ECABECABECAB2B9300187E
:104B20000008400020014001400140014000000019
:104B30000000000000000000000000000000000075
:104B40000000000000000000000000000000000065
:104B50000000000000000000000000000000000055
:104B60000000000000000000000000000000000045
:104B70000000000000000000000000000000000035
:104B80000000000000000000000000000000000025
:104B90000000000000000000000000000000000015
:104BA0000000000000000000000000000000000005
:104BB00000000000000000002100200060008000D4
:104BC000E0004724CD4D282C80002000200000006C
:104BD0000000000000000000010001000000400093
:104BE000A0000001A30B2F6E0001400040008412C2
:104BF000EB45861C830AC000000000000000000096
:104C00000000000000000000042103290018B0C4C7
:104C10004DCCC281A69A44922FED4CD4038AC6A2F1
:104C2000238A75FEE7B2A6A2099B2030A1388038FE
:104C30000CBC28AB91FD4CD448B3E69A868A078B0E
:104C4000401860088008800060004000400020009C
:104C50002000000000002000000000000000000014
:104C600000002000000000080008001000180018D4
:104C7000001800180010001800180020002000186C
:104C8000001800100010200840008000D06DEE6574
:104C90000E662F6E80004000200000000100000022
:104CA00000000000000000000000000000002000E4
:104CB00020000000000000000000000000000000D4
:104CC00000000000000000000000000000000000E4
:104CD00000000000000000000000000000000000D4
:104CE00000000000000000000000000000000000C4
:104CF00000000000000000000000000000000000B4
:104D000000000000000000000000000000000000A3
:104D10000000000000000000000000000000210072
:104D200000002000000020008000493C0C4E0414CC
:104D3000E000800060000000200020000000000073
:104D400020000000000020002000A000C3030C563B
:104D5000E00020002000C3118934A72C0B45E1019D
:104D600020000108000020080000000000000000F2
:104D7000E318C22020206EC4AABBA59A859A02829D
:104D8000CEE40ACC649AA5A223924FF527BBE6B2E3
:104D9000E6A2A692E792658A49B3C7A2A6A2C6A2D6
:104DA000A69AC792E469855AC1228213821321030D
:104DB0002103E202051BA00020000000000000000B
:104DC00000000100010000000000000000000000E1
:104DD0000008000800080008000800080008000893
:104DE000000800080010001000080008000840003B
:104DF0000102E20A083C293C69348934E30A2202B0
:104E00004000210000000000000020000000000021
:104E10000000000020002000200000000000000032
:104E20000000000000000000000000000000000082
:104E30000000000000000000000000000000000072
:104E40000000000000000000000000000000000062
:104E50000000000000000000000000000000000052
:104E60000000000000000000000000000000000042
:104E70000000000000000000000000000000000032
:104E80000000000000000000000000000000210001
:104E90004000C101E002EA45ED5D262360004100CB
:104EA0000000200000000000000020002000200082
:104EB0000000A000A3034D560001000020004000A8
:104EC000A000851B4E5E0002800020000000000054
:104ED0002000000020000000601860280020CFDCC7
:104EE0004CCC43926492F2FD68B3A5A2A6A2659A47
:104EF0002392A9CBA5AA439A2392CAC34CD44DD4DA
:104F00004171458A6692868AA78A677A402860003E
:104F10008D65EC55EB550B560C56CC55506E00017B
:104F2000A000800080008000800080008000800061
:104F300080008000800080006000600080008000B1
:104F400080008000800080008000600060008000A1
:104F5000800080006000A000672C0D66400180008A
:104F6000A00080016F6E641B8000400021000000E3
:104F700020000000000000000000000020002000D1
:104F80002000000000000000000000000000000001
:104F90000000000000000000000000000000000011
:104FA0000000000000000000000000000000000001
:104FB00000000000000000000000000000000000F1
:104FC00000000000000000000000000000000000E1
:104FD00000000000000000000000000000000000D1
:104FE00000000000000000000000000000000000C1
:104FF00000000000000000002000800080012B4E17
:10500000A93D430B8000200000002000200020006C
:10501000200040004000400040008000E30B2C4E88
:10502000E000200000002000400063128413A72C41
:105030002624051B600000000000000061086018C5
:105040000A8B09A34ED428B389B3A59A43920ACCFC
:10505000E7AA859AA5A2449AEBD32BDCE6AAA9CBB2
:1050600027BBC6AA28B3E8A2E99A21516351434954
:105070002349244140108000031AE1090212E20989
:10508000231222028102E9348524841CC51CA61C3B
:10509000A61CA61CC614A61CA61CA61CC514C514BA
:1050A000A614A614A614C614C61CA51CA61CA61CD1
:1050B000871C871C861CA51CC51CC514C61C861411
:1050C000A93D430B600020006000A00000026B556A
:1050D0004A4C80002000000000000000000000009A
:1050E00000080008000000000000000000000000B0
:1050F00000000000000000000000000000000000B0
:10510000000000000000000000000000000000009F
:10511000000000000000000000000000000000008F
:10512000000000000000000000000000000000007F
:10513000000000000000000000000000000000006F
:10514000000000000000000000000000000000005F
:10515000000000000000000000000000200000002F
:105160000000600040010E660C4E05144102020270
:10517000E201230A0302E201020AE10121026202C2
:105180000202200264042C462001200000000000DE
:10519000200080000001CB45C935461C600021007D
:1051A000000000002008001029A38AC391FD449A42
:1051B000A59AA59AE389D2FD0BCC859AA5A2C289AE
:1051C000EFF4449A84A24BDCCAD386A22592C47918
:1051D000877AC138A128C228C330A220000020004D
:1051E000200040004000400040008000E0004F6E82
:1051F000EB4D2A4E4B4E4C4E4C4E4C4E4C464C4E6C
:105200002C4E2C4E6C4E6C464C464C464C466C46D6
:105210004C4E4B4E4B4E4C4E2C4E2C4E2C4E4B4E21
:105220004B4E4B466C4E4C4E4C4EE00180006100A4
:105230002000A00040010E662E65800020002000A6
:10524000000000000000000000080008000000004E
:10525000010001000000000000000000000000004C
:10526000000000000000000000000000000000003E
:10527000000000000000000000000000000000002E
:10528000000000000000000000000000000000001E
:10529000000000000000000000000000000000000E
:1052A00000000000000000000000000000000000FE
:1052B00000000000000000000000000000000000EE
:1052C00000000000010021000000200060008000BC
:1052D000C000061C2A364E47091EED3EAC3E6B2E22
:1052E0002D47E81D4D478B2E6B2E4E47270E4B3E0C
:1052F000400100002000210001004000E000AB4D13
:10530000A82D451C80000000E4288220A972F4ED3D
:105310002BCC88C3449A85A2C6A2A59A6DDC859A37
:10532000859A859A27B38DE4649AA5AAA5A22392AB
:10533000C3810482268A67828030E230E2282431E9
:105340002010000841000000200000002000400064
:1053500000002000800041014101400120012001A6
:1053600040014001400140014001400160016001F5
:105370004101410140014001400140014001400123
:105380004001400140014001400121010001600154
:1053900046242E662001800080004001EE65851BBA
:1053A000E0004000200000000000000000000000BD
:1053B00000000000000000000100010000000000EB
:1053C00000000000000000000000000000000000DD
:1053D00000000000000000000000000000000000CD
:1053E00000000000000000000000000000000000BD
:1053F00000000000000000000000000000000000AD
:10540000000000000000000000000000000000009C
:10541000000000000000000000000000000000008C
:10542000000000000000000000000000000041003B
:105430000000000001002100400009348C46E926EC
:1054400006064B27291EED3EEC3EAB360D47AC362B
:10545000EE3E0E3F68166B3E0001000000000100AA
:1054600001004000C000AB55E935651C6000000834
:10547000C328A230A461E79A89BB47BB849A859A66
:10548000A59A859AF3FDC6A2A5A2649A07B3EFEC8C
:10549000649A859AA6A2258AE47905720251434945
:1054A000E230401061106110200800080000210067
:1054B000000001002000200020000000200020004B
:1054C00020000000200020002000200020002000FC
:1054D00020002000200040002100210020002000AA
:1054E000200020002000200040004000200020007C
:1054F0000000010041006000C312851B093C872B9E
:10550000A733E83B2934430A400020000000000094
:10551000000000000000200000000000000000006B
:10552000000000000000000000000000000000007B
:10553000000000000000000000000000000000006B
:10554000000000000000000000000000000000005B
:10555000000000000000000000000000000000004B
:10556000000000000000000000000000000000003B
:10557000000000000000000000000000000000002B
:1055800000000000000000000000000021000000FA
:105590000000200020002000000021080000200062
:1055A00020008000C001CF5E8A26E81DC2020001F3
:1055B00000010001C000E000A000600123044C4E87
:1055C000000120004000000000004000C0006A45CB
:1055D000E93525146000001000180020468255FEB1
:1055E000E7A2A59AC5A2A59A6492E289F2FDE6A275
:1055F000859AC5A2849A439207AB08A3E4794682B0
:1056000047728872A128033143310008000000006E
:105610000008000000000000000000000000000082
:105620000000000020002000000021000000000019
:10563000000000000000000000000000000000006A
:105640000100010000000000000000000000000058
:1056500020000000000000000000000020006000AA
:1056600060008000CF75EF6DCD65AE6D80004000AD
:1056700020000000000000004000000020000000AA
:10568000000000000000000000000000000000001A
:10569000000000000000000000000000000000000A
:1056A00000000000000000000000000000000000FA
:1056B00000000000000000000000000000000000EA
:1056C00000000000000000000000000000000000DA
:1056D00000000000000000000000000000000000CA
:1056E00000000000000000000000000000000000BA
:1056F000000000000000200000002000200000004A
:10570000000000000000000020082000A000400170
:1057100044040B46620260004000200000000100CB
:1057200021006000C50B4D564001400040000000C4
:1057300020006000C0006A4DCA35461C000144418B
:1057400016EE73E56ECC6592A69AA59A8492859A18
:105750004CD40FED64928492C59AA59AA59AC59AE5
:10576000E381047A05728038C23003310000000002
:105770000008000000000000000000000000000021
:1057800000000000200000000000000800000000F1
:1057900021000000000000000000000000002000C8
:1057A00000000000000000000100000000000000F8
:1057B00000000000200000000000000000000000C9
:1057C00000000000400020002000400020014001B7
:1057D00060014001400001000000200800000000BE
:1057E0000000200020000000000000000000000079
:1057F00000000000000000000000000000000000A9
:105800000000000000000000000000000000000098
:105810000000000000000000000000000000000088
:105820000000000000000000000000000000000078
:105830000000000000000000000000000000000068
:105840000000000000000000000000000000000058
:105850000000000000000000000000000000000048
:105860000000010001000000000000000000000036
:105870000000000040008000E72B0D5E630B40023B
:10588000A00020000000210001004000C7332E6E60
:10589000400221028000200000006000C0006B4D2B
:1058A0008A45C623C1080339B2EDA59AA59AA49AE0
:1058B000A59A859AA59A859A0CC430ED6492A59A0A
:1058C000A59AA59AC69A079BA371467A476AE230C1
:1058D00024314529000000000000000000002000E5
:1058E00000000000000000000000010000000000B7
:1058F00000000008000000000000000000000000A0
:105900000000000020000000210020000000000036
:105910000000000000000000000000000000200067
:105920000000010001000000000000000000000075
:105930000000200040004000600020002000000027
:105940002000000000000000000000000000000037
:105950000000000020000000000000000000000027
:105960000000000000000000000000000000000037
:105970000000000000000000000000000000000027
:105980000000000000000000000000000000000017
:105990000000000000000000000000000000000007
:1059A00000000000000000000000000000000000F7
:1059B00000000000000000000000000000000000E7
:1059C00000000000000000000100010001000100D3
:1059D0000000200000000000000000004000400027
:1059E000A000E000293D4E6E200160002000010073
:1059F000010040008000E000AC5D0E6E40016000E0
:105A000020004000A0004C5D684440010221C240DB
:105A1000EEDC639A849AC4A285A285A2859A4492F8
:105A20008EDCD7FE238AA59AC5A28592C379C3715D
:105A3000467AA038E238000800002100000020006B
:105A400021000000000000002000200000002000D5
:105A500020002000200000000000000000000000E6
:105A600000000000000000002008000000004000CE
:105A700020002000000000000000000000000000E6
:105A800000000000000000000000200000002000D6
:105A90002000200020000000200020000000000066
:105AA00000000000000020000000000000000000D6
:105AB0000000000000004000000020002000210045
:105AC00000000000000000000000000000000000D6
:105AD00000000000000000000000000000000000C6
:105AE00000000000000000000000000000000000B6
:105AF00000000000000000000000000000000000A6
:105B00000000000000000000000000000000000095
:105B10000000000000000000000000000000000085
:105B20000000000000000000000000000000000075
:105B30000000010000000000000000000000000064
:105B40000000000000004000400080004C5D2E6E10
:105B5000A001200160002100010000004000A00021
:105B60008D654E6EA001E000400020006000EE74E4
:105B7000E963E01802392351F7FE8492A5A2849AC2
:105B8000A5A2A59A859A659ACACBEEEC849AC5A27D
:105B9000448AE481057AE5710662C230E328000890
:105BA00000000000210000000000000000002000B4
:105BB0002000200040004000400040006000400005
:105BC0002000200020000000000000000000000075
:105BD00000000000200040004000400020000000C5
:105BE0000000000000000000000000000000400075
:105BF00020004000400040004000400040002000E5
:105C00000000000020002000000020000000000034
:105C1000000000000000000000002008200020001C
:105C20002000000000000000000000000000000054
:105C30000000000000000000000000000000000064
:105C40000000000000000000000000000000000054
:105C50000000000000000000000000000000000044
:105C60000000000000000000000000000000000034
:105C70000000000000000000000000000000000024
:105C80000000000000000000000000000000000014
:105C90000000000000000000000000000000000004
:105CA00000000000000000000100010001000000F1
:105CB00000006000A00020014D669076E00020000A
:105CC0000000210000004000000160016E66EE65EA
:105CD000600020006000C0000000AFB474DD57FE1B
:105CE0008169C59AC5A2849A859A859A449291FD44
:105CF000A9C3649AC5A2448A0482E579478202490D
:105D0000033100080008000000000000010000004E
:105D100000002100200020006000C309A40AA302A3
:105D2000A30AA302C4020623A00020002000000052
:105D3000000000000100000000004000C000C61A82
:105D4000C7226201200000000000000000000000E7
:105D50000100210020004000861A840AC40AC50AF6
:105D6000C40A830A84228000200000000000000092
:105D700000000000200000002008000000002000BB
:105D8000400040008201C72AC832400000002108BC
:105D90000000000000000000000000000000000003
:105DA00000000000000000000000000000000000F3
:105DB00000000000000000000000000000000000E3
:105DC00000000000000000000000000000000000D3
:105DD00000000000000000000000000000000000C3
:105DE00000000000000000000000000000000000B3
:105DF0000000000000000000000000000000200083
:105E00000000000000000000200020000000000052
:105E10000000000001000000210000002000C00080
:105E20004D5E6D56400180004000000021004100A1
:105E3000400000014C5ECB4DA00040002000031943
:105E400080182EAC4AAB4AB3A69A859AA5A2A5A201
:105E5000C59AA59A0382D2FD4FF5859AA592248210
:105E6000E479C5714451A2284110000800000000E7
:105E7000000020080000000000000000200040009A
:105E800060000D4D0F4F6A1E6F47AD2E4F47F05EFD
:105E9000E0000000000020000000000000002000E2
:105EA0006000A0006001D25E915E87134000010097
:105EB0000000000020000000000000002000A00002
:105EC000B05EEE3E4B266F4F870D915FEE5DA000FA
:105ED0004000010000000108000020002000000038
:105EE0000000200000002000C0004001691CD266B4
:105EF0002D55800040000000000000000000000060
:105F00000000000000000000000000000000000091
:105F10000000000000000000000000000000000081
:105F20000000000000000000000000000000000071
:105F30000000000000000000000000000000000061
:105F40000000000000000000000000000000000051
:105F50000000000000000000000000000000000041
:105F600000000000000020002000000000000000F1
:105F700020002000000020000000000000000000C1
:105F8000010000000000A0008513E303672408342B
:105F9000A2112000200000002100C000C523051C24
:105FA000A72B651A632100100010D8FE8EDC039227
:105FB000038A8DDC28B3649AA59A648AC27934FE78
:105FC00070F5A59AC271057A8782C56103394110BF
:105FD00000000000210000000000000000000000A0
:105FE0000000000040008000E000AA2CCE46CC2E2D
:105FF000CD364C2EAE36F0560001800060002000F9
:106000002000200000004000A000306EB04EEB25C4
:10601000AA1DC6036000000000000000210021004E
:1060200000004000800000016E4ECE3EAD3EEE46C8
:106030008C36AD462F56E000800060000000000066
:106040000000200000000000200000006000800030
:106050008001D2666D2E891D4C45A00040000000D5
:106060002000000000000000000000000000000010
:106070000000000000000000000000000000000020
:106080000000000000000000000000000000000010
:106090000000000000000000000000000000000000
:1060A00000000000000000000000000000000000F0
:1060B00000000000000000000000000000000000E0
:1060C00000000000000000000000000000000000D0
:1060D0000000000000000000200000002000000080
:1060E0000000000000000000000020002000200050
:1060F000600000012B3EEB3D8412200000000000F8
:10610000210040006000C0010E5EE212002173DD3C
:106110005AFFC792849227B30FF5449A85A2C6A26C
:10612000C59267ABF3FDE7AAA6AA2492E581C569EB
:10613000A138A1280008000021080000000000008C
:10614000200000000000000000004000E000F06DB2
:10615000305E650360014001200120012001400103
:106160004F4E4F4E4B444000200020002000C00006
:10617000B1664C36481DEA2D0E47260C6000000023
:1061800020000000000000004000E3096F4E115F96
:10619000E10140012001200140014001E001516680
:1061A000716E22026000200000000000210000004B
:1061B0000000200060000A3CB0662715A80D6B2E79
:1061C000B16EC00060000000200000000000000070
:1061D00000000000000000000000000000000000BF
:1061E00000000000000000000000000000000000AF
:1061F000000000000000000000000000000000009F
:10620000000000000000000000000000000000008E
:10621000000000000000000000000000000000007E
:10622000000000000000000000000000000000006E
:10623000000000000000000000000000000000005E
:10624000000000000000000000000000000000004E
:1062500000002000000000002000A0006A36492E47
:106260004202400020002008000000002000C2116F
:10627000ED5DA00AE020299B6DCC07A34392C5A247
:10628000CEEC649AA59A859206A30AC4D2FDAAC34D
:1062900008B3A481067AC5610231A118000020006C
:1062A00000002000000000000000000000000000CE
:1062B000000060002001B16E8F56C20280002000F5
:1062C000000040004000E000CE3E0F3FA71B8000D2
:1062D000200020002000E000705E4504C001EF5661
:1062E0008C3EC4038000000000000000210021005B
:1062F000200002022F47EE3E400120000000200057
:106300002000A0008001F15E8F5620026000200076
:1063100000000000000001000100200060002B448C
:10632000EE5DA001A815ED46CD4DC0004000200057
:10633000200000000000000000000000000000003D
:10634000000000000000000000000000000000004D
:10635000000000000000000000000000000000003D
:10636000000000000000000000000000000000002D
:10637000000000000000000000000000000000001D
:10638000000000000000000000000000000000000D
:1063900000000000000000000000000000000000FD
:1063A00000000000000000000000000000000000ED
:1063B00000000000000000000000000000000000DD
:1063C0002000A0006A36492E620A4000200000002A
:1063D000000020002000A2190F86401AA02014FE01
:1063E0008592649A4FFD2BDC038AC69AA59A238A6C
:1063F000D2FD91FDEACBA281C379E5798782476A14
:106400004431E3180000000000000000000000001C
:106410000000000000000000000060002001706625
:10642000AA35430380002000000040002001200224
:106430000E370A1E082480002000000020006000A3
:106440008522C0016001AF560B36C5036000000015
:10645000000000000100010040002202AC2ECC36FA
:1064600040012000000000008000E101E102CF4671
:10647000ED3D21028000000000000000200000002F
:10648000000000004000C411251AE000071D0A2E7C
:10649000AC45C00040000000010001000000000009
:1064A00000000000000000000000000000000000EC
:1064B00000000000000000000000000000000000DC
:1064C00000000000000000000000000000000000CC
:1064D00000000000000000000000000000000000BC
:1064E00000000000000000000000000000000000AC
:1064F000000000000000000000000000000000009C
:10650000000000000000000000000000000000008B
:10651000000000000000000000000000000000007B
:1065200000000000010000002000A0006936492E94
:10653000630A40002000000021002000E220212109
:1065400060116663EAA328A3A5A285A2CDF4CDECD1
:106550004392A59AC59A859AC5A285A2649A038A90
:10656000E479667A6030602000002000000020009E
:10657000000000000000000000000000000000001B
:10658000000060000001CD456D464203A0002000E0
:106590008000C0000D55D066C80D4B260824800031
:1065A00020000000000020002000800020012E4676
:1065B0002C36050C60000000000000000000000008
:1065C0002000E201AB2EED3680012000400060008B
:1065D000C000916EF05669150D3E4102600000004A
:1065E000200000000000200000000000200020002B
:1065F0002000A0006614EA35CE55C00060000000FF
:10660000000000000000000000000000000000008A
:10661000000000000000000000000000000000007A
:10662000000000000000000000000000000000006A
:10663000000000000000000000000000000000005A
:10664000000000000000000000000000000000004A
:10665000000000000000000000000000000000003A
:10666000000000000000000000000000000000002A
:10667000000000000000000000000000000000001A
:1066800000000000000000000000000020002000CA
:106690002000C0006A3E4936630240000000410805
:1066A00000000000E32860200018699371ED449217
:1066B00064A2CAD3439A849A84A2A59A859A028A2C
:1066C0002ADCC9D385A2E481257A677AA130A1208A
:1066D00000000000000001000100000000000000B8
:1066E0000000000020000000000060004001D066B3
:1066F000AE4E430380004000E00091768F6520019C
:106700004E472F472824800040000000200800004A
:10671000000080002001B156CE46C5036000000095
:1067200000000000000000002000E2014F47ED36AD
:106730006001600060002001F276092DC001F16661
:10674000F066200260002000000000000000200031
:10675000000000000000200000006000A81C0F578F
:106760008D4DC0004000000020002000000000000F
:106770000000000000000000000000000000000019
:106780000000000000000000000000000000000009
:1067900000000000000000000000000000000000F9
:1067A00000000000000000000000000000000000E9
:1067B00000000000000000000000000000000000D9
:1067C00000000000000000000000000000000000C9
:1067D00000000000000000000000000000000000B9
:1067E00000000000000000000000000000000000A9
:1067F00000000000200020002000C0004A3E493672
:1068000063024000200000006210821861206C9337
:10681000F1D48AB32492449AAAD389CB849AC49A95
:10682000A4A284A227B3CEECA5AA64A2A381058268
:106830006359A55100082008000000002100010054
:106840000000000000000000000000002000200008
:106850000000600060014E4EEB352203C000A20133
:10686000516E4824C51A20016B2EE915E81B8000E3
:1068700020000000000000000100600000019056B0
:10688000AA25E50B600000000000000000002000C9
:10689000400002028C2EAC26A001A00042023076FD
:1068A0008513C202C0012F56AB3D400260000000BC
:1068B00000000008000000000000200000000000B0
:1068C000210860008814EB2D6D45C00060000000B9
:1068D00000000000000000000000000000000000B8
:1068E00000000000000000000000000000000000A8
:1068F0000000000000000000000000000000000098
:106900000000000000000000000000000000000087
:106910000000000000000000000000000000000077
:106920000000000000000000000000000000000067
:106930000000000000000000000000000000000057
:106940000000000000000000000000000000000047
:106950000000000000000000000000000000000037
:106960000000A0004B3E292E630A400020000000DA
:106970002529C3284028EDB3ABBB869AA6AA2CDCF8
:1069800007B3A5A2A5A2A59A6492A5A2C5B2ADEC33
:1069900086AA2592A379267AC138C2280000200051
:1069A000000000000000000000002008200000009F
:1069B00000000008000020002000600040014E564A
:1069C0006D462203E3028B342D4D23026000E0006C
:1069D0006C2E8C2E0824A000400000000000000057
:1069E0000000600060014D4E8C3EE5036000000039
:1069F00000000000000000002000E101CD2EEC2688
:106A0000C001E512AA340C456101C00080014E5658
:106A10006D4E400240000108000000000000000030
:106A200000000100000000000000800066048D36B8
:106A30002F56C00040004000200000000000000071
:106A40000000000000000000000000000000000046
:106A50000000000000000000000000000000000036
:106A60000000000000000000000000000000000026
:106A70000000000000000000000000000000000016
:106A80000000000000000000000000000000000006
:106A900000000000000000000000000000000000F6
:106AA00000000000000000000000000000000000E6
:106AB00000000000000000000000000000000000D6
:106AC00000000000000000000000A0004A3E292E47
:106AD000620A400020000000A220E23084612DC440
:106AE00089B3859A659ACEEC85A2C6A2859AA59AA5
:106AF000A59A89BB89C32CDCE489C479E571066A4F
:106B0000C228C3180000210001000000200000007E
:106B1000000000002000200000000008000000002D
:106B2000000060002001D0664D3EA203C91C726EB9
:106B3000800180006000A000EF46ED36C71B80009A
:106B40004000000000000000000040002001CF5E77
:106B50004B36050C60000000000000002000200003
:106B60002000C1014F47EC2660028E55927600014D
:106B7000400060008001D05E8E5620026000000060
:106B800000000000000020000000000001002000C4
:106B900020008000C814AD3E8C45C000600000009D
:106BA00000000000000000000000000000000000E5
:106BB00000000000000000000000000000000000D5
:106BC00000000000000000000000000000000000C5
:106BD00000000000000000000000000000000000B5
:106BE00000000000000000000000000000000000A5
:106BF0000000000000000000000000000000000095
:106C00000000000000000000000000000000000084
:106C10000000000000000000000000000000000074
:106C20000000000000000000000000000000200044
:106C30000000A0004A36282E820A40008108453113
:106C4000E2302249F4F507A36492C9C3AEE4449A42
:106C5000C69AA592C69AC592438AD1F52FED40698E
:106C6000048266824028A12820080000000000005D
:106C700000000000200020000000200000000000B4
:106C80000100000000080008000060004001ED3D28
:106C9000C91D8D3E50660001600060002000A0000C
:106CA0004C36E91DE723A000200020000000200052
:106CB000200060002001CC3D2C36E60B6000000077
:106CC00000002000200020002000C1010A26C70586
:106CD000EF566D4DC000600040008000A0018C3573
:106CE0006E4E200260002000000000000000000046
:106CF00000000000000000000000800066040B2679
:106D0000EE4D0001400000000008000000000000FF
:106D10000000000000000000000000000000000073
:106D20000000000000000000000000000000000063
:106D30000000000000000000000000000000000053
:106D40000000000000000000000000000000000043
:106D50000000000000000000000000000000000033
:106D60000000000000000000000000000000000023
:106D70000000000000000000000000000000000013
:106D80000000000000000000000000000000000003
:106D900000000000200020000100A0006A36482EFC
:106DA000A20A40008110C228E561457A4CCCA59A20
:106DB00047B3A8C3EACB859AA59AC59AA59A8492A7
:106DC000228AD1FD0FE5E379E4714772A1280329F6
:106DD0004000000000000000000020000000200033
:106DE000000000000000200040002000000000081B
:106DF000000060000001B0662F4F03048102A00074
:106E0000A00020004000C000CE4E0F4FC7236000FE
:106E10004000000000002000400080004001D15EE2
:106E2000AE46C503A0004000200000002000200066
:106E30002000C201EF56B04FE00200028000400087
:106E4000600080006001F26E4F5E20026000200052
:106E50002000200020004000200000002000200032
:106E60004000C000291D4F4F6B35E000800020001E
:106E70000000000000000000000000000000000012
:106E80000000000000000000000000000000000002
:106E900000000000000000000000000000000000F2
:106EA00000000000000000000000000000000000E2
:106EB00000000000000000000000000000000000D2
:106EC00000000000000000000000000000000000C2
:106ED00000000000000000000000000000000000B2
:106EE00000000000000000000000000000000000A2
:106EF0000000000000000000000000002000000072
:106F00002100A000492E68268202400020080018B7
:106F100051E52CD4238AC2812FEDC9C36392A59A6F
:106F2000A59AA49A639A67BB26BBA5AA2592E48179
:106F30002682887AC22844296000000000000000F0
:106F40000000000000000000200000000000200001
:106F50008000A0004000000000004000E0007176CA
:106F60002E56E1020001C000C000A000C0000001D8
:106F7000CF560D462A3C6000200000000100200092
:106F80008000E00060014E46CA25A2030001800097
:106F900020002000200020002000C4116F56CF4E9A
:106FA0008001E000C000C000C000E0006001716E20
:106FB000CE6501024000200040004000400060001B
:106FC0002000200020004000A00000016504EA1D10
:106FD0008A252001C0006000400000000000000081
:106FE00000000000000000000000000000000000A1
:106FF0000000000000000000000000000000000091
:107000000000000000000000000000000000000080
:107010000000000000000000000000000000000070
:107020000000000000000000000000000000000060
:107030000000000000000000000000000000000050
:107040000000000000000000000000000000000040
:107050000000000000000000000000000000000030
:1070600000000000000020000000C0004B3E4A3E2F
:107070000523011967620EB428ABC6AAA6A2CEE406
:1070800047B3E6A2A59AC59AC4A2A4A2439AE6B2BF
:10709000CAD3E391058A057A0251E240201020000C
:1070A000000020000000210000000000000000009F
:1070B0000000000000006000EC4C6E5D80002100CC
:1070C000000020008000430A4102A9346D4DEB3CD2
:1070D0006D4D0C3D8C450E568002A302820140008E
:1070E000410000000000A0000D55ED454A258D3EF1
:1070F000ED3E2A2EEC3DAF5D831100002000000024
:107100002000A000620260026D4D8E550A3D8C4D3C
:107110004C3DAE4DCE55E001220A0001200040005A
:10712000A0005175CF6C80006000200040006A3BD9
:107130004E55ED450A26ED36EE468B2DAE4DC93344
:1071400040002000000000000000000000000000DF
:10715000000000000000000000000000000000002F
:10716000000000000000000000000000000000001F
:10717000000000000000000000000000000000000F
:1071800000000000000000000000000000000000FF
:1071900000000000000000000000000000000000EF
:1071A00000000000000000000000000000000000DF
:1071B00000000000000000000000000000000000CF
:1071C000000000000000000000000000200000009F
:1071D000210060002F5E600220096018E88296FEA0
:1071E000859A649A449A71FD48B3849A849AC5A298
:1071F000849A83A267C3A5A2A6A2E481057A887AAD
:1072000044410431000000002000000000000000A4
:1072100020002000000000000000000000008000AE
:107220000D4E0E4E220121000000200040004000C3
:10723000A000492C0D46CA250F472B2E6C36AF5E99
:10724000E000400040002000000020002000E0009E
:10725000ED45AC360A1ECC2EAB26E80D2E3FCC3DBC
:10726000A201200000002000000020006000C000FB
:10727000ED4D2C3ECA2DEE468915CF4EAC4DE000AB
:1072800060002000000040006001106ECF6DA00083
:10729000200040006000C82B2D46E91D6B260D37ED
:1072A0006605ED3E4D3E89346000000000000000A0
:1072B00000000000000000000000000000000000CE
:1072C00000000000000000000000000000000000BE
:1072D00000000000000000000000000000000000AE
:1072E000000000000000000000000000000000009E
:1072F000000000000000000000000000000000008E
:10730000000000000000000000000000000000007D
:10731000000000000000000000000000000000006D
:10732000000000000000000000000000000000005D
:10733000000000000000000000006000D17D253347
:1073400021296B9BCBB3EABB649AEBD310F5659A0A
:10735000859AA5A2A59AC5A284A2A4A206B3C6A294
:107360000482267A2351A13020104008000000003A
:1073700020000000200000000000000000002100AC
:10738000000021002000C0000B3D8D4DC200010017
:1073900040000000010000006000882BC92C292556
:1073A000AB2D491D49256D4DA00000002000200097
:1073B000000020000000C0006C45081D4A258A25F9
:1073C0006925892DAA25AD45C311000000000000E4
:1073D00000000000000060000B45292D6A2DCB3510
:1073E00029258B3DEB4CA000400000000000400030
:1073F00020010C552D65A000400040006000462390
:10740000E92C6A2D8A358A2D28258B35E92CC7234E
:10741000600000000000000000000000000000000C
:10742000000000000000000000000000000000005C
:10743000000000000000000000000000000000004C
:10744000000000000000000000000000000000003C
:10745000000000000000000000000000200000000C
:10746000000000000000000000000000000000001C
:10747000000000000000000000000000000000000C
:1074800000000000000000000000000000000000FC
:1074900000000000000000000000000000002000CC
:1074A00000004000C7420019002072ED4CCC43920E
:1074B000449AAACB0CD4649AC5A2A49AA59AA5A270
:1074C00085A285A207ABE7A2E579687A4551C3306A
:1074D0002008000001000000000020000000000063
:1074E000200000002000000000000000210020001B
:1074F000600060000000010000002000000020008B
:107500004000400080008000A000800080006000FB
:1075100020002000000000002100000020004000AA
:1075200060008000A000800060008000A00080005B
:10753000200000000000200000002000200080004B
:10754000600080006000600080006000600020003B
:10755000200000000000410080004000400040008A
:10756000200021004000600060008000800080005A
:10757000600060008000400040000000000000004B
:1075800000000000000000000000000000000000FB
:1075900000000000000000000000000000000000EB
:1075A00000000000000000000000000000000000DB
:1075B00000000000000000000000000000000000CB
:1075C00000000000000000000000000000000000BB
:1075D00000000000000000000000000000000000AB
:1075E000000000000000000000000000000000009B
:1075F000000000000000000000000000000000008B
:10760000000000002000000000000000A020C3597E
:107610008AABA69AA59A84A26DE4A6AA2492A5A2F2
:10762000849AA59A859A85A285A2C6A2248AE4791D
:1076300006726130A328E428400800000000010021
:10764000000000002000000020002000C000E0003A
:10765000E000000180004000200000080000010858
:1076600000002000000020000000000000002000BA
:1076700000002000010001000100000000002000C7
:1076800000000100000000000000000001002100D7
:107690000000000040000000210021000000200048
:1076A0002100000000002000000020000000000079
:1076B0002000000000000000000020002100010068
:1076C0000000200000002000000001000100000078
:1076D0002000200020000000000001080000000041
:1076E000000000000000000000000000000000009A
:1076F000000000000000000000000000000000008A
:107700000000000000000000000000000000000079
:107710000000000000000000000000000000000069
:107720000000000000000000000000000000000059
:107730000000000000000000000000000000000049
:107740000000000000000000000000000000000039
:107750000000000000000000000000000000000029
:107760000000000000000000000000000000000019
:10777000453140204DBC70ED4CCC8592A59AC6A2F7
:10778000CACBC6AAA59AA59AA59A85A2A5AA07BBFF
:10779000A5A2A59A0482667A0241033182180000EC
:1077A0000000000020000000210000000000200078
:1077B000400080004F668D4E4B46AF6EE00060008B
:1077C0004000000001080000000020000000000050
:1077D0002000000020000000200000000100000048
:1077E0002100000000002000000000002100000037
:1077F0000000000000000000000000000000200069
:107800000000000000000000200000002000000038
:107810000000000000000000010001000000200046
:1078200000002000010000004000000000002000D7
:1078300041000000000020000000200020000000A7
:1078400001000000000041000000000000000000F6
:107850000000000000000000000000000000000028
:107860000000000000000000000000000000000018
:107870000000000000000000000000000000000008
:1078800000000000000000000000000000000000F8
:1078900000000000000000000000000000000000E8
:1078A00000000000000000000000000000000000D8
:1078B00000000000000000000000000000000000C8
:1078C00000000000000000000000000000000000B8
:1078D0000000000020002008C32020284DCC0AD43E
:1078E00007AB6492CAC350F5449A859AC69AA59A82
:1078F000A59A85A285AAEAD3C6A2648A047AC5613C
:107900002339A21881102000000020080000000088
:107910000000000000082000041A261BA824A50C63
:10792000061DE7242413441A200000000000010073
:1079300000002000000000000000200020000000E7
:107940002000000000000000000000000000000017
:1079500020002000000000000000000000000000E7
:1079600000000000000000000000210000000000F6
:1079700000002000000000000000000000002000C7
:107980000000010000000000400000002100010094
:1079900000002000210000000000000000000000A6
:1079A0000000200020000000210000002100000055
:1079B00000000000000000000000000000000000C7
:1079C00000000000000000000000000000000000B7
:1079D00000000000000000000000000000000000A7
:1079E0000000000000000000000000000000000097
:1079F0000000000000000000000000000000000087
:107A00000000000000000000000000000000000076
:107A10000000000000000000000000000000000066
:107A20000000000000000000000000000000000056
:107A300000000000000000002000000000002008FE
:107A4000E328002031F5C7B285A2E7B2C6A2C6A2DC
:107A5000A5A2859AA69AA59AA59A84A264A2E7AA45
:107A6000C279C371677A6028A22800000000200054
:107A70000000000800080008000800080008400096
:107A8000CA44706E00018000C000C0002F660B4D1C
:107A9000A000400000000000000000000000000006
:107AA00000000000000000002000000000000000B6
:107AB00000000000000000000000000000000000C6
:107AC00000000000000000000000000000000000B6
:107AD00000000000000000000000000000000000A6
:107AE0000000000000000000000000000000000096
:107AF0000000000000000000000000000000000086
:107B00000000000000000000000000000000000075
:107B10000000000000000000000000000000000065
:107B20000000000000000000000000000000000055
:107B30000000000000000000000000000000000045
:107B40000000000000000000000000000000000035
:107B50000000000000000000000000000000000025
:107B60000000000000000000000000000000000015
:107B70000000000000000000000000000000000005
:107B800000000000000000000000000000000000F5
:107B900000000000000000000000200000002000A5
:107BA000000000004108A2206441A87ACBC3C6AA05
:107BB00064A2ADEC0BCC849285A2A5A2859AA59A6D
:107BC000A4A2E5AAE7AA2492C379057A4772A23053
:107BD000A2200000000020000008A128E661A559AD
:107BE000276A476267522322AB4D400280000000A3
:107BF00020008000850BEA3407236000200000008D
:107C00000000000000000000000000000000000074
:107C10000000000000000000000000000000000064
:107C20000000000000000000000000000000000054
:107C30000000000000000000000000000000000044
:107C40000000000000000000000000000000000034
:107C50000000000000000000000000000000000024
:107C60000000000000000000000000000000000014
:107C70000000000000000000000000000000000004
:107C800000000000000000000000000000000000F4
:107C900000000000000000000000000000000000E4
:107CA00000000000000000000000000000000000D4
:107CB00000000000000000000000000000000000C4
:107CC00000000000000000000000000000000000B4
:107CD00000000000000000000000000000000000A4
:107CE0000000000000000000000000000000000094
:107CF0000000000000000000000000000000000084
:107D00000000000000000000000000086020A0301B
:107D1000E46175FE648A849A649A06ABC59AE59A12
:107D2000A5A2A5A2A59AA59A439A27B369BB837970
:107D30000582467AA87AC1300329000000000008B5
:107D4000001042598ED4AAC34DD48DC44B8CCF851C
:107D50004D5E40018000210000008000000185137D
:107D600033866000400000000000000000000000BA
:107D70000000000000000000000000000000000003
:107D800000000000000000000000000000000000F3
:107D900000000000000000000000000000000000E3
:107DA00000000000000000000000000000000000D3
:107DB00000000000000000000000000000000000C3
:107DC00000000000000000000000000000000000B3
:107DD00000000000000000000000000000000000A3
:107DE0000000000000000000000000000000000093
:107DF0000000000000000000000000000000000083
:107E00000000000000000000000000000000000072
:107E10000000000000000000000000000000000062
:107E20000000000000000000000000000000000052
:107E30000000000000000000000000000000000042
:107E40000000000000000000000000000000000032
:107E50000000000000000000000000000000000022
:107E60000000000000000000000000000000000012
:107E7000E428A228266A089330DD858A8492A9BB6B
:107E80004BD4A49AC59AC59AA49A849A849AC6AAED
:107E9000EAD3A6AAE489E579267AA1400239000846
:107EA00000080008411803412A93089B86926592B6
:107EB00004822472C552C001462C0E5EE0006000B0
:107EC000800080008E658A3C400140000000000078
:107ED0002000000000000000000000000000000082
:107EE0000000000000000000000000000000000092
:107EF0000000000000000000000000000000000082
:107F00000000000000000000000000000000000071
:107F10000000000000000000000000000000000061
:107F20000000000000000000000000000000000051
:107F30000000000000000000000000000000000041
:107F40000000000000000000000000000000000031
:107F50000000000000000000000000000000000021
:107F60000000000000000000000000000000000011
:107F70000000000000000000000000000000000001
:107F800000000000000000000000000000000000F1
:107F900000000000000000000000000000000000E1
:107FA00000000000000000000000000000000000D1
:107FB00000000000000000000000000000000000C1
:107FC0000000000000000000000000002108000088
:107FD0000000200000080008E330C2382682E7A233
:107FE0004CC48592649A48BB4CD44392C59AE59A96
:107FF000C59AC5A2A5A2C6AACACBA7A2A371467A52
:108000006872E23045310000010000084030A050A5
:108010000CC4CBBBE1400010001000082000800021
:10802000C7330F66A001A00160016001AF6DEA4394
:10803000400040002000000000000100000000009F
:108040000000000000000000000000000000000030
:108050000000000000000000000000000000000020
:108060000000000000000000000000000000000010
:108070000000000000000000000000000000000000
:1080800000000000000000000000000000000000F0
:1080900000000000000000000000000000000000E0
:1080A00000000000000000000000000000000000D0
:1080B00000000000000000000000000000000000C0
:1080C00000000000000000000000000000000000B0
:1080D00000000000000000000000000000000000A0
:1080E0000000000000000000000000000000000090
:1080F0000000000000000000000000000000000080
:10810000000000000000000000000000000000006F
:10811000000000000000000000000000000000005F
:10812000000000000000000000000000000000004F
:10813000000000000000000020000000E328E23002
:1081400040202FB452F52CD4238A649291FD48BB71
:10815000659AA6A2A59AA49AA492C5A2849A85A279
:10816000A281A379267AA038802820100000200060
:10817000000861282A9BCCBB6ED4002800100000A8
:1081800000002100000060008000E0002F6EED552F
:10819000ED5D917E000160006000000000000100C4
:1081A00000000000000000000000000000000000CF
:1081B00000000000000000000000000000000000BF
:1081C00000000000000000000000000000000000AF
:1081D000000000000000000000000000000000009F
:1081E000000000000000000000000000000000008F
:1081F000000000000000000000000000000000007F
:10820000000000000000000000000000000000006E
:10821000000000000000000000000000000000005E
:10822000000000000000000000000000000000004E
:10823000000000000000000000000000000000003E
:10824000000000000000000000000000000000002E
:10825000000000000000000000000000000000001E
:10826000000000000000000000000000000000000E
:1082700000000000000000000000000000000000FE
:1082800000000000000000000000000000000000EE
:108290000000000000000000000000000000410895
:1082A00000000000E320C230C561EDB349B307B35D
:1082B00085A268BBE7AA86A286A2A6A2C59AA49AAE
:1082C000C5A2A49AC5A2859AA3792682267A0241DC
:1082D000E2304010000000082249057AEBBB299BE0
:1082E0008030001000080000210020002000200045
:1082F00040008000EA43E93BA8330A4CA00020007C
:10830000200021000000000001000000000000002B
:10831000000000000000000000000000000000005D
:10832000000000000000000000000000000000004D
:10833000000000000000000000000000000000003D
:10834000000000000000000000000000000000002D
:10835000000000000000000000000000000000001D
:10836000000000000000000000000000000000000D
:1083700000000000000000000000000000000000FD
:1083800000000000000000000000000000000000ED
:1083900000000000000000000000000000000000DD
:1083A00000000000000000000000000000000000CD
:1083B00000000000000000000000000000000000BD
:1083C00000000000000000000000000000000000AD
:1083D000000000000000000000000000000000009D
:1083E000000000000000000000000000000000008D
:1083F000000000000000000000000100010000007B
:10840000000000002000000041080000C228C13820
:108410006FC4D3FDA9BB64A227BB0BDC85A2A6A2B7
:10842000A6A2A69AA59AC5A2C5A206ABC59A6592B0
:10843000E479C571066AE230C22020080008001005
:108440006682EBBB299B4030000800000000000062
:1084500020002000000000000000600040006000DC
:10846000800080004000200020000000200000006C
:1084700000000000000000000000000000000000FC
:1084800000000000000000000000000000000000EC
:1084900000000000000000000000000000000000DC
:1084A00000000000000000000000000000000000CC
:1084B00000000000000000000000000000000000BC
:1084C00000000000000000000000000000000000AC
:1084D000000000000000000000000000000000009C
:1084E000000000000000000000000000000000008C
:1084F000000000000000000000000000000000007C
:10850000000000000000000000000000000000006B
:10851000000000000000000000000000000000005B
:10852000000000000000000000000000000000004B
:10853000000000000000000000000000000000003B
:10854000000000000000000000000000000000002B
:10855000000000000000000000000000000000001B
:10856000000000000000000000000000000000000B
:1085700044290329A128014955FEE7A2649A849A57
:108580006BE406B3859AA69AE69AA59AA49AC5A220
:1085900088C38CDCC279E381267AE248A1284008AE
:1085A000000000080018C98AABB3ECBB0018000833
:1085B000000000000000000020000000000800088B
:1085C000000000002000400040004000200020008B
:1085D000200000000000000000000000000000007B
:1085E000000000000000000000000000000000008B
:1085F000000000000000000000000000000000007B
:10860000000000000000000000000000000000006A
:10861000000000000000000000000000000000005A
:10862000000000000000000000000000000000004A
:10863000000000000000000000000000000000003A
:10864000000000000000000000000000000000002A
:10865000000000000000000000000000000000001A
:10866000000000000000000000000000000000000A
:1086700000000000000000000000000000000000FA
:1086800000000000000000000000000000000000EA
:1086900000000000000000000000000000000000DA
:1086A00000000000000000000000000000000000CA
:1086B00000000000000000000000000000000000BA
:1086C0000000000000000000200021004100000028
:1086D00000000000200020002431C12867722DBC5A
:1086E0006592859AE6AA67BB639AA4A2A59AC59AE1
:1086F000C59AC59AC59A849AC6AA869A0482057AAA
:10870000677A644903298118001000182A9BE89AA7
:10871000868A4030000800000000000000000000D1
:108720000000000000000000000000000000000049
:1087300020002000200000000000000000000000D9
:108740000000200000000000000000000000000009
:108750000000000000000000000000000000000019
:108760000000000000000000000000000000000009
:1087700000000000000000000000000000000000F9
:1087800000000000000000000000000000000000E9
:1087900000000000000000000000000000000000D9
:1087A00000000000000000000000000000000000C9
:1087B00000000000000000000000000000000000B9
:1087C00000000000000000000000000000000000A9
:1087D0000000000000000000000000000000000099
:1087E0000000000000000000000000000000000089
:1087F0000000000000000000000000000000000079
:108800000000000000000000000000000000000068
:108810000000000000000000000000000000000058
:108820000000000000000000000000000000000048
:1088300000000000000000004100200000000008CF
:10884000023180308682EFDC8592859A47BBE9CB86
:10885000849AA4A2A5A2A59AC59AA49AA59A85A22B
:10886000A7A2048AC579A461234981202110001898
:108870000020099B28ABECBB666A000800000000E2
:1088800000000000000000000000000000000000E8
:1088900000000000000000000000000000000000D8
:1088A00000000000000000000000000000000000C8
:1088B00000000000000000000000000000000000B8
:1088C00000000000000000000000000000000000A8
:1088D0000000000000000000000000000000000098
:1088E0000000000000000000000000000000000088
:1088F0000000000000000000000000000000000078
:108900000000000000000000000000000000000067
:108910000000000000000000000000000000000057
:108920000000000000000000000000000000000047
:108930000000000000000000000000000000000037
:108940000000000000000000000000000000000027
:108950000000000000000000000000000000000017
:108960000000000000000000000000000000000007
:1089700000000000000000000000000000000000F7
:1089800000000000000000000000000000000000E7
:1089900000000000000000000000000000002000B7
:1089A00000006108A218C6518459CBABEFDC038AE2
:1089B000A59AC5A2C9CB439AC5A2A49AA5A2A5A26D
:1089C000A59AA59AC6AA28B3E589C579277A6451DC
:1089D000C23040180010C340C99A29ABAED4002061
:1089E000000820000000000000000000000000005F
:1089F0000000000000000000000000000000000077
:108A00000000000000000000000000000000000066
:108A10000000000000000000000000000000000056
:108A20000000000000000000000000000000000046
:108A30000000000000000000000000000000000036
:108A40000000000000000000000000000000000026
:108A50000000000000000000000000000000000016
:108A60000000000000000000000000000000000006
:108A700000000000000000000000000000000000F6
:108A800000000000000000000000000000000000E6
:108A900000000000000000000000000000000000D6
:108AA00000000000000000000000000000000000C6
:108AB00000000000000000000000000000000000B6
:108AC00000000000000000000000000000000000A6
:108AD0000000000000000000000000000000000096
:108AE0000000000000000000000000000000000086
:108AF0000000000000000000000000000000200056
:108B000000000000210800000000E320C22880309F
:108B10008BABECC3C6A2C6A248B3E6AAC5AA84A280
:108B200085A285A2A5A2A59AA5A2A5A2C6AA2592BC
:108B3000E589E6790662A549E23020200020C56972
:108B40004EC4099BA0380008000820000000000067
:108B50000100010000000000000000000000000013
:108B600000000000000000000000000020000000E5
:108B700000000000000000000000000000000000F5
:108B800000000000000000000000000000000000E5
:108B900000000000000000000000000000000000D5
:108BA00000000000000000000000000000000000C5
:108BB00000000000000000000000000000000000B5
:108BC00000000000000000000000000000000000A5
:108BD0000000000000000000000000000000000095
:108BE0000000000000000000000000000000000085
:108BF0000000000000000000000000000000000075
:108C00000000000000000000000000000000000064
:108C10000000000000000000000000000000000054
:108C20000000000000000000000000000000000044
:108C30000000000000000000000000000000000034
:108C40000000000000000000000000000000000024
:108C50000000000000000000000000000000000014
:108C600000000000000000000000000020080000DC
:108C700020088118434172DD51F5AAC3449A27B3F5
:108C800050F58CDC439A84A2A6A2A6A2859AA5A23E
:108C9000649AC6A2659AE481C579C56960282018DE
:108CA000C24088820A938BAB8CA3603000082008F6
:108CB0002000000000000000000000000000000094
:108CC00000000000000000000000000000000000A4
:108CD0000000000000000000000000000000000094
:108CE0000000000000000000000000000000000084
:108CF0000000000000000000000000000000000074
:108D00000000000000000000000000000000000063
:108D10000000000000000000000000000000000053
:108D20000000000000000000000000000000000043
:108D30000000000000000000000000000000000033
:108D40000000000000000000000000000000000023
:108D50000000000000000000000000000000000013
:108D60000000000000000000000000000000000003
:108D700000000000000000000000000000000000F3
:108D800000000000000000000000000000000000E3
:108D900000000000000000000000000000000000D3
:108DA00000000000000000000000000000000000C3
:108DB00000000000000000000000000000000000B3
:108DC00000000000000000000000000000000000A3
:108DD00001002100000041084010C130C04031E5D1
:108DE00030F544A2A5B22BDCE6A2849AC5A2849AEF
:108DF000A69AA59A849A27B3A8C3238A248A0482B0
:108E0000267AC5612020076A268209A34AA3467AEA
:108E10000018000820080000000001000000000009
:108E20000000000000000000000000002000000022
:108E300000000000000000002000200000000000F2
:108E4000000800000000000000000000000000001A
:108E50000000000000000000000000000000000012
:108E60000000000000000000000000000000000002
:108E700000000000000000000000000000000000F2
:108E800000000000000000000000000000000000E2
:108E900000000000000000000000000000000000D2
:108EA00000000000000000000000000000000000C2
:108EB00000000000000000000000000000000000B2
:108EC00000000000000000000000000000000000A2
:108ED0000000000000000000000000000000000092
:108EE0000000000000000000000000000000000082
:108EF0000000000000000000000000000000000072
:108F00000000000000000000000000000000000061
:108F10000000000000000000000000000000000051
:108F20000000000000000000000000000000000041
:108F30000000000000000000000000000000E22827
:108F40008028E9822DBCC7A2A6AA85AA88CB8DEC71
:108F5000859AC59AA49AC49AC59AA59A06ABC6AA38
:108F6000C5A20382047A257AC459844920208872D4
:108F70008882A88A0993E1380008200800000000D0
:108F800000000000000000000000000000000000E1
:108F900000000000200000000000000000000000B1
:108FA00000000000000000000008000000000000B9
:108FB00000000000000000000000000000000000B1
:108FC00000000000000000000000000000000000A1
:108FD0000000000000000000000000000000000091
:108FE0000000000000000000000000000000000081
:108FF0000000000000000000000000000000000071
:109000000000000000000000000000000000000060
:109010000000000000000000000000000000000050
:109020000000000000000000000000000000000040
:109030000000000000000000000000000000000030
:109040000000000000000000000000000000000020
:109050000000000000000000000000000000000010
:109060000000000000000000000000000000000000
:1090700000000000000000000000000000000000F0
:1090800000000000000000000000000000000000E0
:1090900000000000000000000000000000000000D0
:1090A00000000008202042490572299BAABB659A4E
:1090B000A5AA47C389CB449AC5A2C59AE5A2A49A9A
:1090C000C59AC5A2A9CB27BBE7AAE481267A887AEC
:1090D000C130C22800080008000800080008000885
:1090E0000000000000000000000000000000000080
:1090F0000000000000000000000000000000000070
:10910000000000000000000000000000000000005F
:10911000000000000000000000000000000000004F
:10912000000000000000000000000000000000003F
:10913000000000000000000000000000000000002F
:10914000000000000000000000000000000000001F
:10915000000000000000000000000000000000000F
:1091600000000000000000000000000000000000FF
:1091700000000000000000000000000000000000EF
:1091800000000000000000000000000000000000DF
:1091900000000000000000000000000000000000CF
:1091A00000000000000000000000000000000000BF
:1091B00000000000000000000000000000000000AF
:1091C000000000000000000000000000000000009F
:1091D000000000000000000000000000000000008F
:1091E000000000000000000000000000000000007F
:1091F000000000000000000000000000000000006F
:109200000000000000002000000000082028A78ABD
:109210008ECCCBBB659A64A247BB68C347C364A22C
:10922000A59AA59AA59AC49AA49A849ACDECA6A2C6
:10923000E4894682C661C2300008000000000000D8
:1092400000004100000000000000000000000000DD
:10925000000000000000000000000000000000000E
:1092600000000000000000000000000000000000FE
:1092700000000000000000000000000000000000EE
:1092800000000000000000000000000000000000DE
:1092900000000000000000000000000000000000CE
:1092A00000000000000000000000000000000000BE
:1092B00000000000000000000000000000000000AE
:1092C000000000000000000000000000000000009E
:1092D000000000000000000000000000000000008E
:1092E000000000000000000000000000000000007E
:1092F000000000000000000000000000000000006E
:10930000000000000000000000000000000000005D
:10931000000000000000000000000000000000004D
:10932000000000000000000000000000000000003D
:10933000000000000000000000000000000000002D
:10934000000000000000000000000000000000001D
:10935000000000000000000000000000000000000D
:1093600000000000000000000000000000000000FD
:109370004531612036F66ECC08A3869A859AE6B20E
:1093800067C306B3A5AA84A2A59AA59AA5A2C5A259
:10939000A4A2849AA5A224920582C048A138E330F1
:1093A0002008000020000000000000000000000075
:1093B00000000000000000000000000000000000AD
:1093C000000000000000000000000000000000009D
:1093D000000000000000000000000000000000008D
:1093E000000000000000000000000000000000007D
:1093F000000000000000000000000000000000006D
:10940000000000000000000000000000000000005C
:10941000000000000000000000000000000000004C
:10942000000000000000000000000000000000003C
:10943000000000000000000000000000000000002C
:10944000000000000000000000000000000000001C
:10945000000000000000000000000000000000000C
:1094600000000000000000000000000000000000FC
:1094700000000000000000000000000000000000EC
:1094800000000000000000000000000000000000DC
:1094900000000000000000000000000000000000CC
:1094A00000000000000000000000000000000000BC
:1094B00000000000000000000000000000000000AC
:1094C000000000000000000000000000000000009C
:1094D00000000000200000002429A230B0CC71ED73
:1094E00008A3C6A2C6A227B306B3A4AA84A2A5A2B3
:1094F000A5A2C5A2A5A2A5A2A5A2A5A2A5A2248AAD
:10950000668A0149812864390000000020080000B3
:10951000000000000000000000000000000000004B
:10952000000000000000000000000000000000003B
:10953000000000000000000000000000000000002B
:10954000000000000000000000000000000000001B
:10955000000000000000000000000000000000000B
:1095600000000000000000000000000000000000FB
:1095700000000000000000000000000000000000EB
:1095800000000000000000000000000000000000DB
:1095900000000000000000000000000000000000CB
:1095A00000000000000000000000000000000000BB
:1095B00000000000000000000000000000000000AB
:1095C000000000000000000000000000000000009B
:1095D000000000000000000000000000000000008B
:1095E000000000000000000000000000000000007B
:1095F0000000000000000000000000003284318400
:10960000318451845184528452845284528C5284C5
:10961000728471847184718471847284728472849E
:10962000938C938C728C728C928C928C928CB38C67
:10963000938CB38CB38CB38CB38CB38CB38CB38C52
:10964000B38CB38CB38CB38CB38CB38CB38CB38C22
:10965000B38CD394D394D394D394D394D394D394FA
:10966000D394D394D394D394D394D394D494D494C0
:10967000F494F494F494F49CF49CF49C159D159D3E
:10968000F49CF49CF49CF49CF49CF49CF49CF49C5A
:10969000F49CF49CF49C149D149D149D149D149DA5
:1096A000F49CF49CF49CF49CF49CF49CF49CF49442
:1096B000F494F49CF49CF49CF49CF49CF49C149D11
:1096C00015A5149D15A515A535A535A535A555A533
:1096D00055A555A555A555A535A535A535A535A53A
:1096E00035A515A5149D728C149D149D15A515A561
:1096F00015A515A515A515A535A535A535A535A51A
:1097000035A535A535A556A556A576AD76AD76AD6C
:1097100076AD76AD97ADB7ADB7ADB7B5D7B5D8BD6A
:10972000F8BD19BE7ACE4942462925212521252199
:1097300025212521252125212521252125212521F9
:109740000419041904190419041904190419041931
:109750000419041904190419041904190419041921
:10976000E318042172847284528451845184528497
:1097700052849284728452847284728C728C728C41
:10978000728472847284738C938C938C928C928C7E
:10979000938CB38CB38CB38CB38CB38CB38CB38CF1
:1097A000B38CB38CB38CB38CB38CB38CB38CB38CC1
:1097B000B38CB38CB38CB38CB38CD394D394D39439
:1097C000D394D394D394D394D394D394D394D39461
:1097D000D394B394D394D494D394F494F494F49C05
:1097E000F49CF49C149D159DF49CF49CF49CF49CB6
:1097F000F49CF49CF49CF49CF49CF49CF49CF49CE9
:1098000035A535A515A515A5159DF49CF49CF49CCE
:10981000F49CF49CF49CF49CF49CF49CF49CF49CC8
:10982000F49CD394F49C149D15A5149D15A515A521
:1098300035A535A555A555A555A555A535A535A5D8
:1098400035A515A515A515A5149D149DF49CB394D7
:10985000149D149D15A515A515A515A515A515A54A
:1098600035A535A535A535A535A535A535A556A507
:1098700056A576AD76AD76AD76AD76AD97ADB7AD96
:10988000B7ADB7B5D7B5D7B5F8BD19BE18BE4A4202
:10989000862925212521252125212521252125212F
:1098A000252125212521252104190419041904192C
:1098B00004190419041904190419041904190419C0
:1098C000041904190419E418E3180421938C728C08
:1098D00072845284528452847284728C728C728C20
:1098E000728C928C728C728C728C928C928C928C08
:1098F000928C928C938C938C938CB38CB394B39402
:10990000B394B394B394B38CB38CB38CB38CB38C47
:10991000B38CB38CB38CB38CB38CB38CD394D394FF
:10992000D394D394D394D394D394D394D394D394FF
:10993000D394D394D394D394D394D394D394D494EE
:10994000D494F494F49CF49C149D149D149D149D43
:10995000149DF49CF49CF49CF49CF49CF49CF49C66
:10996000159D149D159D35A535A535A535A515A5C0
:10997000149DF49CF49CF49CF49CF49CF49CD49C66
:10998000D49CD49CF49CF49CF49CF49CF49CF49C97
:10999000F49C149D15A535A535A535A535A535A58A
:1099A00035A535A535A535A535A535A515A515A527
:1099B00015A535A5149D149D15A515A515A515A5C9
:1099C00015A515A515A515A535A535A535A535A547
:1099D00035A535A555A555A556A576AD76AD56A5A3
:1099E00076AD76AD97AD97ADB7B5D8B5D8B5D8BD8E
:1099F000F8BD18BE39C629428629452125212521D1
:109A00002521252125212521252125212521252126
:109A1000041904190419041904190419041904195E
:109A200004190419041904190419E418E418E418B1
:109A3000E310E418B394B394938C728C728C728498
:109A4000928C928C938C938C938C938C938C938C20
:109A5000928C938C938C938CB38CB38C938C938CCF
:109A6000B38CB38CF494F494D494D394D394B38CF3
:109A7000B38CB38CB38CB38CB38CB38CB38CD394C6
:109A8000D394D394D394D394D394B38CB38CD394EE
:109A9000D394D394D394B38CB38CB38CB38CB38C56
:109AA000B38CB38CD394D394D494F494F49C15A530
:109AB00035A535A515A5149D149DF49CF49CF49C26
:109AC000F49CF49C159D159DF49C159D35A535A51C
:109AD00035A535A535A535A5149DF49CF49CF49CBD
:109AE000F49CF49CD49CD494D494D494D494D494DE
:109AF000F49CD494F49CF49CF49C149D15A535A579
:109B000035A535A555A535A535A535A535A535A565
:109B100015A515A515A515A515A515A515A5149D7E
:109B200015A515A515A515A515A515A515A515A565
:109B300035A535A535A535A535A535A535A556A534
:109B400056A556A556AD76AD56AD149DB394B7B592
:109B5000B7B5D7B5D7B5D8BDF8BD18BE39C66A4AAE
:109B6000862945212521252125212521252125213C
:109B70002521052145214521041904190419041939
:109B800004190419041904190419041904190419ED
:109B9000E418E418E418C418C418C318D49CD49466
:109BA000B38C928C928C938C938C938CB38CB38C5F
:109BB000B38CB38CB38CB38C938CB38CB38CB394C5
:109BC000B38CB38CB394B394D494F494F49C149D58
:109BD000149DF494F494F494F494D494D394D3947E
:109BE000D394D394D394D394D394D394D394D3943D
:109BF000D394D394D394D494D494D494D494D39429
:109C0000D394D394D394D394D394D394D494D4941A
:109C1000F494F494F49C15A535A535A535A535A582
:109C2000149DF49CF49CF49C159D159D159D159D0B
:109C3000F49C159D35A535A535A535A535A5159DEE
:109C4000149DF49CF49CF49CF49CF49CD494D394C4
:109C5000D394D494D394D394D494D494F49CF49C77
:109C6000F49C149D35A535A555A555A555A535A537
:109C700035A535A535A535A515A515A515A515A594
:109C800015A515A515A5149D15A515A515A515A50D
:109C900015A515A515A515A535A535A535A535A574
:109CA00035A535A535A535A556A556A556AD76AD30
:109CB00055A56E6B3184B7B5D7B5D7B5D7B5D8BD77
:109CC000F8BD18BE18BE2D63A731462925212521D0
:109CD0002521252125212521252125214521452114
:109CE000041904190419E4180419041904190419AD
:109CF00004190419E418E318E318E418E418C3106D
:109D0000C418C318F49CF49CD394B38CB38C938C78
:109D1000B38CB38CB38CB38CB38CB38CB38CB38C4B
:109D2000B38CB38CD394D394D394D394D494D49449
:109D3000F49C149D149D149D149D149D149DF49CDD
:109D4000F49CF494D494D494D494D494D494D4948B
:109D5000D494D494D494D394D494D494D494D494C4
:109D6000D494D494D494D494D494D394D494D494B4
:109D7000D494D494D494F49CF49C159D159D35A54D
:109D800055A555A555A535A5149D149D159D159D45
:109D9000159D159D159D159D159D159D159D15A52B
:109DA000159D159D159D159DF49CF49CF49CD49CCB
:109DB000D49CD494D494D494D494D494D494D4945B
:109DC000D494D494F49CF49C149D149D35A535A58D
:109DD00055A535A535A535A535A535A535A535A593
:109DE00015A535A515A515A515A515A515A5149D8C
:109DF00015A515A515A515A5149D149D149D149DB7
:109E000015A515A535A535A535A535A535A535A5C2
:109E100055A555A555A556AD55A5F07B76AD97B57D
:109E2000B7B5B7B5D7B5D8BDD8BDF8BD19C651843B
:109E3000A731452125212521252125212521252140
:109E400025212521452145210419E418E418E418A9
:109E500004190419041904190419E418E318E3187F
:109E6000E418C418C418C310C310E318F49CF49C7D
:109E7000D494D494D394D394B38CB38CD394D394F8
:109E8000D394D394D394D394D394B38CD394D494C1
:109E9000F494F494F49CF49C149D159D159D159DCB
:109EA000159D159D149D149D159D149DF494F49479
:109EB0001495F494F4941495F494F494F49CF49418
:109EC000F494F494F494F494F494F494F494F49452
:109ED000F494F494F494F494F494F494F494159D18
:109EE00015A535A535A535A555A555A535A535A582
:109EF00015A535A515A5159D159D159DF49CF49CDE
:109F0000159D149D359D15A5159D159D159D159D9A
:109F1000F49CF494F494D494F494D494D494D49479
:109F2000D494D494D494D494F494D494F49CF49C81
:109F3000149D35A535A535A535A535A535A535A57A
:109F400035A535A535A535A535A535A535A535A541
:109F500035A515A515A5149D15A515A515A515A51A
:109F6000159D159D159D159D15A515A535A535A501
:109F700055A535A535A535A555A555A555A556AD68
:109F800076AD35A576AD96ADB7B5D7B5F8B5F8B51C
:109F9000D8BD18BE39C655A5C83145212521252172
:109FA0002521252125214521452125214521452101
:109FB00005210419E418E418E318E318E318E3187A
:109FC000E318E318E418C418C418C310C418C31065
:109FD000C310E318F49CF49CF494F494D494D494B3
:109FE000D394D394D394D494D494D494D494D49434
:109FF000D494D494F494F494F49CF49CF49CF49C41
:10A00000149D159D159D159D159D159D15A5159DB9
:10A0100035A5359D359D359D359D159D159D159D08
:10A02000159D159D359D159D159D159D159D159D80
:10A03000159D159D159D149D149D149D159D159D93
:10A04000159D159D359D159D35A535A535A556A59F
:10A0500055A535A535A535A515A535A535A535A530
:10A0600035A535A5159D159D159D149D359D15A5E9
:10A07000159D159D159D159D149DF494F494F494CF
:10A08000F494D494D494D494D494D494D394D39472
:10A09000F494D494F49CF49C149D35A535A535A571
:10A0A00035A535A535A535A535A535A535A535A5E0
:10A0B00035A535A535A535A535A515A515A535A510
:10A0C00015A515A515A515A535A5159D159D159DB8
:10A0D00015A515A535A555A535A535A535A535A5D0
:10A0E00055A555A555A556AD76AD76AD96ADB7B58A
:10A0F000B7B5D7B5D7B5D7B5D8BD18BE39C65AC6C6
:10A10000083A66292521252145212521252145219A
:10A11000452125214521452105210419E418E4188C
:10A12000E418E418E318E318E318E318E418C41873
:10A13000C418C310C418C310C310E318F49CF49CD3
:10A14000F49CF49CD49CD494F494D494D394D49458
:10A15000F494F494F494F494F494F49CF49CF49CA7
:10A16000149D149D159D159D159D15A515A515A549
:10A17000159D15A535A535A535A535A535A535A557
:10A1800035A535A515A535A535A535A535A535A51F
:10A1900035A535A535A535A535A535A535A5149D18
:10A1A000149D35A515A515A515A515A5159D15A5D0
:10A1B00035A535A535A535A535A535A535A535A5CF
:10A1C00035A535A535A535A535A535A535A5159DE7
:10A1D000159D15A515A515A515A515A5159D159DC7
:10A1E000F49CF494F494F494D494D494D494D494A7
:10A1F000D494D494D494D494D49CD494F49CF49CC7
:10A2000015A535A535A535A535A535A535A535A59E
:10A2100015A515A515A515A515A535A535A535A50E
:10A2200035A515A515A515A515A515A515A515A53E
:10A23000159D159D159D159D159D15A535A535A536
:10A2400035A535A535A535A535A555A555A556ADD5
:10A2500076AD96AD96ADB7B5B7B5D7B5D7B5F7B5B9
:10A26000D8BD18BE39C6BBD6294245212521252196
:10A2700025214521452145214521252145214521EE
:10A2800004190419E418E418E418E418E318E318AE
:10A29000E318E418E418E418C418C418C418C31068
:10A2A000C310C318F49CF49C159DF49CF49CF49C7E
:10A2B000F49CF49CD494F49CF49CF59CF59CF59C43
:10A2C000F59C159D159DF59C159D159D159D159D40
:10A2D000159D15A515A515A515A515A535A535A576
:10A2E00035A535A535A535A535A535A535A535A59E
:10A2F00055A556AD76AD76AD76AD55A555A555A50A
:10A3000055A555A535A535A535A555A535A535A51D
:10A3100035A515A515A535A535A535A535A535A5AD
:10A3200035A535A535A535A535A535A535A535A55D
:10A3300035A535A535A535A515A515A515A515A5CD
:10A3400015A515A5149D149DF49C149D149DF494BD
:10A35000D394D394D394D394D394D394F394D394A5
:10A36000D394D394F49C149D15A535A535A535A596
:10A3700035A535A535A515A515A515A515A515A5AD
:10A3800015A515A535A535A535A535A535A515A55D
:10A3900015A5149D149D149D159D159D159D159D28
:10A3A00015A535A535A535A535A535A535A535A5FD
:10A3B00035A555A555A556AD76AD76ADB6ADB6ADC0
:10A3C000B7ADB7ADD7B5D7B5D7B5F8BD19C67ACE45
:10A3D0002942452145212521252145214521452188
:10A3E000252145214521452104190419E418E418C3
:10A3F000E418E418E418E418E418E418E418E4187D
:10A40000E418E418C310C310C310E318149D149D7E
:10A41000159D159D159D159D159DF49C149D149DD0
:10A42000159D15A535A556A535A555A535A535A563
:10A4300035A535A535A535A535A535A535A535A54C
:10A4400035A535A535A535A535A535A535A535A53C
:10A4500055A555A555A556AD96AD97B5B7B5B7B5A4
:10A4600076AD76AD76AD56AD55A555A555A555A598
:10A4700055A555A535A535A535A535A535A535A5CC
:10A4800035A535A535A535A535A535A535A535A5FC
:10A4900035A535A535A535A535A535A535A535A5EC
:10A4A00035A515A515A515A515A515A5149D149DCE
:10A4B000F49C149D149DF494F494F494D394D39444
:10A4C000D394D394F394F494F49CF49CF49C149D4E
:10A4D00015A535A535A535A535A535A535A515A5EC
:10A4E00015A515A515A515A515A515A535A535A55C
:10A4F00035A535A535A515A515A5149D149D149D47
:10A50000159D159D159D159D15A535A535A535A53B
:10A5100035A535A535A535A535A555A555A556AD02
:10A5200076AD76AD96AD96ADB6ADB7ADB7ADD7B5A8
:10A53000D7B5F8BD19C639C6083A86296629052156
:10A54000252145214521452145212521452145211B
:10A5500004190419E418E418E418E418E418E418D9
:10A56000E418E418E418E418E418E418C310C3105D
:10A57000C310E318F49CF49CF49C149D159D159D48
:10A58000159D159D159D149D149D35A535A576AD7C
:10A5900097B597B576AD55A555A555A555A535A53E
:10A5A00055A555A555A535A535A535A535A535A57B
:10A5B00035A535A555A555A555A555A555A576ADE2
:10A5C00097B5D7B5D7B5D7B5B7B596AD96AD76AD86
:10A5D00076AD76AD76AD56AD56AD55A556A535A53D
:10A5E00035A535A535A535A535A535A535A535A59B
:10A5F00035A535A535A535A535A535A535A535A58B
:10A6000035A535A535A535A535A535A535A535A57A
:10A6100015A515A5149DF49CF49C149D149D149DE2
:10A62000F494F494F494F394F394F394F494149DC4
:10A63000F49CF49CF49C149D149D35A535A535A57A
:10A6400035A535A515A515A5159D159D159D159D1A
:10A65000159D15A535A535A535A535A535A515A592
:10A6600035A515A5159D159D35A515A515A515A5EA
:10A6700035A535A535A535A535A535A535A535A50A
:10A6800035A555A555A576AD76AD76AD96AD96AD0D
:10A6900096ADB7ADD7B5D7B5D7B5F8BD18BEF8BD2F
:10A6A000E83986296629252125214521452145218D
:10A6B0004521452145214521041904190419E418AF
:10A6C000E418E418E418E418E418E418E418E418AA
:10A6D000E418E418C310C310C310E318F49CF49CEE
:10A6E000149DF49CF49CF49C159D159D159D159D41
:10A6F000159D149D35A555A576AD76AD76AD76AD97
:10A7000096AD76AD76AD55A555A576AD76AD55A58C
:10A7100035A535A535A535A555A535A555A555A509
:10A7200055A555A555A576ADD7B518BE18BEF8B533
:10A73000F7B5B7B596AD76AD76AD76AD76AD56AD2F
:10A7400056AD55A555A555A535A535A535A535A5B0
:10A7500035A535A535A535A535A535A5159D35A551
:10A7600035A535A535A535A535A535A535A535A519
:10A7700035A535A535A535A5149D149D149DF49CCE
:10A78000149D149D149D149DF494F494F494F494E5
:10A79000149DF494149D149DF49C149D149DF49C9C
:10A7A00015A515A5149D149D159D159D159D15A503
:10A7B000159D159D159D159D159D159D35A535A5B9
:10A7C00035A535A535A515A5159D159D728C928CC1
:10A7D00015A535A535A535A535A535A535A5159DF1
:10A7E00035A535A535A535A555A555A556A576ADEF
:10A7F00076AD76AD96AD96AD96ADB7ADB7ADD7B5F6
:10A80000D8BDF8BD18BEF8BD8629662925210521C9
:10A8100025216629452145214521452145214521FF
:10A82000041904190419E418E418E418E418E418E5
:10A83000E418E418E418C418C418C418C418C310E1
:10A84000C310E318F59CF59CF594F594F594F59CEC
:10A85000159D159D159D159D159D159D35A535A518
:10A8600035A555A576AD76AD96AD76AD76AD56AD42
:10A8700076AD76AD76AD76AD55A535A535A535A5C4
:10A8800055A555A555A555A555A555A555A576ADCF
:10A89000D7B539BE59C639BEF8B597B576AD76ADE0
:10A8A00076AD76AD76AD56AD56AD55A555A555A54B
:10A8B00035A535A535A535A535A535A535A535A5C8
:10A8C00035A535A5159D35A535A535A535A535A5E0
:10A8D00035A535A535A535A535A535A535A535A5A8
:10A8E000149D149D149D149D149D149D149D149DE0
:10A8F000F494F494F494149DF494F494149D149D9D
:10A90000F49C149D149DF49C149D149D149D149D01
:10A91000159D159D159D159D159D159D159D159DA7
:10A92000159D159D159D159D159D159D159D15A58F
:10A9300015A5149DD073728CF49C35A535A535A54D
:10A9400035A535A535A535A535A535A535A535A537
:10A9500055A555A556A576AD76AD76AD96AD96AD19
:10A9600096AD96ADB6ADD7B5D7B5D8BDF8BDF8BDE7
:10A9700029424521252125212521452166294521D9
:10A980004521452145214521041904190419E418DC
:10A99000E418E418E418E418E418E418E418C418F7
:10A9A000C418C418C418C310C310E318F494F49C5A
:10A9B000F49CF49CF49CF49C149D149D159D159D91
:10A9C000359D15A535A535A535A556A576AD76AD2C
:10A9D00096AD76AD76AD56AD76AD76AD76AD76AD5F
:10A9E00056AD55A535A535A535A535A556AD56ADFC
:10A9F00076AD76AD76AD96ADF8BD59C67ACE59C670
:10AA0000D7B596AD76AD76AD76AD76AD76AD55A5CE
:10AA100055A555A555A555A555A535A535A555A5A6
:10AA200035A535A535A535A535A515A515A5149DBF
:10AA300035A535A535A535A535A535A535A535A546
:10AA400035A535A535A535A5149D149D15A5149DD1
:10AA5000F49CF49CF49CF49C149DF494F494F4946D
:10AA6000149D149D149D149D149D149D149DF49C7F
:10AA7000149D149D149D149D159D159D159D159D4A
:10AA8000159D159D159D159D159D149D159D159D37
:10AA9000159D159D159D15A535A5F49C1184B394A0
:10AAA000159D35A535A535A535A535A535A535A5FE
:10AAB00035A535A535A535A555A556A556A576AD1B
:10AAC00056AD76AD76AD76AD96AD96AD97B5B7B5DC
:10AAD000B7B5D7B5F8BD19C635A5E839041945216C
:10AAE000252145214521462945214521452145214D
:10AAF000041904210419E418E418E418E418E4180B
:10AB0000E418E418E418C418E418C418C418C310EE
:10AB1000C310E318F494F494F49CF49CF49CF49C17
:10AB2000F494F494149D159D359D15A535A535A572
:10AB300035A555A556A555A576AD76AD55A576ADE9
:10AB400076AD56AD56AD76AD76AD76AD55A535A59F
:10AB500035A555A556AD56AD76AD76AD76ADD7B526
:10AB600018BE59C67ACE59C6B7B576AD76AD76ADB4
:10AB700056AD56AD76AD56AD56AD55A576AD76AD66
:10AB800076AD55A555A555A535A535A535A535A54C
:10AB900015A515A515A5149D149D35A515A535A5B7
:10ABA00035A535A535A535A535A535A535A5149DFE
:10ABB000149D149D149DF49CF49CF49CF49CF49CB2
:10ABC000149DF494F494F494149D149D149D149D78
:10ABD000149D149D149DF49C149D149D149D149D0E
:10ABE000159D159D159D159D159D159D159D159DD5
:10ABF000159DF49C159D159D159D159D159D15A5DF
:10AC000015A5F49CF49C159D159D35A535A535A578
:10AC100035A535A535A535A535A535A535A535A564
:10AC200055A556A556A576AD56AD76AD76AD76ADA5
:10AC300096AD96AD97B5B7B5B7B5D7B5F8BDB7B5BD
:10AC4000BBD687318629E41825214521452146298F
:10AC50006629452145214521041904210419E418D8
:10AC6000E418E418E418E418E418E418E418C41824
:10AC7000E418C418C418C310C310E318D394D494B0
:10AC8000D494F494F494F494F494149D149D149D29
:10AC9000159D159D15A535A535A535A535A555A534
:10ACA00076AD56AD76AD76AD76AD76AD76AD76ADAC
:10ACB00076AD76AD76AD56AD56AD56AD56AD56AD1C
:10ACC00076AD76ADB7B5F8BD18BE59C659C619C62A
:10ACD000D7B5B7B576AD55A555A555A556AD55A56E
:10ACE00076AD96ADB7B5B7B576AD56AD56AD55A503
:10ACF00055A535A535A5159D35A5159D159D35A5DC
:10AD000035A535A535A555A555A535A535A535A533
:10AD100035A515A515A515A5149D149DF49CF49CA9
:10AD2000F49C149D149DF49C149D149D149D149DDD
:10AD3000149D149D149D149D149D149D149D149D8B
:10AD4000149D149D149D149D159D159D159D159D77
:10AD5000F49CF49C159D149D149D149D159D159DAA
:10AD6000159D159D35A515A515A515A535A535A5C3
:10AD700035A535A535A535A535A535A535A535A503
:10AD800035A535A535A535A535A535A556A556ADA9
:10AD900076AD76AD76AD76AD76AD96AD96ADB7B512
:10ADA000B7B5D8BDF8BDF8BD9BD6E83946292521F1
:10ADB0002521462945214521452145214521462971
:10ADC000041904210419E418E418E418E418E41838
:10ADD000E418E418E418C418C418E418E418C418F3
:10ADE000C310E318B394D394D394D494F494F49408
:10ADF000F494149D149D149D159D359D35A515A5A0
:10AE000035A535A535A555A576AD76AD76AD55A557
:10AE100056AD55A576AD76AD76AD76AD76AD76AD63
:10AE200076AD56AD76AD55A576AD96ADD7B5F8BD38
:10AE300018BE39C639C618BEF8BDB7B576AD55A52A
:10AE400055A555A555A576AD96AD97B5D7B5B7B56A
:10AE500076AD56AD56AD56AD56A555A555A535A5FD
:10AE600035A556A556A535A535A535A576AD96AD1E
:10AE700076AD35A535A535A535A515A5149DF49C4C
:10AE8000F49CF49C149D149D149D149D149D149D7C
:10AE9000149D149D149D149D149D149D149D149D2A
:10AEA000149D149D149D149D149D149D149D149D1A
:10AEB000159D159D159D159D159D159D159D159D02
:10AEC000159D159DF49C159D159D15A515A515A5FC
:10AED00015A535A535A535A535A535A535A535A5C2
:10AEE00035A535A535A535A535A535A535A535A592
:10AEF00035A556A556A556A576AD76AD76AD56AD1B
:10AF000076AD96AD96AD97B5B7B5D7B5F8BD18BEC9
:10AF100059C6E83966294521252145214521452184
:10AF20004629462966296629041904190419E418D2
:10AF3000E418E418E418E418E418E418E418C41851
:10AF4000E418E418E418C418C318E318B394D394AD
:10AF5000B38CD394D494F494F494149D149D149DC0
:10AF6000159D359D15A535A535A535A535A555A541
:10AF700076AD76AD55A555A535A555A555A576ADA6
:10AF800076AD76AD76AD56AD56AD55A576AD76AD12
:10AF900076AD96ADD7B5F8BDF8BDF8BDF8BDF8BD36
:10AFA000D7B596AD55A555A555A576AD76AD76AD7B
:10AFB00096AD97B5D7B596AD55A556AD56AD56AD30
:10AFC00076AD56A556A555A556A576AD76AD55A533
:10AFD00035A535A576AD76AD55A555A535A535A5CF
:10AFE00035A515A5149DF49CF49CF49C149514951A
:10AFF000149D149D149D149D149D149D149D149DC9
:10B00000149D149D149D149D149D149D149D149DB8
:10B01000149D149D149D149D159D159D159D159DA4
:10B02000159D159D159D159D159D159DF49C159DB2
:10B0300015A515A515A515A515A535A535A535A5E0
:10B0400035A535A535A535A535A535A535A535A530
:10B0500035A535A535A535A535A555A555A556A5BF
:10B0600076AD76AD76AD56AD76AD96AD96AD97B57F
:10B07000B7B5D7B5D8BDF8BD59C6E8394521462979
:10B08000252145214521452146294629662966294C
:10B09000041904190419E418E418E418E418E4186D
:10B0A000E418E418E418C418E418E418E418C41800
:10B0B000C4180319B38CB38CD394D394D394D4947D
:10B0C000D494F494F49C149D159D159D35A535A537
:10B0D00035A535A555A556AD76AD55A555A535A5CE
:10B0E00035A535A535A555A555A555A555A555A5F0
:10B0F00055A555A555A556AD76ADB7B5D7B5D7B5B8
:10B10000B7B5B7B5B7B5B7B597B576AD76AD56ADFA
:10B1100056AD96ADB7B5B7B596AD96AD96AD76AD25
:10B1200056AD76AD76AD56AD55A555A556A556A5E9
:10B1300076AD97B596AD96AD76AD76AD76AD55A5B7
:10B1400055A535A535A535A535A515A5149D149D81
:10B15000F49C149D349D349D149D149D149D149D48
:10B16000149D149D149D149D149D149D149D149D57
:10B17000149D149D149D149D149D149D149D149D47
:10B18000159D159D159D159D159D159D159D159D2F
:10B19000159D159DF49C159D159D15A515A515A529
:10B1A00015A515A535A535A535A535A535A535A50F
:10B1B00015A535A535A535A535A535A535A535A5DF
:10B1C00035A555A535A556A556A556AD76AD76AD92
:10B1D00076AD76AD96AD96ADB7B5D7B5F8BD18BE20
:10B1E00039C60419662945214521452145214521B6
:10B1F0004629462945216629041904210419E41821
:10B20000E4180419041904190419E4180419041998
:10B210000419041904190419E4180421D394D394CB
:10B22000D394B394D394D494D494F494F494F49C99
:10B23000149D159D35A535A535A535A556A556AD45
:10B2400055A535A535A535A535A535A535A535A50E
:10B2500035A535A535A535A535A535A555A555A5DE
:10B2600076AD96ADB7B5B7B596AD96ADB7B5B7B542
:10B2700096AD76AD76AD76AD76AD96ADB7B596AD0D
:10B2800076AD56AD76AD55A576AD76AD76AD56AD0F
:10B2900055A555A555A555A576AD96AD76AD76AD1A
:10B2A00076AD76AD56AD55A535A535A535A535A5F3
:10B2B00035A5149D149D149D149D149D149D149DDD
:10B2C000149D149D149D149DF49CF49C149D149D38
:10B2D000149D149D149D149D149D149D149D149DE6
:10B2E000149D149D149D149D149D159D159D159DD3
:10B2F000159D159D159DF49C159D159D159D159DE0
:10B30000159D159D15A515A535A535A5359D359D0D
:10B31000359D35A535A535A535A535A535A535A565
:10B3200035A535A535A535A535A535A535A556A52C
:10B3300055A556A556AD76AD76AD96AD97AD96AD05
:10B34000B7B5D7B5F8BD39C639C6862945212521F7
:10B3500025214521452146294629462945214629B9
:10B36000041904210421041925212521242104196B
:10B3700004190419041904190419041904190419E5
:10B3800004190421D394D394D394B394D394D39431
:10B39000D494F494F494F49C149D159D35A535A58E
:10B3A00035A535A556A555A555A535A535A535A56C
:10B3B00035A535A535A535A535A535A535A535A5BD
:10B3C00035A535A555A555A555A596AD96AD96AD12
:10B3D00096AD96ADB7B5B7B5B7B596AD76AD55A543
:10B3E00055A576AD76AD76AD55A555A576AD55A5E9
:10B3F00076AD76AD76AD56AD55A555A555A555A5F9
:10B4000096ADB7B596AD76AD76AD76AD55A535A50D
:10B4100055A555A555A535A535A535A535A535A5FC
:10B4200015A515A514A514A514A514A514A514A552
:10B43000F49CF49C149D149D149D149D149D149DC6
:10B44000149D149D149D149D149D149D149D149D74
:10B45000149D159D159D159D159D159D159DF49C7F
:10B46000159D159D159D159D159DF49C159D15A566
:10B4700035A535A5359D359D369D369D369D369D28
:10B4800035A535A535A535A535A535A535A535A5EC
:10B4900035A535A535A556A555A556A556AD76AD08
:10B4A00076AD76AD76AD96ADB7B5D7B5D8BD18BE8D
:10B4B00059C6AB5245212521252145214521462943
:10B4C00046294629452146290419042125212521FB
:10B4D000E41804192421041904190419041904197D
:10B4E0000419041904190419E4180421B38CB38C49
:10B4F000D394D394D394D394D394D494F494F49CC9
:10B50000149D159D35A535A535A555A555A555A55C
:10B5100055A535A535A535A535A535A535A535A53B
:10B5200035A535A535A535A535A535A535A555A52B
:10B5300055A576AD76AD96AD76AD76AD96AD96ADBC
:10B54000B7B596AD76AD55A535A555A556AD56AD55
:10B5500055A555A556AD76AD76AD76AD76AD56AD65
:10B5600055A555A555A555A576AD96AD96AD96AD07
:10B5700076AD56AD55A555A555A555A555A555A5C9
:10B5800035A535A535A535A535A535A535A515A50B
:10B5900015A5149D149D15A5149D149D149D149D11
:10B5A000149D149D149D149D149D149D149D149D13
:10B5B000149D149D149D149D149D159D159D159D00
:10B5C000159D159D159D159D159D159D159D159DEB
:10B5D000159D15A515A515A515A515A515A515A5A3
:10B5E00015A5359D359D359D359D359D359D359DE3
:10B5F000359D359D35A535A535A535A535A555A56B
:10B6000055A555A575A576A596AD96AD96AD96AD05
:10B61000B7B5B7B5D8BD18BE7ACE518466292521F5
:10B6200045214521462946294629462945214629BD
:10B630000419041904190419041904190419041922
:10B640000419041904190419041904190419041912
:10B65000E4180421B38CB38CD394D394D394D394AF
:10B66000D394D494F49CF494F494159D159D35A52D
:10B6700035A535A535A535A535A535A535A535A5FA
:10B6800035A535A535A535A535A535A535A535A5EA
:10B6900035A535A535A555A555A555A576AD76ADE8
:10B6A00076AD76AD56AD76AD96AD96AD76AD76AD62
:10B6B00055A555A555A555A555A555A556AD76AD88
:10B6C00076AD76AD76AD56AD55A555A555A555A526
:10B6D00076AD76AD76AD76AD56AD56AD55A555A5E4
:10B6E00055A555A555A555A555A555A535A535A5CA
:10B6F00035A535A535A535A535A535A535A535A57A
:10B7000015A515A5149D149D149D149DF49CF49CE1
:10B71000F49CF49CF49C149D149D149D149D149D04
:10B72000159D159D159D159D159D159D159D159D89
:10B73000159D159D159D159D159D159D35A515A549
:10B7400015A515A515A515A515A5359D359D359DE1
:10B75000359D359D359D359D359D359D35A535A549
:10B7600035A535A535A535A556A556A556A576A565
:10B7700076A596AD96AD96ADB7B5B7B5D8BDF8BDC3
:10B7800059C62D6345212521452145216629462994
:10B790006629662925214629052104190419252130
:10B7A00004190419041904190419041904190419B1
:10B7B0000419242104190419E4182421B38CB38C2E
:10B7C000D394D394D394D394D394D494F494F494FE
:10B7D000F494F494149D159D159D159D159D35A506
:10B7E00035A535A515A515A515A535A535A535A5E9
:10B7F00035A535A535A535A535A535A535A555A559
:10B8000055A556AD55A556AD56AD56AD55A555A544
:10B8100076AD76AD76AD55A555A555A555A555A5DD
:10B8200055A555A556AD76AD76AD76AD56AD56ADB2
:10B8300055A555A555A555A576AD76AD76AD76AD94
:10B8400056AD56AD55A555A555A555A555A555A516
:10B8500055A555A535A535A535A535A535A535A5D8
:10B8600035A535A535A555A535A535A535A535A5E8
:10B87000149D149DF49CF49CF49CF49CF49C149DE5
:10B88000149D149D149D149D159D159D159D159D2C
:10B89000159D159D159D159D159D159D159D159D18
:10B8A000159D159D35A5159D159D159D15A515A5D0
:10B8B00015A5359D359D359D359D359D359D359D10
:10B8C000359D359D35A535A535A535A535A535A5B8
:10B8D00056A556A556A576A576A596AD96AD96AD78
:10B8E00096ADB7B5D8BDF8BD59C68E6B25212521BB
:10B8F00005214521662946296629662925214629EB
:10B90000052104190419252104190419041904191D
:10B91000041904190419041904190419041904193F
:10B9200024212421B38CB38CB394B38CB38CB39403
:10B93000B38CB394D494D494F494F494F49C149D60
:10B94000149D15A5159D359D359D359D35A535A5B0
:10B9500015A535A535A535A535A535A535A535A537
:10B9600035A535A535A535A555A555A555A555A587
:10B9700055A555A555A555A555A576AD76AD56AD9C
:10B9800055A535A555A555A555A555A555A556ADFE
:10B9900076AD55A555A555A555A555A555A555A5AE
:10B9A00056AD76AD76AD76AD76AD76AD76AD55A5C8
:10B9B00055A556AD55A555A555A555A555A555A5AE
:10B9C00035A555A555A555A535A535A535A535A547
:10B9D00035A535A515A515A515A5149D149D149D72
:10B9E000149D149D149D149D149D149D149D149DCF
:10B9F000149D159D159DF49C159D159D159D159DDA
:10BA0000159D159D159D159D159DF49CF49CB39455
:10BA10008E6B3184149D149D15A5359D359D359DE6
:10BA200015A515A515A515A5159D35A535A535A5EE
:10BA300035A535A535A535A556A556A556A576A592
:10BA400076A596AD96AD96AD96ADB7B5D8BDF8BD19
:10BA500019C67ACE25212521041945216629662992
:10BA6000462966292521462925210419041925215D
:10BA700004190419041904190419041924210419B6
:10BA8000041945212521242104210421938CB38C00
:10BA9000B38CB38CB38CB38CB38CB38CD394D4945D
:10BAA000F494F494F494F49C149D359D359D359D47
:10BAB000359D359D35A535A535A535A535A535A5C6
:10BAC00035A535A535A535A535A535A535A535A5A6
:10BAD00055A555A555A555A556A535A535A555A5D5
:10BAE00055A556AD76AD56AD35A535A535A535A5CB
:10BAF00055A555A556AD56AD55A555A555A555A564
:10BB000035A555A535A556A556AD76AD56A576AD48
:10BB100096AD96AD76AD56AD56AD56AD55A555A57F
:10BB200055A555A535A535A555A555A555A535A5A5
:10BB300035A535A535A535A515A515A515A515A5B5
:10BB400015A5149D149D149D149D149D149D149D64
:10BB5000149D149D149D149D159D159D159D159D59
:10BB6000159D159D159D149DF49C159D149D149D6A
:10BB7000159DD394F07B8731A7313184149D15A591
:10BB8000159D159D159D159D15A515A515A515A505
:10BB900015A535A535A535A535A535A555A555A5B5
:10BBA00056A556A556A576A575A596AD96AD96ADA6
:10BBB00096ADB7B5D7B5F8BD18BE7ACE6629452182
:10BBC000041945216629662966296629252145210A
:10BBD000041904190419052104190419242104194C
:10BBE00024210419242125212421041904192421A4
:10BBF00004210421938CB38CB38CB38CB38CB38CA1
:10BC0000B38CB38CD394D394D494F494F494F49CE0
:10BC1000F494359D359D359D359D359D35A535A5CE
:10BC200035A535A535A535A535A535A535A535A544
:10BC300035A535A535A535A555A555A555A555A5B4
:10BC400056A535A535A555A535A535A555A555A5A3
:10BC500035A535A535A535A535A555A556AD56ADA2
:10BC600035A555A555A555A535A535A535A535A5A4
:10BC700056AD56A555A556AD96AD96AD76AD56AD1D
:10BC800056AD56AD55A555A555A555A535A535A512
:10BC900055A555A555A535A535A535A535A535A574
:10BCA00035A535A535A515A515A5149D149D149D7F
:10BCB00015A535A535A535A515A515A515A515A554
:10BCC000159D159D159D159D159D159D159D149DE5
:10BCD000F49C159DF49CD49452848E6BE8396A4A86
:10BCE000A731AB52928CF49C159D159D159D159D09
:10BCF00015A515A515A515A515A535A535A535A514
:10BD000035A535A555A555A556A556A556A576A57F
:10BD100075A596AD96AD96AD96ADB7B5D7B5D8BD70
:10BD2000F8BD39C6862946290419452166296629A0
:10BD300066296629252145210419041904190419C5
:10BD40000419041904190419242124212421041993
:10BD5000242104190419242104210421938CB38C77
:10BD6000B38CB38CB38CB38CB38CB38CD394D3948B
:10BD7000D494D494D494F494F49C159D359D35A515
:10BD800035A535A535A535A535A515A515A535A523
:10BD900035A535A535A535A535A535A535A535A5D3
:10BDA00035A535A535A535A535A535A535A535A5C3
:10BDB00035A535A535A535A535A535A535A555A593
:10BDC00055A535A555A555A555A555A535A515A523
:10BDD00035A535A535A535A556A556AD56AD55A500
:10BDE00076AD76AD76AD56AD56AD56AD55A555A5ED
:10BDF00055A555A555A555A535A535A535A535A5F3
:10BE000035A535A535A535A535A535A535A535A562
:10BE100035A535A535A535A535A535A535A515A572
:10BE200015A515A515A515A5159D149D149D159D64
:10BE3000159D159D149DF49CF49C159DF49CF49CFB
:10BE4000B394AF733184B394F07BC7310C5BD3945C
:10BE5000149D159D159D159D15A515A515A515A533
:10BE600015A535A535A535A535A535A535A556A501
:10BE700056AD56AD56A576A576A596AD96AD96ADC2
:10BE800097B5B7B5B7B5D7B5F8BDD7B5A7312521A3
:10BE9000041945216629662946296629252146294E
:10BEA0000419041904190419041904192421452139
:10BEB0002521242124212421242124212421242159
:10BEC00004210421938C938CB38CB38CB38CB38CEE
:10BED000B38CB38CB38CD394D394D394D394D494A1
:10BEE000F494149D149D359D15A515A515A515A5AE
:10BEF00015A515A515A515A5159D35A535A535A51A
:10BF000035A535A535A535A535A535A535A535A561
:10BF100035A535A515A515A535A535A535A515A5B1
:10BF200015A515A515A535A535A535A535A535A5A1
:10BF300035A5359D359D35A535A535A535A535A541
:10BF400055A556A556A556A556AD76AD55A555A5EC
:10BF500055A555A555A555A555A555A555A535A531
:10BF600035A535A535A535A535A535A535A535A501
:10BF700035A535A535A535A515A535A535A535A511
:10BF800035A535A535A535A5159D35A515A515A549
:10BF900015A5159D159DF49C149D149DF59CF59C6F
:10BFA000F59C159DF59CF59CD394D49CF49C149D14
:10BFB000F49C107C0D63D394F49CF49CF49C159D2C
:10BFC000159D35A515A535A535A535A535A535A5E9
:10BFD00035A535A556A555A556AD56AD55A555A5BE
:10BFE00076AD76AD76AD96AD96ADD7B5B7ADD7B5E6
:10BFF000F8BDF8BDA73145210419452166296629F8
:10C000004629662905214521052104190419242101
:10C0100024214521242124212421242124212421D7
:10C02000242124212421041904210421938C938C9C
:10C03000B38CB38CB38CB38CB38CB38CB38CD394E0
:10C04000D394D394D394D494D494F494F494159D29
:10C05000159D159D159D159D159D159D159D159D50
:10C06000159D35A515A515A515A535A535A535A588
:10C0700035A535A535A535A5159D159D15A515A580
:10C0800035A515A515A5159D359D359D159D359D88
:10C09000359D359D359D359D359D359D359D35A508
:10C0A00035A535A535A535A535A535A556A535A59F
:10C0B00055A556AD55A535A535A535A535A535A547
:10C0C00035A535A535A535A535A535A535A535A5A0
:10C0D00035A535A535A535A535A535A535A535A590
:10C0E00015A535A535A535A535A535A535A535A5A0
:10C0F00035A5159D15A515A515A5159D159DF49C92
:10C10000149D149D149D149D149D149D149D149DA7
:10C11000F49CF49C149D149D149D349DF494149DE2
:10C12000159DF49CF49C149D159D35A515A535A56C
:10C1300035A535A535A535A535A535A556A556A5ED
:10C1400076AD76AD76AD76AD76AD76AD76AD96ADB7
:10C1500096ADB6ADB6ADB7B5D8BD18BE87314629D8
:10C16000041945216629662946296629452166293B
:10C1700005212421242124212421041924212421DE
:10C1800024212421242124212421242124210419AF
:10C1900004210421928C928CB38CB38CB38CB38C1D
:10C1A000D494D494D394D394D394D394D394D49454
:10C1B000D494F494F494F49CF49CF49C149D149DF5
:10C1C000149D149D149D159D159D359D15A515A5B2
:10C1D00015A535A535A535A535A535A535A535A5AF
:10C1E000359D159D159D159D359D359D359D359D1F
:10C1F000359D359D159D359D359D359D359D359DCF
:10C20000359D359D359D359D359D359D35A535A58E
:10C2100035A535A535A535A535A556A556A556A5EB
:10C2200035A535A535A535A535A535A535A535A53E
:10C2300035A535A535A535A535A535A535A535A52E
:10C2400035A535A535A535A535A535A535A535A51E
:10C2500035A535A535A535A535A5159D15A515A576
:10C26000159D159D149DF49C149D149D149D149D65
:10C27000149D149DF49CF49C149D149D149D149D78
:10C28000149D149D149D149D159D159D159D159D22
:10C2900015A515A5159D35A535A535A535A535A536
:10C2A00035A535A556AD56AD76AD76AD76AD76AD48
:10C2B00076AD76AD76AD76AD96AD96AD96ADB7B5BD
:10C2C000D8BD5ACE4521662904192521662966293B
:10C2D0006629662925216629252124212521242155
:10C2E0002421242124212421242124212421242126
:10C2F000041904190419041904190421928C928C4C
:10C30000B38CB38CB38CB38CD394D394D394D39495
:10C31000D394D394D394D394D494F494F494F49481
:10C32000F49CF49C149D149D149DF49CF49CF49C2A
:10C33000149D159D159D15A515A515A515A535A526
:10C3400035A535A555A535A5359D159D159D159D7D
:10C35000359D359D359D35A515A515A515A535A585
:10C3600035A535A535A535A5359D359D359D359D1D
:10C37000359D359D15A515A535A535A535A535A53D
:10C3800035A535A556A556A535A535A515A515A5DB
:10C3900015A515A515A515A515A535A535A535A56D
:10C3A00035A535A535A535A535A535A535A535A5BD
:10C3B00035A535A535A535A535A535A535A535A5AD
:10C3C00015A515A5159D159D159D159D159DF49CEF
:10C3D000F49CF49CF49CF49CF49C149DF49CF49CBC
:10C3E000149D149D149D149D149D149DF49CF49C07
:10C3F000149D159D159D159D15A515A515A515A58E
:10C4000035A515A535A535A535A535A556A556A53A
:10C4100056AD56AD76AD76AD76AD76AD76AD76AD44
:10C4200076AD76AD96AD96ADD8BD39C6662986296E
:10C43000252125218629662966296629252166293F
:10C4400004192521252125212421242124212421E9
:10C450002421242124212421041904190419041954
:10C4600004210421928C928CB38CB38CB38CB38C4A
:10C47000D394D394D394D394D394D394D394D39484
:10C48000D394D494D494F494F494F494F494149DA4
:10C49000F494F49CF49CF49CF49C149D149D159DC0
:10C4A000159D159D159D15A5159D15A535A535A59C
:10C4B000359D359D359D359D359D159D159D159D4C
:10C4C000159D159D35A535A535A535A535A535A5EC
:10C4D000359D159D159D159D359D359D15A515A55C
:10C4E000159D159D35A5159D35A555A556A556AD8A
:10C4F00056A535A515A515A515A515A515A515A50B
:10C5000015A535A535A535A535A535A535A535A57B
:10C5100035A535A535A535A535A535A535A535A54B
:10C5200035A535A535A5149D15A515A5159D159DF4
:10C53000159D159D159DF49CF49CF49CF49CD3943E
:10C54000B394F49CF49CF49C149D149D149D149D30
:10C55000149D149DF49CF49C149D159D159D159D92
:10C5600015A515A515A515A535A535A535A535A57B
:10C5700035A535A556A556A556AD56AD56AD56AD05
:10C5800076AD76AD76AD76AD76AD76AD96AD96AD53
:10C59000B7B518BEC3104521252145216629662956
:10C5A00066296629252166290419252125212521A9
:10C5B0002421242124212421242124212421242153
:10C5C000242104190419041904210421928C928C49
:10C5D000B38CB38CB38CD394D394B394B38CB38C0B
:10C5E000D394D394D394D394D394D394D494F494F1
:10C5F000F494F494F494F494F494F494F494F49CF3
:10C60000F494F494F494F494149DF49C159D159D65
:10C61000159D15A535A535A5359D359D159D159DF2
:10C62000359D159D159D159D159D159D149D35A533
:10C6300035A535A515A515A5359D359D359D159DAA
:10C64000159D159D159D159D159D149D149D159D5C
:10C6500015A535A556A556A555A556A515A515A5E7
:10C6600015A515A515A5149D35A535A535A535A583
:10C6700035A535A535A535A535A535A535A515A50A
:10C6800015A515A535A535A535A515A515A515A57A
:10C6900015A515A535A535A5149D149D149DF49CCF
:10C6A000F49CF49CF49CB3948A4AF07B149DF49C13
:10C6B000F49C149D149DF49C149D149D159D159D32
:10C6C000149D15A515A515A535A535A535A535A523
:10C6D00035A535A535A535A535A535A556A556A548
:10C6E00055A555A556AD56AD76A576A576A576A5E4
:10C6F00076AD76AD96AD97B5B7B5F8BD8B4A6629E0
:10C70000452145216629662966298629252166292C
:10C71000052125212521252125212421242124210C
:10C720002421242124212421242124210419041931
:10C73000E4180421938C938C938CB38CB394B38CB6
:10C74000B38CB38CB38CD394D394D394D394D39429
:10C75000D394D494D494D494D494F494F49CF49C2A
:10C76000F494F594F594F494F494F494F494F49487
:10C77000F494F494149D149D149D159D359D359D40
:10C78000359D359D359D359D159D159D149D149D9B
:10C79000149D149D159D359D359D359D359D359D6B
:10C7A000159D149D149D149D149D149DF49CF49C42
:10C7B000149DF494149DF49C159D35A535A535A5BF
:10C7C00055A535A515A515A515A5159D159D15A549
:10C7D00035A535A515A515A535A535A535A515A5E9
:10C7E00015A515A515A535A535A515A515A515A539
:10C7F00015A515A515A5149D149D149D149D149D96
:10C80000149D149D149D159DF49CF49CF49CF49C23
:10C81000107C4942AF733184D49C149D149D149DA7
:10C82000149D149D149D159D159D15A515A5159D6B
:10C8300035A515A535A535A535A535A535A535A548
:10C8400035A535A535A535A535A5B394EC5AAB521C
:10C85000B39415A555A555AD76AD76AD96AD96AD0F
:10C86000B7B5F8BD3184872966294521662986290F
:10C870008629873145216629252125212521252144
:10C88000242124212421242124212421252125217E
:10C89000041904190419041904190421938C938CA4
:10C8A000938CB38CB394D394B394B394D394D39420
:10C8B000D394D394D394D394D394D394D394D4943F
:10C8C000F494F494F494F494F494F494F494F49428
:10C8D000F494F494F494F494F494F494F494F49418
:10C8E000F494F494149D149D159D159D159D159D0E
:10C8F000159D159D149D149D149D149D159D159DAC
:10C90000159D159D159D159D149D149D149D149D9B
:10C91000149D149DF49CF49C149DF494149DF49C1B
:10C92000149D15A515A535A535A535A515A515A5E0
:10C9300015A5159D159D15A5159D159D15A515A547
:10C9400035A535A535A515A515A515A515A5149DC0
:10C95000149D15A515A515A515A515A515A5149D19
:10C96000149D149D149D149D149D149D149D159D3E
:10C97000F49CF49CF49CF49CB394CB526A4A107CD3
:10C98000D49C149D149D149D149D149D149D159D5F
:10C99000159D15A515A5159D35A515A535A535A577
:10C9A00035A535A535A535A535A555A576AD05190A
:10C9B0000419C418E418C310E41804214D6315A524
:10C9C00076AD76AD76AD96ADB7B518BE19BE8729F2
:10C9D000662966298629862986298731452186295F
:10C9E000252125212521252124212421242124211B
:10C9F00024212421242124210419041904190419AF
:10CA000004190421938C938CB38CB38CB394D3947A
:10CA1000D394D394D394D394D394D394D394D394DE
:10CA2000D394D494D494F494F494F494D494D49467
:10CA3000D494F494F494F494F494F494F494F494D6
:10CA4000F494F494F494F494F494F494F494F494A6
:10CA5000F494149D149D149D159D159D159D149D74
:10CA6000149D149D149D149D149D149D149D149D3E
:10CA7000149D149D149DF49C149D149DF494F494A1
:10CA8000F494149D149DF49CF49C149D159D35A55F
:10CA900035A535A5159D159D15A5159D159D15A5A6
:10CAA00035A515A515A515A515A535A5159D15A57E
:10CAB000149D149D35A5149D149D149D149D149DC5
:10CAC000149D149D149D149D149D149D149D149DDE
:10CAD000149D159D159D159DF49CF49CF49CF49C4F
:10CAE000D49CB394D394D394F49CF49CF49CF49C81
:10CAF000149D149D159D159D159D159D359D35A560
:10CB000035A535A535A535A535A535A535A535A555
:10CB100035A576AD6208E418C310C310C310E4183D
:10CB2000A318C4180421AB5256AD76AD76AD97B5B7
:10CB3000B7B5F8BDDBD687296629662986298629F7
:10CB40008629873145218629252125212521252151
:10CB500024212421252124212421242124210419D4
:10CB60000419041904190419E418041993949394EA
:10CB7000B38CB38CB394D394D394D394D394D394ED
:10CB8000D394D394D394D394D394D494D494D3946B
:10CB9000F494F494D494D494D494F494F494D494D5
:10CBA000D494D494D494F494F494F494F494F494A5
:10CBB000F494F494F494F494D494F494F49CF49C45
:10CBC000149D149D149D149D149D149DF494F4942F
:10CBD000F494F494F49CF49CF49C149D149DF49CA3
:10CBE000F494F494F494F494F494F494F494F49CFD
:10CBF000F49C149D159D15A515A535A535A5928CFC
:10CC0000318435A535A5159D15A5159D15A515A529
:10CC100015A5159D159D15A5149D149D928C149D0B
:10CC2000149D149D149D149D149D149D149DF49C9D
:10CC3000149D149D149D149D149D159D159D159D69
:10CC4000F49CF49CF49CF49C149DF49CF49CF49C43
:10CC5000F49CF49CF49CF49C149D149D159D159DCE
:10CC6000F49C149D159D159D159D159D15A535A527
:10CC700035A535A515A515A5159D4208E418C318B9
:10CC8000C318C318C318C418C418E418E4184629F4
:10CC9000149D96AD76AD97B5B7B5D8B5BBD6A731CF
:10CCA0006629862986298629662986294521862995
:10CCB0002521252125210419E418E4182521242102
:10CCC0002421242125212421041904190419E418FC
:10CCD000C318E4188E6BF494D394D394B38CD39488
:10CCE000D394D394D394D394D394D394D394D3940C
:10CCF000D394D494D494D494D494D494D494D494F5
:10CD0000D394D494D494D394D394D394D494D394E8
:10CD1000D394D394D394F494D494F494F494F49456
:10CD2000F494F494D494F494F494F494F494149DBA
:10CD3000F49CF49CF494F494F494F494F49CF49C93
:10CD4000F49CF494F494F49CF494F494F494F49493
:10CD5000F494F494F494F49CF49CF49C159D159D27
:10CD6000159D159D35A5B3946629EC5A938CD394E3
:10CD70009394F49C15A535A5159D159DF49C149DC3
:10CD8000149DB39409424E6B14A5149D149D149DDB
:10CD9000149D149D149D149D149D149D149D149D0B
:10CDA000149D149D149D149D149D149DF49CF49C3D
:10CDB000F49CF49CF49CF49CF49C159D159DF49CAF
:10CDC000F49CF49C149D149D149D149D159D159D1B
:10CDD000159D159D159D159D159D159D35A556AD4A
:10CDE000C418E418E418C418042145296629452903
:10CDF000E420C418C318C318A31035A576AD76ADCA
:10CE000097B5D7B559C66629452186298629862929
:10CE10008629873145218731E839083AC418C41872
:10CE2000E418E41804192942452124212421041975
:10CE3000E318E418E318C310C318E418AB528A527D
:10CE4000EC5A928C35A5D394D494D394D394D4949F
:10CE5000D494D494D494D494D494D494D494D49492
:10CE6000D494D494D494D494D494D494D494D49482
:10CE7000D494D494D494D494D494D494D494D49472
:10CE8000D494F494F494F494D494D394D494D49403
:10CE9000D494F494F494F494F494F494F494F49472
:10CEA000F494F494F494F494F494F494F494F49442
:10CEB000F494F494F494F494F494F494F494F49432
:10CEC000F49CF49C149D149D149D159D159D159D19
:10CED0003184094266294942494231843184149D92
:10CEE00035A535A515A5149D149DF49C8F73863129
:10CEF000728CF49C149D149D149D149D149D149D7E
:10CF0000149D149D149D149D149D149D149D149D99
:10CF1000149D149DF49CF49CF49CF49CF49CF49C4F
:10CF2000F49CF49CF49CF49CF49CF494149D149D47
:10CF3000149D149D149D149D149D149D149D159D68
:10CF4000159D159DF49C8208E418C418C418E420AB
:10CF50004531AB5A308CEF836531C320C420C318F0
:10CF6000452954A576AD96AD96ADB7B518BEC3109C
:10CF7000452166298629873186298629A7312D638F
:10CF80002521E418E418C310C310C310C3100419FA
:10CF9000294225210419E418E318E318E318C31003
:10CFA000E318E418C731C7398A4AAB52EC5AAF7359
:10CFB000149DD49CB394D494D494D494D494D49401
:10CFC000D494D494D494D494D494D494D494D49421
:10CFD000D494D494D494D494D494D494D494D49411
:10CFE000D494F494D494D494D494D494D494D494E1
:10CFF000D494D394D494D494D494F494F494F49492
:10D00000F494F494F494F494F494F494F494F494E0
:10D01000F494F494F494F494F494F494F494F494D0
:10D02000F494F494F494F494F49CF49C149D149D5E
:10D03000149D159D159D159DF49C728C29422521EA
:10D04000A731AB52728C15A535A535A515A5149D34
:10D05000149DF49CF49C494A2942AF738E6B318431
:10D06000F49C149D149D149D149D149D149D149D59
:10D07000149D149D149D149D149D149DF49CF49C6A
:10D08000F49CF49CF49CF49CF49CF49CF49CF49C20
:10D09000F49CF494149D149D149D149D149D149D52
:10D0A000149D149D149D159D159DF49C083AC41063
:10D0B000C418C418E4184629EB6235AD18CE96BDE5
:10D0C0006952E420C418A210E318B6B556AD96AD67
:10D0D00096ADB7B5D7B50419662904196629873105
:10D0E00066296629CB520419C310E418E418E41821
:10D0F000C418C418C418E4182521C731E418E4186A
:10D10000E318E318E318C310E318E4184629662966
:10D110006629A7316A4A6A4AEC5A2D63D394149D52
:10D12000F394D394D394D394D394D394D394D494A6
:10D13000D494D494D494D494D494D494D494D494AF
:10D14000D494D494D494D494D494D494D394D394A1
:10D15000D394D394D394D394D494D394D494D49494
:10D16000F494F394F394F394F494F494F494F49482
:10D17000F494F494F494F494F494F494F494F4946F
:10D18000F494F494F49CF49CD49CF49CF49CF49C4F
:10D19000F494149D149D149D149D149DF49CF49C72
:10D1A000F49C5184D07B9394F49CF49CF49C35A51E
:10D1B00035A535A515A5149D159D159DF49C518487
:10D1C000A7312421EB5AB394F49C149D149D149D13
:10D1D000149D149D149D149D149D149D149D149DC7
:10D1E000159D159D159DF49CF49CF494F49CF49C61
:10D1F000F494F49CF49CF49CF49CF49CF49CF49CB7
:10D20000F49C149D149D149D149D149D149D149DB7
:10D21000149D55A50521C318C318C318E4208A52CC
:10D22000D39C18CE59D618CE8A5AE320C318C318F7
:10D230002521B6B556AD76AD96ADB7B539C6E83948
:10D240006629E41845218629C7310C5B2521C418BD
:10D25000E418E418E418252125212521E418E41810
:10D26000E4180521E418E418E318E318E418041995
:10D27000E4180419462945212521452166296629F6
:10D2800087316A4ACB52CB522D63D49CF49CD39401
:10D29000F49CD394D394D494D394D394D394D3942C
:10D2A000D494D494D494D394D494D494D494D4943F
:10D2B000D494D494D394D394D394D394D394D39434
:10D2C000D394D394D494D494F394F394F394F394A4
:10D2D000F394F494F494F494F494F494F494F4940F
:10D2E000F494F494F494F494F494F494F49CF49CEE
:10D2F000F49CF49CF49C149DF49CF49C149DF49C6C
:10D30000F49C149D149D149DF49CF49C149D159DF7
:10D31000159D159D159D159D15A5159D159D159D75
:10D32000149DF49C149D728C1184B394F494F49421
:10D33000149D149D149D149D149D149D149D149D65
:10D34000149DF49CF49C149D159D159DF49CF49CD7
:10D35000F49C149D149D149DF494F494F494149DE1
:10D36000149D149D149D149D149D149D149DF49C56
:10D37000159D159D159DD49CD49C4200C318C318BF
:10D38000A310E318695214A5D7BDF8C5F7C596BD1B
:10D39000E741E318C318C318252114A556AD76AD8F
:10D3A00096AD97B539C6728C452125212521862950
:10D3B0008F7305210419E418E41846292942F07BEB
:10D3C000107C49422521E318C318E418E418041915
:10D3D0000419041904192421042124218731452129
:10D3E0004521452166294521662986294521C839D7
:10D3F000AB52CB520D63318455A5D394D394D494BE
:10D40000D494D494D494D494D494D494D494D494DC
:10D41000D494D494D494D494D494D494D394D394CE
:10D42000D394D394D394D394F394F394D494D49482
:10D43000F394F394F394F394F394F494F494D494D1
:10D44000D494D494D494D494F494F494F494F4941C
:10D45000F494F494F49CF49CF49CF49CF49CF49464
:10D46000F49CF49CF494F49CF49CF49CF494F49454
:10D47000F49C149DF49C159D159D159D159D159D61
:10D48000159D159D159D159D149DF49CF49CF49C73
:10D49000F49C149D149D149D149D149D149D149D25
:10D4A000149D149D149D149D149DF49CF49C149D36
:10D4B000159D159DF49CF49CF49C149D149D149D45
:10D4C000149D149D149D149D149D149D149D149DD4
:10D4D000149D149D149DF49C159D159D159D35A5B9
:10D4E00056A54621A310A310C3184529308CF4A4D7
:10D4F00034AD35AD34AD929C8531E318C310C318FB
:10D50000C310349D56AD56AD76AD97ADB7B535A5C4
:10D51000452104192521083AE4180419E418E418EF
:10D5200025214942928C18BE59C68F734529E318AC
:10D53000C318E418452104192421242104190419CD
:10D54000E418041915A56E6B0521A731662945213C
:10D550004521462946298629662966296A4ACB52E9
:10D56000EC5AEC5AF49CF49CD394D394D394D39473
:10D57000F394F394F394F394F394F394F394F39473
:10D58000F394F394D394D394F394F394F394F394A3
:10D59000F394F394F394F394F394F394F394F39453
:10D5A000F394F394F494D494D494D494D494D494DD
:10D5B000D494D494D494F494F494F494F49CF49C7B
:10D5C000D49CF49CF49CF494F49CF49CF49CF49C03
:10D5D000F49CF494F49CF49CF49CF49CF49C149DB2
:10D5E000159D159D159D159D149D159D159D159DAC
:10D5F000F49CF49CF49C149D149DF49C149D149D27
:10D60000149DF49CF49CF49CF49CF49CF49CF49C79
:10D61000F49CF49CF49CF49CF49CF49CF49CF49C8A
:10D62000F49CF49CF49CF49CF49CF49CF49CF49C7A
:10D63000F49CF49C149D149DF49C149D149DF49CE6
:10D64000F49CF49C159D35A54200E418A318C3185A
:10D65000E318494A9294B29CB39CB39C939C6E731A
:10D660000421C318C318C318200034A555A576ADEE
:10D6700076AD96ADB7B5B39445210521C310210011
:10D68000E418C418E41825216A4A728CF8BD5ACEF1
:10D6900079CE107C25210419E318E418041905211A
:10D6A000E418E418C418E418C318E41855A576ADB6
:10D6B000149D55A5EC5AC310862966294521662973
:10D6C0006629662966296629E839AB52EC5AEC5A74
:10D6D000728C55A5F49CF49CD49CD494D494D3948B
:10D6E000D394D394F394F394F394F394F394F39442
:10D6F000F394F394F394F394F394F394F394F394F2
:10D70000F394F394F394F394F394F394F394F394E1
:10D71000F394F394F394F394F394F394F394D49CE8
:10D72000D394D49CF49CF49CF49CF49CF49CF49CC2
:10D73000F494F494F494F49CF49CD394F49CF49CAA
:10D74000F49CF49CF49CF49C149DF49CF49CF49C38
:10D75000F49CF49CF49CF49CF49CF49CF49CF49C49
:10D76000F49CF49CF49CF49CF49CF49CF49CF49C39
:10D77000F49CF49CF49CF49CF49CF49CF49CF49C29
:10D78000F49CF49CF49CF49CF49CF49CF49CF49C19
:10D79000F49CF49CF49CF49CF49CF49CF49CF49C09
:10D7A000F49CF49CF49CF49CF49CF49C159D96AD24
:10D7B000E418A310A318A318E4206E73518C3084CE
:10D7C0003084318CF083494AE318C310C318E4183D
:10D7D000AF73149D55A576AD76AD76ADD7B57ACE3F
:10D7E000462925210C5BE418E418C4180419C73134
:10D7F000928CB6B538C659C618BE6E6B2521041971
:10D80000E318E4180521E418E418E418E418E4180F
:10D81000C310E318D394728C35A596ADB7B556AD49
:10D8200055A54521462966294521462946294521F0
:10D83000A731452186296A4AAB520C5B2D63149DA2
:10D84000149DF49CF49CF494F494F494F394F39461
:10D85000F394F394F394F394F394F394F394F39490
:10D86000F394F394D394D394F394F394F394F394C0
:10D87000F394F394F394F394F394F394F394F39470
:10D88000F394F394F394D49CD394D49CF49CF49C9C
:10D89000F49CF49CF49CF49CF494F494F494F49C20
:10D8A000F49CD394928CD394F49CF49CF49CF49CBC
:10D8B000F49CF49CF49CF49CF49CF49CF49CF49CE8
:10D8C000F49CF49CF49CF49CF49CF49CF49CF49CD8
:10D8D000F49CF49CF49CF49CF49CF49CF49CF49CC8
:10D8E000F49CF49CF49CF49CF49CF49CF49CF49CB8
:10D8F000F49CF49CF49CF49CF49CF49CF49CF49CA8
:10D90000F49CF49CF49CF49CF49CF49CF49CF49C97
:10D91000F49CF49C149DC4182521A310A310C318D3
:10D92000E841CF7BEF83CF7BAF7BCF7B2D6B45294E
:10D930008210A310C318042155A555A555A576AD91
:10D9400076AD76AD96AD7ACEA7312521C418E41810
:10D95000C418E41825218E6B55A5B6B5B6B5B7B574
:10D9600034A5694A2421E318E418E418E418E418FB
:10D97000E418E418E418E418C310E3182D636E6B80
:10D980004D636E6BCB52CF7318BE96AD96AD96AD10
:10D990006A4A25218629A73146216629662945211B
:10D9A0004521462929420C5B0C5B4D6334A5359D0E
:10D9B000F394149DF494F494F494F494F394F39401
:10D9C000F394F394F394F394F394F394F394D3943F
:10D9D000D394D394D394F394F394F394D394F3948F
:10D9E000F394D394D394D394F394D394F494D3949E
:10D9F000D394D49CD49CD49CD394D394D49CF394AB
:10DA0000F494149DF494F49C0C5B8629E418294248
:10DA10006E6BAB52AF73F49CB394F49CF49CF49C87
:10DA2000F49CF49CF49CF49CF49CF49C149D149D34
:10DA3000149D149D149D149DF49C149D149DF49CA0
:10DA4000F49CF49CF49CF49CF49CF49CF49CF49C56
:10DA5000F49CF49CF49CF49CF49CF49CF49CF49C46
:10DA6000F49CF49CF49CF49CF49CF49CF49CF49C36
:10DA7000F49CF49CF49C149D149D149D76AD05219A
:10DA8000C318A310A31046292D6BAE7BAE7BAE73DB
:10DA90008E738E736A4AC318A210A310A310620873
:10DAA00035A535A555A576AD76AD76ADB7B519C614
:10DAB000052182088310C310C41804194942928CAE
:10DAC000D394F39CD394D3945184A6310419E318CE
:10DAD000E318E418E4180419E418E418E418C41866
:10DAE000C310E3182D636E6B6E6B6E6B6E6B6E6B9B
:10DAF0004E6B0C5B928C18BE96AD96ADD49C2521D6
:10DB00006629E418662946294629452166294629B9
:10DB1000C839AB52CB520C5B118476ADB394D3941D
:10DB2000D394F49CD394D394F394F394F394F39414
:10DB3000F394F394F394F394D394D394D394D3942D
:10DB4000D394D394D394D394D394D394B394D394BD
:10DB5000F394F394F394D394D394D49CD49CD49C12
:10DB6000D394F494F494F494F494F494D49C928C18
:10DB7000EC5ACF7331844942E418662929422D6357
:10DB8000728CF49CF49CF49CF49CF49CF49CF49CA7
:10DB9000F49CF49C149D149D149D149DF49CF49C81
:10DBA000149D149D149D149DF49CF49CF49CF49C71
:10DBB000F49CF49CF49CF49CF49CF49CF49CF49CE5
:10DBC000F49CF49CF49CF49CF49CF49CF49CF49CD5
:10DBD000F49CF49CF49CF49CF49CF49CF49CF49CC5
:10DBE000149DF49C6208E418A310A310C3186A4A99
:10DBF000AE73AE73AE738E738E736D6B6629A310A6
:10DC0000A310C318C31818C635A555A576AD76ADB3
:10DC100076AD76AD97B518BEEC5AE418C310C310B4
:10DC2000C3108629AE73928C5184518451845184DF
:10DC30006E6B2421E318C310E3184629E418E41896
:10DC4000E418C418C418C418C310C3180D634E6B6D
:10DC50008E6B6E6B6E6B6E6BAF736E6B4D634E6BDC
:10DC60000C5B928CF8BDD7B5D7B5AB52C3108629E3
:10DC70006629452145214521662966296629083AF4
:10DC8000CB52EC5A2D63F49C35A5F49CF494F49497
:10DC9000F394F394F394F394F394F394F394F3944C
:10DCA000D394D394D394D394D394D394D394D3943C
:10DCB000D394728C928CB394D394D394D394D394FE
:10DCC000D394D49CD394D394D394F494F494F494B0
:10DCD000149DF394F49C928CD394D3940C5B66299A
:10DCE000AB52D07B31846A4A107C149DF49CF49C26
:10DCF000F49CF49CF49CF49CF49CF49CF49C149D83
:10DD0000149D149DF49CF49CF49CF49CF49CF49C51
:10DD1000F49CF49CF49CF49CF49CF49CF49CF49C83
:10DD2000F49CF49CF49CF49CF49CF49CF49CF49C73
:10DD3000F49CF49CF49CF49CF49CF49CF49CF49C63
:10DD4000F49CF49CF49CF49CD49C97ADE418C31010
:10DD5000C310A31066296E6B8E73AE73AE738E7391
:10DD60008E73CB5AA310A2108210A210410815A5E1
:10DD700055A555A576AD76AD76AD76ADB7B518BEE1
:10DD80008310E418C310A3102521AB52107C107C23
:10DD9000107CEF7BCF73AE73694AE418C310C310D5
:10DDA000E31846290419E418E418C418C418E41840
:10DDB000C310C318EC5A8E6B6E6B6E6B6E6B8E6BF2
:10DDC0006E6B6E6B6E6B6E6B6E6B8E6B6E6B2D63B4
:10DDD00096AD39C697B5BBD64942452186296629F5
:10DDE000452166294629462945218629AB52EC5A08
:10DDF0000C5BF07B55A5149DF494F494F494F39487
:10DE0000F394F394F394F394D394D394D394D3945A
:10DE1000D394D394D394B394B394CF734D63728C4F
:10DE2000938CD494B38CD494D494D494D494D49424
:10DE3000D494D494D494F494F494F494F494F49CFA
:10DE4000928CD07BAB520C5BCB52528CD49CD39433
:10DE5000F49CD49CF49CF49CF49CF49CF49CF49C62
:10DE6000F49CF49CF49CF49CF49CF49CF49CF49C32
:10DE7000F49CF49CF49CF49CF49CF49CF49CF49C22
:10DE8000F49CF49CF49CF49CF49CF49CF49CF49C12
:10DE9000F49CF49CF49CF49CF49CF49CF49CF49C02
:10DEA000F49CF49CF49CF49C149DF39CF49CF49CD2
:10DEB000D494A7310419A310A310C3186A4A8E730F
:10DEC0008E73AE73AE738E734D6BA731A210A2101A
:10DED0008210620896B576AD35A555A556AD76ADDE
:10DEE00076AD76ADD7B5AB520419C418A310E418BB
:10DEF000083AAE73EF7BCF73CF73AE738E6BCB529A
:10DF00004521A310C310E318E41804192521252185
:10DF1000252125212521252125190421EC5A8E6B47
:10DF20006E6B6E6B6E6B8E6B8E6B8E6B8E6B8E6B89
:10DF30008E6B6E6B6E6B6E6B6E6B6E6B4D63B394B4
:10DF400039C6D8BD39C6D394A310662945212521E9
:10DF5000452145214521462986298A4AEC5A0C5BF0
:10DF6000D07B56ADD394F394F394F394F394F39459
:10DF7000F394D394D394D394D394D394D394B39469
:10DF8000728C31840C5BC7316A4A6E6BD494B39443
:10DF9000D494D494D494D494D494D494D494F39422
:10DFA000F494F494149DF49CF49CF394F394F494FA
:10DFB0005184B394F49CD394F49CF49CF49CF49C0E
:10DFC000F49CF49CF49CF49CF49CF49CF49CF49CD1
:10DFD000F49CF49CF49CF49CF49CF49CF49CF49CC1
:10DFE000F49CF49CF49CF49CF49CF49CF49CF49CB1
:10DFF000F49CF49CF49CF49CF49CF49CF49CF49CA1
:10E00000F49CF49CF49CF49CF49CF49C149D149D4E
:10E01000F49C5184D39CF494F49CA310C418A310D2
:10E02000A310C3182C638E73AE738E738E736D6BD7
:10E03000AA52A318A210A21082104108D49C35A5A0
:10E0400035A555A555A556AD56AD96ADF8BD2521BE
:10E05000E418C310A31087316D6BCF73AE738E6B52
:10E060008E6B8E6B2C63A631C310A310C310C3102C
:10E07000652925212521041925212521052104199A
:10E0800004190421CB528F738E6B8E6B8E6B8E6B4B
:10E090008E6B8E6B8E6B8E6B8E6B8E6B8E6B8E6BB8
:10E0A0008E6B8E6B6E6B4E6BCF73EC5A149D7ACE6B
:10E0B000F8BD59C6CC5AE4184629452145214521C9
:10E0C000452146294521C731AB52CC5A149DF394C2
:10E0D000F394F394F394F394F394D394D394D39468
:10E0E000D394D394B38CB394B394B394728CF07BE5
:10E0F000728CB394D394B394D494D494D494D4948D
:10E10000D494D494D494F394F394F394F494F49C2A
:10E11000D49CD394F494D394928CB394149DF49C93
:10E12000F49CF49CF49CF49CF49CF49CF49CF49C6F
:10E13000F49CF49CF49CF49CF49CF49CF49CF49C5F
:10E14000F49CF49CF49CF49CF49CF49CF49CF49C4F
:10E15000F49CF49CF49CF49CF49CF49CF49CF49C3F
:10E16000F49CF49CF49CF49CF49CF49CF49CF49C2F
:10E17000F49CF49CF49C928C0942E8399394F494B6
:10E1800096ADE418C418A310A31066296D6B6E73C6
:10E19000AE738E738E736D6B86318210A210A210D7
:10E1A000821015A556AD35A535A555A555A556AD75
:10E1B00056AD55A50419C310C310C310E418CB52B3
:10E1C000CF73AF738E6B8E6B8E6B6D6BCB52E4180F
:10E1D000C310A210C310E3182421252125210419FE
:10E1E000041904190419E418E318E418AB528E6BEF
:10E1F0008F738E6B8E6B8F738E6B8E6B8E6B8E6B45
:10E200008E6B8E6B8E6B8E6B8E6B8E6B8E6B8E6B46
:10E210008E6B6E6B6E6B6E6BEC5A76AD39C696ADCF
:10E2200097B58B520419662945214521462966294F
:10E230006629662935A5D394D394D394D394D394E3
:10E24000D394D394D394D394D494D394D394D39495
:10E25000D394D394D394D394D394D394D394D39486
:10E26000D494D494D494D494D494D494D494D4946E
:10E27000D494D494D494D49CD494F49C5184EC52EB
:10E28000283A5284D494F49CF49CF49CF49CF49C1E
:10E29000F49CF49CF49CF49CF49CF49CF49CF49CFE
:10E2A000F49CF49CF49CF49CF49CF49CF49CF49CEE
:10E2B000F49CF49CF49CF49CF49CF49CF49CF49CDE
:10E2C000F49CF49CF49CF49CF49CF49CF49CF49CCE
:10E2D000F49C149D149D149D149D149DD3946A4A1E
:10E2E0000C5B2D636629B3944D6B8210C310A31091
:10E2F000A310494A8D738E73AE73AE73AE732C63E5
:10E30000C418A31083108310A21055A555A535A5D8
:10E3100035A555A555A556AD76AD97B5E418C310EE
:10E32000C318A31066296E6BAE738E6B8E6B8E6BEB
:10E330008E6B4D63083AC310A310A210A2102421C3
:10E34000242124212421041904190419E318E318B1
:10E35000C318C318CB528E6BAF73AF73AF738E6B92
:10E360008E6BAF738E6BAE6BAE6BAE6B8E6B8E6B5C
:10E370008E6BAE6BAE6BAE6BAE6BAE6B8E6B8E6B35
:10E380006E6B6E6B6E6B2D63B7B5F8BDB7B518BE0F
:10E390000419E418462925214521862935A5D39459
:10E3A000D394D394D394D394F494B38CD394D4943B
:10E3B000D394B394D394D494D494D494D494D49440
:10E3C000D494D494D494D494D494D494D494D4940D
:10E3D000D494D494D494D494D494D494D494D494FD
:10E3E000D494728486298210494AD49CD49CF49C8B
:10E3F000F49CF49CF49CF49CF494F494F494F494BD
:10E40000F494F494F494F49CF49CF49CF49CF49CA4
:10E41000F49CF49CF49CF49CF49CF49CF49CF49C7C
:10E42000F49CF49CF49CF49CF49CF49CF49CF49C6C
:10E43000F49CF49C149D149DF49C149D149D149DB7
:10E44000149D149DF49CF49CF49CF49CF07B4D630F
:10E450006208A310A310C31045212C638E738E7322
:10E46000AE738D738D736A52A310A310A310A31003
:10E470000B6335A535A535A535A555A555A555A5D8
:10E4800056AD6E6BC318C310C418E4184942AE6B86
:10E49000AE6B8E6B8E6B8E6B6D6BEB5A242182088C
:10E4A000A210A210A2102521242124210419E4186D
:10E4B000C310C310C310C310C310E418094229428B
:10E4C000AF73AF73AF73C3106E6B8E6BAF73AF6B05
:10E4D000AF6BAF6B8E6B8E6B8E6B8E6B8E6BAE6B12
:10E4E000AE6BAE6B8E6B8E6B8E6B8E6B8E6B6E6B44
:10E4F0006E6B6E6B8E6BF8BDB7B559C62521452185
:10E500002521C731B3949394D394B38CD394D394EB
:10E51000D394D394B28C6E630D5BD394D394D49480
:10E52000D494D494D494D494D494D494D494D494AB
:10E53000D494D494D494D494D494D494D494D4949B
:10E54000D494D494D494D494728C494208424942CD
:10E550004529AF73F49CF49CF49CF49CF49CF49CCB
:10E56000F494F494F494F494F494F494F494F49C63
:10E57000F49CF49CF49CF49CF49CF49CF49CF49C1B
:10E58000F49CF49CF49CF49CF49CF49CF49CF49C0B
:10E59000F49CF49CF49CF49CF49CF49C149D149DB9
:10E5A000F49C149D149D149D149D149D149D149D04
:10E5B00035A5F49C35A5F49CC318C318A310C31843
:10E5C00029428E73AE73AE73AE73AE736D738631C4
:10E5D000831083108310831096B535A535A535A516
:10E5E00035A555A555A555A596ADC418C310A310BE
:10E5F000C31866292D638E738E738E738E6B8E6B2C
:10E600002C632842A310A210A210A21025210419E5
:10E6100004190419E318C310C310E318E318E3182E
:10E62000E41804214942CF73AF73AF73C31025219F
:10E63000C3108E6B8F73AF73CF73CF73CF736A4A70
:10E64000E8398A4A0C5B8E6BCF736E6B8E6B8E6B68
:10E650008E6B8E6B8E6B8E6B8E6B8E6B8E6BAF73C9
:10E660008E6BCF73662925214521873151846E6BCE
:10E670005284928CB394B394728C2D632521A31091
:10E680000C5B938CD394D494D494D494D494D49495
:10E69000D494D394D394D394D394D394D494D4943F
:10E6A000D494D494D494D494D494D494D494B3944B
:10E6B0006E6BF07BD394F39CCB524629AF73D49C02
:10E6C000F49CF49CF49CF49CF494F494F494F494EA
:10E6D000F494F494F494F49CF49CF49CF49CF49CD2
:10E6E000F49CF49CF49CF49CF49CF49C149D149D68
:10E6F000149D149D149DF49CF49CF49CF49CF49C37
:10E70000F49C149D149D149D149D149D149D149DA2
:10E71000149D15A5149D149D149D149D15A5A3105D
:10E72000C318A310A310E418CB5A8E73AE73AE7344
:10E730008E738E736D73C31883108310821042081A
:10E74000D39C35A535A535A535A555A555A535A524
:10E750006A4AC310C310A310C3106A4AAE738E7303
:10E760008E738E738E6B4D632842C310A310A2105C
:10E770008208A3100419E418E418E418C418C41893
:10E78000C418E418E418041904190419E839AF731B
:10E79000CF734E6BE418862945218E6BAF730D63E2
:10E7A000A3101184AB52A31045214A4A8208318438
:10E7B0004100CB5251846E6B8E6B8E6B8E6B8E6B69
:10E7C0008F738E6B8E6B8E6B8F73AF73A7318629B1
:10E7D00046298629B39486294521107C928C9394EE
:10E7E000CF73E8390D63EB5A4521D073938CD494E1
:10E7F000D494D494D394D394D394D394D394D394DF
:10E80000D494D494D494D494D394D494D494F394AA
:10E81000D394D394F394B394B394D394F49CD49CAE
:10E8200051846A4A4942D394F49CF49CF49CF49C2D
:10E83000F494F494F4941495149514951495F49C0C
:10E84000F49CF49CF49CF49CF49CF49C149D149D06
:10E8500015A515A515A515A515A5149D149D149D03
:10E86000149D149D149DF49CF49C15A5149D149D59
:10E8700015A515A515A515A515A515A5149D149DDA
:10E88000149D35A5F49CE418C310A310A310E4183C
:10E890000C63AE73AF73AF73AE738E730C63A21061
:10E8A000A210A2108210AA5255AD35A535A535A5E6
:10E8B00035A535A535A556ADA310A310A310A310FB
:10E8C00065296D6BAE738E738E738E738D6B0C5B5F
:10E8D000E318A210A210831082080419E418E418A7
:10E8E000E418E418E418E4180419E418C418E41847
:10E8F0000419E418A7318F738E6B04194521083A67
:10E90000EC5A4D634521A7316208728C083A04190C
:10E91000F07B0C5BAF73107C662941002D63831084
:10E92000AF738E6B8E6B8F738F738E6B8E6B8E6BE4
:10E930008F73AF738E6B45216629A73176AD928CAC
:10E94000F07B1184B394928C8F733184B394718C67
:10E95000694A093A928CD494D494D494D394D3949D
:10E96000D394D394D394D394D494D494D494D4946B
:10E97000D494D494D494F394F494F494F494D49CD0
:10E98000D49CF49CF49CF49CD394928CF07BD39410
:10E99000F49CF49CF49CF49CF494F494F4941495F6
:10E9A00014951495149DF49CF49CF49CF49C149D73
:10E9B000149D149D35A5149D15A515A515A515A582
:10E9C00015A535A535A535A5149D149D35A515A509
:10E9D00015A515A535A535A515A515A515A515A527
:10E9E00015A515A5149D149D149D35A5B7B5042135
:10E9F000C310A310A310A6314D6BAF73AF73AF73E9
:10EA00008E736D6B494AA310A210A210C318D7BD14
:10EA100014A535A535A535A535A535A555A50C5B9A
:10EA2000E418C318A310C3104942AE738E6B8E73E3
:10EA30008E738E734D63894AA310A210A2108310A7
:10EA4000A310E418E418E418E418041904190419CC
:10EA500004190419E418E418C318E3182521AF7346
:10EA60008E6B8629D07BF07B8E6B3184728C8E6BA3
:10EA70000521107C46294208C310CF73F07BCF7369
:10EA80004E6BAF73CF736E6BF07B4E6B4E6B8E6BBA
:10EA90008E6B8E6B8E6B8E6B8E6B8F73CF738629A6
:10EAA0006629862976AD928CB3949394B394B394EB
:10EAB000938CB38CB394B38C928C0C5B7284D4948F
:10EAC000D494D494D494D494D394B394B394D3944A
:10EAD000D394D494D494D494F494149D149DF49425
:10EAE000F494F494F494F49CF49CF49CF49CF49CBE
:10EAF000F494F494F394F49CF49CF49CF49CF49CAF
:10EB0000F49CF49CF49CF49CF49CF49C149D149D43
:10EB1000149D149D149D149D15A515A515A515A549
:10EB200015A515A515A515A515A515A515A5149D1E
:10EB300035A535A5149D35A535A535A535A535A52E
:10EB400035A535A535A515A515A515A5149D149DA7
:10EB5000149D35A54100A310C318A310E4188A4AD8
:10EB6000AE73AF73AE738E73AE736D6B6529A31006
:10EB7000A310A310A31076AD14A535A535A535A512
:10EB800035A535A535A5A310A310A310C31065297D
:10EB90000C5B8E6B8E6B8E738E738E732C63A631B3
:10EBA000A210831083108208C310E418E418E4183C
:10EBB000E418E418E418E418E418C310C310C310F0
:10EBC000A310E3182521AF73107C0419F07BCF73D9
:10EBD000107C5184518CC8390521AB526208A310B6
:10EBE0002942AF73A310107C4D636E6BF07B107CD9
:10EBF000AF73107C8F738F738E6B8E6B8E6B8E6B7F
:10EC00008E6BAF736E6B873166298629F49C728C8C
:10EC1000D394B394D394D394B394B494B48CD39442
:10EC2000B38CB38CD394D494D494D494D494D494F7
:10EC3000D394D394D394D494D494F494F494F49437
:10EC4000F494F49CF49C149D149D149DF494F49CF1
:10EC5000F49CF49CF49CF49CF394F494F394F49C4E
:10EC6000F49CF49CF49CF49CF49CF49CF49CF49C24
:10EC7000149D149D149D15A515A5149D15A515A5E8
:10EC800015A515A515A515A515A515A515A515A5B4
:10EC900015A515A515A535A535A535A535A535A504
:10ECA00035A535A535A535A535A535A535A515A5B4
:10ECB00015A515A535A535A555A531840521E4185B
:10ECC000C318C31005212C63AE73AF73AE738E737C
:10ECD0008E732C63C318A210A310A310A31079CEB7
:10ECE00055AD35A535A535A535A535A50C5B04195C
:10ECF000C318A310E31849428E6B8E6B8E6B8E7314
:10ED00008E734D6B2842A2108208831083108208F4
:10ED1000E418E418E418E418C310C310C418C418A5
:10ED2000C310C310C310C310C418C318E418AF73C2
:10ED3000AF736629CF73AF73D07BAF730521CB520E
:10ED40002942252162084208CF733184939431848B
:10ED5000CB52C731107C41006E63CB52CF73820817
:10ED6000F07BD07BAF736E6B6E6B8F736E6B6629AF
:10ED70006629452135A53184D494D394D394D39472
:10ED8000B394B38CB394B38CB38CB38CD394D3942B
:10ED9000D394D394D494D494D494D494D494D49435
:10EDA000D494F494F49CF49C149D159D159D159D8C
:10EDB000159D159D159D149D149D149DF49CF49C0A
:10EDC000149D149D149D149D159D159D149D149DB9
:10EDD000149D149D149D149D149D149D35A515A579
:10EDE00015A515A515A515A515A515A515A515A553
:10EDF00015A515A515A515A515A515A515A515A543
:10EE0000149D149D15A535A535A515A514A555ADBD
:10EE1000B7B5518C0C63A73121008310C310252195
:10EE20002521E4180419C318A310A31028428E6BDF
:10EE3000AE73AF73CF73AE738E73694AC318A310EA
:10EE4000A310C3100421E41862088631F8B576AD2A
:10EE500076ADD7B5C418C418A310C31086294D6366
:10EE6000AE738E6B8E6B8E6B6E6B8A4AE318A2103C
:10EE700082088208A310E418E418E418E418E418DF
:10EE8000C310C418C418C418C418C418C418C310B4
:10EE9000E410E318E4188F732D6345216E6BD07373
:10EEA000AF734E63C839F07B6E6BE83904192521C6
:10EEB000A3103184107C2D634208CF73CF73AF73DE
:10EEC0000C5B2521F07B728CA7315184AF736208F3
:10EED000F07B8F734E6B452166298629B7B5083ABA
:10EEE000B394D394D394D394B394B394B394B3948A
:10EEF000B394B394D394B394D394D394D394D3943A
:10EF0000D494D494D494D494D494F494F49CF49C51
:10EF1000F49C159D159D15A5159D159D15A5149D74
:10EF2000149D149D149D149D159D149D159D159D56
:10EF3000149D149D149D149D149D149D15A5149D40
:10EF4000149D149D35A515A515A515A515A515A5E3
:10EF500015A515A515A515A515A515A515A515A5E1
:10EF6000359D359D359D349D149D55A5F49C55AD1D
:10EF70008E730421A310C3182529252125212521BD
:10EF8000252125212521252104210419E418C31850
:10EF9000A310C3180C5B8E73AF73AF73AF73AF73F3
:10EFA0008E73694AC318A310C310C318C418E41899
:10EFB000E418E4180521A31062080521E418C31819
:10EFC000A310C3188A4A8E6B8E6BAE738E6B8E6BDA
:10EFD0004D63A631A210820882088210C318C4189B
:10EFE000C418C418C418C310C310C418C318C31855
:10EFF000C418C310C310C310E410E318C310AF73D8
:10F00000EC5A2521AF73AF73CF738F6BA3108E7340
:10F01000F07BAF73E8396A4A29428F73CF7341009E
:10F020008A4AE418F07BD07BCB528631F07B107C8F
:10F03000A3102D636E6BC310E418AF73410025213C
:10F0400066296629B7B586292D5BF494F494F49467
:10F05000D394D394D394D394D394D394D394B38CA0
:10F06000D494D494D494D494D494D494D494F49C38
:10F07000F49CF49CF49CF49CF49C149DF49C15A5C5
:10F08000159D159D15A515A515A515A515A515A5C0
:10F0900015A5159D15A515A515A515A5149D149DBA
:10F0A00015A515A5149D149DF49CF49C149D15A5FF
:10F0B00015A515A515A515A515A515A515A515A580
:10F0C00015A515A515A515A5359D359D359D149D31
:10F0D00035A58F73A3104529252166296629452169
:10F0E000662946294629662946294629452945296A
:10F0F00025210521E4180419041929428E73AF73E0
:10F10000AF73AF73AF73AF738E730C5B8629C31885
:10F11000C318C418E418E41804212521042104218B
:10F12000E418C418C418C318C31004214D638E6BAF
:10F130008E6BAE738E6B6E6BCB520419C310A21024
:10F14000A210A310E418E418E418E418E418E41872
:10F15000E418C418C310C310C318C310C310C310DD
:10F16000C310E318E4186E6B107C6629107CAF7333
:10F17000AF738F6BA31005211184F07BAF73CF7336
:10F18000AF73CF73CF73F07B8E6B31843184C31038
:10F190008A4ACB52F083928CD07BAB5229422942CF
:10F1A0002942F07B820866296629662976ADF07BC4
:10F1B000AF6B1495F494F494F494F494F494D4947C
:10F1C000D494D494D494D494D494F494F494F4949F
:10F1D000F49C149D149D149D149DF494D49CF49C53
:10F1E000F49C149D149D15A515A515A515A515A58B
:10F1F00015A515A515A515A535A515A515A515A51F
:10F2000015A515A515A515A5149D149D149D149D52
:10F21000149D149D15A5149D15A515A515A515A539
:10F22000149D149D149D15A515A515A535A535A5E9
:10F2300055AD56AD494AA310662966294529452989
:10F240004629662986298629863186318631873185
:10F250008731C839E83929420842A739462925218A
:10F26000AB528E73CF7BAF73CF73CF73CF73AE734D
:10F27000AE738E6B0C5BA73166296629252125218B
:10F2800025212521452904210421E418E418C31867
:10F29000C318C739AE738E6B8E6B8E6B8E6B4D63DE
:10F2A000C731A210A210A210A310042125212521EC
:10F2B000452124190419E418C418C418C310A31054
:10F2C000E4180521E418A310A310C31825216E6BC0
:10F2D0008E6BE8396E6BAF73AF738F6BF07B6E6BB9
:10F2E000AF73AF73AF73AF73AF73CF73CF738E6BF7
:10F2F000A731107CEC5AAF73AF73107C728C5184C1
:10F30000107C0419F07BAF6BF073A731E418252152
:10F310006629452135A535A5149D149D149DF49CA1
:10F32000F49CF49CF49CF49CF494F494149D149533
:10F330001495149DF49CF49CF49C149D149D149DB0
:10F34000F49CF49CF49CF49C149D149D149D15A5B0
:10F3500015A535A535A535A535A535A535A535A5FD
:10F3600035A535A535A515A515A515A515A515A56D
:10F3700015A5149D149D149D15A5149D149D15A5EA
:10F3800015A515A515A515A515A5149D149DF49CE9
:10F39000149DF49C35A58731052125296629462928
:10F3A00046296629662986318731A731E8412942F5
:10F3B0004A4A6A4A6A4A2D63929435A518C618C605
:10F3C00055ADF39C718C1084CF7BCF7BCF73CF7303
:10F3D000CF73CF73CF73CF73CF73CF73CF73CF731D
:10F3E000107C318492949294928C6E6BE8396629E9
:10F3F0000521E418C418E4184521AB52AE73AE736E
:10F400008E6BAE738E6B8A4AC318A2108210821064
:10F41000E318242124210419E418E418C418C310A3
:10F42000C310C310E4180419E418C310A310C310C8
:10F43000A310C31825218E6B8E6BF07BAF73AF7357
:10F44000AF738F6BAF73AF738E6BAF73AF73AF73FD
:10F45000AF73CF73CF736E6B66295184C3108F73F4
:10F46000AF738E6B2D63C3104942C3108E6BCF7385
:10F470008E6B01008A4A041966294521149D55A501
:10F4800035A535A535A5149D149DF49CF49CF49CDC
:10F49000149D149D149D149D149D149D149D149DE4
:10F4A00015A535A535A535A535A535A535A535A5AC
:10F4B00035A515A535A515A515A535A535A535A5DC
:10F4C00035A535A535A535A535A535A535A515A58C
:10F4D00015A515A515A515A515A535A535A535A5FC
:10F4E00035A535A515A515A515A515A515A515A50C
:10F4F00015A535A535A555A5AB52E41845212521FF
:10F50000462966294629662986318731A739084266
:10F510006A4A8F73D49C56AD76B596B556ADF7BD95
:10F520009AD6DBDEBAD679CE96B5F49C718C10846F
:10F53000EF7BEF7BCF73CF73CF73CF73CF73CF736B
:10F54000AF73CF73CF73107C3184B39455A518C6B5
:10F550009AD639C614A5AF73E8412521041945216F
:10F5600049426E6BAE73AE738E6B8E6B4D63A6317C
:10F57000A210A21082108210242104190419041967
:10F58000E418C418C310C418C418C418E418041923
:10F59000C310C418E418C418C310C31805218E6B17
:10F5A000E4188E6BAF738F73AF73AF738F73AF73DA
:10F5B000AF73AF73AF73AF73AF73AF73AF736E6B84
:10F5C00025218F732521AF738F73AF73AF730C5BDE
:10F5D0005184E4188E6BAF73CF7366298A4A04197D
:10F5E00046296629F49C55A515A515A535A535A56B
:10F5F000149D149D149D149D149D149D149D149D83
:10F60000149D149D159D159D15A515A515A535A52C
:10F6100035A535A555A555A555A515A5F49CF49C6E
:10F62000149D149D35A535A535A535A535A535A55C
:10F6300035A535A5149D15A515A535A535A535A563
:10F6400035A535A535A535A535A535A535A535A5EA
:10F6500035A535A535A535A5149D96AD4942462954
:10F66000252125214629462966298731A739A73131
:10F670000942EC5AF083F49CF8BD7ACEBBDEBBDEC7
:10F68000DBDEDBDEDBDEDBDEDBDEDBDEBAD639C695
:10F6900055ADD39C728C1084F07BEF7BCF7BCF7306
:10F6A000CF73CF73CF73CF73CF73CF73EF7B107CD8
:10F6B0005184D39496AD7ACEDBDEDBDEBBD618C6A2
:10F6C000B3948E73EC5A2D638F73AF73AE73AE73B6
:10F6D000AE738E6BEC5AC31882108210A210821087
:10F6E0000319E418E418E318E418E41804190419D9
:10F6F00004192521C310A310E418E418E418C3105A
:10F70000C310C31825214E6BAE73107CCF73AF733B
:10F710008E6BAF73CF73CF738E6BAF73AF73AF73EB
:10F72000AF73AF73AF730C5B2521EC5A4629AF73EF
:10F730008E6BAF73AF738F73AF73E418AF73AF7328
:10F74000AF732942EC5A041946294629D49C55A581
:10F75000149D149D149D149D149D149D149D149D21
:10F76000149D149D149D149D149DF49CF49CF49C74
:10F77000149DF49CF49C149D149D159D149D149D42
:10F7800035A535A5F49CF49CF49CF49C149D149D23
:10F79000149D15A515A515A535A535A535A535A522
:10F7A00035A535A535A535A535A535A535A535A589
:10F7B00035A535A535A535A535A555A5359D14A582
:10F7C0008B522521052125212521462946296629F7
:10F7D000A73929424D6BD39CD7BD59CE9BD6BBDEF2
:10F7E000DCDEDCDEDCDEDCDEDBDEDBDEDBDEBBDE6D
:10F7F0009BD6BBDE7ACEF8BD14A5B39430841084BA
:10F80000F07BEF7BCF73CF73CF73CF73CF73CF7397
:10F81000CF73CF73CF73107C528CD39C76AD39C627
:10F820009BD69BD6BBD639CE56AD9394107CD07B5D
:10F83000AF73AF73AF73AE73AF73AE6B8A52A21078
:10F84000821082108210821004210319E418E41837
:10F85000C418E418C310C310C310C310C310C310DE
:10F86000C310C310A310C310A310C31825216E6BBF
:10F87000107C8A4A4D63A731C310CB528F73252168
:10F88000CF738E6B8E6B8E6BAF73AF73AF73AF73C3
:10F89000CF734D63C310CF738E6BAF73AF738F7322
:10F8A0002D636E6B8F738E6B8F73A3100D630419B2
:10F8B00046296629B394149DF49CF49CF49CF49C12
:10F8C000F49CF49CF49CF49CF49CF49CD49CD39401
:10F8D000D394D49CD49CD49CF49CF49CD49CD49479
:10F8E000F494F49414951495149D149DF49CF49C34
:10F8F000F49CF49CF49CF49CF49C149D149D149D25
:10F90000149D35A535A515A515A515A535A535A5B0
:10F9100035A535A535A535A535A535A535A535A517
:10F9200035A555A55184C318042125212521452934
:10F9300066298631A73129424E6BF4A45ACEBBDE2C
:10F94000DCDEDCDEDCDEDCDEBBDEBBD6BBD6BBD683
:10F950009BD69BD67ACE5ACE39CEF8C5B7BD35AD3B
:10F96000D39C728C3084F07BF07BEF7BEF7BEF7B62
:10F97000EF7BCF73CF73CF73CF73CF73CF73107C05
:10F98000528CD39C55ADD7BD5ACE7ACE59CED8BD68
:10F9900035A593943184F07BCF73CF73AF73AE737F
:10F9A000AF738E6BAA52C31881108110821082101F
:10F9B00004190319E418E418E418C418C310C31098
:10F9C000C310C310C310C310C310A310C418C310B6
:10F9D000A310C31805216E6B31844D63F07B820840
:10F9E000083AE418AF73CC5ACC5A66296208CF7330
:10F9F000AF6B8F734942AF73AF73AF73CF73CF7376
:10FA0000AF73AF73AF738E6B8E6B8E6BAF73AF7361
:10FA10008E6B04198E6BE418662966291184149D77
:10FA2000F494F494F494F494F494F494F494D394B7
:10FA3000D394D394D394D494D494D494D494D49489
:10FA4000D494D494D494D494D494D494F394F39438
:10FA5000F494F494F494F49CF49CF49CF49CF49C3E
:10FA6000F49CF49CF49CF49C149D149D149D149D92
:10FA700015A515A515A515A5149D149D35A535A588
:10FA800035A535A535A5359D76A54100452125210E
:10FA90000421252145298731E8392D63D39C39C6B6
:10FAA0009BD6BBDEBBDEBBDEBBD69AD69AD69AD639
:10FAB0007ACE59CE18C6F8BDD7BDB7BD97B576B5C5
:10FAC00056AD35AD14A5D39C728C518C1084EF7B50
:10FAD000F07BEF7BEF7BEF7BCF73CF73CF73CF7375
:10FAE000CF73CF73EF7B107C31849294F39C35A558
:10FAF00096B5B7B576B515A5B394728CF07BCF7B70
:10FB0000AF73AF73AE73AE73AE738E6B2C6386310F
:10FB1000A2108110821082108210E318E318E418FA
:10FB2000E418C418C310C310C310C310C310C3100B
:10FB3000C310E418E418E418C310E31804196E6B3A
:10FB40008F73AF738F730C5B8A4A0419F07B728CCE
:10FB50006A4A728CA310AF73AF736E6B4100A7310A
:10FB6000452131848E73F07B6E6BCF73AF736E6BF8
:10FB70008F738E6B8F738E6B8E6B6A4A6E6BE4180D
:10FB800066298629107CF494F394F394F394F39407
:10FB9000F394D394D394D494D494D494D494D49408
:10FBA000D494D494D394D494D494D494D494D49416
:10FBB000D494D494F394F394F394D394D394F49C82
:10FBC000D49CD49CF49CF494F494F494149D149DCB
:10FBD000F494149D149D149D149D149D149D149DC6
:10FBE000F49C149D149D149D35A535A535A5CB5ABF
:10FBF0002421252125212521252105216629AB5AEE
:10FC00009394D8BD9AD6BBDEBBDEBBD6BBD69BD603
:10FC10007ACE39CEF8BDD7BD97B596B576AD55AD90
:10FC200035AD15A514A5F4A4F4A4D39CB294718C9D
:10FC3000518C1084EF7BEF7B1084EF7BEF7BEF7BAD
:10FC4000CF73CF73CF73CF73CF73CF73CF73EF7B7C
:10FC5000307C5184928CD394F49C14A5D49CB39C96
:10FC6000728C3084F07BCF7BAF73CF73CF73AE7366
:10FC7000AE738E6B6E6BCB5A6531C2188210A210B8
:10FC80008210A210E318242104190419E418E418BE
:10FC9000C310C310C310C310C310C310C310A310EC
:10FCA000C310C31825216E6B8E6B8E6B8E6B6E6BC3
:10FCB0008E6B6E6B6E6B8E6B8E6B8E6BC310AF73B9
:10FCC000AF73AF7366292521AB522942EC5AC7396D
:10FCD000083AD07BAF73AF73CB526E6B8E6B8E6B6B
:10FCE0008E6B4D636E6B041966298629107CF49423
:10FCF000D394D394D394D394D394D394D394B394EC
:10FD0000D494D494D494D494D494D494D394D494B4
:10FD1000D494D494D494D494D494D494F394F39465
:10FD2000F394D394D394D394D49CD49CF49CF4941F
:10FD3000F494F494F494F494F494F494F494F49C7B
:10FD4000F49CF49CF49CF49CF49C149D149D149DD0
:10FD5000149D55A562080421042125212521452152
:10FD6000862908428F7397B59AD6BBD6BBD69BD649
:10FD70007ACE5ACE18C6D7BD96B556AD35A514A5C0
:10FD8000F4A4F49CF49CD39CB394B3949394929471
:10FD90007294518C518C30841084EF7BEF7BEF7B1D
:10FDA000EF7BCF7BEF7BEF7BCF73CF73CF73CF73C3
:10FDB000CF73CF73CF73CF730F74307C3084518C7B
:10FDC000728C7294728C518C3084F07BEF7BCF7B81
:10FDD000AF73CF73CF73AE73AE73AE738E736D7339
:10FDE000EB62C739C318A210A210C310A2100419E5
:10FDF0004521252104190419041904192521052177
:10FE00000419E418C310A310C310C31845216E6B66
:10FE10008E6B8E6B8E6B8E6B6E6B8E6B8F738F7328
:10FE20008E6B8F738E6B8E6B8E6BF07BAB52083A42
:10FE3000E8392521EC5A49426629F07BEC5AA73172
:10FE4000C73166296E6B8F73AF734E6B8E6B252136
:10FE5000662966298E6BF494D394D394D394D39467
:10FE6000D394D394D394D394D494D494D494D49456
:10FE7000D494D494D494D494D494D494D494D49442
:10FE8000D494D494D494D494D494D494D494F49412
:10FE9000F494F494F494F494F494F494F494F49422
:10FEA000F494F494F494F494F494F494F494F49412
:10FEB000F49C149D149D149D97B5E41825212419D4
:10FEC0000421452986316A4AF07B35A559CEBBD637
:10FED000BBD67ACE59CEF8C5B7B576AD35AD15A53A
:10FEE00014A5D49CD39CB3949394728C728C528C32
:10FEF000518C518C518C3184318430843084108405
:10FF0000F07BF07BF07BF07BEF7BEF7BEF7BCF73C5
:10FF1000CF73CF73CF73CF73CF73CF73CF73CF73D1
:10FF2000EF7BEF7BEF7B107C107C30843084107C87
:10FF3000107CEF7BCF73CF73CF73CF73CF73AF735F
:10FF4000AE73AE738E738E73AE734D6B0842042125
:10FF5000C318C318C318A310C31004190419E41854
:10FF6000E418E418E418E418E418C310E4180419B9
:10FF7000E410E31866296E6B6E6B8E6B8E6B6E6B86
:10FF80006E6B8E6B8E6B8E6B8F738E6BAF73AF736E
:10FF90008E6B8E6B8E6B8E6B8F738E6BAF738E6B67
:10FFA0006E6B6E6B6A4A6A4A4942EC5AC731452108
:10FFB00049424A4AAF734521662945212D63D494AD
:10FFC000F494D494D494D494D494B38CB38CD49423
:10FFD000D494D494D494B38CB38CD494D494D49433
:10FFE000D494D494D494D494D494D494D394D394D3
:10FFF000D494D494D494F494F494F494F494F39422
:020000040805ED
:10000000F394D494D494D494F494F494F494F49411
:10001000F494F494F494F494159DD394D394C3106D
:1000200004190419041904214529694AD39C39C6C5
:100030009AD69AD67ACE39C6F8BD97B576AD35A59B
:10004000F4A4D49CB394B3949394728C528C518C3A
:10005000318431845184518430841084108410841C
:10006000108410841084EF7B1084F083F083EF7B86
:10007000CF7BCF7BCF73CF73CF73CF73CF73CF7360
:10008000CF73CF73CF73CF73CF73CF73EF7BEF7B10
:10009000EF7BEF7BEF7BEF7BEF7BEF7BCF73CF7360
:1000A000CF73AF73AF73AF73AE73AF73AE73AE7323
:1000B000AF73EF7BCF7B4D6BA7310421E418E318BE
:1000C000E318C3100419E418C310C310C310C310FD
:1000D000A310A310C310C310C310C31886298E6BBE
:1000E0006E6B8E6B8E6B8E6B6E6B8E6B8E6B8F737F
:1000F0008E6B8E6BAF73AF73AF73AF73AF73AF7342
:100100008F73AF738F73AF73AF738E6B4E6B8F73D1
:10011000AF736E6BAB52A3102D63E8398E6B6629FB
:1001200045214629CB52D494D494D394B38CB38C28
:10013000D494D494D494D494D494D494D494B38CA8
:10014000B38CD494D494D494D494D494D494D49498
:10015000D494D494F494F494D494D494D494F494FF
:10016000F494F494F494F394F394D494D494D494B1
:10017000F494F494F494F494F494F494F494D4945F
:10018000159D35A5831025210419041924216629FC
:10019000EB5A34A57ACE7AD65ACEF8C5B7BD76AD2D
:1001A00035A5F4A4D49CB39C72947294528C518C57
:1001B000318431841184118410841084108410845B
:1001C0001084108410841084EF7BEF7BEF7BEF7B37
:1001D000F07BF083F083EF7BCF7BCF7BCF73CF734C
:1001E000CF73CF73CF73CF73CF73CF73CF73CF73FF
:1001F000CF73CF73CF73CF73CF73CF73CF73CF73EF
:10020000CF73CF73CF73CF73CF73AF73AF73AF733E
:10021000AF7BAF73AE73CF73CF731084728CB39414
:1002200010848A524529E418E318E3180419E418E5
:10023000C310C310C310C310C310C310C310C31026
:10024000C310C31866296E6B6E6B8E6B8E6B8E6BD4
:100250006E6B8E6B8E6B8F738E6B8E6BAF73AF739B
:100260008F73AF73AF73AF73AF73AF73AF73AF739E
:100270008E6B8E6B8E6B8E6B8E6B8E6B6E6BEC5A89
:100280006E6BAF738F73C731452166296A4AF49448
:10029000D494D394B394B394D394D394D394D49464
:1002A000D494D494D494D394D394D394D394D39413
:1002B000D394B394B394D494D494D494F494F49401
:1002C000D494D494D494F394F394F394F394F39453
:1002D000F394D494D494F494D494F494F494F4943F
:1002E000F49CF494F494F494AB522421C318E418CD
:1002F0000419252186318E7355AD59CE39C6F8BD06
:10030000B7B555AD14A5F49CB39493947294528CE4
:10031000318C318C308430841084108410841084AB
:100320001084108410841084108410841084EF7B57
:10033000EF7BEF7BEF7BEF7BF07BF07BEF7BEF7B6B
:10034000EF7BCF7BCF73CF73CF73CF73CF73CF736D
:10035000CF73CF73CF73CF73CF73CF73CF73CF738D
:10036000CF73CF73CF73CF73CF73CF73CF73CF737D
:10037000CF73AF73AF73AF73AF7BAF73AE73AF7346
:10038000CF7B1084929414A596B5B294AA522521DD
:100390000419E318E4182521C310C310C418C418A5
:1003A000C310C310C310A310C310C31866298E6BEB
:1003B0008E6B8E6B8E6B8E6B8E6B8E6B6E6B8E6B95
:1003C0008F738E6BAF73AF73AF73AF73AF73AF7366
:1003D000AF73AF73AE738E6B8E6B8E6B6E6B8E6BFB
:1003E0008E6B6E6B6E6B6E6B6E6B6E6B4E6B0942D3
:1003F000452186294A4A149DB38CD394B394B3946F
:10040000D394D394D394D394D394D394B394D394D4
:10041000D394B394B394B394B394B394B394D39464
:10042000D394F394F4941495F3941495F494D4948D
:10043000F494F49CF494D394D49CD49CD394F49CDE
:10044000F49CF49CF49CF49CF494B394B39476AD33
:10045000C310C318C318E31824218A529294F7BD1D
:1004600038C618C696B535ADF4A4F49CB394728C16
:10047000718C518C308430843084108410841084CA
:1004800010841084108410841084EF7BEF7BEF7B4A
:100490001084EF7BEF7BF083F083F083F07BF07BC5
:1004A000EF7BEF7BEF7BEF73CF73CF73CF73CF73A4
:1004B000CF73CF73CF73CF73CF73CF73CF73CF732C
:1004C000CF73CF73CF73CF73CF73CF73CF73CF731C
:1004D000CF73AF73CF73CF73CF73CF73AF73AF736C
:1004E000AF73CF73CF73AF73CF7B1084929434A567
:1004F00017C6F7C5508CE7390421E318E318E31851
:10050000452941006208420882088208A310A3100E
:100510008208200086298E6B8E6B8E6B8E6B8E6BA5
:100520008E6B8E6B6E6B8E6B8F738E6BAF73AF73C8
:10053000AF73AF73AF73AF73AF73AF73CF738E6BB4
:100540002D638E6B6E6B8E6B8E6B6E6B6E6B6E6BCC
:100550006E6B6E6B6E6B6A4A66298731E83955A5FA
:10056000D394F494D394D394F394D394D394D39412
:10057000D394D394D394D394D394D394D394D39443
:10058000F49CF49C149D149D149D149D349DF3942F
:10059000359D359D55A555A555A596AD56A555A591
:1005A00035A5149D149D149D149D149D149D35A571
:1005B000359D159D76ADE418A310C318E3182421CA
:1005C0006A4A149D38C618C6B6B575AD14A5D39C35
:1005D0009294728C518C31843084308410841084D5
:1005E0001084108410841084108410841084EF7B95
:1005F000EF7BEF7BEF7BEF7BEF7BEF7BEF7BF083A2
:10060000F083F083F07BF07BCF7BEF7BEF7BEF73AE
:10061000CF73CF73CF73CF73CF73CF73CF73CF73CA
:10062000CF73CF73CF73CF73CF73CF73CF73CF73BA
:10063000CF73CF73CF73CF73CF73AF73CF73CF73CA
:10064000CF73CF73AF73AF73AF73CF73CF73AF731A
:10065000CF7B10849194F39CD6BD58CEF7BDCF7B51
:10066000E8390419E418C3182421149DFCDEDBD6F4
:10067000DCDEDBD6FCDEFCDEDBD6C31887318F7315
:100680008E6B6E6B8E6B4E6B8E6B8E6B8E6B4E6B42
:10069000AF738F73AE6BAF6BAF73AF73CF73CF733B
:1006A000CF73CF73CF73AF738E6B8F738E6B6E6B95
:1006B0008E6B8E6B8E6B8E638E638E636E638A4AD7
:1006C00086298629662976AD149D55A535A535A5BB
:1006D00035A555A555A555A535A535A555A515A5EA
:1006E00015A535A5149D15A535A5B7B559C69ACE3E
:1006F0009ACEFCDE3DE75EEF3DE71CDFDBD65ACE4F
:1007000059C639C619C639BE18BE18BEF8B5D7B510
:10071000B7B5D7B5F8BDF8BDF8BD107C0419A21067
:10072000E318E31845294C6334A518C696B555ADB2
:10073000F49CD39C9294718C308410841084108427
:1007400010841084108410841084EF7BEF7BEF7B87
:10075000EF7BEF7BEF7BEF7BEF7BEF7BEF7BEF7B49
:10076000EF7BEF7BEF7BF083F07BF07BCF7BCF7B6E
:10077000EF7BCF7BCF7BEF73CF73CF73CF73CF7311
:10078000CF73CF73CF73CF73CF73CF73CF73CF7359
:10079000CF73CF73CF73CF73CF73CF73CF73CF7349
:1007A000CF73CF73CF73CF73CF73AF73AF73AF7399
:1007B000AF73AF73CF73CF73CF7B107C508CB29479
:1007C00055ADD7BD58CE17C63084A6292421E418CC
:1007D000E31865293CE71CE71CDF3DDF3DDF3DDF1B
:1007E0003CDF2521A731F07B8E6B8E6BC3106E6BC7
:1007F0006E6B2D634D63107C8E6BCF73CF73CF7395
:10080000AF73D07BCF73CF73D07BD07BCF73AF73FD
:10081000AF738E6B8F738E6B8E6B8E6B8E6B8E6BDE
:100820006E636E634D63AB526629862966299ACE44
:100830007ACE9ACEBBD6DCDE59C659C6BBD6DBD63D
:10084000DBD69ACE9ACE7ACE7ACE7ACE7ACEFCDE2D
:100850005DE73DE71CDF7EEF7EEF3DE75EEF5DE7A6
:10086000DBD6DBD6DBD6BBD69BD69ACE7ACEFCD6F1
:100870009ACE7AC67ACE7ACE59C67ACE9ACE5ACE49
:1008800095ADC310C318C318C31845296D6B55AD7A
:10089000D7BD75AD14A5B39C9294518C318430842E
:1008A000108430841084EF7BEF7BEF7BEF7BEF7B5A
:1008B0000F7C0F7C0F7C0F7CEF83EF83F07BCF7B73
:1008C000CF7BCF7BF083F083F083F083F083F083E2
:1008D000F083F083EF7BEF7BEF7BCF7BCF7BCF7B16
:1008E000CF73CF73CF73CF73CF73CF73CF73CF73F8
:1008F000CF73CF73CF73CF73CF73CF73CF73CF73E8
:10090000CF73CF73CF73CF73CF73CF73AF73AF7317
:10091000AF73AF73AF73AF73AF73AF73AF73CF73A7
:10092000CF7BEF7B3084718CD29C75B5F7BD38CE10
:1009300017C66D6B6529E318E318E318894AFCDED6
:100940001CDF1CDF3DDF1DE73DDF6529A731CF73CD
:100950008E6B8F7382086A4A0D636E6B0C5BC731B6
:100960002D636E6BAF73AF73CF73D07BCF73F07BA0
:10097000F07BF07BF07BD07BAF73AF738E6B8E6BB5
:100980008E6B8E6B8E6B8E6B6E636E634D63CB5214
:100990006629862904191DE7FCDE1CDF3DE75EEFB2
:1009A000FCDEFCDEFCDEDCDEFCDEDBD6BBD69BD672
:1009B0009BD6BBD67ACE7ACE9BD69ACE9ACE9BD6F3
:1009C000DBD6DCDEFCDEDBD6DCDEDBD6BBD69BD6C4
:1009D000BBD6DBD61CDF7EEF5DE75DE73DE73DE79D
:1009E0005ACE7ACE9ACE1CDF0419C310C318C3188E
:1009F00004214D6B34A596B555ADF49CB394519438
:100A0000318C10841084F07BF07B1084F07BEF7BC2
:100A1000EF7BEF7BEF7BEF7BF083F07BF07BF07B7A
:100A2000F083F083F07BF07BF07BEF7BEF7BEF7B61
:100A3000EF7BEF7BEF7BEF7BEF7BEF7BEF7BEF7B66
:100A4000EF7BCF7BCF7BCF7BCF73CF73CF73CF7356
:100A5000CF73CF73CF73CF73CF73CF73CF73CF7386
:100A6000CF73CF73CF73CF73CF73CF73CF73CF7376
:100A7000CF73CF73AF73AF73AF73AF73AF73AF7326
:100A8000AF73AF73AF73CF73AF73CF7B0F8430840B
:100A9000718CD39C75ADF7BD58CE54AD0C63452910
:100AA000E318C3188531BFF7FCDE1CDF1CDF1CDF39
:100AB0001CDFA631A731CF736E6BAF7305210D63B9
:100AC0006E6BAB52CC5A8E6B6E6B8B52E839AF7338
:100AD000CF73CF73D07BF07B107C107CF07BF07BEE
:100AE000CF73AF73AF734E6B8E6B8E6B8E6B6E630B
:100AF0008E6B8E6B6E632D5B6621662982081CE708
:100B0000BBD6DCDEFCDE1CDFFCDEDCDEDCDEDCD6C5
:100B1000FCDEFCDEBBD6BBD6BBD6BBD6BBD69BCEE3
:100B20009BCE9BCE9BCE9BD69BCEBBD6BBD6BBD6FD
:100B3000BBD69ACEBBD6BBD6FCDE3DE71DE77EEF2B
:100B40005DEF7EEF5EEF7EEFDBD61CDFBBD62521AF
:100B5000C318C210C318E318CB5A34A555ADF49C82
:100B6000D39C9294518C108410841084F07BF07B81
:100B7000F07BF07BF07BF07BF07BF07BF07BF07B1D
:100B8000F07BF07BF07BF07BF07BF07BF07BF07B0D
:100B9000F07BF07BF07BF07BCF7BEF7BEF7BEF7B21
:100BA000EF7BEF7BEF7BCF7BCF7BCF7BCF7BCF7B95
:100BB000CF73CF73CF73CF73CF73AF73AF73AF7385
:100BC000AF73AF73AF73AF73AF73AF73AF73AF7315
:100BD000AF73CF73CF73CF73CF73CF73AF73AF7365
:100BE000AF73AF73AF73AF73AF73AF73AF73AF73F5
:100BF000AE73CF73CF7BEF7B30849194F39C54AD75
:100C0000D7BDF7C5B294E7390321C318A210494AEA
:100C1000FCDEDCDEFCDEFCDEFBD6A6318731F07BC1
:100C20008E6BAF73AF738E6B4D63CF73AF73CF7338
:100C30006E6B2D63AB52CF73F07BCF73CF73118488
:100C4000318431843184107CCF73AF73CF736E6B7A
:100C500046296A4AAB52A731D07BAF73AF732D637D
:100C60006621452162081DE7DBD6DCDEFCDEFCDE0A
:100C70001CDF5DE77EEF7EEF1DE71CDF3DDFFCD66E
:100C8000DBD6DBD6BBD69ACE9ACE9ACE9ACE7ACE89
:100C90009ACE7ACE9BD61CDF9EEFDBD6BBD6BBD6D8
:100CA000BBD67ACEFCDEDBD6FCD6DBD6FCDEDBD6D2
:100CB0001CDF9AD64100C310A210C218E318E7390E
:100CC000D39C14A5D39C9294518C1084F083F08310
:100CD000F083F07BF083F083F083F07BF07BF07B9C
:100CE000F07BF07BF07BF07BF07BF083F083F08394
:100CF000EF7BEF7BEF7BEF7BEF7BCF7BCF7BCF7B04
:100D0000EF7BEF7BEF7BEF7BEF7BEF7BCF7BCF7BD3
:100D1000CF7BCF7BCF7BCF7BCF73CF73CF73AF73C3
:100D2000AF73AF73AF73AF73AF73AF73AF73AF73B3
:100D3000AF73AF73AF73AF73CF73AF73AF73CF7363
:100D4000AF73AF73AF73AF73AF73AF73AE73AE7395
:100D5000AE73AF73AF73AF73CF73CF73CF73CF7304
:100D6000EF7B0F84518CB29414A5B6BD95B56D6B15
:100D70000421C318E318E318DFFFFCDEDBD6DBD663
:100D80001CDFE3188731AF738E6BAF738E6B8E6B86
:100D90006E6B8E6B8E6BF07B8E6BCF73CF73F07B35
:100DA000F07B107C107C6629AF732D630521928C3B
:100DB0008E6BAF734E6B4D636A4A083ACB5AC318B9
:100DC0004A4A6A4ACF734D636621662941005DE74E
:100DD0009EEFDFF7BFF75DE7FCDEFCDEFCDE1CDF2D
:100DE0001CDFDBD6DBD6FBD6DBD6DBD6BBD69BD671
:100DF0009ACE9BD6DBD6BBD69ACE7ACEBBD61CDF9C
:100E00003DE7DCDEFCDEDBD6BBD6DBD6DCDE9ACE15
:100E1000BACEDBD6DCDEDCDE1CDFF7BDE318C310A8
:100E2000C218C2182421107C149DB394718C318493
:100E30001084F07BEF7BEF7BEF7BF07BEF7BEF7B36
:100E4000EF7BF07BF07BF07BF07BF07BF07BF07B4B
:100E5000F07BEF7BEF7BEF7BCF7BCF7BCF7BCF7BC1
:100E6000CF7BCF7BCF7BCF7BEF7BEF7BEF7BCF7BD2
:100E7000CF7BCF7BCF7BCF7BCF7BCF7BCF7BCF7B22
:100E8000CF73CF73CF73AF73AF73AF73AF73AF73F2
:100E9000AF73AF73AF73AF73AF73AF73AF73AF7342
:100EA000AE73AE73AE73AE73AF73AF73AF73AF7336
:100EB000AF73AF73AE73AE73AE73AE73AE73AF7327
:100EC000CF73CF73CF73CF73CE7BCF7B0F84718CF7
:100ED000B29434A5B6B59294A631C318C318A21023
:100EE000A2101DE71CDF1CDF3DDF2842C839CF738D
:100EF0008E6BC7314D636E6BF07BAF738E73CF73A8
:100F0000D07B6A4A928C1184CF73D07B86296E6B1A
:100F10005184F49CB394F49C55A5F8BD9ACEDBD6CD
:100F2000FCDE2D630419CC5A04198A4A6E6B4D639A
:100F30006629662962085EEF3DE73DE79EEFBFF751
:100F40007EEF3DE71CDF9EEF7EEFDBD6BBD6BBD648
:100F5000DBD6DCDEDBD6BBD6BBD69ACE9ACEBBD6F2
:100F60009BD69BD6BBD6FCDE3DE73DE7FCDEDCDE58
:100F7000DCDEDBD6FCDEFCDE3DE79EEF7EEF1CDF39
:100F80007EEFA210C210C210C318C3182C63D39CEA
:100F9000728C518C1084F07BEF7BEF7BCF7BEF7BEF
:100FA000EF7BEF7BEF7BEF7BEF7BEF7BEF7BEF7BF1
:100FB000CF7BEF7BF07BF07BEF7BCF7BCF7BEF7B3F
:100FC000EF7BEF7BCF7BCF7BCF7BCF7BCF7BEF7B71
:100FD000EF7BCF73CF73CF7BCF7BCF7BCF7BCF7BB1
:100FE000CF7BCF7BCF7BCF7BAE73AE73CE73CF7314
:100FF000CF73AF73AF7BAF7BAF73AE73AE738E73D4
:10100000AE73AE73AE73AE738E73AE73AE73AE73F8
:10101000AE73AE73AE73AE73AE73AE73AE73AE73C8
:10102000AE73AE73AE73AE73AF73AF73CF73CF7374
:10103000CF7BCF7BCF7B1084718CD29C54AD34ADF1
:101040000C630421C318C3182521BFF7FCDE1CDF85
:10105000FCD62421A731CF736E6B29426A4A083A25
:101060008731E839E418083AC8394E6BCB52CF7350
:10107000318462083184F07BF49CD39476AD55A51D
:1010800076ADD7B519C6DBD6DCDEF49C6E6B6E6B25
:101090006E6B4D63AF734D636629662941005DE752
:1010A000FCDE1CDF1CDF1CDF3DE71DE71DE77EEFDC
:1010B0007EEF9EEFDBD6BBD6BBD6BBD6BBD6BBD6B0
:1010C000BBD69BD69ACE9BD69BD69BD6BBD6BBD641
:1010D000DBD6BBD6DCDE1CDFDBD6BBD6FCDE1CDF02
:1010E000FCDEDBD65EEF9EEF66290319A210C2106C
:1010F000E318A631518C718C31841084CF7BCF7B67
:10110000CF7BCF7BCF7BCF7BCF7BCF7BCF7BCF7B8F
:10111000CF7BCF7BCF7BCF7BCF7BCF7BCF7BCF7B7F
:10112000CF7BCF7BCF7BCF7BCF7BCF7BCF7BCF7B6F
:10113000CF7BCF7BCF7BCF7BCF7BCF73CF73CF7B6F
:10114000CF7BCF7BCF7BCF7BCF7BCF7BCF7BCF7B4F
:10115000AE73AE73CE73CF73CF73AF73AE73AE7324
:10116000AF73AE73AE73AE738E738E73AE73AE73B6
:101170008E738E738E73AE738E738E738E738E7347
:101180008E738E73AE73AE73AE73AE73AE73AE7397
:10119000AF73AF73AE73AE73AF73AE73CF7BEF7BD2
:1011A0000F84718CD29C34A5718CA631C318C318DE
:1011B000C3186629DBD6FCDE1CDF4942C731AF739A
:1011C0008E6B29422942C73929422521C73129423C
:1011D000AB524E6B728CCB52D394B394AF73D49CFE
:1011E000F49CB39476ADF49C97B5D7B5D7B519C632
:1011F00059C60C5B149D8F738F732D638F6B8F7328
:101200008629662941003DE71CDFFCDEDCDEDBD6FB
:10121000DBD6FCDE1CDF1CDFDBD6FCDE3DE7DCDEE4
:10122000DBD6BBD6BBD6BBD6BBD6BBD69ACEBBCE47
:10123000BBCEBBCEBBCEBBCEBBD6BBD6BBD6DCDE1D
:10124000BBD6DBD6BBD6DBD6BBD63DE79EEFBFF722
:101250008210A210A210C21804196D6B718C518CEF
:10126000F07BCF7BAF73CF7BCF7BCF7BCF7BCF7B35
:10127000CF7BCF7BCF7BCF7BCF7BCF7BCF7BCF7B1E
:10128000CF7BCF7BCF7BCF7BCF7BCF7BCF7BCF7B0E
:10129000AE73AE73CF7BCF7BCF7BCF7BCF7BCF7B50
:1012A000CF7BCF73CF73CF7BCF73CF73CF73CF731E
:1012B000CF7BCF7BAF73CF7BCF7BCF7BCF7BCF7B06
:1012C000CF7BAE738E738E738E738E738E738E73AD
:1012D0006D6B6D6B6D6B6D6B6D6B8E738E736D6BFC
:1012E0008E738E738E738E738E738E738E738E6BFE
:1012F000AE73AE73AE73AE73AE73AE73AE73AE73E6
:10130000AE738E73AE73CF7BCF7B10849194F39CBE
:1013100034A50C63C318C318A21024211CE7DBD624
:101320001CDF6D6BA7318F738E6B8E6B6E6BEC5AFF
:10133000AF73AF73C7313184F07B107C3184149D5F
:10134000107C4D63F49CF49C3184D394F49C55A59B
:1013500076AD76AD39C6494229422D636629CB5216
:10136000A73129426E6B8E6B8629662962087EEF53
:10137000FCDE1CDF3DE77EEF5DE71DE71CDF3DE7A0
:101380003DE71CDF3DE7FCDEDCDEDBD6BBD6BBD6B3
:10139000DBD6BBD6BBD6BBD6BBD6BBD6BBD69ACECE
:1013A0009ACE9ACE9ACEBBD6BBD6BBD6BBD6FCDEE7
:1013B0003DE77EEF5EEF6208A210A210A210652941
:1013C0006D6B30843084107CCF7BCF7BCF7BCF7B29
:1013D000AE73CF7BCF7BCF7BCF7BCF7BAE73AE7338
:1013E000CF7BEF7BCF7BAE73AE73AE73CF7BCF7B08
:1013F000AE73EF7BCF7BCF7BCF7B1084EF7BEF7B1C
:10140000CF7BCF7BCF7BCF7BCF7BCF73CF73CF73A4
:10141000CF73CF73CF73CF73494AC318A210A210F2
:10142000821082108210821082108210610861087E
:101430004108410861086208620862086208821077
:101440008210A210A2108210A210A2108210A2106C
:10145000A210A210A210C31849428E6BAE73AE73D5
:10146000AE73AE73AE73AE73AE73AE73AE73AE7374
:10147000CF7BCF7B1084718CF39C518C6529C31872
:10148000A3108108B394BBD6DBD68D6B6629AF73EE
:101490008E6B8E6BAF73AF738F732D6331845184FA
:1014A000AF73107C528C107C728C56ADF49CB3944C
:1014B000B394D394D49C149D55A596AD3184CC5A45
:1014C0000D632D634D638E6B2D6349426E6B8E6B86
:1014D0006621662962089EEF3DE71DE71CDF1DE7D8
:1014E000FCDE1CDFFCDEFCDEFCDEFCDE1CDFFCDEEA
:1014F000FCDEDCDEDBD6BBD6BBD6BBD6DBD6BBD6B2
:10150000BBD6BBD6DBD6DBD6DBD6BBD6BBD6BBD6F3
:10151000BBD6BBD69ACE9ACEDBD6FCDE8B52420827
:10152000C310A210C318EB5A5184107CF07BCF7308
:10153000CF73CF7BCF7BCF7BAE73AE73AE73AE7307
:10154000CF7BEF7BEF7BEF7BEF7BAE734D6BCB5AAB
:10155000494AA6314529C318610861086108610834
:101560006108A210A210C318A210A210CF7BCF7BDB
:10157000CF7BCF73CF73CF73CF73CF73CF73CF7353
:10158000A210A210C3188210821082108210821042
:10159000821082108210620862108210620882102B
:1015A0008210821062086208821062088210821023
:1015B00082108210821082108210620861088210EC
:1015C000C3108E6BAE73AE73AE73AE73AE73AE7389
:1015D000AE73AE73AE73AE73AE73CF7BEF7B308CF6
:1015E000B29492942742C318A31081104108BBD62D
:1015F000DBD6EF7B6629AF738E6B8E6B8E6B8E6B3B
:101600004D63F07BAB528B4A6A4A728C3184AB5289
:101610008F73F49CD49C928C728CB394D394F49C6E
:1016200035A519C62D632D632D630D632D634D63A1
:1016300029426E6B6E6B8E6B66296629A3105EEF76
:101640001CDF5DE71CDFFCDEDCDEFCDEFCDEFCDE3E
:10165000FCDEDCDEDBD6FCDEFCDEFCDEDBD6BBD675
:10166000BBD6BBD6BBD6BBD6BBD6BBD69ACEBBD61B
:10167000BBD6BBD6BBD6DBD6DBD6BBD6BBD6BBD6A2
:10168000BBD618BE2421A210A210A2106529108476
:10169000107CEF7BCF73CF73CF7BCF7BCF7BAE73D1
:1016A000AF730C63A210C318A310C310A310A31030
:1016B000A21082106208A210C318A310A310A310D6
:1016C000A210A210A210A210A2108210A210A310A9
:1016D000A210C318CF7BCF7BCF7BCF73CF73CF73D9
:1016E000CF73CF73CF73CF73AE738E73F07BCF7B1B
:1016F000EF7BCF7BAF73AE736D6B2C63EB5AAA524B
:101700008A520842A731662925210419C318C3103B
:10171000C318E318C318C318C318A310A310A2104A
:10172000821082088208A21045296D6BAE73AE73D9
:10173000AE73AE73AE73AE73AE73AE73AE73AE73A1
:101740008E73AE73CF7B1084518C9294AA52C318BF
:10175000C210A210041959C6DBD6718C6629AF736A
:101760006E6B6E6B8E6B8E6B8E6B2D63CF736A4A56
:10177000E839EC5A928CB39435A5518425214D63F8
:10178000728C928C9394D394149D4D634D632D630E
:101790002D632D634E6B4D634D6386298E6B6E6B8F
:1017A00066294521A3101DE71CDFFCD6FCDEFCDE0C
:1017B000FCDEFCDEFCDEFCDEFCDEFCDEFCDEFCDE59
:1017C000DBD6DBD6DBD6BBD6BBD6BBD6BBD6BBD631
:1017D000BBD69ACE9ACE9ACE9ACEBBD6BBD6BBD625
:1017E000BBD6BBD6BBD6DBD6BBD6928CA210A21082
:1017F0008210C3188A523084EF7BCF73CF73CF73BC
:10180000CF7BCF7BCF7BCF7BAE73C318C318A21027
:101810008210A210A210A210A310A210A310A21056
:10182000A2106208410841086108A210C3184529A6
:10183000E7398A522C63AF731084CF73CF73CF73A1
:10184000CF73CF73CF73CF73CF73CF73CF73CF7388
:10185000AF73AF7BAF7BAF73AF73AE73AE73AE736B
:10186000AE738E738E738E73AE73AE73AE73AE73D0
:10187000AE73AE738E6B8E6B8E6BAE73AE738E73F8
:101880008E738E738E6B8E6B8E6B8E6B6D6B8E6BA1
:101890008E6BAE73AE73AE73AE73AE73AE738E6B90
:1018A000AE73AE73AE73AE73AE73AE73AE73CF7B07
:1018B0003084718C2C63E318A210C210C3101CDF9B
:1018C000BBCE929486296E6B6E6B6E6B8E6B8E6B3D
:1018D000CF73E418820886292D63528CEC5A8F73DB
:1018E000728C728C728C728C728C728C928CB3949F
:1018F000149D0C5B2D634D632D632D634E6B4E6BFE
:101900004E6BAB528E6B6E6B66294629A3105DE75A
:101910003DDF1CDF1CDF3DE71CDFFCDEFCDEFCDE08
:10192000FCDEFCDEFCDEDCDEFCDEFCDEDBD6BBD679
:10193000BBD6BBD6BBD6BBD6BBD6BBD69ACE9ACE71
:101940009BD69ACE9ACE9ACE9BD6BBD6BBD69BD6EA
:10195000BBD6C310A210A210A21024218E73EF7B5D
:10196000CF73AF73CF73CF73CF7BCF7BCF7BAE7390
:10197000AE738E736E6B0C632D636E6B8E6BAE737A
:10198000EF7BCF7BF07BCF7BCF7BCF7BCF7BAE73EF
:10199000CF7BEF7BCF7BCF7BCF7BEF7BCF7BCF7BB7
:1019A000CF7BCF73CF73CF73CF73CF73CF73CF731F
:1019B000CF73CF73CF73CF73AF73AF7BAF7BAF7B7F
:1019C000CF7BAF73AF73AE73AE73AE73AE73AE73E4
:1019D000AE73AE73AE73AE73AE73AE73AE73AE73FF
:1019E0008E6BAE73AE73AE73AF73AF73AE73AE7315
:1019F000AE738E6B8E6B8E6B8E73AE73AE73AE7377
:101A0000AE73AE738E6B8E6BAE73AE73AE73AE731E
:101A1000AE73AE738E73AE73EF7B10848D7304213F
:101A2000A210A210C31097B5BBCE929486294E6B1C
:101A30008E6B8E6B8E6B8E6B8E6BEC5AEC5ACC5A17
:101A4000AB52D07B6A4A107C728C3184F07B51841B
:101A50005184728C928CB394F07B8E6B4E6B8E6B38
:101A60008E6B66294D634D634E6B4D636E6BAF732A
:101A700066296629A3109EEF3DE71CDF1CDF1CDFF3
:101A80001CDFFCDEFCDEFCDEDBD6DBD6DBD6DBD609
:101A9000DBD6FCDEFCDEDBD6DBD6BBD6BBD69ACEF5
:101AA0009ACE9ACE9ACE9ACE9ACE9ACE9ACE9ACEF6
:101AB0009ACE9BCEBBD69ACE0C5B8208A210A21007
:101AC000C3188A52EF7BCF73CF73CF73CF73CF73AB
:101AD000CF7BCF7BCF7BCF7BCF7BCF7BCF7BAE73DF
:101AE000AE73CF73CF73CF73CF73AF73AF73AF7367
:101AF000AE73AE73AE73AE73AE73CF7BCF7BCF7B63
:101B0000CF73CF73AF73CF7BCF7BCF73CF73CF73D5
:101B1000CF73CF73CF73CF73CF73CF73AF73AF73F5
:101B2000AF73AF73AF7BAF73AF73AF73AF73AF739D
:101B3000AF73AF73AF73AF73AE73AE738E73AE73B9
:101B4000AE73AE738E738E73AE73AE73AE73AE73CD
:101B5000AE73AE73AE73AE738E738E6BAE73AE73C5
:101B6000AE73AE73AE73AE73AE73AE738E6B8E6BBD
:101B70008E6B8E738E738E6BAE73AE73AE738E730D
:101B8000AE73EF7BCF7BC639A210C210C31000002A
:101B90007AC675AD86292D636E6B8E6B8E6B6E6B00
:101BA0008F73AF73CF73CF73D07BF07B3184928C04
:101BB00051843184AF73118451845184928C728C1E
:101BC000CB52CB52E83931848E6B6E6B8629AB5287
:101BD0004D630D6345212D6366294629C4181CDF1A
:101BE000FCDEDCDEDCDEDCDEFCDEDCDEDCDEDBD6EE
:101BF000BBD6DBD6DBD6DBD6DBD6BBD6BBD6BBD6DD
:101C0000BBD69ACE9ACE9ACE9ACE9ACE7ACE9ACE8B
:101C10009ACE9ACE9ACE9ACE9ACEBACE9BD69ACE5B
:101C20004208A210A210A21065298E6BCF73CF7349
:101C3000CF73CF73CF73CF73AF73CF7BCF7BCF7B9C
:101C4000CF7BCF7BCF7BCF7BCF7BCE73CF73CF735D
:101C5000CF73CF73CF73CF73AF73AF73AF73AF73F4
:101C6000AF73CF7BCF7BCF73CF73CF73CF73CF7374
:101C7000CF73CF73CF73CF73CF73CF73CF73CF7354
:101C8000CF73CF73CF73CF73AF73AF73AF73AF73C4
:101C9000AF73AF73AF73AF73AF73AF73AF73AF7334
:101CA000AE73AE73AE73AE73AE73AE73AE73AE732C
:101CB000AE73AE73AE73AE73AE73AE73AE73AE731C
:101CC0008E738E6BAE73AE73AE738E73AE73AE7374
:101CD000AE738E738E6B8E6BAE73AE73AE73AE736C
:101CE0008E6B8E6B8E73AE73AE73CF7BEF7B494A78
:101CF000C318A210A210C4189ACEB6B586292D63B7
:101D00008E6B8E6B8E6B6E6B8F73AF73AF73AF73A7
:101D1000CF73107C8F73F07B118411846E6B3184D0
:101D2000F07B3184728C728C0C5B2D6383104D635D
:101D3000E839F07B8731C731E41804192D638E6BC5
:101D400045216629A3101CDF1CDFFCDEDBD6DBD6B9
:101D5000BBD6DBD6DBD6DBD6DBD6BBD6DBD6DBD63B
:101D6000DBD6DBD6BBD6BBD6BBD69ACE9ACE9ACE26
:101D70009ACE9ACE9ACE7ACE9ACE9ACE9ACE9ACE43
:101D80009ACEBACE9BCE76ADA310A210A210E318C5
:101D9000EB5ACF73AE73CF73CF73CF73AF73AF7391
:101DA000AF73CF73CF73CF73CF73CF73CF7BCF7B33
:101DB000CF7BAE7BAF73AF73CF73CF73CF73CF7364
:101DC000AF73AF73AF73AF73AF73CF7BCF7BCF7393
:101DD000CF73CF73CF73CF73CF73CF73CF73CF73F3
:101DE000CF73CF73CF73CF73CF73CF73CF73CF73E3
:101DF000AF73CF73CF73CF73CF73CF73CF73CF73F3
:101E0000CF73CF73AF73AF73AE73AE73AE73AE7386
:101E1000AE73AE73AE73AE73AE73AE73AE73AE73BA
:101E2000AE73AE73AE73AE738E738E6BAE73AE73F2
:101E3000AE738E73AE73AE73AE73AE6B8E6B8E6B12
:101E4000AE73AE73AE73AE738E6B8E6B8E73AE73FA
:101E5000AE73AE731084CB5AC318A210A210C3186D
:101E60001CDFD6B5A7312D636E6B8E6B8E6B8E6BC0
:101E70008E6BAF738F73AF73CF73CF730C5B318483
:101E8000107C107C8E6B107C107CF07B5184B38CAA
:101E90008E6B0C5B083A3184083AAF738E6B252148
:101EA000AF736E6BAF73CF7345218629C310FCDE11
:101EB000FCDEDBD6BBD6BBD6BBD6BBD6BBD6BBD631
:101EC000BBD6BBD6BBD6BBD6BBD6BBD6BBD6BBD68A
:101ED000BBD69ACE9ACE7ACE7ACE9ACE9ACE7ACEF9
:101EE0007ACE7ACE7ACE7ACE9ACE9ACE9AD6620828
:101EF000C210A21082108631AE73CF73CF73AF734E
:101F0000CF73CF73AF73CF7BCF7BCF73CF73CF73D1
:101F1000CF73CF73AF73CF7BCF7BAE73AF73AF7322
:101F2000AF73CF73CF73CF73CF73CF73CF73CF73C1
:101F3000CF73CF73CF73CF73CF73CF73CF73CF7391
:101F4000CF73CF73CF73CF73CF73CF73CF73CF7381
:101F5000CF73CF73CF73CF73CF73CF73CF73CF7371
:101F6000CF73CF73AF73AF73AF73AE73AE73AE7324
:101F7000AE73AE73AE73AE73AE73AE73AE73AE7359
:101F8000AE73AE73AE73AE73AE73AE73AE73AE7349
:101F90008E738E6BAE73AE73AE738E73AE73AE73A1
:101FA000AE73AE73AE73AE73AE73AE73AE73AE7329
:101FB0008E6B8E6B8E6B8E738E73AE73EF7B2C631A
:101FC0004529A210A210A210F494F7BDA731EC5A33
:101FD0008E6B6E6B6E6B6E6BAF73AF738F73AF7315
:101FE000CF736A4A6E6B107C107CF07BCF73F07BF2
:101FF000CF73F07BF07B31848E6B8E6B6E6B6E6B70
:1020000086296E6B4D638E6B8E6B4D632D63AB5269
:1020100066296629C310DBD6FCDEDBD6BBD6BBCE79
:10202000BBCEBBCEBBCEBBD6BBD6BBD6BBD6BBD640
:10203000BBD6BBD6BBD69BD6BBD69ACE9ACE9ACEB3
:102040009ACE7ACE7ACE9ACE7ACE7ACE7ACE7ACE10
:102050007ACE7ACEBBD6C210A210A210C3180C63DF
:10206000AE73AE73AE73AF73CF73AF73CF7BCF7BF3
:10207000CF7BCF7BCF7BCF7BAF73AF73AF73AF7BA8
:10208000AF7BAF7BAF73AF73AF73CF73CF73CF73D0
:10209000CF73CF73CF73CF73CF73CF73CF73CF7330
:1020A000CF73CF73CF73CF73CF73CF73CF73CF7320
:1020B000CF73CF73CF73CF73CF73CF73CF73CF7310
:1020C000CF73CF73CF73CF73CF73CF73AF73AE7341
:1020D000AE73AE73AE73AE73AE73AE73AE73AE73F8
:1020E000AE73AE73AE73AE73AE73AE73AE73AE73E8
:1020F000AE73AE738E6BAE73AE738E73AE73AE7320
:102100008E738E738E73AE738E738E738E6B8E6BB7
:10211000AE73AE73AE738E6B8E6B8E6B8E738E736F
:102120008E738E73CF7BAE730842A2108210821022
:10213000AA5239C6A731EC5A8E6B8E6B8E6B8E6BA2
:10214000AF73AF738F73CF73AF732942D07B11849A
:10215000F07BAF73D07BF07BCF73F07BF07BAF7302
:10216000AB524D634E6B8E6B8E6B6E6BCB520C5BBA
:102170004D636E6B6E6BE83966298629E418DBD6F1
:10218000BBD6DBD6DBD6DBD6BBCEBBD6BBD6BBD66F
:10219000BBD6BBD6DBD6BBD6BBD6BBD6BBD69BD6B7
:1021A000BBD69ACE9ACE9ACE9ACE7ACE7ACE9ACE06
:1021B0007ACE7ACE7ACE7ACE7ACE7ACE252182089F
:1021C000A210A21065296D6BAE73AE73AE73AF73C0
:1021D000CF73AF73CF7BCF7BCF7BCF7BCF7BCF7BDF
:1021E000AF73AF73AF73AF7BAF7BAF7BAF73AF73C7
:1021F000AF73CF73CF73CF73CF73CF73CF73CF73EF
:10220000CF73CF73CF73AF73CF73CF73CF73CF73DE
:10221000CF73CF73CF73CF73CF73AF73AF73CF73EE
:10222000CF73CF73CF73CF73CF73CF73CF73CF739E
:10223000AF73AF73AF73AE73AE73AE73AE73AE7393
:10224000AE73AE73AE73AE73AE73AE73AE73AE7386
:10225000AE73AE73AE73AE73AE73AE738E6BAE739E
:10226000AE738E73AE73AE738E738E738E73AE73E6
:102270008E738E738E6B8E6BAE73AE73AE738E6B0E
:102280008E6B8E6B8E738E738E738E73AE73AE7316
:10229000494AA2108210A210200059CEA731AB5299
:1022A0008E6B8E6B8E6BAF73AF73AF738F73AF73B9
:1022B000AF736A4A107CCF73F07BAF73CF73F07B40
:1022C000CF73D07BF07B6E6BA73109426E6B8E6B48
:1022D0008E6BEC5A2D63EC5A4D636E6B4D63094265
:1022E00045216629E418D394F49CD49CD39CD39CB8
:1022F000B394D394D39CF49C149D149D15A5F49C85
:10230000D49CF49CD49C149D55A5D394F49CD39454
:10231000D394149D149D149D35A555A576AD76AD29
:1023200097B597AD4108821082108210494AAE736A
:10233000AE73AE73AE73CF73AF73CF73CF7BCF7B00
:10234000CF7BCF7BCF7BAF7BAF73AF73AF7BAF7BED
:10235000AF7BAF73AF73AF73CF73CF73CF73CF73E5
:10236000CF73CF73CF73CF73CF73CF73CF73CF735D
:10237000CF73CF73CF73CF73CF73CF73CF73AF736D
:10238000CF73CF73CF73CF73CF73CF73CF73CF733D
:10239000AF73AF73AF73AF73AE73AE73AE73AE7331
:1023A000AE73AE73AE73AE738E738E738E738E73A5
:1023B000AE73AE73AE73AE73AE73AE73AE73AE7315
:1023C000AE73AE738E6BAE73AE738E6BAE73AE7355
:1023D0008E73AE73AE73AE73AE73AE738E6B8E6B65
:1023E0008E6B8E6B8E6B8E6B8E6B8E6B8E738E7315
:1023F0008E738E73AE738E73494AA210A210821030
:10240000210018C686296A4A8E6B8E6B8E6BAF735D
:102410008F738E6B8F73AF73AF730C5BCF73CF7390
:10242000F07B6E6BD07BF07BAF73AF73AF73EC5A06
:10243000252186298E6B8E6B6E6B2D63EC5AEC5AC0
:102440004D636E6B6E6BEC5AC3108629041935A56B
:1024500055A556AD55A555A555A535A535A535A503
:1024600035A535A535A535A535A535A535A535A59C
:1024700055A555A555A555A576AD76AD55A576AD11
:1024800055A555A555A576AD96ADF8BDA2108210FF
:102490008210A210EB5A8E73AE73AE73AE73CF730D
:1024A000CF73CF73AF73AF73CF7BAE73AE73AF7BAE
:1024B000AF7BAF7BAF7BAF73AF73AF73CF73CF73B4
:1024C000CF73CF73CF73CF73CF73CF73CF73CF73FC
:1024D000CF73CF73CF73CF73CF73CF73CF73CF73EC
:1024E000CF73CF73CF73CF73CF73CF73CF73CF73DC
:1024F000AF73AF73AF73AF73AF73AF73AF73AE73CD
:10250000AE73AE73AE73AE73AE73AE73AE73AE73C3
:102510008E738F738F73AF73AE73AE73AE73AE7310
:10252000AE73AE73AE73AE73AE73AE738E73AE73C3
:10253000AE73AE6B8E738E73AE738E738E738E733B
:102540008E738E738E6B8E6B8E6B8E6B8E6B8E6BB3
:10255000AE738E6B8E6B8E738E738D738E736E6B8C
:10256000494AA2108210A210000039C666294A4AC0
:102570008E6B8E6B8E6BAF738F738E6B8F73AF732F
:10258000AF73F07BCF73AF73CF732D63CF73CF7304
:10259000AF73AF73AF730C5B452145216E6B8E6BD0
:1025A0006E6B4E6BAB520C5B6E6B6E6B8E6B0D631A
:1025B00025214521E418F49CF49CD49CF394F394D5
:1025C000D394B38CB38CD394B394B394B394B394A3
:1025D000B394B394B394B394B394B394B394B394C3
:1025E000B394B394B394B394B394B394B394B394B3
:1025F000D3946E6B620882108210C3180C638E73C2
:10260000AE73AE73AE73CF73CF73CF73AF73AF735D
:10261000CF7BAE73AE73AF7BAF7BAF7BAF7BAF7364
:10262000AF73AF73CF73CF73CF73CF73CF73CF73DA
:10263000CF73CF73CF73CF73CF73CF73CF73CF738A
:10264000CF73CF73CF73CF73CF73CF73CF73CF737A
:10265000CF73CF73CF73CF73AF73AF73AF73AF73EA
:10266000AF73AE73AE73AE73AE73AE73AE73AE7361
:10267000AE73AE73AE73AE73AE73AE73AE73AE7352
:10268000AE73AE73AE73AE73AE73AE73AE738E7362
:10269000AE73AE738E73AE73AE738E738E738E73B2
:1026A000AE738E738E738E738E738E738E6B8E6B12
:1026B0008E6B8E6B8E6B8E6BAE738E6B8E6B8E7322
:1026C0008E736E6B8E736D6B0842A210A210821017
:1026D0006108518C8629083A4D638E6B8F73AF73F6
:1026E0008F738E6BAF73AF738E6B107CAF73AF73E2
:1026F000AF730C5BAF73AF738E6B8F73AF732D6360
:10270000CB52A3104D636E6BAF738E6BAB524E6B9F
:102710006E6B8E6B6E6B6E6BE83945212521518493
:10272000928C928C7284928C928C928C928C728C01
:10273000728C728C928C928C928C928C728C928C09
:10274000928C938C938C928C928C928C928C928C97
:102750009394928C728C728C728C210081088110FF
:102760008210E3186D6BAE73AE73AF73AF73AF735C
:10277000CF73CF73AF73AF73AF73AF73AF73AF7309
:10278000AF73AF73AF73AF73AF73CF73CF73CF73D9
:10279000CF73CF73CF73CF73CF73CF73AF73AF7369
:1027A000CF73AF73AF73AF73AF73AF73CF73CF73B9
:1027B000CF73CF73CF73CF73CF73AF73AF73AF7369
:1027C000AF73AF73AE73AE73AE73AE73AE73AE73FF
:1027D000AE73AE73AE73AE73AE73AE73AE73AE73F1
:1027E000AE73AE73AE73AE73AE73AE73AE73AE73E1
:1027F000AE73AE73AF73AE73AF73AF738E73AE73EE
:10280000AE73AE73AE73AE73AE738E738E738E7320
:102810008E738E738E738E738E738E738E738E73B0
:102820008E738E738E738E6B8E6B8E6B8E734D6B01
:10283000C739821082108210C31031848629E8398A
:102840004E6B8E6B8E6B8E6B8E6B8E6B8E6B8E6B00
:10285000CF73CF738E6B8E6B8E6B0D638E6B8F739E
:10286000AF73AF736E6B4E6B8E6B8E6B8F73AF737C
:10287000E4186E6B2D636E6B6E6B6E6B4D638F73B6
:102880008A4A45210419107C317C317C317C307CB2
:10289000307C3184107C107C107C107C318431843D
:1028A0003184318431843184318431843184318480
:1028B0003184107C318431843184317C5184317C89
:1028C000EF73620882108110821045298E6B8E731F
:1028D0008E73AE73AE73AF73CF73CF73CF73CF738B
:1028E000AF73AF73AF73AF73CF73CF73CF73CF7358
:1028F000CF73CF73CF73CF73CF73AF73AF73AF7328
:10290000AF73AF73AF73AF73AF73AF73AF73AF73B7
:10291000AF73AF73AF73AF73AF73AF73AF73AF73A7
:10292000AF73AF73AF73AF73AE73AE73AE73AE739B
:10293000AE73AE73AE73AE73AE73AE73AE73AE738F
:10294000AE73AE73AE73AE73AE73AE73AE73AE737F
:10295000AE73AE73AE73AE73AE738E738E6B8E73D7
:10296000AE73AE73AE73AE73AE73AE738E738E739F
:102970008E738E738E738E738E738E738E738E734F
:102980008E738E738E738E738E738E738E736E735F
:102990008E6B8E6B8E734D6B8631A2108210A210DF
:1029A0000421E3188629E8396E6B8E6B8E6B8E6B73
:1029B0008E6B8E6B8E6B8E6BAF738F738E6B8E6B1D
:1029C0006E6B0C5B6E6B8E6B8F738F736E6B4E6B5F
:1029D0008E6B6E6B8E6B04192942CB528E6B8F738C
:1029E0008F738E6B4D638F73AB5245210419D07B6F
:1029F000F073107C107C107C107CF07B107C107CC1
:102A0000107C107C107CF07BF07BF07BF07BF07B0B
:102A1000107C107C107C318431841184107C107CFB
:102A2000107C107C107C107C107CA310810881101D
:102A30008210E7398E6B8E738E73AE73AE73AF7385
:102A4000AE73AE73CF73CF73AF73AF73AF73AF7338
:102A5000CF73CF73CF73CF73CF73CF73CF73CF7366
:102A6000CF73AF73AF73AE73AF73AF73AF73AF7337
:102A7000AF73AF73AF73AF73AF73AF73AE73AE7348
:102A8000AE73AE73AE73AE73AE73AE73AE73AE733E
:102A9000AE73AE73AE73AE73AE73AE73AE73AE732E
:102AA000AE73AE73AE73AE73AE73AE73AE73AE731E
:102AB000AE73AE73AE73AE73AE73AE73AE73AE730E
:102AC000AE738E738E6B8E73AE73AE73AE73AE7366
:102AD000AE73AE738E738E738E738E738E738E73AE
:102AE0008E738E738E738E738E738E738E738E73DE
:102AF0008E738E738E736E738E6B8E6B6E6B0C63B8
:102B0000452982106108A210E41845296629862902
:102B10008E6B8E6B8E6B8E6B8E6B8E6B8E6B8E6BED
:102B2000AF734D634E6B6E6B6E6B0C5B6E6B8E6B2F
:102B30008E6B8E6B6E6B4D636E6B8E6B4E6B252149
:102B4000A731094229424942AB5229426E6B6E6B52
:102B5000EC5266292521CF731074F073F073107C4A
:102B6000F073107CF073F073EF73EF73EF73F07327
:102B7000F073F073107C107CF073F073F073F073EB
:102B8000F073107C107CF073307C107CF073F07369
:102B9000317CC21061086108A210494A8E73AE737D
:102BA0008E73AE73AE73AF73AE73AE73CF73CF73FA
:102BB000CF73CF73CF73CF73CF73CF73CF73CF7305
:102BC000CF73CF73CF73CF73AF73AF73AF73AE7376
:102BD000AE73AE73AE73AE73AE73AE73AE73AE73ED
:102BE000AE73AE73AE73AE73AE73AE73AE73AE73DD
:102BF000AE73AE73AE73AE73AE73AE73AE73AE73CD
:102C0000AE73AE73AE738E73AE73AE73AE73AE73DC
:102C1000AE73AE73AE73AE73AE73AE73AE73AE73AC
:102C20008E738E73AE73AE73AE73AE73AE73AE73DC
:102C3000AE73AE738E738E738E738E738E738E734C
:102C40008E738E738E738E738E738E738E738E737C
:102C50008E738E738E738E738E738E738E736E738C
:102C60008E6B8E6B6E6BCB5A042182108210821099
:102C700004194529452166296E6B8F738E6B8E6B07
:102C80008E6B8E6B8E6B6E6B6E6B0D632D634D63F7
:102C90004D630C5B6E6B6E6B6E6B6E6B4D632D6379
:102CA0008E6B6E6BAF730419C418AF734D63E83944
:102CB0006E6BEC5A6E6B6E6BEC5A66294521AF73E6
:102CC000EF73F073F073F073EF73CF73F073F0730F
:102CD000CF73CF73CF73CF73CF73CF73F073107C79
:102CE000107C107CF073CF73EF73F073CF73CF73DE
:102CF000EF73F073F0730F749284820861086108B7
:102D0000C318EB5A8E738E73AE73AE73AE73AF731C
:102D1000AF73AF73CF73CF73CF73CF73CF73CF73E3
:102D2000CF73CF73CF73CF73CF73AF73AF73AF73F3
:102D3000AF73AF73AE73AE73AE73AE73AE73AE7389
:102D4000AE73AE73AE73AE73AE73AE73AE73AE737B
:102D5000AE73AE73AE73AE73AE73AE73AE73AE736B
:102D6000AE73AE73AE73AE73AE73AE73AE73AE735B
:102D7000AE73AE73AE73AE73AE73AE73AE73AE734B
:102D8000AE73AE73AE73AE738D738D73AE73AE737D
:102D9000AE73AE73AE73AE738E738E738E738E73AB
:102DA0008E738E738E738E738E738E738E738E731B
:102DB0008E738E738E738E738E738E738E738E730B
:102DC0008E738E736E738E6B8E6B6E6B6D6B8A52A1
:102DD000C318610882108210A631862966296629E7
:102DE0006E6B8E6B8F738E6B8E6B8E6B8E6B4D637B
:102DF0006E6BEC5A0C5B0D632D630C5B2D632D63C6
:102E00002D632D632D634D638E6B8E6B8F73252128
:102E1000C3106A4A8E6B6E6B6E6B4E6B6E6B6E6B15
:102E2000CB5246294629AF73CF73CF73CF73F0735C
:102E3000EF73EF73F073CF73CF73CF73CF73107CD7
:102E4000107CF073CF73CF73CF73CF73CF73F073E6
:102E5000F073F073F073F073F073F073F073EF735B
:102E6000107C41086108610804210C638E738E7325
:102E7000AE73AE73AE73AF73AF73AF73CF73CF7305
:102E8000CF73CF73CF73CF73CF73CF73CF73CF7332
:102E9000CF73AF73AF73AF73AF73AF73AE73AE7304
:102EA000AE73AE73AE73AE73AE73AE73AE73AE731A
:102EB000AE73AE73AE73AE73AE73AE73AE73AE730A
:102EC000AE73AE73AE73AE73AE73AE73AE73AE73FA
:102ED000AE73AE73AE73AE73AE73AE73AE73AE73EA
:102EE000AE73AE73AE73AE73AE73AE73AE73AE73DA
:102EF0008E6B8E6BAE73AE73AE73AE73AE73AE731A
:102F00008E738E738E738E738E738E738E738E73B9
:102F10008E738E738E738E738E738E738E738E73A9
:102F20008E738E738E738E738E738E738E6B8E6BA9
:102F30008E6B6E6B4D6B494AA2108210610881083E
:102F4000E318A631462946296E6B8E6B8E6B8E6B0D
:102F50008E6B6E6B6E6B6E6B6E6B0C5B0C5B0C5BDF
:102F60000C5BEC5A0C5B0C5B0C5B0C5BEC5A4D6322
:102F70008E6B6E6B8E6B86298E6B6E6B6E6B6E6B53
:102F80006E6B6E6B6E6B4E6BAB52662966298E6BE9
:102F9000CF73CF73EF73EF73CF73F073F073F0737E
:102FA000F073F073AF6BAF6BAF6BAF6BAF6B8E6BE0
:102FB000AF6BCF73CF73EF73F073F073CF73CF73C7
:102FC000107CEF73F073F07BCF738310610861089E
:102FD00045294D6B8E738E73AE73AE73AE73AF7344
:102FE000AF73AF73AF73AF73AF73AF73AF73AF73D1
:102FF000AF73AF73AF73AF73AF73AF73AF73AF73C1
:10300000AF73AE73AE73AE73AE73AE73AE73AE73B7
:103010008E73AE73AE73AE73AE73AE73AE73AE73C8
:10302000AE73AE73AE73AE73AE73AE73AE73AE7398
:10303000AE73AE73AE73AE73AE73AE73AE73AE7388
:10304000AE73AE73AE73AE73AE73AE73AE73AE7378
:103050008E73AE73AE73AE73AE73AE73AE73AE7388
:103060008E738E738E738E738E738E738E738E7358
:103070008E738E738E738E738E738E738E738E7348
:103080008E738E738E738E738E738E738E738E7338
:103090008E738E738E6B8E6B8E6B6E6B4D6B294247
:1030A0008210811061086108C3182521462946292C
:1030B0006E6B8E6B8E6B8E6B8E6B6E6B6E6B4E6BE8
:1030C0006E6B2D630C5BCC5AEC5ACC5AEC5A0C5BF1
:1030D000EC5AEC5ACB522D638E6B6E6B6E6B86295D
:1030E0006E6B8E6B6E6B6E6B6E6B6E6B6E6B4D6321
:1030F0008A4A462966294D63AF6B8E6BCF73AF6BDF
:10310000CF73EF73F073CF73CF73CF73CF73CF736E
:10311000AF6BCF73F073F073F073107CF073F073D8
:10312000F073F073EC524521317C8E6B8A4A452155
:10313000041962106108610865294D6B8E738E73E6
:103140008E73AE73AE73AF73AF73AF73AF73AF7392
:10315000AF73AF73AF73AF73AF73AF73AF73AF735F
:10316000AF73AF73AF73AF73AF73AE73AE73AE7352
:10317000AE73AE73AE73AE73AE73AE73AE73AE7347
:10318000AE73AE73AE73AE73AE73AE73AE73AE7337
:10319000AE73AE73AE73AE73AE73AE73AE73AE7327
:1031A000AE73AE73AE73AE73AE73AE73AE73AE7317
:1031B000AE73AE73AE73AE738E73AE73AE73AE7327
:1031C000AE73AE73AE73AE738E738E738E738E7377
:1031D0008E738E738E738E738E738E738E738E73E7
:1031E0008E738E738E738E738E738E738E738E73D7
:1031F0008E738E738E738E738E738E738E6B8E6BD7
:103200008E6B6D6B2C63E739821061086108610871
:10321000C3182521662925218E6B6E6B6E6B6E6B34
:103220006E6B6E6B6E6B4D630D63EC5AAB52CB5293
:10323000CC5ACB52EC5AEC5AEC5ACC5ACC5A4E6B74
:103240006E6B6E6B6E6B4D636E6B6E6B6E6B6E63E7
:103250006E636E636E6B4E6BA73145216629AF734B
:10326000CF73F073EF73EF73AF6BCF736E6B8E6BC7
:10327000AF6BEF73F073F07BCF73F07B6A4A8629F4
:103280003184AF73CB52A731C310A3102521C310D3
:103290001184F07BCF73107C8A4A62086108610850
:1032A00065294D6B8E73AE738E738E6BAE73AE737A
:1032B000AE73AE73AE73AE73AE73AE73AE73AE7306
:1032C000AF73AF73AF73AF73AF73AF73AE73AE73F0
:1032D000AE73AE73AE73AE73AE73AE73AE73AE73E6
:1032E000AE73AE73AE73AE73AE73AE73AE73AE73D6
:1032F000AE73AE73AE73AE73AE73AE73AE73AE73C6
:10330000AE73AE73AE73AE73AE73AE73AE73AE73B5
:10331000AE73AE738E73AE73AE73AE73AE73AE73C5
:10332000AE73AE73AE738E738E738E738E738E7335
:103330008E738E738E738E738E738E738E738E7385
:103340008E738E738E738E738E738E738E738E7375
:103350008E738E738E738E738E738E738E736E7385
:103360008E738E738E6B6E6B8E6B6D6B0C636529BB
:10337000610861086108A2100419E4186629252172
:103380006E6B6E6B6E6B6E6B6E6B6E6B4E6B2D63DE
:103390000C5BAB528A4AAB52AB52AB52AB52CC5ADB
:1033A000AB52AB52AB520C5B6E6B4E6B4D638F737B
:1033B000E4184D638E6B8E6B6E6B6E6B6E6B4D6334
:1033C000C31045214629F07BF07BF07BAF736E6B19
:1033D0002D63A731662966292419E310E4104521DD
:1033E000A7318A4AE418A310107C1184D07BCF73D4
:1033F000AF73F07B6E6B4521AF738E6BCF73CF7362
:10340000F0736208610861082421EB5A8E6B8E7399
:103410008E6BAE73AE73AE73AE73AE73AE73AE73CC
:10342000AE73AE73AE73AE73AE73AE73AE738E73B4
:103430008E73AE73AE73AE73AE73AE73AE73AE73A4
:10344000AE73AE73AE73AE73AE73AE73AE73AE7374
:10345000AE73AE73AE73AE73AE73AE73AE73AE7364
:10346000AE73AE73AE73AE73AE73AE73AE73AE7354
:10347000AE738E738D738E738E738E738E73AE7305
:10348000AE73AE73AE73AE738E738E738E738E73B4
:103490008E738E738E738E738E738E738E738E7324
:1034A0008E738E738E738E738E738E738E738E7314
:1034B0008E738E738E738E738E738E738E738E7304
:1034C0008E736E736E736E738E738E738E6B8E6B64
:1034D0006D6B6D6BAA52E4186108610861080421E4
:1034E000A210A731662925216E6B6E6B6E6B6E6B19
:1034F0006E6B6E6B4D632D630C5B6A4ACB52AB52A5
:103500008A4A8B52AB52AB52AB52AB528B52EC5AF3
:103510008E6B6E6B8F7345218A4AAB526A4AAB52EF
:1035200049426A4A4D636E6BA31046298629820878
:10353000A310452149420D63728C252104198E6B1D
:10354000CF73AF6B8E6BAF73F07BF0736208E418D0
:10355000D07BAF738F73AF73D07BF07B8E6B04190E
:10356000107CF07BCF73CF73518421086108610810
:10357000C3188A526D6B8E6B8E73AE73AE73AE735F
:10358000AE73AE738E6B8E6BAE73AE73AE73AE7383
:10359000AE73AE73AE738E6B8E6B8E73AE73AE7393
:1035A0008E738E738E738E738E738E73AE73AE73D3
:1035B000AE73AE73AE73AE73AE73AE73AE73AE7303
:1035C000AE73AE73AE73AE73AE73AE73AE73AE73F3
:1035D000AE73AE73AE73AE73AE73AE738E738E7323
:1035E0008E738E738E73AE73AE73AE73AE73AE7333
:1035F0008D738D738D738E738E738E738E738E73C6
:103600008E738E738E738E738E738E738E738E73B2
:103610008E738E738E738E738E738E738E738E73A2
:103620008E738E738E738E738E736E736E736E73F2
:103630008E738E738E6B8E6B6D6B4D6B694AA310A0
:1036400041086108610824210421E318662904194E
:103650006E6B6E6B6E6B6E6B6E6B4D632D630C5B86
:10366000EC5AC83949428A4A8A4A8A4A8A4AAB523B
:103670008B528A4A8A4A8A4A8E6B6E6BAF7366296E
:1036800066298A4AEC5A4942C731C7318E6B8E6B24
:103690000521662966298F73AF73AF73CF73F07BF3
:1036A000728C8629A310D07BAF73AF73AF73CF73C7
:1036B000AF73F073C31004198E6B6E6B6E6B4D633A
:1036C0008F73AF73F07B25210C5B083A662966295E
:1036D0005184420861086108A21008426D6B8E7324
:1036E0008E738E738E73AE738E6B8E6B8E6B8E6BD2
:1036F0008E6B8E6B8E6B8E6B8E6B8E6B8E6B8E6B02
:103700008E6B8E738E738E738E738E738D738E73BA
:103710008E738E738E738E738E738E738E738E73A1
:103720008E738E738E738E738E738E738E738E7391
:103730008E738E738E73AE738E738E738E738E7361
:103740008E738E738E738E73AE73AE73AE73AE73F1
:10375000AE73AE738E738E738E738E738E738E7321
:103760008E738E738E738E738E738E738E738E7351
:103770008E738E738E738E738E738E738E738E7341
:103780008E738E738E738E738E738E738E738E7331
:103790008E738E736E736E738E738E736E6B6E6BB1
:1037A0006E6B4D6B0842A210610862108208C7312F
:1037B000C318E418662904196E6B6E6B6E6B6E6B22
:1037C0006E6B4D632D630C5BEC5A8629E8396A4AAF
:1037D0006A4A6A4A6A4A8A4A8A4A8A4A8A4A4A42F1
:1037E0006E636E63AE6B66292521AF736E6B6E6B75
:1037F0004D632D636E6B3184462945218629AF7355
:10380000AF73CF73CF73F07B31848629E4188E6B4E
:103810008E6BCF73F073AF6B6D636E63C7318629A8
:10382000F073F073AF6B8E6BAE6BF0738E6B25190C
:103830004D63E831C731A7315184820861086108BE
:103840006108A6316D6B8E738E73AE73AE73AE73FB
:103850008E6B8E6B8E6B8E6B6D6B6D6B6D6B6D6B24
:103860006E736E736D6B8E6B8E6B6E736D6B8E7312
:103870008D738D736D6B8E738D738E738E738E736C
:103880008E738E738E738E736D6B8E73AE73AE7319
:103890008D738E738E738E738E738E738E738E7321
:1038A0008E738E738E738E738E738E738E738E7310
:1038B0008E738E73AE738E738E738E738E738E73E0
:1038C0008E738E738E738E738E738E738E738E73F0
:1038D0008E738E738E738E738E738E738E738E73E0
:1038E0008E738E738E738E738E738E738E738E73D0
:1038F0008E738E738E738E738E736E736E736E7320
:103900008E6B8E6B6E6B6D6B6D6B2D63863161088C
:1039100061088210610887318629452966290419C2
:103920006E6B6E6B6E6B6E6B6E6B4D632D630C5BB3
:10393000EC5A083AA7312942494249426A4A6A4A3E
:103940006A4A6A4A6A4A4A426E636E636E634521F6
:10395000E4184E6B4D634D632D632D630C5BAF73A9
:10396000452145218629AF738E6B8E6BCF73AF7364
:103970001184252141008E6B96AD928C79C6B7AD2E
:103980003DDF1CDF3DDF3DDF5DE79EEF5DE79ACE6B
:1039900059C6BFEFDBD659C651848629C73186295F
:1039A0004521410061086108610804214D6B8E7357
:1039B0006D6B4D6B4D6B0B63AB5A6A52494A084AAB
:1039C00027420742073A074207420742E739E741E1
:1039D000E741E739E7390842E739E7392842484201
:1039E0002842694AAA522C636D6B6D6B8E736D6BA6
:1039F0006D6BA210200045296D6B8E738E738E73D4
:103A00008E738E738E738E738E738E738E738E73AE
:103A10008E738E738E738E738E738E73AE738E737E
:103A20008E738E738E738E738E738E738E738E738E
:103A30008E738E738E738E738E738E738E738E737E
:103A40008E738E738E738E738E738E738E738E736E
:103A50008E738E738E738E738E738E738E738E735E
:103A60008E736E736E738E6B8E6B8E6B6E6B8E6BD6
:103A70006D6BCB5AC318410861084108A731494210
:103A8000652145296629E4184D634D636E6B6E6BA5
:103A90004D634D632D63EC5ACB528A4AC7310942BC
:103AA0002942294249424A4A494249424942284216
:103AB0008E6B6E638E6B0419AB522D634E634E6B2F
:103AC0004D632D63CB52AB524521462986298E6B1F
:103AD000AF73CF73AF73CF730942083A4A4A494272
:103AE0004A4A25210421A731A731C731E839873156
:103AF0006629E83945218731C4180842494A00003F
:103B00006629E839C7398629E83921006108410862
:103B10004108E3188A528A522842E739E739E739DF
:103B2000073A073AE639E639C639E639E639C63999
:103B3000C639C639C631A531A531C631C631C631FF
:103B4000C631C639E639E639E639E639C639C63905
:103B5000E639C639E639A531A21040086108610886
:103B6000E3184D6B8E738E738E738E738E738E739C
:103B70008E738E738E738E738E738E738E738E733D
:103B80008E738E738E738E738E738E738E738E732D
:103B90008E738E738E738E738E738E738E738E731D
:103BA0008E738E738E738E738E738E738E738E730D
:103BB0008E738E738E738E738E738E738E738E73FD
:103BC0008E738E738E738E738E6B8E6B8E6B8E6B0D
:103BD0008E6B8E6B6E6B6D6B2D630842821041088D
:103BE000610882106A4A4942083A65294629E41860
:103BF0004D634D634D634D634D632D632D630C5BCE
:103C0000CB528A4A29422942083A083A0942494293
:103C10004942494249422942EC5A4D634D63CB52D5
:103C2000EC5A2D634D636E6B2D632D632D638A4AB1
:103C3000452125216629AF73AF73AF73AF73CF737F
:103C400046294629C739C731A6316629A6318631AA
:103C5000863186316529452986318631863186311E
:103C6000C739C739E739C31887318729E839862921
:103C7000E73961086108C21003194421A631E63909
:103C8000C639E739E639E639E639C639E639E7397A
:103C9000E639063A0642274227422742073A0742B8
:103CA0000742073A073A073A073A27420742E639F6
:103CB000C631C631A531C639C531A531A5318429F2
:103CC00081086108610861086108AE738E738E73A4
:103CD0008E738E738E738E738E738E738E738E73DC
:103CE0008E738E738E738E738E738E738E738E73CC
:103CF0008E738E738E738E738E738E738E738E73BC
:103D00008E738E738E738E738E738E738E738E73AB
:103D10008E738E738E738E738E738E738E738E739B
:103D20006E736E736E736E736E736E738E738E6B53
:103D30008E6B8E6B8E6B8E6B8E6B6E6B6D6B6D6B1D
:103D40000C63652961084108610820008629E8396B
:103D5000293AE7394629E4184D634D634D634D63B5
:103D60004D632D630C5BEC5AAB5249420942C83992
:103D7000083A083A083A2942094229422942083AAF
:103D8000E8394D630D632D634D634D636E6B6E6B50
:103D90002D630D6315A5EC5A252125216629F07B9D
:103DA000CF738E6BAF73F07B86292521C739083A14
:103DB000E739E739C731A6318631A631A631A631B8
:103DC000A631A631A631A631E739E739C739242112
:103DD000C7318629E739C210073A27420321231940
:103DE000442164218529E739E739E7392842684ABF
:103DF0008952EB5A0B634C636D6B6D6B8D6B6D6B06
:103E00006D6B6D6B6D6B6D6B6D6B6D6B4D6B4D6B32
:103E10004D6B4C6B4C6B4C6B2C632C634C6B0C6381
:103E2000AA52694A074264298110A2106108410818
:103E30004008AE738E738E738E738E738E738E7313
:103E40008E738E738E738E738E738E738E738E736A
:103E50008E738E738E738E738E738E738E738E735A
:103E60008E738E738E738E738E738E738E738E734A
:103E70008E738E738E738E738E738E738E738E733A
:103E80008E738E738E738E736E736E736E736E73AA
:103E90006E736E738E738E6B8E6B8E6B8E6B8E6B82
:103EA0006E6B6D6B6D6B4D6B8A52E3184108610848
:103EB0006108E7396A4AA731E83128424629E418FF
:103EC0004D634D634D634E634D632D630D5B0C5B22
:103ED000CB526A4A25214521E839E839083A083A9F
:103EE000083A094209420942083AAF730C5B2D6354
:103EF0004D636E6B4E6B4D634D636E6B4942E8399B
:103F0000452145216629F07B8E6BF07BF07BF07BB1
:103F1000C7312521E841083A083AE739E739E73956
:103F2000E739C739A631C739E7390842E739A73138
:103F30000842C73908422421A63103194D63273AA4
:103F4000273AE6394421242144214429652927427E
:103F5000AA522B634C6B6D6B8D6B8E736D6B6D6B9F
:103F60008E738E738E738E738E738E738E738E7349
:103F70008E738E738E738E738E738E738E738E7339
:103F80008E738E738E738E738E736D6B6D6B8D737C
:103F90004C6B0B6341086108AE738E738E738E7326
:103FA0008D738D738D738D738D738D738E738E730F
:103FB0008E738E738E738E738E738E738E738E73F9
:103FC0008E738E738E738E738E738E738E738E73E9
:103FD0008E738E738E738E738E738E738E738E73D9
:103FE0008E738E738E738E738E738E738E738E73C9
:103FF0006E736E736E738E738E738E738E6B8E6B29
:104000008E6B8E6B8E6B6E6B6E6B6E6B6D6B4D6BAA
:10401000E73982106108610882100C63CC5A29428A
:10402000E8316A4A4521E4182D634D634D634E63C0
:104030002D632D630D5BEC5AAB528A4AA731C73111
:10404000A731C731E839E839E839083A083A083A77
:10405000083A29424D636E6B0D632D634D632D63EA
:104060002D6331840D636208252125216629F07BAB
:10407000D07B0C5BA7292519083A2421E739083A97
:10408000083AE739C739073A073A073AE739E739CB
:10409000083AA631C631A6316429E739EE7BEE7BBA
:1040A0004B630A5BA952684A273AE63965292321FE
:1040B0000219A210C210484A2C638D738D738E733F
:1040C0008E738E738E738E738E738E738E738E73E8
:1040D0008E738E738E738E738E738E738E738E73D8
:1040E0008E738E738E738E738E738E738E738E73C8
:1040F0008E738E738E738E736D6B6D6B6D6B8E7333
:104100006D6B8E738E738E738D738D738D738D73D4
:104110008E738E738E738E738E738E738E738E7397
:104120008E738E738E738E73AE6B8E6B8E738E7377
:104130008E738E738E738E738E738E738E738E7377
:104140008E738E738E738E738E738E738E738E7367
:104150008E738E738E738E736E736E738E738E6B9F
:104160008E6B8E6B8E6B8E6B8E6B8E6B8E6B6D6BA8
:104170008E6B6D6B4D6BAA5204214108610861087A
:1041800041002942E839AB524942E8394521E41857
:104190002D634D634D634E632D632D63EC5AEC5AD2
:1041A000AB528B526A4AE8396629A731A7314521BB
:1041B000E839E839E839E839C731A731AF732D63F9
:1041C0000D634D632D634D632D632D630C5BA73130
:1041D0002421452145210419EC5ACF738F73AF7305
:1041E0000942A631E73928420842073A0842073A0D
:1041F000C739E739E739E7390842E73986316C6B67
:10420000EE738C6BAC6BAC6B6B632A5BC952674211
:104210006742E6390319A110400040008208662970
:104220000B636D6B6D6B8E738E738E738E738E736B
:104230008E738E738E738E738E738E738E738E7376
:104240008E738E738E738E738E738E738E738E7366
:104250008E738E738E738E738E738E738E738E7356
:104260008E738E738E736D6B8E738E738E738E736F
:104270008D738D738D738D738E738E738E738E733A
:104280008E738E738E738E738E738E738E738E7326
:10429000AE6B8E6B8E738E738E738E738E738E7306
:1042A0008E738E738E738E738E738E738E738E7306
:1042B0008E738E738E738E738E738E738E738E73F6
:1042C0006E736E738E738E6B8E6B8E6B8E6B8E6B4E
:1042D0008E6B6D6B6D6B6D6B6D6B4D6B2C63C7393E
:1042E00061086108610861084D6B0C5BAF732D5B61
:1042F000EC528A4A662904192D634D634D632D6380
:104300000D630D630C5BEC5AAB528A4A294225219E
:1043100066298731C731A631C731C731E739E73957
:10432000C731C73186290C5B2D630C5B0D63AB5223
:1043300096AD2D630C5B49424521452145218E6B8D
:104340002D63EC5A0C5B6E6B083AE7392942084240
:104350004942284207420842E73909428631484229
:10436000CD738C636C636B634A5B4A5B6B63AC6B52
:104370008B6B6A632A5BA9526842A10881086008B6
:10438000600060086108A21028424D6B8E738E7326
:104390008E738E738E738E738E738E738E738E7315
:1043A0008E738E738E738E738E738E738E738E7305
:1043B0008E738E738E738E738E738E738E738E73F5
:1043C0008E738E738E738E738E738E738E738E73E5
:1043D0008E738E738E738E738E738E738E738E73D5
:1043E0008E738E738E738E738E738E738E738E73C5
:1043F0008E738E738E738E6B8E6B8E6B8E738E73CD
:104400008E738E738E738E738E738E738E738E73A4
:104410008E738E738E738E738E738E738E736E73B4
:104420006E736E736E736E736E738E738E738E6B2C
:104430008E6B8E6B8E6B8E6B8E6B8E6B8E6B6D6BD5
:104440006D6B2D6B8A52E31882106108200086295B
:10445000CF732D632D63EC5A494208424521252133
:104460000C5B2D634E6B4D632D630D630C5BEC5A3F
:10447000AB528A4A4A4AE839E83946298731A63197
:10448000A631A631A731C731A731A731A731CB5209
:104490004E6B6E6B8E6B55A56A4AA7310C5B8A4AD0
:1044A000252125214629CF73AF738E6B8E6B0C5B54
:1044B000083AE73908428A4A494A494A2742863136
:1044C000EB5ACE73C9520953E9520853495B495B11
:1044D00049536A5BAB6BEC73AC6BAC6BA84A2319AA
:1044E000810861086108820841004108610861088B
:1044F0002421AA524D6B8E738E738E738E738E73BE
:104500008E738E738E738E738E738E738E738E73A3
:104510008E738E738E738E738E738E738E738E7393
:104520008E738E738E738E738E738E738E738E7383
:104530008E738E738E738E738E738E738E738E7373
:104540008E738E738E738E738E738E738E738E7363
:104550008E738E738E738E738E738E738E738E6B5B
:104560008E6B8E6B8E738E738E738E738E738E7353
:104570008E738E738E738E738E738E738E738E7333
:104580006E736E736E736E736E736E736E736E7323
:104590006E738E738E738E6B8E6B8E6B8E6B8E6B5B
:1045A0006E6B6D6B6E6B6D6B6D63EC62863161086B
:1045B00041086108610854A504192D634E6BCC5A5B
:1045C000C731A63166294521E8392D634E6B4D630D
:1045D0002D630D630C5BEC5AAB528A4A4A4A083A87
:1045E0002521662966298629A631A631A731A7315A
:1045F000A73187318731A73129424D630D636A4A5C
:104600004D638A4AEC5A8A4A252125214629AF73EF
:104610004D632D638E6B8E6BE739083A49428631C4
:10462000C6398D736C6B0A5BE95AE952E852E7525E
:10463000E852E752285B8A638B63CB6BED732D7C6A
:10464000A110E218242165292942E7394521610892
:104650006108410841086108610886310C634D6BAF
:104660006D6B8E738E738E738E738E738E738E736B
:104670008E738E738E738E738E738E738E738E7332
:104680008E738E738E738E738E738E738E738E7322
:104690008E738E738E738E738E738E738E738E7312
:1046A0008E738E738E738E738E738E738E738E7302
:1046B0008E738E738E738E738E738E738E738E73F2
:1046C0008E738E738E738E6B8E6B8E6B8E738E73FA
:1046D0008E738E738E738E738E738E738E738E73D2
:1046E0008E738E738E738E736E736E736E736E7342
:1046F0006E736E736E736E736E738E738E738E6B5A
:104700008E6B8E6B8E6B8E6B6E6B6E6B6D6B4D638B
:104710004D63694AA2106108610841080000728C6B
:104720005184528CF07B2D63CB52C73966294521C9
:10473000C3104D634D634D632D630C5B0C5BEC5AF2
:10474000CB528A4A6A4A29422942A73166296529F9
:104750006529652986298629862986296629662963
:104760004629452186294A4A2D634D630C5B8B52AD
:104770002521252145216E6BCF733184EF7B6D6B35
:104780002421CE732B632B630A5B4A63295B295B6D
:10479000E852E752C752E8520853495B8A6B0D7CD6
:1047A0008F84C6392742494245294521662925215A
:1047B000041941004E6B6E6B041941004108410819
:1047C0004108811086312C636D6B6D6B8E738E7317
:1047D0008E738E738E738E738E738E738E738E73D1
:1047E0008E738E738E738E738E738E738E738E73C1
:1047F0008E738E738E738E738E738E738E738E73B1
:104800008E738E738E738E738E738E738E738E73A0
:104810008E738E738E738E738E738E738E738E7390
:104820008E738E738E738E738E738E738E738E7380
:104830008E738E6B8E738E738E738E738E738E7378
:104840008E738E738E738E736E736E736E736E73E0
:104850006E736E736E736E736E736E736E736E7350
:104860006E738E738E738E6B8E6B8E6B8E6B8E6B88
:104870006D6B6D6B6D6B4D63CB52E4186108610815
:104880006108E318D394728CD3942942F07B107C96
:104890006E6B8A524521452104192D630D634D63CA
:1048A0000D630C5BEC5AEC5AAB52AB526A4A29428C
:1048B000083A8731A731452104194521462946295F
:1048C000662966296629662986292521083A4942EA
:1048D0002942EC5A0D638B522521252145214E6337
:1048E0004D63AF730B5B4C634B634B632A63295B74
:1048F0002A5B8B6B8A63295B09530853E752075382
:10490000495BAB6BED7302190842073A284A484AE3
:10491000252145212D63928C49424942E31886297D
:1049200045212421C210400041084108821028423C
:104930002C638E738E738E738E738E738E738E73E1
:104940008E738E738E738E738E738E738E738E735F
:104950008E738E738E738E738E738E738E738E734F
:104960008E738E738E738E738E738E738E738E733F
:104970008E738E738E738E738E738E738E738E732F
:104980008E738E738E738E738E738E738E738E731F
:104990008E738E738E738E738E738E6B8E738E7317
:1049A0008E738E738E738E736E736E736E736E737F
:1049B0006E736E736E736E736E736E736E736E73EF
:1049C0006E736E738E738E736E736E736E738E6B87
:1049D0008E6B8E6B8E6B8E6B6D6B4D634D630C5B54
:1049E000C73982104108410862086108928C93948B
:1049F000D394928C0C5B11840D5B8A524521452126
:104A00004D632D632D632D630D630C5BEC5AEC5AE3
:104A1000AB52AB526A4A2942083AA731252166298E
:104A20008629252146296629A731862986296629CE
:104A3000A731EC5AEC5A2D632D632D630D638B5215
:104A40002521252145216E63AE734421CE734B632E
:104A50000A5B4B636C6B0D7C4E84CC73CB73485BF1
:104A60000853E852E74A485BAA630E7C02192842C1
:104A70000842E8396629EB5ACF732942E839873171
:104A800004192521E318252104196108CB5A2000B7
:104A90004108400841080421694A2C636D6B6D6B25
:104AA0008E738E738E738E6B8E6B8E6B8E6B8E6B26
:104AB0008E6B8E6B8E738E738E738E738E738E73FE
:104AC0008E738E738E738E738E738E738E738E73DE
:104AD0008E738E738E738E738E738E738E738E73CE
:104AE0008E738E738E738E738E738E738E738E73BE
:104AF0008E738E738E738E738E6B8E6B8E6B8E73C6
:104B00008E738E6B8E738E738E738E738E738E73A5
:104B10006E736E736E736E736E736E736E736E738D
:104B20006E736E736E736E736E736E738E738E733D
:104B30008E6B8E6B8E6B8E6B8E6B8E6B8E6B8E6BAD
:104B40006D6B4D630C5B0842A2106108410841087F
:104B50006108D394B394B394B39493940C5BAF7300
:104B6000D073AB52452125212D632D632D630D6339
:104B70000D630C5BEC5AEC5ACB528B526A4A494299
:104B80000942E839C7314521E4180419C418A7318E
:104B9000C731083A29428A4AAB52EC5AC731E83940
:104BA0008A4A4D630C5B8A4A252104192521CB5A78
:104BB000EB5A4B630A5B8C6BAC6BCD73263AC1101E
:104BC000E010CC6B495BE74AC64AE752495B8B630E
:104BD0000D74073A2842A6312D63AF732942A731DD
:104BE000A73104192521C3100419E318C310452166
:104BF0004521C3104942C3184108410841084108F2
:104C000004218A522C638E738E736D6B8E738E6B40
:104C10008E6B8E6B8E6B8E6B8E6B8E6B8E738E73BC
:104C20008E738E738E738E738E738E738E738E737C
:104C30008E738E738E738E738E738E738E738E736C
:104C40008E738E738E738E738E738E738E738E735C
:104C50008E738E738E738E738E738E738E738E734C
:104C60008E6B8E6B8E6B8E6B8E6B8E736E736E73A4
:104C70006E736E736E736E736E736E736E736E732C
:104C80006E736E736E736E736E736E736E736E731C
:104C90006E738E738E6B8E6B8E6B8E6B8E6B8E6B5C
:104CA0006D6B6D6B6D6B6D6B4D630C5B2842E31828
:104CB0006108610861084108928CB394E418B394C8
:104CC000D394B394B394728CF0734D6B4629252121
:104CD0002D632D632D630D630D630C5BEC5AAB529A
:104CE000CB52AB526A4A49422942083AE839C731A5
:104CF000A7318629A731C731E83909424942AB5269
:104D0000CB52EC5AEC5A0C5B0C5B0C5BEC5A6A4ACB
:104D1000A3108529283A6C632A5B2A5BAC736C6309
:104D20000219063A0219684A6B63295BA74AC64A08
:104D3000E74A08538963AC6BAD6BCF736E6B45214B
:104D400028424521E4184629E41825216629252111
:104D500086296529242145212421820834A5A21011
:104D600082104108410841086108E31808422C6399
:104D70006D6B6D6B8E738E738E6B8E6B8E6B8E6B9D
:104D80008E6B8E6B8E6B8E6B8E738E738E738E733B
:104D90008E738E738E738E738E738E738E738E730B
:104DA0008E738E738E738E738E738E738E738E73FB
:104DB0008E738E738E738E738E738E738E738E73EB
:104DC0008E738E738E738E738E738E738E738E6BE3
:104DD0008E6B6E736E736E736E736E736E736E73B3
:104DE0006E736E736E736E736E736E736E736E73BB
:104DF0006E736E736E736E736E736E6B6E6B6E6BC3
:104E00008E6B8E6B8E6B8E6B6D6B6D6B6D6B4D6386
:104E1000CB5AA631A2106108200041084108E839A8
:104E2000B28CB394B394F49C928CD394928CAF7361
:104E30007284CB5A462925210D630C5B2D630D63CB
:104E40000C5BEC5AEC5ACC5A8B52AB528A4A494210
:104E50002942083AE839C731A7318629A731C8392C
:104E6000E83929426A4A8B52AB52EC5AEC5AEC5A56
:104E70000C5B0C5BEC5A4A4AC210AD736C6B4B6313
:104E80008C6B4F84C1102321E218E1104B634B63FC
:104E90000A5B085B0853E74A0853485B6A63E631DC
:104EA000A63186296529E3180419E4180419E84194
:104EB000452145216629252165296529242145218A
:104EC0002421C31055A50419E418620841084108BB
:104ED00061086108A210C7390C636D6B6D6B8D6B37
:104EE0008E6B8E6B8E6B8E6B8E6B8E6B8E6B8E6BFA
:104EF0008E738E738E738E738E738E738E738E73AA
:104F00008E738E738E738E738E738E738E738E7399
:104F10008E738E738E738E738E738E738E738E7389
:104F20008E738E738E738E738E738E738E738E7379
:104F30008E738E738D6B8E6B8E6B6E736E736E73E2
:104F40006E736E736E736E736E736E736E736E7359
:104F50006E736E736E736E736E736E736E736E7349
:104F60006E736E6B6E6B6E6B8E6B8E6B8E6B8E6BF1
:104F70006D6B6D6B6D6B2C63A731821061084108FE
:104F8000410861088210728CD394D3949394AB52ED
:104F9000B394D394B394107C083ACF7B25210419A1
:104FA0000D634D632D63083A083A2942CC5AE8391B
:104FB000C731CB528A4A6A4A49420942E839C73165
:104FC000C7318731A731C731083A49426A4AAB52E3
:104FD000AB52CC5AEC5AEC5AEC5AEC5ACB528629CA
:104FE0004C632B636B636C6BEA528108C210A1089F
:104FF0008008AC6B4A63E9520953695B485B2853EC
:105000000853075343218529E318E4180419E418C9
:105010004942694A083A29424521452166294521E4
:1050200086296529041945212421A31039C6E318CE
:10503000E418E41882102000410841084108821059
:10504000A631CB5A2C636D6B6D6B6D6B8E6B8E6B5B
:105050008E6B8E6B8E6B8E6B8E6B8E738E738E7370
:105060008E738E738E738E738E738E738E738E7338
:105070008E738E738E738E738E738E738E738E7328
:105080008E738E738E738E738E738E738E738E7318
:105090008E738E738E738E736E736E736E736E7388
:1050A0006E736E736E736E736E736E736E736E73F8
:1050B0006E736E736E736E736E736E736E736E73E8
:1050C0006E736E736E736E736E736E6B6D6B6D6BF2
:1050D0008E6B6D6B6D6B6D6B4D6B6D6B2C632942C5
:1050E000A3104108410841086108A3106631939458
:1050F000B394B394F49C6E6B728CB394B394928C0F
:10510000F0734D6B252104190D630C5BA731083A30
:10511000CB524D630C5BCB522942CB528A4A6A4A2E
:1051200049422942083AE839C731A731C731E8393D
:1051300029426A4A6A4AAB52CB52CB52EC5AEC5AD9
:10514000EC5ACB5266290C5B0B5B6C6BCD73810800
:10515000E318A2108108C210AC6BC952095B085356
:105160006A5B8A63285BE74AC74AC84A2521041953
:10517000E3184942AB52AA5249424942E839494AE6
:1051800045212521662945218629652904194521BE
:105190002421E318A3100419E418E310041961088A
:1051A000410841084108410861082421694A2C63EB
:1051B0004D6B6D738E6B8E6B8E6B8E6B8E6B8E6B81
:1051C0008E6B8E6B8E6B8E738E738E738E738E73EF
:1051D0008E738E738E738E738E738E738E738E73C7
:1051E0008E738E738E738E738E738E738E738E73B7
:1051F0008E738E738E6B8E6B8E6B8D6B8D6B8E6BD9
:105200008E6B8E6B8E6B6E736E736E736E736E734E
:105210006E736E736E736E736E736E736E736E7386
:105220006E736E736E736E736E736E736E736E7376
:105230006E736D6B6D6B6D6B8E6B6D6B6D6B6D6B84
:105240002C630C630842C3186208410841088108B6
:10525000E418B394149D9394928C928C728C928CDB
:105260005184B394B394928C107C04214521052180
:105270000C5B0C5B29420C5BAB5229428629C7317F
:105280006A4ACB52AB526A4A6A4A49422942E839D1
:10529000C731A731E839E83949424A4A8A4AAB520C
:1052A000CB52EC5AEC5A4D632D63A7310B5B4C6328
:1052B0006C6BAE73A21081088108810840004B63BB
:1052C000E952874A874A4B63A008C531C852674AEA
:1052D000884A031965298B5249428A4A8A4A4942B7
:1052E0002842083AC7312942462925216629452105
:1052F00086298629242124214521E3188629041999
:10530000E318E318E318E739A21020004108410828
:1053100041084108E318C739CB5A4D6B6D6B6E6B72
:105320006E6B6E6B6E6B6E6B8E6B8E6B8E6B8E6B35
:105330008E738E738E738E738E738E738E738E7365
:105340008E738E738E738E738E738E738E738E7355
:105350008E738E738E738E738E738E738E6B8E6B55
:105360008E6B8E6B8E6B8E6B8E6B8E6B8E6B6E738D
:105370006E736E736E736E736E736E736E736E7325
:105380006E736E736E736E736E736E736E736E7315
:105390006E736E736E736E736E6B6D6B6D6B6D6B28
:1053A0006D6B4D634D632D63CB5AE739C3186208AB
:1053B000410841086108A210F07BB38C728CAF7376
:1053C000528CB394D394B3946A4A928C728C318485
:1053D000317CF07B45210419EC5A0C5B66298A4A22
:1053E0008A4A0C5BEC5AEC5ACC5ACB528B526A4A22
:1053F0006A4A4A4A2942083AE839A731083A294212
:10540000083A4A4ACB520C5B083A0419C310494285
:10541000CF734C636C6BCE7B6008A210A210810826
:10542000A210A108894AA84A6742674AA108E21067
:105430008108884A063A26424421694A694A694AEB
:105440004942694A8A4A494A0842E739E739694A7A
:1054500046292521662946298629A6314521452147
:105460002521C3106629E418E318E318E318AB52AA
:105470000842A31041082100410841084108610881
:10548000E31828422C636D6B6D6B6D6B6D6B6D6BF0
:105490006D6B8E6B8E6B8E6B6E6B6E6B8E6B8E6BA5
:1054A0008E6B8E6B8E6B8E6B8E6B8E6B8E738E7324
:1054B0008E738E738E6B8E6B8E736E738E6B8E6B24
:1054C0008E6B8E6B8E6B8E6B8E6B8E6B8E6B8E6B14
:1054D0008E6B8E6B8E6B6E736E736E736E736E737C
:1054E0006E736E736E736E736E736E736E736E73B4
:1054F0006E736E6B6E6B6D6B6D6B6D6B6D6B6D6BE1
:105500006D6B6D6B6D6B4D636D6B0C5B8A4AA63179
:10551000E31882104108410841080000242155ADDC
:105520009394B394928CA731928CB394B394B39424
:1055300015A51184D394728C728431844521041989
:10554000EC5AEC5A2D63EC5A0C5B0C5BEC5AEC5A9F
:10555000CC5ACB528B526A4A6A4A4A4A4942494219
:10556000083AA7314942294286294521E418E4181E
:105570000D634D630419EF7B6D6B4C63CE7340007C
:10558000A210A110A108810881080319894A2742A5
:10559000884AC110E2100319E318C631063A47429F
:1055A0004842694A694A694A28422842494229428E
:1055B000E739E839C739083A4629252166294629B5
:1055C0008629A631252145212521C310694AC3100A
:1055D000E318E318E3185184B394294241084208C0
:1055E00041084108410841084108A2108631AA52E9
:1055F000EB5A4D6B6D6B6D6B6D6B8E6B8E6B8E6B3B
:105600006D6B6D6B8E6B8E6B8E6B8E6B8E6B6E6B34
:105610008D6B8D6B6D6B6D6B6D6B6D6B8E6B8E6B48
:105620008E736E738E6B8E6B8E6B8E6B8E6B8E6BC2
:105630008E6B8E6B8E6B8E6B8E6B8E6B6E6B6E73DA
:105640006E736E736E736E736E736E736E736E7352
:105650006E736E736E736E736D6B6E6B6E6B6D6B64
:105660006D6B6D6B6D6B6D6B6D6B6D6B4D634D63CA
:105670000C5B083A0419821061086108410841086E
:10568000610841082C63D394B394B394D394928C5F
:10569000528CB394928CD394D49CE4183184B394F8
:1056A0005184108425212521EC5AEC5AEC5AEC5AED
:1056B000EC5AEC5AEC5AEC5ACB52AB52AB528A4AE7
:1056C0006A4A6A4A2942294286292521252125211B
:1056D0000942CF73E839862949420D6328422C6379
:1056E0004C63508C0319C210C218C2108108A10863
:1056F00020004842273A2742C210C210C210C310ED
:10570000A2102742263AC11048424942694A694AD2
:10571000694A494A28420842E739E739A63128420E
:1057200065292521662945218629862945212521A6
:105730002521C3100C5BC310E318E318C3104D639D
:105740006E6B29426A4A4521820861086108410856
:10575000410861088210C318C7398A520C634D6B27
:105760006D6B8E6B8E6B8E6B8E6B8E6B8E6B8E6B92
:105770008E6B8E6B8E6B8E6B8E6B8E6B6E6B6D6BA2
:105780006D6B6D6B8E6B8E6B8E6B8E6B8E6B6E6BB3
:105790008E6B8E6B8E6B8E6B8E6B6E6B6E6B6E6BA1
:1057A0006E6B6E6B6E6B6E6B6E6B6E6B6E6B6E6B31
:1057B0006E6B6E6B6E6B6D6B6D6B6D6B6D6B6D6B26
:1057C0006D6B6D6B6D6B6D6B6E6B6E6B6D6B6D6B17
:1057D0006D6B6D6B2D630C5B494204218210410897
:1057E0004108410841086108000010846A4A728C2F
:1057F0008E6BAF6B8F73728C107CAB52CB528B5213
:10580000CB52F07B8E6BCC5A6A42694A2521252106
:10581000EC5AEC5AEC5AEC5AEC5AEC5AEC5AEC5A58
:10582000CB52AB52AB528A4A4942C8394521E4189F
:1058300045210C5BAB526629E839AB4A2D5B4942E6
:10584000462925212C632C63AA52E318A218C21002
:10585000A210C318A1082000073A273A073A0419F2
:105860004942083AE318E318E639E639C631852992
:1058700068424942694A6A4A4942294228422842C2
:105880000842E739E7392842652945216629662912
:1058900086298629452145214521E3182C63E418F2
:1058A000C310C310C31049424942A731083A8E6B56
:1058B000CF73E318C310410841084108410861084B
:1058C0006108C3186529494ACB5A2C634D636D6B37
:1058D0008E6B6D6B6D6B6D6B6D6B6D6B6D6B6E6BE6
:1058E0008E6B8E6B8E6B8E6B8E6B8E6B8E6B8E6BF0
:1058F0008E6B8E738E738E736E6B6E6B6E6B6E6B48
:105900008E736E6B6E6B6E6B6E6B6E6B6E6B6D6BA8
:105910006D6B6D6B6E6B6E6B6E6B6E6B6D6B6D6BC3
:105920006D6B6D6B6D6B6D6B6D6B6D6B6D6B6D6BB7
:105930004D634D636D6B4D6B4D6B0C638A528631BD
:10594000A31061084108420841084008611081081D
:105950008A4A8B526629EC528B52AB52EC5A8A4AD5
:1059600029428A4A8A4ACB52CB5229426629AB52F3
:105970008A4AAA5245212521AB52EC5AEC5AEC5ADC
:10598000EC5AEC5ACB52EC5AEC5AE8396629E41836
:1059900087318E6B6A4A662909428A4ACB5229426C
:1059A000252145296629252145210521E4182421A1
:1059B00024214529A318E739E418C3186100694A6E
:1059C000073A073AE318A7314942083AE318A21008
:1059D000E631063A6008A631694A4942694A4942B5
:1059E0004942294208420842C739E739C7390842C3
:1059F00065292521862966298629A6314521242164
:105A00002421C310F39C0419E318C310C31031847C
:105A10008E6BEC5A0C5BAF73CF73D394C310AF7B18
:105A20004108610841084108610861086108821065
:105A3000A210452948420C5B4D634D636D6B6D6B45
:105A40006D6B6D6B6D6B6D6B8E6B8E6B8E6B8E6B12
:105A50008E6B6D6B6D6B6D6B6D6B6D6B6D6B6D6B65
:105A60006E6B6E6B6E6B6E6B6D6B6E6B6E6B6E6B6F
:105A70006E6B6E6B6E6B6D6B6D6B6D6B6E6B6E6B61
:105A80006D6B6E6B6D6B6D6B4D6B4D6B4D6B4D6BD5
:105A90004D6B6D6B6D6B4D632C632D630C5B8A528C
:105AA000E8394529A3106108610841084108400808
:105AB00040086108AA52718C928C8E738310CF7348
:105AC000AF730C5BCF733184C731107C728C5184FF
:105AD000AF738E6BCB522D632D630C634521252153
:105AE0008A4AEC5AEC5AEC5A0D638B520419662917
:105AF000C3100C5B0D63A731E8396A4ACC5AAB522C
:105B00008731052104212521252125212521052154
:105B1000E41804214521C310E31804194D6BA73183
:105B200004210319073AE739C631C210C6318A4A3F
:105B3000C731C731E318E631E6396529C210A6310D
:105B400049424942694A494249420842E8390842C1
:105B5000E739E739E7390842862925216629662988
:105B60008629A6316529452145212421E318C31042
:105B7000E318C310C3100419052146290419F8BD00
:105B80004100728CEC5A2942041925212000410859
:105B9000410861084108410841086108A210242118
:105BA000E7396A4AEB5A2D634D6B4D6B4D6B6D6B4C
:105BB0006D6B6D6B6D6B6D6B6D6B6D6B6D6B6D6B25
:105BC0006D6B6D6B6D6B6D6B6D6B6D6B6D6B6D6B15
:105BD0006D6B6D6B6D6B6D6B6D6B6D6B6D6B6D6B05
:105BE0006D6B6D6B6D6B6D6B6D6B6D6B4D6B4D6B35
:105BF0006D6B6D6B6D6B4D634D634D632C630C5B17
:105C0000AB52083A6529C31882106208410841085E
:105C100041084008400841086108A2108629083A56
:105C200049426A4A62088A4A8A4AAB52AB528A4A55
:105C3000EC5ACB528B526A4A4A4A6A4A8B520D63DB
:105C40008A4AAA52462925216A4AAB52A7314521E0
:105C5000452131848E6B8A4A0419A7310942EC5AD6
:105C60006A4A662925214529252125210421042167
:105C70000421E418252145290421CB5A518CEC5AE2
:105C8000E31804190419A73124214421073AE739FC
:105C90006429C310A631107CC731C731A210E63980
:105CA000E639A110C210A631484248424942494251
:105CB0004942494A284208420842E739E73908423E
:105CC00065292521662966298629A6316529452168
:105CD00045210419B3942421C310C310C310718C3F
:105CE000528CB7B5EC5AAF73AB528B522521E418E6
:105CF0004521A631E739452141086108410841089D
:105D000061082000410861086108A210E3186529B4
:105D1000494AAA52EB5A2C632C632C634D6B6D6B72
:105D20006D6B6D6B4D634D636D6B6D6B6D6B6D6B03
:105D30006D6B6D6B6D6B6D6B6D6B6D6B6D6B6D6BA3
:105D40006D6B6D6B6D6B6D6B6D6B6D6B6D6B4D6BB3
:105D50004D6B4D6B4D6B4D6B4D632D632C63EB5A4F
:105D6000AA524942C7314521E318820861086208F6
:105D700041084108400841084108400840084108DE
:105D8000C218821031842942AB524A4A82088A4A98
:105D9000CB52CB52CB52CB52CB522D63EC5ACC5A76
:105DA000AB52CB52AB52E4186A4A694A25214521CD
:105DB0002521E418294211842942C731C8392521F7
:105DC0006A4A6A4A452166296629452945292521C5
:105DD00005210419E4180421452945214E6BEF7B68
:105DE0006D6B494A86314521C73104196629252141
:105DF0004521E739E739E739C210C3104D63B29442
:105E0000C731E7398629E631E739C310C31086293F
:105E100049424942494249424942294208420842CC
:105E2000E739E739C73908426529252166296629F6
:105E30008629A63165292421452104196529C31025
:105E4000E318C310C310AF73C839AB52C310AB52C1
:105E50004521252125214521452182086E6B494A8E
:105E6000E318A21061086108610820004108410898
:105E700041084108410861088210A210C31804219A
:105E800086312842AA52EB5A2C632C632D632D6372
:105E90004D6B4D6B4D6B6D6B6D6B6D6B6D6B6D6BA2
:105EA0006D6B4D6B4D6B4D6B4D6B4D6B4D6B4D6B12
:105EB0004D6B4D6B6D6B4D6B2C632C630C63EB5A10
:105EC000AA522842C7314521C3108208820882089D
:105ED0004100610861084108410841084108610822
:105EE00061084008400861086108D39C528C928C7C
:105EF0000C5B8A4AC3104A4AAB52CB52AB52AB52EC
:105F0000AB526629AB528A4A49424942083A094291
:105F1000A731242145212521EC5A4629A731873173
:105F200045216A4AC7312521862965294521242131
:105F30002421042104210421E41845214529AA52E1
:105F400010842C630842A7392521E31866294629C5
:105F5000C41805214D6345210419C731C731C31049
:105F6000E418C3102842E739C73165292742E739C9
:105F7000E318C310C3106629494A694A494A494A85
:105F8000494A494A2842484A07420742E739E8391C
:105F900086312521652965296529A63166292421AF
:105FA00025210419CB52E318C310C310C310494272
:105FB0004A4AAF73E4182521C41846296629C73117
:105FC000494AEC5A5184494AC318E4188210694A74
:105FD0002000610861084108410841084108410862
:105FE000410841084108610861088210E318242132
:105FF0008631C7390842494A694AAA52CB5A0C63CA
:106000000C630C630C630C632C632C632C632C6398
:106010002C632C632D632C632C63EC5AEB5ACB520C
:10602000694A084286310421E318A2106208620816
:1060300062086108410841084108410841084108D7
:1060400061088210E318A631242161084108610823
:106050004108518C9294928CB38C528C66296A4A76
:106060006A4A8A4A6A4A6A4A6A4A25216A4A0C5B2B
:10607000CB52AB526A4A0942C739862925212521CC
:1060800045216A4AE839252145216629652945299E
:10609000242104210419E418041965294529A6318D
:1060A000CF7BAF738A5286314529E4204529E839F0
:1060B000E73908428A4A8B52CB52E4180419052169
:1060C00004194521C310C310C310C3106529694AC0
:1060D000E839C731E7392742A210C310C310452958
:1060E0004942494A484A494A2842494A494A284273
:1060F0000742E739E739E739863124214521652907
:106100006529A6316529252125210419107C452101
:10611000C3100419C3100C5B66290419A310452190
:10612000083A4942EC5A0C5B6E6B107C252186299B
:106130000419E41804216D6B04210421694A6110DB
:106140006210811062084108410841084108410875
:10615000410841086108410861086108610882102E
:1061600082108210A210C318E31804210421042114
:106170000321032103212421032103210421E41805
:10618000C310E418C310820862086108610861083E
:106190004108410841084108400841084108610898
:1061A00061086108A21004218631494ACB5A0C6368
:1061B000494A8210410861088208B294728C518465
:1061C000293A4942083A8B526A4A4942494249426D
:1061D0004A4AE8390D63928C728C4942E839E839B1
:1061E000462986310521041986296629A7314521CA
:1061F00004192521242104210421242124214521BD
:106200000842AF73CF7B294A8631662904210421D5
:10621000A739284A494A28422942EC5AC7314942FB
:10622000928C31844521041904192521E418C310E6
:10623000C310C3104942820865292842073A032146
:10624000A210C310C31045292942494A484A494A65
:10625000484A494A494A2842E741E739E739E73994
:10626000863124214521452165298629452125217D
:10627000252165298A4AE318C310E3188208C83922
:106280002521252125214521C310CC5A4D63F07BC2
:106290005184E4186A4ACC5AE418C310242131848A
:1062A00004212421494A95ADEF7B0B63E218410894
:1062B0004108410841084108410861084108410876
:1062C0004108410841084108410861084108410866
:1062D00061084108410061006108610861084208E5
:1062E000620862086100610861086208610861086B
:1062F0004108410841084108410841086108610816
:106300006108610861086108A21065292842AA5243
:10631000EB5A2C632C632C638A52042161086108B8
:10632000A210F39C728C728C2C5B294249426A4AFF
:10633000494229424942294229424942083AE83918
:10634000E839E839E839C839E839C7390419452145
:106350000419E418C73129428731E4182521662938
:10636000252986314D6BAE73EB5AE8418631042105
:10637000E4184529C7392842E739494AAB528A52BD
:10638000252193945184528C5184D394A731E839B8
:1063900004192521E418C310C310C31004192421C3
:1063A000494A684A4742A208C310C310C31045298E
:1063B000494A494A484A494A494A484A2842284299
:1063C0000742E739E739E741863124214521452154
:1063D0006529862965292421252145216629C3109F
:1063E00049428629A210462945214521052125211A
:1063F000A731AF73AF73083A45215184AF73CB52C5
:10640000C310E418041910842521C31855A530843D
:10641000AA52464A84316D6BA210C310C310C31830
:106420006108200041084008400840084008400832
:1064300040086108410841084108410861086108B5
:106440006108610861084108410841086108610864
:1064500061086108410841084108410841084108B4
:10646000611061108110A210C31804214529A631C2
:106470002842CB5A2C632C632C634D6B4D6B2C63E1
:10648000CB5A452961084108A3185184928CB38CDA
:10649000728CCB526A4A494A083A29422942094237
:1064A0000942C7318629E839E839E839E839E83955
:1064B000E839E3180521A731083A2521C310C31094
:1064C000C418E418083ACF7BCF7B8A52E739662993
:1064D000042125216631E839C73108426629083A86
:1064E000EC5A45214D63728C3184728C728C6E6BC8
:1064F0006A4A107C2521C73104190521E418C3100C
:10650000C310C31024218629894A484A4842C21030
:10651000A310A310C3104529494A494A484A484A8A
:10652000284A284208420842E739E739E739C7399B
:1065300086310419452165296529652965290419CC
:106540002521C310EB5AC310C310C310C310662912
:106550006629A731C7318E6BF07B107CC3104529AB
:10656000F07B728C51844D63E418E418A210494A00
:106570004521C318518CA6310329C75A4B73A6393C
:106580008310E41846295DEFAF7B82106208810812
:106590004108410841086108A210C318C3188210BD
:1065A000A210820861086108610861086108610839
:1065B00061084108610862086108610861086108B2
:1065C00082108210C31804214529C7390842694A3C
:1065D000AA52CB5AEB5A0C632C634D6B4D6B4D6B2F
:1065E0004D6B4D6B4D6B2C63EB5A8631821041081D
:1065F00062088A52728C728CF07B6A4A2942662940
:10660000E8390842294209420942083AC310A73131
:10661000C839E839E839C731C731C631C418E41878
:10662000C418C310C310C310C310E418E739A7314E
:10663000452104192521E839694A4A4A294A08426C
:10664000E83987318731F07B3184528C728C728CBF
:106650008F73AB528E6B4942EC5A8E6BAB5246290C
:1066600004194521E418C310C310C310E318A63160
:10667000894A694A8110E318A310A310C310452169
:106680002942484A284228422842284208420742D2
:106690000742E739E739C7398631041945216529A9
:1066A000652945214521C310EB5A4521E318C31044
:1066B000C310C310C31049424D636E6B8B52528C92
:1066C000C418E418F07BF07B8E6B728C0C5B6E6BE5
:1066D000E418C418E318B2942421A2104942D6BD8C
:1066E00094B5E641274A728CC3180521E83935A5CF
:1066F0008A4A6529A2108210610861084108A21027
:10670000C739AA528A524942E839A731652924215A
:1067100024212421242124212421252145216529E6
:106720008629A631C739083A494AAA52CB5A0C637E
:106730000C632C632C632C634D6B4D6B4D6B2C6386
:106740004D6B4D6B4D6B4D6B4D6B4D6B4D6B2C63B2
:106750002C630842A2104108820820003184528C28
:106760002D638A4A083AE418C739083AE839E83903
:10677000E839E8398731083AC731A731C731C7311D
:10678000E839A631C310C310C310C310A310A3105F
:10679000A310C31045214521A6312842C8398A5289
:1067A000EC5A49428A4AE839C839862966298E73E3
:1067B0006E6B8E6BE839F07B6E6B4E63AF73D07B84
:1067C000862905212521862925214629E418A2109C
:1067D000C310C310E318C310894A884AE318C310D2
:1067E000A310A310A21024210842284228420842E4
:1067F0000842284228420742E739E739C739C639F3
:1068000086312421652965292421C3108A4AA631AD
:1068100004192421107CE418C310A210E3188A4A3A
:10682000E418AF7351846E6B5184318411842D5BF5
:106830006E6B0942F07B2D63C418C3100419928C4F
:106840000421A310CA5ACE7B8529A5318A4A252165
:10685000A310C3102521CF73A631A6312842820888
:10686000410861086108C31828422C632C634C63FB
:106870004D632C632C630C5B0C5BEC5AEC5AEB5AAB
:10688000EC5A0C5B0C5B0C5B0C5B0C630C632C63B9
:106890002C632C634D6B4D6B4D6B4D6B4D6B4D6B8A
:1068A0004D6B4D6B4D6B4D6B4D6B4D6B4D6B4D6B28
:1068B0004D6B4D6B4D6B4D6B4D6B694AC318610849
:1068C0006208A310107CAF736A4AA731C839A310BD
:1068D000C839C839E839C839C839C731083AC83958
:1068E000C731C839C839C839E831A631C310C31017
:1068F000C310A310A310A310A210C3104521494236
:106900006A4A4942E839494229428B528E6BAF7339
:10691000AB5245218731CB52AB52CB524E6BAB526F
:106920003184EC5A04192521252145212521C7311F
:1069300024214521C310C310C310C3108629AA52B5
:10694000894A4942E318C310A210A210A3102421BF
:106950000842284228422842084208420842E741A9
:10696000E739E739C739C739662904192421652968
:106970004521294204190419E3180419A7312421D7
:10698000C310A210C3102C63528C728C928C728C28
:10699000528C31843184F07BA3109394928C107CC0
:1069A000E418A310E418F07BE3188210E8399294FD
:1069B000AF73AF73728CB39486298629A210C73146
:1069C0004521083A8629C310410861086108E31887
:1069D000494A2C636D6B6D6B4D634D634D634D6325
:1069E0006D6B6D6B6D6B4D634D634D634D634D63AF
:1069F0004D634D634D634D634D634D634D634D6B0F
:106A00004D6B4D6B4D6B4D6B4D6B4D6B4D6B6D6BA6
:106A10004D6B4D6B4D6B4D6B4D6B4D6B4D6B4D6BB6
:106A20002C63AB52442141086108C3185184EC5ACD
:106A30002942A731E8390419E839E839E839C83971
:106A4000C839C839E839C310A731C839C839C7317E
:106A5000C731A631C310A310A210A310A310A31016
:106A6000A210C3108629E8396A4A6A4A4942AF73BC
:106A7000AF733184107C11846E6B462986296E6B4E
:106A8000EC5AAF73728CA731252105210421E4183B
:106A90002521E4182521A63124212421C310C31067
:106AA000C310C3108629CB52694A4521E318C3108D
:106AB000A210A210A2102421084208422842284213
:106AC000084207420742E739E739C739C739C739AA
:106AD000452904190419AA52662904192521E41824
:106AE000041904194D630419C310A210C310AE7326
:106AF000528C728C928C728C728C728CF07B2D63A7
:106B0000528C5184928C107CC418A3100419EC5A36
:106B10002421C7391084928C728C518451848E6BDD
:106B2000452145212421E739E739A6316529652921
:106B3000610861086108E318494A2C636D6B6D6B4D
:106B40006D6B6D6B4D634D636D6B6D6B6D6B4D63FD
:106B50006D6B6D6B4D634D634D634D634D634D6365
:106B60004D634D634D634D6B4D6B4D6B4D6B4D6B7D
:106B70006C6B6D6B6D6B6D6B4D6B4D6B4D6B4C6BD7
:106B80004C6B4D6B4D6B4D6B4D632D63A6316108A6
:106B90006008A3102D636E6B0942C731E8392521C7
:106BA000E839E839C839C839C839C839C839C310CB
:106BB000A731A731A731C731C7318631C310C31000
:106BC000A210A210A210A210A31004190D63083A7B
:106BD0000D63CF73CF73107C107C5184CB52EC5279
:106BE000EC5A46296629CB52EC5A042186292521E4
:106BF00025210419252145210419E31804198629A2
:106C000045212521E318C310C310C310A6310C5B26
:106C10008A4AA6310419C310A310A310A21024217C
:106C2000284208420842084208420842E739C73968
:106C3000E739C639E739C739C318694AA731041992
:106C40000419452124210419E4182421AE732421B8
:106C5000C310A210E3188E6B728C728C728C928CA3
:106C6000CF738629149D728C728C728C728CF07B1F
:106C7000E418E41804196A4A65296108928C728C38
:106C8000528C51842942E839662986298208518428
:106C90008A4A45216529C7316208410861080421F3
:106CA0008A524D634D636D6B6D6B6D6B6D6B6D6B70
:106CB0006D6B6D6B6D6B6D6B6D6B6D6B6D6B4D633C
:106CC0004D634D634D634D634D634D634D634D6B3C
:106CD0004D6B4D6B4D6B4D6B6D6B6D6B6D6B6D6B74
:106CE0006D6B6D6B6D6B6D6B6D6B4D6B4D6B4D6B44
:106CF0004D6B6D6B28428210610882102421AF73A6
:106D000049424A4AE839C731E839C839C739E83908
:106D1000E839C739C7396629C731A731A731A73143
:106D2000A7318631A3108310831083108310A31022
:106D3000A310E4182D638E6BAF736E6B6E6B4942BC
:106D40002D636E6B2D630C5BAB5A6A522521252196
:106D500004210421E418662965296629C310A310BB
:106D6000C310E318A310E73924210419E318C31052
:106D7000C310A210CB52CB52E7398A4AA310A310FA
:106D8000A310A310A310C310083A083A07422742E1
:106D90002842E739C739C739A63908424529083A90
:106DA0008629E318E4182421041925212421E31855
:106DB0000419E418C731E418C310A310E318CF7303
:106DC0005184728C518451846E6B3184728C728CBC
:106DD000728C728C728CAF73C418E318E418E839A3
:106DE000B3943184728C728CF07BA731A7318629E1
:106DF0002521A631C310242124212521A631E31009
:106E00006108610882108631EB5A4D634D636D6BEA
:106E10006D6B6D6B6D6B6D6B6D6B6D6B6D6B6D6BB2
:106E20006D6B6D6B6D6B6D6B6D6B6D6B6D6B6D6BA2
:106E30006D6B6D6B6D6B6D6B6D6B6D6B4D6B4D6BD2
:106E40006D6B6D6B6D6B6D6B6D6B6D6B6D6B6D6B82
:106E50006D6B4D6B4D6B4D6B4D6B4D638A4AA21044
:106E6000610882100319AF73AB524A4A6A4AE83983
:106E7000C731C731C731C739C739C739C739C73132
:106E80004521A731A731A731A7318631C310A310FF
:106E90008310831083108310A310E418EC5A0C5B4A
:106EA000494229426E6B2D63EC5ACF7B8F73E839D0
:106EB000E4182521E41825210421863125214521C6
:106EC000E4180419242166298629E7394942A631A4
:106ED00025214521C310C310A210A310CB52CB52C1
:106EE000694A8A4AA310A310A310A310A310C310C9
:106EF000083A083A084208420842E739C739A63139
:106F00006529E318C7390419E41804192421041960
:106F1000041925212421E31804196629928C831071
:106F2000C310A210E318AF7331845184AF73728C15
:106F3000928C728C728C728C728C728C728CAF731D
:106F4000A310C310C310B3945184728C728C728CD2
:106F50006A4AE8396629662987318629652986299A
:106F6000862945210419E318620861088210C7398F
:106F70000C634D634D636D6B6D6B6D6B6D6B6D6B0A
:106F80006D6B6D6B6D6B6D6B6D6B6D6B6D6B6D6B41
:106F90006D6B6D6B6D6B6D6B6D6B6D6B6D6B6D6B31
:106FA0006D6B6D6B4D6B4D6B6D6B6D6B6D6B6D6B61
:106FB0006D6B6D6B6D6B6D6B6D6B4D6B4D6B4D6B71
:106FC0004D6B4D63AA52C318610882100419528C8C
:106FD000EC5AEC5AE839E8398631C731C739C73934
:106FE000C739C731C731A731A310873187318731FE
:106FF000A7318631C310A31082088208820883104B
:10700000A31005216629EC5A2D630C5B4D63AF7309
:10701000EB5A4521452104190421E3180419A6312E
:1070200004192521C3100419652986296529E73922
:10703000083A694AC731A63145214521E318C310F2
:10704000C310C310C731CB526A4AAB52C310C3102E
:10705000A310A310A310C310083A083A083A083A3C
:10706000083A073AC739A3106A4A45210419041996
:107070006529E31824214521252145212421E318F0
:10708000041924210419E318A310C310E31845219F
:10709000E839E418AF73107C728CB394B394B39452
:1070A0009394728C1184CB520419A3100419F49C8C
:1070B00031843184EC5AEC5AC7314521662966295E
:1070C000862966296629452165292421E318C310EC
:1070D00061086108A210E7392C634D634D636D6B45
:1070E0006D6B6D6B6D6B6D6B6D6B6D6B6D6B6D6BE0
:1070F0006D6B6D6B6D6B6D6B6D6B6D6B6D6B6D6BD0
:107100006D6B6D6B6D6B6D6B6D6B6D6B6D6B6D6BBF
:107110006D6B6D6B6D6B6D6B6D6B6D6B6D6B4D63D7
:107120004D634D6B4D6B4D6B4D6B4D63AB52C31847
:1071300061088210C210F07BCC5A6A4A083AC73103
:107140004529A731A731C731C731C731A731A73189
:107150000419662986298731A7298631C310A3100F
:107160008208820882088310C3100419CB52EC5A9B
:107170006E6BAF73C73125210419E318E318E418C7
:10718000E418E31824214521C31004194521862958
:10719000A731083AC731083AC731A2106A4A86298E
:1071A00045214521E318C310A310A310A6312C6379
:1071B00049428B52A310C310A310A310A310C310F5
:1071C000083A083A083A083A083AC631084204210F
:1071D0006208C310E839C7312421E318242145216E
:1071E000252145214521E31804192421A210A210CC
:1071F000A3108208E318E418E418A310A310C31026
:10720000E4180521252146294521E8398B52041926
:10721000E418A310620866292521252125210419D7
:1072200066298629662987318629452145214521F8
:10723000242124210419A20861086108A210E73959
:107240002C634D634D636D6B6D6B6D6B6D6B6D6B17
:107250006D6B6D6B6D6B6D6B6D6B6D6B6D6B6D6B6E
:107260006D6B6D6B6D6B6D6B6D6B6D6B6D6B6D6B5E
:107270006D6B6D6B6D6B6D6B6D6B6D6B6D6B6D6B4E
:107280004D634D636D6B4D634D634D6B4D6B4D6B3E
:107290004D6B4D63EB5AE418610882108208AB52C3
:1072A0006E6BCC5AC731A7310421C739A731C7311A
:1072B000C731C731A731A731A73166298629873160
:1072C000A7298631C31082088208820883108310A0
:1072D000A310C4188E6BE839052105210419E418A0
:1072E000C310041945214521C310C310E318E31846
:1072F0002421452186298629A731C731C731A731E5
:10730000E318E3188629284224214521E318C310F5
:10731000A310C3104521C731E8396A4AA310A3104E
:10732000A3108310A310A310083AE839083A2421C7
:1073300028420419C310E3180842A731C739C739D6
:107340002421E31804194521242145214521E3186E
:1073500004192421C310A210A310A210E318C31013
:10736000C310C310C310C310C310C31004198E6B15
:10737000483A2419C3102521A310A310A2104521B7
:107380000419242125210419452165298629652907
:1073900025214521652904190419C310E318820821
:1073A000410861088210C7390C634D634D636D6BF2
:1073B0006D6B6D6B6D6B6D6B6D6B6D6B6D6B6D6B0D
:1073C0006D6B6D6B6D6B6D6B6D6B6D6B6D6B6D6BFD
:1073D0006D6B6D6B6D6B6D6B6D6B6D6B6D6B6D6BED
:1073E0006D6B6D6B6D6B4D634D634D634D634D63A5
:1073F0004D634D634D6B4D6B4D6B4D630C5B452980
:1074000082108210A2100421AF732D63083A8631D6
:1074100083108731873187318731873187318731D1
:107420008631041986298629A7298631A310A3103D
:1074300082088208820883108310E4182521041929
:107440000421E418C3104521452124210419A21068
:10745000C310E318E318E3180419E4180419041915
:10746000041904192421041904190419041965299B
:1074700045214521C310A310A210C310C3104521FC
:1074800066292942C310A310A310A310A310A310B0
:10749000083AC731862986290421C318652908427C
:1074A000E739C739C739A6312521041925214521D6
:1074B000242165294521E41804192421E318A31087
:1074C000A310A210E318E31804190419452145215B
:1074D000252104193184EC5A2521A31025212421CA
:1074E000C310A310A210041904190419E318E31817
:1074F00004198629652925214521452125210419BD
:107500000419041925212000610841088210C73997
:107510000C634D634D636D6B6D6B6D6B6D6B6D6B64
:107520006D6B6D6B6D6B6D6B6D6B6D6B6D6B6D6B9B
:107530006D6B6D6B6D6B6D6B4D636D6B6D6B6D6BB3
:107540006D6B6D6B6D6B6D6B6D6B4D634D634D63F3
:107550004D634D634D634D634D634D634D634D63AB
:107560004D634D632C63863182108210A210031983
:10757000F07BF07B8A4AA731C3188731A731A73146
:10758000A731A73187318731A731E418A731862980
:1075900086298631C3108208820882088208A310D7
:1075A0008310A310E418E418E418452104192521D8
:1075B000C310C31004190419242104196529C73103
:1075C0008629A7314942AB52EC5A2D630D5B8A4A9A
:1075D0000419E3184942E73945210419A310A310FF
:1075E000C310C31066294D632942A7318208A31036
:1075F000A310A310A310A31087318B520419A3105A
:10760000E4180842C7390742E739A631A631863166
:107610000421041925214521242165294521E41847
:1076200004192421E318A310A310A210E318C31017
:10763000E318E318E4182421A310C8398A4A6629FC
:107640002521252145214521C310A310A210252164
:10765000252124212421E318E3186529452145210A
:1076600045216529E3180419041945210C5BA21072
:10767000410841088210C7390C634D634D636D6B3F
:107680006D6B6D6B6D6B6D6B6D6B6D6B6D6B6D6B3A
:107690006D6B6D6B6D6B6D6B6D6B4D636D6B6D6B52
:1076A0004D636D6B6D6B6D6B6D6B6D6B6D6B6D6B42
:1076B0006D6B4D634D634D634D634D634D634D6322
:1076C0004D634D634D634D634D632D634C63A63134
:1076D00082108210A2100419F07BF07B6E6BA73130
:1076E000E4188731A731A731A731A731A731A731D6
:1076F000A731A7318731862986298631A3108310C7
:107700008208820882088208A210A3102421452141
:1077100004210421E318E3182421242125216529CB
:10772000A6316529662966290942083A4942EC5A78
:107730000C5BAB52AB52CB5224212421A6318629BB
:107740002421E318C31083108310A310A7316E6B9C
:107750004942A731E418E318A310A310A210A31004
:10776000E3180419C318C739A631A631A739C73998
:10777000C739A631853185312521041925214521B7
:10778000242165294521E41804192521A310A310FB
:10779000A210C310C310C310E418C310452129421E
:1077A000C73145210419E41804190419E418E41830
:1077B000A310A210A3104521242125210419041986
:1077C00025214521452145216529C310242104197E
:1077D00065292C63CF73C31062084108A210C73912
:1077E0000C634D634D634D636D6B6D6B6D6B6D6BBA
:1077F0006D6B6D6B6D6B6D6B6D6B6D6B6D6B4D63F1
:107800004D634D634D634D634D634D634D634D63F8
:107810004D634D634D634D634D634D634D634D63E8
:107820004D634D634D636D6B4D634D634D634D63B0
:107830004D634D632C63C7398210610882100319B0
:10784000D073F07BF07B294225218731A731A73106
:10785000A731A731A731A731873186296629662943
:1078600086298631A310820882088208820882084D
:10787000A210A2102421E318C31004194521652980
:1078800065298629A631652924212521C83949423F
:10789000AF730C5BEC5AAB528B52CB52AB52AE7304
:1078A00024214521041924210419E418A21083106D
:1078B0008310A310E839D07B49428629C310A21057
:1078C000A210C310C310C310C310E318A631A73110
:1078D000A631C639C639A639A639A63986318631C8
:1078E000242104194521452124214521452104193C
:1078F00024212421A310A310A210C310C310C41864
:107900008208A310C839EC5A0419C310A310A3109D
:10791000C310C310E318A210A210A2108208A21074
:107920008208A310E41825212521252125214521A0
:10793000A210E318E41825210942F07B6A4AE418F2
:1079400061084108A210E7390C634D634D634D6334
:107950004D634D636D6B6D6B6D6B6D6B6D6B6D6BB7
:107960006D6B6D6B4D634D634D634D634D634D6347
:107970004D634D634D634D634D634D634D634D6387
:107980004D634D634D636D6B4D634D634D634D634F
:107990004D634D634D634D634D634D632C632842CE
:1079A000C2188210A210C210CF73F07BD07B2D635F
:1079B000662986298731A731A731873187318731F9
:1079C00087314629C418662966296529A3108208CB
:1079D0008208820882088208A210A210A31004194B
:1079E000041904192521452165298629A631C731A5
:1079F000C73165296629C7312942294229422942CE
:107A00008A4A107C2942A631252124212521E31808
:107A1000C310C310A21083108310A3108629C310B3
:107A200045214521A310A210A2108208A210C31064
:107A3000C310C739C739A731A631A631A631853160
:107A4000863186318631863124210419452145212C
:107A5000242145212521041924212421A310A31028
:107A6000A210C310C310C310C3106E6BCB52041905
:107A700062088208A310A310C31024218A4A494235
:107A8000E318A210A210E3180419041924212521D7
:107A900025212521452182080419E4182421C73114
:107AA000AF73AB526A4AA30882104108A210084281
:107AB0000C634D634D634D634D634D634D634D6387
:107AC0004D634D634D634D634D634D634D634D6336
:107AD0004D634D634D634D634D634D634D634D6326
:107AE0004D634D634D634D634D634D634D634D6316
:107AF0004D634D634D634D634D634D634D634D6306
:107B00004D632D632C63494AC2188210A210C21023
:107B1000CF73F07BD07BCF73C8396629862986293D
:107B2000862987318731873186296629252166296B
:107B300066296529C310A210820882088208A21053
:107B40008208A210E318C310C310E318E318E41866
:107B5000E318041904190419E418E418E4180419C2
:107B6000252166290942F07BEC5A8629A73165292F
:107B700045212421E318C310C310A310A2108208CA
:107B80008208A310E418A310E839A310C418C31086
:107B900082088208A2108210084208420842C739AF
:107BA000A63185318531652945294529452965292C
:107BB0000421242145214521252165290419041981
:107BC00025212521A310A310A310A310A310A310F7
:107BD000CC5A29420419A31082088208831083100A
:107BE00066296E6BEC5A0942C310A310C3102521FD
:107BF000452124212421242125212521E3180419AC
:107C0000041904192421EC5A2D63EC5AE418820853
:107C100061084108C31828422C634D634D634D63CE
:107C20004D634D634D634D634D634D634D634D63D4
:107C30004D634D634D634D634D634D634D634D63C4
:107C40004D634D634D634D634D634D634D634D63B4
:107C50004D634D634D634D634D634D634D634D63A4
:107C60004D634D634D634D634D634D632D63484AD2
:107C7000C21082108210C210CF73F07BF07BCF73E2
:107C8000EC52873186296629662986298629862924
:107C9000662986298629662986296529C3108208CE
:107CA0008208820882088208A210C3104521662932
:107CB0008629652924212421242104194521041918
:107CC0004521C7312942083A0C5BAF73AB52862974
:107CD000083A252145210419041904190419862993
:107CE0000419C310C310820882088310452182083A
:107CF0004521E418A310A210820882088208A3106C
:107D00006629863186318631A63186316529442936
:107D100045294429242944290521041925214521DF
:107D20004521A2100C5B0521252125210419A31052
:107D3000A3108208A3108629C73125218208A31029
:107D40008210A210E318E418083A4D636A4A8629A3
:107D5000A310C310E318662945210419041924212E
:107D60002421C31024212421041904196529AB52AC
:107D70002D6386298A4A820882106108E318694ABD
:107D80002C634D634D634D634D634D634D634D6394
:107D90004D634D634D634D634D634D634D634D6363
:107DA0004D634D634D634D634D634D634D634D6353
:107DB0004D634D634D634D634D634D634D634D6343
:107DC0004D634D634D634D634D634D634D634D6333
:107DD0002D632D632C63494AE3188110A210E31828
:107DE000CF73D07BD07BCF6B6D63662986316629DC
:107DF000662966296629662966296629662966290B
:107E000066296529E318A210820882088208820880
:107E10008208C3104521C731083A694A8A4AAA52E2
:107E2000CB528B4A6A4A2942083AC731AB52F07B9F
:107E30002942862949424521452105210419041971
:107E40002421694ACB5265292521E418C3108208F0
:107E500082088310E4188208C310A31083108208DC
:107E6000820882088208A2106629A6318631A631CE
:107E70006529452945294529452944292429442995
:107E8000C318C3104521652945214D63EB5A0521CF
:107E9000252125214D63A310A310C310A31004199D
:107EA000C310831083108208E3184529C7394A4A52
:107EB0006A4A6A4AE8392521A310E31824212421BB
:107EC0002421041904192421C31024212421041974
:107ED0000419E3182421CB52EC5AC731EC5AA310F1
:107EE0008210610804218A522C634D634D634D63F7
:107EF0004D634D634D634D634D634D634D634D6302
:107F00004D634D634D634D634D634D634D634D63F1
:107F10004D634D634D634D634D634D634D634D63E1
:107F20004D634D634D634D634D634D634D634D63D1
:107F30004D634D634D634D632D632D632C63494A3F
:107F4000E318811082100319CF73D07BD07BCF73DD
:107F50008E6B662986316629662966296629662917
:107F6000662966296629C41866296529C31082080E
:107F700082088208820882088208C310A731494219
:107F80008A4AAB52AB52CB526A4A6A4AAB52494216
:107F90008E6B4D63CB52A731083A2521452125210F
:107FA00004190521041929420D63EC5AAE734521C9
:107FB00024210419C31083108310831083108310AD
:107FC000A310E83982088208820882088208821099
:107FD00065296529863185296529863165294429E0
:107FE0004429242144294429A310A31045214521D3
:107FF0004629AB5266290521252105212D63E41868
:10800000A3106208C31004198208A310A31005214D
:108010006629CB528F7329424942C8394521C31082
:10802000A73145210419E418242124212421C31057
:10803000242124210419E3180419E4182421AB5243
:10804000C3106A4A0942A308610861084529AA5277
:108050002C634D634D634D634D634D634D634D63C1
:108060004D634D634D634D634D634D634D636D6B68
:108070004D634D634D634D634D634D634D634D6380
:108080004D634D634D634D634D634D634D634D6370
:108090004D634D634D634D634D634D634D634D6360
:1080A0002D632C632C63494AE31881108210031955
:1080B000CF73CF73CF73CF738E6B66296629662912
:1080C0006629662966296629662966296629A31014
:1080D00046294529C310A210820882088208820816
:1080E0008208A310C8398B52AB52AB522942AB5213
:1080F000EC5AAB52AF734D63E839494287314521A1
:108100002521E418041905212521AB52AB522D6B12
:108110008F7329424521862904190419C31083103D
:10812000831083108310C31004190419831082086C
:1081300082088208A210A2106529863145212421D7
:108140000421242166294529C31865292421E4181E
:10815000E3180419452145214521E418452125212D
:108160002521E418C31083102421A631C310A310C5
:10817000A210A210E318694A494293942D63452145
:10818000862966298629C731A631E31804190419FE
:1081900024212521E31845210419E41804190419A0
:1081A000E418E418A731E4184942EC5AAB528208AB
:1081B000821061084529AA524D634D634D634D639A
:1081C0004D634D636D6B6D6B6D6B6D6B6D6B4D6367
:1081D0004D634D634D634D634D634D634D634D631F
:1081E0004D634D634D634D634D634D634D634D630F
:1081F0004D634D634D634D634D634D634D634D63FF
:108200004D634D632D632D632D630D630C5B494AF4
:10821000E318A2108210C3188F73D073CF73CF737B
:108220006E634521662966294521652965296529E9
:10823000652965294521452166296529C310A210B4
:1082400082088208820882088208A310C731AB52D4
:108250006A4ACB520C5BCB52F07B4D6349424A4A8F
:10826000A73145210419E418C310C41825218A4AEE
:10827000CB520C5B4E6B6A4A04210419041966291F
:1082800004190419C310831083108310A310041958
:108290006629C7318208820882088208A210A210CB
:1082A000C731E318821004210421C318CB5A863148
:1082B000C3184942494A8629E318E4186529662902
:1082C0002521083A8E6B46296629C41845210419D0
:1082D0006108E318A210C310E41824210C5BA73135
:1082E0006E6BCB5AC739C3106629C731C731C73146
:1082F00004190419041904192421C3102421041990
:10830000E318E41804190419E418E41805212942B3
:10831000E839083A494282088210610824218A52C9
:108320004D634D634D634D634D634D634D634D63CD
:108330004D634D634D634D634D634D634D634D63BD
:108340004D634D634D634D634D634D634D634D63AD
:108350004D634D634D634D634D634D634D634D639D
:108360004D634D634D634D634D634D632C632C63CF
:108370002D632D632C63694A042182108210C31877
:108380008E6BCF73AF6BAF6B8E6B05216629662941
:1083900045216529652965296529652945216529BD
:1083A00045214529C3108208820882088208820874
:1083B0008208A310862949428A4A8A4A8E6B0C5B3E
:1083C00049426A4AE839452125210419C418C310D5
:1083D000E4182942494AAB52CB52AB524521042101
:1083E000C310C310E418652904192421A2108208BF
:1083F00082088208C31066298629A7318310820863
:10840000820882088208A210E3180419C310A2107F
:10841000A310E318AA520419C310E3184D63E739F7
:10842000E31804198629452145214D632D636629EA
:108430002521C310083AC310A210A210A210462989
:10844000083AD49C6A4A0521CB52494286296629BA
:108450006629E839A631E41824212421041945218C
:10846000A21024210419E418E418E418E4180419EB
:108470000419A731083ACB528B52CB526A4AC31027
:10848000610861080421694A2D634D634D634D63A2
:108490004D634D634D634D634D634D634D634D635C
:1084A0004D634D634D634D634D634D634D634D634C
:1084B0004D634D634D634D634D634D634D634D633C
:1084C0004D634D634D634D634D634D634D634D632C
:1084D0004D632D632C632C632D632D632C638A52B3
:1084E000242182108210C3188E6BAF73AF73AF6BF1
:1084F0008E6B25216629662946294521652965292E
:108500006529652965294521C3186529C310820895
:1085100082088208820882088208C3102521C8398F
:108520004D632D6329428A4AC731662925210421DA
:10853000E418E418C318E41825216631E8414D63B6
:1085400046290521C310C310A310A310E3188629E0
:1085500004190419C310831083108310C310C310AF
:1085600004190942A310820882088208820882083E
:1085700066292842C310E318E318A3104D63452170
:108580006E6B452182084A4AC31004198629873137
:1085900046290C5B87316629A3106A4AC418A310C8
:1085A00082088208A210083ABBD60C5B87298B4A46
:1085B000083A86298629C731E739E8390419242180
:1085C000242124214521A31004190419E418E318D7
:1085D000E318E318E418E41825214521083A0C5B58
:1085E000CF736E6BAB52A310610861080421694A16
:1085F0002D634D634D634D634D634D634D634D631B
:108600004D634D634D634D634D634D634D634D63EA
:108610004D634D634D634D634D634D634D634D63DA
:108620004D634D634D634D634D634D634D634D63CA
:108630004D634D634D634D634D634D634D634D63BA
:108640002D630D630B5B8A52242182106108042183
:108650006E6BAF738F6BAF6B8E6B4629863166295D
:108660004629452145216529452165296529452159
:1086700004192421C3108208820882088208820813
:108680008208C4186A4AAB524942494266294521C8
:108690002521E418041905216629E83929424942AF
:1086A000AB52CB5245212521C310A310A310A21019
:1086B00082080419C731862904190419C3108208D5
:1086C00082088208E418C73149426A4AA310820826
:1086D000820882088208C3106A4A2842E318A2105E
:1086E000A310662929424D632D63AB52C310A3101A
:1086F000E31804198629A731C3102521A73186293B
:108700000419E418A210820882088208A2108B5271
:10871000AF738A4A0419C73166290419A731C731D2
:10872000C73124212421242124212521C310041907
:1087300004190419E418E318C310E318E4182521F8
:10874000052145218629AB520D63EC5A8A4AA310B4
:10875000610861080421694A2D634D634D634D63CF
:108760004D634D634D634D634D634D634D634D6389
:108770004D634D634D634D634D634D634D634D6379
:108780004D634D634D634D634D634D634D634D6369
:108790004D634D634D634D634D634D634D634D6359
:1087A0004D632C632C632C632D632D630C5B8A5209
:1087B000452982108210E3186E6BAF6BAF6B8F6B25
:1087C0006E6386318629662946294521452165291A
:1087D000652965296529452125212521C3108208A0
:1087E0006208410820000000A210A310494249423B
:1087F000862966290419E418E41825214521494AE7
:108800006A4A8B520C63EC5A66290521A310A21008
:10881000A210A210A210C310E418A210E318662937
:108820000419E418C310820862088208E418E839C1
:108830004942694AA2108208820882088208C3104D
:108840008A4ACB52E318A310C3108A4A04198A4AF1
:10885000AB5245216629A310C4180419A731A310EF
:10886000C3108629A731E31804190419C310C310D3
:10887000A2108208A210C7318A4A652924216529DD
:10888000E318294265298629242104192421242159
:108890002421C3102421041904190419E418E3182D
:1088A000E418E3182521831046294521C7312942C0
:1088B000EC5AEC5A0942A31061086108E318694AAE
:1088C0000D634D634D634D634D634D634D634D6368
:1088D0004D634D634D634D634D634D634D634D6318
:1088E0004D634D634D634D634D634D634D634D6308
:1088F0004D634D634D634D634D634D634D634D63F8
:108900004D634D632D632D632D632C632C632C63AA
:108910002D632D632C63AA524529821082100419FD
:108920006E6B8F6BAF6B6E6B4D63A73166296529DC
:10893000452145214521452165296529652945218F
:108940000419E318C3108208000000006108B29403
:1089500021008210662945212421041904190419D3
:1089600046296A4A8B528A4A0C5B2D6309422521AB
:10897000C418A310A310A210A310A310E318C310CF
:10898000A210A310E31886292421E418C31082083A
:108990008208820824212842083AE318C31082087A
:1089A000620882088208C310AA526E6BC310A2101C
:1089B000C310EC5A04198629494287316E6B0C5B4F
:1089C00005212521A7310521A2108629A210E3182F
:1089D00004190419C731C3108208A210A210041987
:1089E000694AC3102521A210E839E73986292421D4
:1089F0002421242124212521C31024210419041910
:108A0000041904190419E418E31824218208252103
:108A10006629A731C731294229428A4AE8396210BA
:108A2000610861080421694A0D634D634D634D631C
:108A30004D634D634D634D634D634D634D634D63B6
:108A40004D634D634D634D634D634D634D634D63A6
:108A50004D634D634D634D634D634D634D634D6396
:108A60004D634D634D634D632C632C632C632C630A
:108A70002C632C632D632D630D632D630C63AA524D
:108A800045298210821024196E6B8F6B8F6B6E6379
:108A90004D63A731462945214521452145216529B9
:108AA00065296529652945210421E418C310820838
:108AB0004100A210A21041080000A2100419E418FD
:108AC000E418E4184521083AAB52AB52CC5A0C5B7F
:108AD000E8392521E418A310C310A310A310A31094
:108AE000E3180419A310C310E318E3182421A631D6
:108AF0002421E418C3108208820882080419A631D0
:108B0000E418C31082088208620882088208E31809
:108B10004D638A4AE318A210A210A7318629E839CA
:108B2000A7318E6B6E6BCC5A4629E418A731C41856
:108B3000E739E318C31004192421452196AD2421F7
:108B4000A210A210A21024210419E318E318A631E0
:108B5000AA526A4A24212421242124212421C31039
:108B60002421E31804190419041904190419041917
:108B700024212421452186298629A731C731083A95
:108B80002942E839E839621061086108E318694A46
:108B90000C5B4D634D634D634D634D634D634D639E
:108BA0004D634D634D634D634D634D634D634D6345
:108BB0004D634D634D634D634D634D634D634D6335
:108BC0004D634D634D634D634D634D634D634D6325
:108BD0002C632C632C632C632C632C632C632C631D
:108BE0000D632D5B0C63AA52452982108210041973
:108BF0004E6B6E6B6E6B6E632D5BA731252145212D
:108C00004521452145216529652965296529452194
:108C100024212421C310820820000421000075AD06
:108C20004108A210E418E4180419C7318B528B5282
:108C3000CB520C5BCB524521C418A3108310831078
:108C40008629A310A210A210C310E418C310E318C1
:108C5000041945218629A6310419E318C310820896
:108C600082088208C310C310E318E739C3108208D2
:108C700082088208820804192C632C63C310A21096
:108C80008208E4188629CB526E6B4D63CB52294281
:108C900025214529E418C731E318A210C310452146
:108CA0002521452151846629A31083108310E318E0
:108CB000A310C310A631083A862924212421242197
:108CC00024210419E3180419E418041904190419D7
:108CD000452125212421452186294521662966290A
:108CE0008731A731A731E8394942083AC7318210A4
:108CF00061084108E318694A0C632C632C632C63F8
:108D00002C632C634C634C634D634D634D634D6327
:108D10004D634D634D632D632D632D632D632D6373
:108D20002D632D632D632D632D632D632D632D63C3
:108D30002C632C632C632C632C632C632C632C63BB
:108D40000C5B2C632C630C5B2D630C5B0B5B694A27
:108D500004216108821003196E6B6E6B6E6B6E6B73
:108D60000C5BA731E41845214521452145216529A2
:108D7000652965296529452125214521C2108108DC
:108D8000C21020004008000082086208E418A731E1
:108D900029426A4ACB520C5B09424521E418A310D0
:108DA00082108210A210C310C310C310A210A20818
:108DB000E3100319E31003196521E31086298629BE
:108DC0000419E318C210810882088208E3102421E4
:108DD0004521E739C3108110820882088108E41810
:108DE000CB524942C210A2108108C3104D630C5BE4
:108DF0006A4A4A4A662925214529C739252125215C
:108E0000E41866296A4A8B5205214521CB52C310CA
:108E10008208A2108208C310C318C731A631C73117
:108E200024192419041924190421A3102421041934
:108E30000419042103192421A631652965218531EE
:108E40002521E8398629862987318629A731C73126
:108E5000083AE839293A821061084108E318694A5A
:108E60000C632C632C632C632C5B2C5B4C634C637A
:108E70002D634D632C632D632D632D632D634D6333
:108E80004D634C632C632C632C632C632C632C5B31
:108E90002C5B2C5B2C5B2C5B2C5B2C5B2C5B2C5B9A
:108EA0002D5B2D5B2C5B2C632C5B2C5B2C5B2C5B80
:108EB0000C5B0C5B0B5B494AE318821061080421D0
:108EC0004E636E6B4D632D63AB52A739C418662198
:108ED00045214521452165216621662166216521BF
:108EE00045214529C31882104208420862088208B9
:108EF0008208A310E4182521C731AB52494225212D
:108F0000E418C318A3108208A210A310C310A31062
:108F1000A3108210A210C318C318C318C418C41811
:108F2000C3182521A73165290419E418C310820844
:108F300083088308C3100419A3108629E41882103B
:108F4000621062106208A31029428629A2108208CA
:108F500004194521CB526A4AE83945214529252182
:108F6000E839E418E418A731E418E8399ACE0D631B
:108F700046294529E841A31882088208820845212C
:108F80000842A73186310421242104210421E42050
:108F9000C3180421E418041924210421E420052124
:108FA000C739C83987310421083AC8398731873130
:108FB0008731A731C731E839E839E839E839821013
:108FC000610841080421694A0C632C632C632C63FB
:108FD0002C632C630D630D630D632C630C630D63B5
:108FE0000D630D630D632C632C630D630C630C63C5
:108FF0000C630C630C630C630C630C630C630C63F9
:109000000C632C632C630C630D630D630C630C63A6
:109010000C630C630C630C63EC620C63EB5A084248
:10902000E3188210610845292D636E6B4D632D6333
:109030008A4AA739C3184629452945294629462978
:10904000462946294629462945214529B400B40028
:10905000DC980308B400B400FC950408000000008C
:109060000000000000000000000000000000000000
:1090700000000000000000000000000000000000F0
:1090800000000000000000000000000000000000E0
:1090900000000000000000000000000000000000D0
:1090A00000000000000000000000000000000000C0
:1090B00000000000000000000000000000000000B0
:1090C00000000000000000000000000000000000A0
:1090D0000000000000000000000000000000000090
:1090E0000000000000000000000000000000000080
:1090F0000000000000000000000000000000000070
:10910000000000000000000000000000000000005F
:10911000000000000000000000000000000000004F
:10912000000000000000000000000000000000003F
:10913000000000000000000000000000000000002F
:10914000000000000000000000000000000000001F
:10915000000000000000000000000000000000000F
:1091600000000000000000000000000000000000FF
:1091700000000000000000000000000000000000EF
:1091800000000000000000000000000000000000DF
:1091900000000000000000000000000000000000CF
:1091A00000000000000000000000000000000000BF
:1091B00000000000000000000000000000000000AF
:1091C000000000000000000000000000000000009F
:1091D000000000000000000000000000000000008F
:1091E000000000000000000000000000000000007F
:1091F000000000000000000000000000000000006F
:10920000000000000000000000000000000000005E
:10921000000000000000000000000000000000004E
:10922000000000000000000000000000000000003E
:10923000000000000000000000000000000000002E
:10924000000000000000000000000000000000001E
:10925000000000000000000000000000000000000E
:1092600000000000000000000000000000000000FE
:1092700000000000000000000000000000000000EE
:1092800000000000000000000000000000000000DE
:1092900000000000000000000000000000000000CE
:1092A00000000000000000000000000000000000BE
:1092B00000000000000000000000000000000000AE
:1092C000000000000000000000000000000000009E
:1092D000000000000000000000000000000000008E
:1092E000000000000000000000000000000000007E
:1092F000000000000000000000000000000000006E
:10930000000000000000000000000000000000005D
:10931000000000000000000000000000000000004D
:10932000000000000000000000000000000000003D
:10933000000000000000000000000000000000002D
:10934000000000000000000000000000000000001D
:10935000000000000000000000000000000000000D
:1093600000000000000000000000000000000000FD
:1093700000000000000000000000000000000000ED
:1093800000000000000000000000000000000000DD
:1093900000000000000000000000000000000000CD
:1093A00000000000000000000000000000000000BD
:1093B00000000000000000000000000000000000AD
:1093C000000000000000000000000000000000009D
:1093D000000000000000000000000000000000008D
:1093E000000000000000000000000000000000007D
:1093F000000000000000000000000000000000006D
:10940000000000000000000000000000000000005C
:10941000000000000000000000000000000000004C
:10942000000000000000000000000000000000003C
:10943000000000000000000000000000000000002C
:10944000000000000000000000000000000000001C
:10945000000000000000000000000000000000000C
:1094600000000000000000000000000000000000FC
:1094700000000000000000000000000000000000EC
:1094800000000000000000000000000000000000DC
:1094900000000000000000000000000000000000CC
:1094A00000000000000000000000000000000000BC
:1094B00000000000000000000000000000000000AC
:1094C000000000000000000000000000000000009C
:1094D000000000000000000000000000000000008C
:1094E000000000000000000000000000000000007C
:1094F000000000000000000000000000000000006C
:10950000000000000000000000000000000000005B
:10951000000000000000000000000000000000004B
:10952000000000000000000000000000000000003B
:10953000000000000000000000000000000000002B
:10954000000000000000000000000000000000001B
:10955000000000000000000000000000000000000B
:1095600000000000000000000000000000000000FB
:1095700000000000000000000000000000000000EB
:1095800000000000000000000000000000000000DB
:1095900000000000000000000000000000000000CB
:1095A00000000000000000000000000000000000BB
:1095B00000000000000000000000000000000000AB
:1095C000000000000000000000000000000000009B
:1095D000000000000000000000000000000000008B
:1095E000000000000000000000000000000000007B
:1095F000000000000000000000000000000000006B
:10960000000000000000000000000000000000005A
:10961000000000000000000000000000000000004A
:10962000000000000000000000000000000000003A
:10963000000000000000000000000000000000002A
:10964000000000000000000000000000000000001A
:10965000000000000000000000000000000000000A
:1096600000000000000000000000000000000000FA
:1096700000000000000000000000000000000000EA
:1096800000000000000000000000000000000000DA
:1096900000000000000000000000000000000000CA
:1096A00000000000000000000000000000000000BA
:1096B00000000000000000000000000000000000AA
:1096C000000000000000000000000000000000009A
:1096D000000000000000000000000000000000008A
:1096E000000000000000000000000000000000007A
:1096F000000000000000000000000000000000006A
:109700000000000000000000000000000000000059
:109710000000000000000000000000000000000049
:109720000000000000000000000000000000000039
:109730000000000000000000000000000000000029
:109740000000000000000000000000000000000019
:109750000000000000000000000000000000000009
:1097600000000000000000000000000000000000F9
:1097700000000000000000000000000000000000E9
:1097800000000000000000000000000000000000D9
:1097900000000000000000000000000000000000C9
:1097A00000000000000000000000000000000000B9
:1097B00000000000000000000000000000000000A9
:1097C0000000000000000000000000000000000099
:1097D0000000000000000000000000000000000089
:1097E0000000000000000000000000000000000079
:1097F0000000000000000000000000000000000069
:109800000000000000000000000000000000000058
:109810000000000000000000000000000000000048
:109820000000000000000000000000000000000038
:109830000000000000000000000000000000000028
:109840000000000000000000000000000000000018
:109850000000000000000000000000000000000008
:1098600000000000000000000000000000000000F8
:1098700000000000000000000000000000000000E8
:1098800000000000000000000000000000000000D8
:1098900000000000000000000000000000000000C8
:1098A00000000000000000000000000000000000B8
:1098B00000000000000000000000000000000000A8
:1098C0000000000000000000000000000000000098
:1098D0000000000000000000000000000000000088
:1098E0000000000000000000000000000000000078
:1098F0000000000000000000000000000000000068
:109900000000000000000000000000000000000057
:109910000000000000000000000000000000000047
:109920000000000000000000000000000000000037
:109930000000000000000000000000000000000027
:109940000000000000000000000000000000000017
:109950000000000000000000000000000000000007
:1099600000000000000000000000000000000000F7
:1099700000000000000000000000000000000000E7
:1099800000000000000000000000000000000000D7
:1099900000000000000000000000000000000000C7
:1099A00000000000000000000000000000000000B7
:1099B00000000000000000000000000000000000A7
:1099C0000000000000000000000000000000000097
:1099D0000000000000000000000000000000000087
:1099E0000000000000000000000000000000000077
:1099F0000000000000000000000000000000000067
:109A00000000000000000000000000000000000056
:109A10000000000000000000000000000000000046
:109A20000000000000000000000000000000000036
:109A30000000000000000000000000000000000026
:109A40000000000000000000000000000000000016
:109A50000000000000000000000000000000000006
:109A600000000000000000000000000000000000F6
:109A700000000000000000000000000000000000E6
:109A800000000000000000000000000000000000D6
:109A900000000000000000000000000000000000C6
:109AA00000000000000000000000000000000000B6
:109AB00000000000000000000000000000000000A6
:109AC0000000000000000000000000000000000096
:109AD0000000000000000000000000000000000086
:109AE0000000000000000000000000000000000076
:109AF0000000000000000000000000000000000066
:109B00000000000000000000000000000000000055
:109B10000000000000000000000000000000000045
:109B20000000000000000000000000000000000035
:109B30000000000000000000000000000000000025
:109B40000000000000000000000000000000000015
:109B50000000000000000000000000000000000005
:109B600000000000000000000000000000000000F5
:109B700000000000000000000000000000000000E5
:109B800000000000000000000000000000000000D5
:109B900000000000000000000000000000000000C5
:109BA00000000000000000000000000000000000B5
:109BB00000000000000000000000000000000000A5
:109BC0000000000000000000000000000000000095
:109BD0000000000000000000000000000000000085
:109BE0000000000000000000000000000000000075
:109BF0000000000000000000000000000000000065
:109C00000000000000000000000000000000000054
:109C10000000000000000000000000000000000044
:109C20000000000000000000000000000000000034
:109C30000000000000000000000000000000000024
:109C40000000000000000000000000000000000014
:109C50000000000000000000000000000000000004
:109C600000000000000000000000000000000000F4
:109C700000000000000000000000000000000000E4
:109C800000000000000000000000000000000000D4
:109C900000000000000000000000000000000000C4
:109CA00000000000000000000000000000000000B4
:109CB00000000000000000000000000000000000A4
:109CC0000000000000000000000000000000000094
:109CD0000000000000000000000000000000000084
:109CE0000000000000000000000000000000000074
:109CF0000000000000000000000000000000000064
:109D00000000000000000000000000000000000053
:109D10000000000000000000000000000000000043
:109D20000000000000000000000000000000000033
:109D30000000000000000000000000000000000023
:109D40000000000000000000000000000000000013
:109D50000000000000000000000000000000000003
:109D600000000000000000000000000000000000F3
:109D700000000000000000000000000000000000E3
:109D800000000000000000000000000000000000D3
:109D900000000000000000000000000000000000C3
:109DA00000000000000000000000000000000000B3
:109DB00000000000000000000000000000000000A3
:109DC0000000000000000000000000000000000093
:109DD0000000000000000000000000000000000083
:109DE0000000000000000000000000000000000073
:109DF0000000000000000000000000000000000063
:109E00000000000000000000000000000000000052
:109E10000000000000000000000000000000000042
:109E20000000000000000000000000000000000032
:109E30000000000000000000000000000000000022
:109E40000000000000000000000000000000000012
:109E50000000000000000000000000000000000002
:109E600000000000000000000000000000000000F2
:109E700000000000000000000000000000000000E2
:109E800000000000000000000000000000000000D2
:109E900000000000000000000000000000000000C2
:109EA00000000000000000000000000000000000B2
:109EB00000000000000000000000000000000000A2
:109EC0000000000000000000000000000000000092
:109ED0000000000000000000000000000000000082
:109EE0000000000000000000000000000000000072
:109EF0000000000000000000000000000000000062
:109F00000000000000000000000000000000000051
:109F10000000000000000000000000000000000041
:109F20000000000000000000000000000000000031
:109F30000000000000000000000000000000000021
:109F40000000000000000000000000000000000011
:109F50000000000000000000000000000000000001
:109F600000000000000000000000000000000000F1
:109F700000000000000000000000000000000000E1
:109F800000000000000000000000000000000000D1
:109F900000000000000000000000000000000000C1
:109FA00000000000000000000000000000000000B1
:109FB00000000000000000000000000000000000A1
:109FC0000000000000000000000000000000000091
:109FD0000000000000000000000000000000000081
:109FE0000000000000000000000000000000000071
:109FF0000000000000000000000000000000000061
:10A000000000000000000000000000000000000050
:10A010000000000000000000000000000000000040
:10A020000000000000000000000000000000000030
:10A030000000000000000000000000000000000020
:10A040000000000000000000000000000000000010
:10A050000000000000000000000000000000000000
:10A0600000000000000000000000000000000000F0
:10A0700000000000000000000000000000000000E0
:10A0800000000000000000000000000000000000D0
:10A0900000000000000000000000000000000000C0
:10A0A00000000000000000000000000000000000B0
:10A0B00000000000000000000000000000000000A0
:10A0C0000000000000000000000000000000000090
:10A0D0000000000000000000000000000000000080
:10A0E0000000000000000000000000000000000070
:10A0F0000000000000000000000000000000000060
:10A10000000000000000000000000000000000004F
:10A11000000000000000000000000000000000003F
:10A12000000000000000000000000000000000002F
:10A13000000000000000000000000000000000001F
:10A14000000000000000000000000000000000000F
:10A1500000000000000000000000000000000000FF
:10A1600000000000000000000000000000000000EF
:10A1700000000000000000000000000000000000DF
:10A1800000000000000000000000000000000000CF
:10A1900000000000000000000000000000000000BF
:10A1A00000000000000000000000000000000000AF
:10A1B000000000000000000000000000000000009F
:10A1C000000000000000000000000000000000008F
:10A1D000000000000000000000000000000000007F
:10A1E000000000000000000000000000000000006F
:10A1F000000000000000000000000000000000005F
:10A20000000000000000000000000000000000004E
:10A21000000000000000000000000000000000003E
:10A22000000000000000000000000000000000002E
:10A23000000000000000000000000000000000001E
:10A24000000000000000000000000000000000000E
:10A2500000000000000000000000000000000000FE
:10A2600000000000000000000000000000000000EE
:10A2700000000000000000000000000000000000DE
:10A2800000000000000000000000000000000000CE
:10A2900000000000000000000000000000000000BE
:10A2A00000000000000000000000000000000000AE
:10A2B000000000000000000000000000000000009E
:10A2C000000000000000000000000000000000008E
:10A2D000000000000000000000000000000000007E
:10A2E000000000000000000000000000000000006E
:10A2F000000000000000000000000000000000005E
:10A30000000000000000000000000000000000004D
:10A31000000000000000000000000000000000003D
:10A32000000000000000000000000000000000002D
:10A33000000000000000000000000000000000001D
:10A34000000000000000000000000000000000000D
:10A3500000000000000000000000000000000000FD
:10A3600000000000000000000000000000000000ED
:10A3700000000000000000000000000000000000DD
:10A3800000000000000000000000000000000000CD
:10A3900000000000000000000000000000000000BD
:10A3A00000000000000000000000000000000000AD
:10A3B000000000000000000000000000000000009D
:10A3C000000000000000000000000000000000008D
:10A3D000000000000000000000000000000000007D
:10A3E000000000000000000000000000000000006D
:10A3F000000000000000000000000000000000005D
:10A40000000000000000000000000000000000004C
:10A41000000000000000000000000000000000003C
:10A42000000000000000000000000000000000002C
:10A43000000000000000000000000000000000001C
:10A44000000000000000000000000000000000000C
:10A4500000000000000000000000000000000000FC
:10A4600000000000000000000000000000000000EC
:10A4700000000000000000000000000000000000DC
:10A4800000000000000000000000000000000000CC
:10A4900000000000000000000000000000000000BC
:10A4A00000000000000000000000000000000000AC
:10A4B000000000000000000000000000000000009C
:10A4C000000000000000000000000000000000008C
:10A4D000000000000000000000000000000000007C
:10A4E000000000000000000000000000000000006C
:10A4F000000000000000000000000000000000005C
:10A50000000000000000000000000000000000004B
:10A51000000000000000000000000000000000003B
:10A52000000000000000000000000000000000002B
:10A53000000000000000000000000000000000001B
:10A54000000000000000000000000000000000000B
:10A5500000000000000000000000000000000000FB
:10A5600000000000000000000000000000000000EB
:10A5700000000000000000000000000000000000DB
:10A5800000000000000000000000000000000000CB
:10A5900000000000000000000000000000000000BB
:10A5A00000000000000000000000000000000000AB
:10A5B000000000000000000000000000000000009B
:10A5C000000000000000000000000000000000008B
:10A5D000000000000000000000000000000000007B
:10A5E000000000000000000000000000000000006B
:10A5F000000000000000000000000000000000005B
:10A60000000000000000000000000000000000004A
:10A61000000000000000000000000000000000003A
:10A62000000000000000000000000000000000002A
:10A63000000000000000000000000000000000001A
:10A64000000000000000000000000000000000000A
:10A6500000000000000000000000000000000000FA
:10A6600000000000000000000000000000000000EA
:10A6700000000000000000000000000000000000DA
:10A6800000000000000000000000000000000000CA
:10A6900000000000000000000000000000000000BA
:10A6A00000000000000000000000000000000000AA
:10A6B000000000000000000000000000000000009A
:10A6C000000000000000000000000000000000008A
:10A6D000000000000000000000000000000000007A
:10A6E000000000000000000000000000000000006A
:10A6F000000000000000000000000000000000005A
:10A700000000000000000000000000000000000049
:10A710000000000000000000000000000000000039
:10A720000000000000000000000000000000000029
:10A730000000000000000000000000000000000019
:10A740000000000000000000000000000000000009
:10A7500000000000000000000000000000000000F9
:10A7600000000000000000000000000000000000E9
:10A7700000000000000000000000000000000000D9
:10A7800000000000000000000000000000000000C9
:10A7900000000000000000000000000000000000B9
:10A7A00000000000000000000000000000000000A9
:10A7B0000000000000000000000000000000000099
:10A7C0000000000000000000000000000000000089
:10A7D0000000000000000000000000000000000079
:10A7E0000000000000000000000000000000000069
:10A7F0000000000000000000000000000000000059
:10A800000000000000000000000000000000000048
:10A810000000000000000000000000000000000038
:10A820000000000000000000000000000000000028
:10A830000000000000000000000000000000000018
:10A840000000000000000000000000000000000008
:10A8500000000000000000000000000000000000F8
:10A8600000000000000000000000000000000000E8
:10A8700000000000000000000000000000000000D8
:10A8800000000000000000000000000000000000C8
:10A8900000000000000000000000000000000000B8
:10A8A00000000000000000000000000000000000A8
:10A8B0000000000000000000000000000000000098
:10A8C0000000000000000000000000000000000088
:10A8D0000000000000000000210000000000210036
:10A8E00001000100010021002100210021002100C0
:10A8F0002100410021002100210021002100210030
:10A900002100210041002100200021002100210020
:10A9100021000100210021000000000000000000D3
:10A920000000000020000000000000000000000007
:10A9300000000000000020000000000000000000F7
:10A940000000000000000000000000000000000007
:10A9500000000000000000000000000000000000F7
:10A9600000000000000000000000000000000000E7
:10A9700000000000000000000000000000000000D7
:10A9800000000000000000000000000000000000C7
:10A9900000000000000000000000000000000000B7
:10A9A00000000000000000000000000000000000A7
:10A9B0000000000000000000000000000000000097
:10A9C0000000000000000000000000000000000087
:10A9D0000000000000000000000000000000000077
:10A9E0000000000000000000000000000000000067
:10A9F0000000000000000000000000000000000057
:10AA00000000000000000000000000002000000026
:10AA10000000000000000000000000000000000036
:10AA20000000000000000000000000000000000026
:10AA30002000000000000000000021002100220092
:10AA400042004200C400A8096B22CC2ACD2AED2A7C
:10AA50002E334F33903BD043F143324C7354945CCC
:10AA6000945C73545254F143B043903B4F330E33D4
:10AA7000AC22AC228C224B226709630042004200C8
:10AA80002100210020000000000000000000000064
:10AA900000000000000000080000000000000000AE
:10AAA0000000000000002000000020000000000066
:10AAB0000000000000000000000000000000000096
:10AAC0000000000000000000000000000000000086
:10AAD0000000000000000000000000000000000076
:10AAE0000000000000000000000000000000000066
:10AAF0000000000000000000000000000000000056
:10AB00000000000000000000000000000000000045
:10AB10000000000000000000000000000000000035
:10AB20000000000000000000000000000000000025
:10AB30000000000000000000000000000000000015
:10AB40000000000000000000000000000000000005
:10AB500000000000200020000000000000000000B5
:10AB600000000000000000000000000000000000E5
:10AB700000000000000000000000000000000000D5
:10AB800000000000000000000000000000000000C5
:10AB90000000000040002000210061008200A300AE
:10ABA0000501091AB04B1254D464787D1A8EBC96F4
:10ABB000DE9EFE9E1F9F1F9F1F9F1F9F3F9F3F9FC9
:10ABC0003F9F5F9F3F973F973F9F3F9F3F9F1F97AD
:10ABD0003F9F1F9F1F9F1F9F1F9FFF9EFE9EFFA6C1
:10ABE0007C96D985987D535C11546F4B8711C300B7
:10ABF000E400820062004100210001002100000009
:10AC00000000000000000000000000000000000044
:10AC10000000000000000000000000000000000034
:10AC20000000000000000000000000000000000024
:10AC30000000000000000000000000000000000014
:10AC40000000000000000000000000000000000004
:10AC500000000000000000000000000000000000F4
:10AC600000000000000000000000000000000000E4
:10AC700000000000000000000000000000000000D4
:10AC800000000000000000000000000000000000C4
:10AC900000000000000000000000000000000000B4
:10ACA00000000000000000000000000000000000A4
:10ACB0000000000000000000000000000000000094
:10ACC0000000000000000000000000000000000084
:10ACD0000000000000000000000000000000200054
:10ACE0000000000000000000010000000000000063
:10ACF0000000000021002100410004016701ED2255
:10AD0000945C366DB87D7B8EBD961E9F1E971F97F7
:10AD10001F971F97FF8EDF8EDF8EBF86BF86BF8691
:10AD2000BF86BF86BF86BF86BF86BF86DF86BF86DB
:10AD3000BF86BF86BF86BF86DF86DF86BF86BF86AB
:10AD4000DF86BF86BF86BE86FF8E1F97FF8E1F974A
:10AD50001F97FE96DE96DD965B86786D376D324CDA
:10AD60002A126701C40042002100200020002000B8
:10AD700000000000000000002100000000000000B2
:10AD800000000000000000000000000000000000C3
:10AD900000000000000000000000000000000000B3
:10ADA00000000000000000000000000000000000A3
:10ADB0000000000000000000000000000000000093
:10ADC0000000000000000000000000000000000083
:10ADD0000000000000000000000000000000000073
:10ADE0000000000000000000000000000000000063
:10ADF0000000000000000000000000000000000053
:10AE00000000000000000000000000000000000042
:10AE10000000000000000000000000000000000032
:10AE20000000000000000000000000000000000022
:10AE30000000000000000000000000000000000012
:10AE40000000000000000000000000000000000002
:10AE500001000100010002002200A400A811AC2A98
:10AE6000535C5B963FA71F97FE96DE8EDE8EFF8EAD
:10AE7000DE86FF86DE86DE7EDF7EDF86DF86BF7EC5
:10AE8000BF7EBF7EBF86BF86BF86BF86BF86DF868A
:10AE9000DF86DF7EDF86DF7EDF86DF86DF86DF869A
:10AEA000BF7EBF7EDF86BF7EDF86DF7EDF86BF7E22
:10AEB000DF86DF86DF86BE7EDF7EFF86DF86FF865B
:10AEC0001F87FF86FF8EFF96FE961EA7FA856F3BB3
:10AED0006B22E819820021004100210001000100DD
:10AEE0000100000000000000000000000000000061
:10AEF0000000000000000000000000000000000052
:10AF00000000000000000000000000000000000041
:10AF10000000000000000000000000000000000031
:10AF20000000000000000000000000000000000021
:10AF30000000000000000000000000000000000011
:10AF40000000000000000000000000000000000001
:10AF500000000000000000000000000000000000F1
:10AF600000000000000000000000000000000000E1
:10AF700000000000000000000000000000000000D1
:10AF800000000000000000000000000000000000C1
:10AF900000000000000000000000000000000000B1
:10AFA00000000000000000000000000000000000A1
:10AFB0000000000001004200630067014B1A2E2BC5
:10AFC000734C1A7E5FA77F9FDE8EBE86DF86DF868C
:10AFD000DF86BF86BF86BF86BF86BF86BF86BF7E31
:10AFE000BF7EDF86DF86DF86DF86DF86DF86DF8661
:10AFF000DF86DF86DF86DF7EDF7EDF7EDF86DF7E49
:10B00000DF7EBF7EDF7EDF7EDF86DF86BF7EDF8680
:10B01000DF86DF86BF7EDF86DF86BF7EDF86DF8658
:10B02000BF86BF86DF86BF86BF86BF869D7EFF8EBA
:10B03000DE86DE8EDE8E3F9F7FA73F9F576D124CD0
:10B040006F3BA81142004200010001000000000017
:10B0500000000000000000000000000000000000F0
:10B0600000000000000000000000000000000000E0
:10B0700000000000000000000000000000000000D0
:10B0800000000000000000000000000000000000C0
:10B0900000000000000000000000000000000000B0
:10B0A00000000000000000000000000000000000A0
:10B0B0000000000000000000000000000000000090
:10B0C0000000000000000000000000000000000080
:10B0D0000000000000000000000000000000000070
:10B0E0000000000000000000000000000000000060
:10B0F0000000000000000000000000000000000050
:10B10000000000000000000000000000000000003F
:10B1100000000000000021002100420047094F3BD1
:10B12000D5649C961F9F5F9F3F97FE86DE7EDE7EE6
:10B13000DF7EDF7EBF7EDF86BF7EBF86DF86BF8687
:10B14000BF86BF86BF86BF86DF86BF7EDF7EDF7E8F
:10B15000DF7EDF7EDF86DF86DF86DF7EDF86DF7EE7
:10B16000DF7EDF86DF7EDF7EDF86DF86DF86DF7ED7
:10B17000DF86DF86DF86BF86BF86DF86BF86BF8627
:10B18000BF86DF86BF86BF86BF86BF86BF86BF8677
:10B19000BF86DF86FF86BE7EDF86DF86DF7EDF7EC0
:10B1A000DF7EBE7E1F8F3F9F5FA79C96777D946C4E
:10B1B0000D43C40022002100010001000000000036
:10B1C000000000000000000000000000000000007F
:10B1D000000000000000000000000000000000006F
:10B1E000000000000000000000000000000000005F
:10B1F000000000000000000000000000000000004F
:10B20000000000000000000000000000000000003E
:10B21000000000000000000000000000000000002E
:10B22000000000000000000000000000000000001E
:10B23000000000000000000000000000000000000E
:10B2400000000000000000000000000000000000FE
:10B2500000000000000000000000000000000000EE
:10B26000000000000000000020002000000000009E
:10B2700000000000000000002000210083004701C2
:10B280004F3B987DBD963F9F3F97DE86DE86DE86EC
:10B29000DE86DF86DF86DF7EDF7EDF7EDF86BF86BF
:10B2A000BF86BF86BF86BF86BF86BF86BF86BF8676
:10B2B000DF86DF86DF7EDF7EDF7EDF7EDF86BF86A6
:10B2C000BF86DF86BF86DF86DF86DF86DF86DF8696
:10B2D000DF86DF86DF86DF86BF86BF86BF86BF86C6
:10B2E000BF86BF86BF86BF86DF86DF86DF86DF86B6
:10B2F000DF86DF86DF86DF86DF86DF86DF86DF8626
:10B30000DF86DF86DF86DF86BF86DF86BF86DF8655
:10B31000DE86DE8E1F975F9FFE967C8E376D8C22B9
:10B320000601630001000000000000000000200092
:10B33000000000000000000000000000000000000D
:10B3400000000000000000000000000000000000FD
:10B3500000000000000000000000000000000000ED
:10B3600000000000000000000000000000000000DD
:10B3700000000000000000000000000000000000CD
:10B3800000000000000000000000000000000000BD
:10B3900000000000000000000000000000000000AD
:10B3A000000000000000000000000000000000009D
:10B3B000000000000000000000000000000000008D
:10B3C000000000000000000000000000000020005D
:10B3D0000000000000002000000021004100620089
:10B3E00087092E33987DBD961F9FDE8EFE86FF86D1
:10B3F000DF7EDF7EDF7EDF7EDF86BF86BF86BF86A5
:10B40000BF86BF86BF86BF86BF86BF86BF86BF8614
:10B41000BF86BF86DF86DF86DF86DF86DF7EDF7E54
:10B42000DF7EDF86BF86BF86BF86DF86BF86DF867C
:10B43000BF86DF86BF86DF86BF86DF86BF86DF8664
:10B44000BF86BF86BF86BF86DF86DF86DF86DF8654
:10B45000DF86DF86DF7EDF7EDF7EDF86DF86DF86DC
:10B46000DF86DF86DF7EDF7EDF86BF86BF86BF8624
:10B47000BF86BF86BF7EDF86DF86DF7EDF7EDF7E24
:10B48000FF86FF861F97FF9EBD9ED56C6B2A050920
:10B490004200010021000000000020000000000028
:10B4A000200000000000000000000000000000007C
:10B4B000000000000000000000000000000000008C
:10B4C000000000000000000000000000000000007C
:10B4D000000000000000000000000000000000006C
:10B4E000000000000000000000000000000000005C
:10B4F000000000000000000000000000000000004C
:10B50000000000000000000000000000000000003B
:10B51000000000000000000000000000000000002B
:10B52000000000000000000000000000000000001B
:10B5300000000000000020000000000000000100EA
:10B5400083006709CD2A566D3EA71E97DE8EDF86E3
:10B55000BE86BE86DF86DF86BF86BF86BF86BF8685
:10B56000BF86BF86BF86BF86BF86BF86BF86BF86B3
:10B57000BF86DF86DF86DF86DF7EDF7EDF7EDF7EE3
:10B58000DF86DF86BF86BF86BF86BF86BF86DF8633
:10B59000DF86DF7EDF86DF7EDF86DF7EDF86DF7EA3
:10B5A000DF86DF7EDF86DF7EDF86DF7EDF7EDF7E9B
:10B5B000DF7EDF7EDF7EDF7EDF7EDF7EDF86DF8693
:10B5C000BF86BF86BF86BF86BF86BF86DF86DF7E1B
:10B5D000DF86BF86BF86BF86BF86BF86DF86DF86E3
:10B5E000DF7EDF7EBF7EBF7EDF7EFF86DE86DE867D
:10B5F000DE86FE8E3F9FBC9693548B22250122004F
:10B6000021000000000020000000000000000000F9
:10B61000000000000000000000000000000000002A
:10B62000000000000000000000000000000000001A
:10B63000000000000000000000000000000000000A
:10B6400000000000000000000000000000000000FA
:10B6500000000000000000000000000000000000EA
:10B6600000000000000000000000000000000000DA
:10B6700000000000000000000000000000000000CA
:10B6800000000000000000000000000000000000BA
:10B69000000000000000000000000000000020008A
:10B6A00000002100A400AC321675FDA65FA7DE8E57
:10B6B000DE86DE7EDE86BE7EDF86FF86BF7EBF86BE
:10B6C000DF86DF86BF86BF86BF86BF86BF86BF8612
:10B6D000BF86BF86BF86BF86DF86DF86DF7EDF7ED2
:10B6E000DF7EDF7EDF7EDF7EDF86DF86BF86BF8692
:10B6F000BF86BF86DF86DF7EDF86DF7EDF86DF7E7A
:10B70000DF86DF7EDF86DF7EDF86DF7EDF86DF7E31
:10B71000DF86DF7EDF7EDF7EDF7EDF7EDF7EDF7E39
:10B72000DF7EDF7EDF86DF86BF86BF86BF86BF8681
:10B73000BF86BF86BF86DF86BF86BF86BF86BF86C1
:10B74000BF86BF86DF86BF7EBF7EDF86DF86DF8661
:10B75000BF7EBF7EDF7EFF86DF7EDE7EDE7EFE86F4
:10B760001F975FA77C969464A81121002100000018
:10B7700000000000000000000000000000000000C9
:10B7800000000000000000000000000000000000B9
:10B7900000000000000000000000000000000000A9
:10B7A0000000000000000000000000000000000099
:10B7B0000000000000000000000000000000000089
:10B7C0000000000000000000000000000000000079
:10B7D0000000000000000000000000000000000069
:10B7E0000000000000000000000000000000000059
:10B7F0000000000000000000000000002000000029
:10B8000000000000210022004701F14BD97D3F9F3D
:10B810001F979D86BE86DF86DF86BF86DF86DF8632
:10B82000BF86BF7EBF7EDF7EDF7EBF7EDF7EDF7EA8
:10B83000DF86DF86DF86DF7EDF7EDF7EDF7EDF7E08
:10B84000DF7EDF7EDF86DF86DF86DF86DF86DF86E0
:10B85000DF86DF7EDF7EDF7EDF7EDF7EDF86DF86E8
:10B86000BF86DF86BF86DF86BF86DF86BF86DF8630
:10B87000BF86DF86BF86DF86BF86DF86DF86DF7E08
:10B88000DF86DF86DF86DF86DF86DF86DF86DF8690
:10B89000DF86DF86DF86DF86DF86DF86BF86BF86C0
:10B8A000BF86BF86BF86BF86BF86DF86DF86DF8610
:10B8B000DF86BF7EBF86BF86BF86DF86DF7EDF7EF8
:10B8C000DF7EDF86DF7EBE7EBF86BE86BE865F9F52
:10B8D000BD96F664AC2AC40021002000210020009F
:10B8E0000000000000000000000000000000000058
:10B8F0000000000000000000000000000000000048
:10B900000000000000000000000000000000000037
:10B910000000000000000000000000000000000027
:10B920000000000000000000000000000000000017
:10B930000000000000000000000000000000000007
:10B9400000000000000000000000000000000000F7
:10B9500000000000000000000000000000000000E7
:10B960000000000020002000410021000601F253E9
:10B970007C961F9F1F8FFF86DF7EDF86BF7EBF7E88
:10B98000DF86BF86BF86DF86BF7EDF86FF86DF7EDF
:10B99000BF7EFF86DF7EDF7EDF86DF86DF7EDF7EA7
:10B9A000DF7EDF7EDF7EDF7EDF7EDF86DF86DF8697
:10B9B000BF86BF86BF86DF86DF86DF7EDF7EDF7ED7
:10B9C000DF7EDF7EDF7EDF86BF86DF86BF86DF86A7
:10B9D000BF86BF86BF86BF86BF86BF86BF86DF861F
:10B9E000BF86DF86DF86DF86DF86DF86DF86DF864F
:10B9F000DF86DF86DF86DF86DF86DF86DF86DF861F
:10BA0000DF7EDF7EDF86BF86BF86BF86BF86BF86BE
:10BA1000BF86DF86DF7EDF86DF86BF7EBF86BF868E
:10BA2000BF86BF86DF86DF7EBF7EDF86BF7EDF8686
:10BA3000FF86DF7EDF869E7EFF8EFE96DD9EF98D81
:10BA40004E3B2601210021002100210000000000C2
:10BA500000000000000000000000000000000000E6
:10BA600000000000000000000000000000000000D6
:10BA700000000000000000000000000000000000C6
:10BA800000000000000000000000000000000000B6
:10BA900000000000000000000000000000000000A6
:10BAA0000000000000000000000000000000000096
:10BAB0000000000000000000000000000000000086
:10BAC0000000000000000000000000002100420013
:10BAD000C8115354BD96FE969E86BF86BF86BF860C
:10BAE000BF86DF86DF86DF86FF7EDF7EDF86DF863E
:10BAF000DF86DF7EBF7EDF86DF86DF86BF86BF868E
:10BB0000BF86DF86DF86DF7EDF7EDF7EDF86BF8665
:10BB1000BF86DF86DF86DF86DF86DF86DF86DF861D
:10BB2000DF86DF86DF86DF86DF86DF86DF86DF7EF5
:10BB3000DF86DF7EDF86DF7EDF86DF86DF86DF86ED
:10BB4000DF86DF86DF86DF7EDF86DF86DF86BF86F5
:10BB5000BF86BF86BF86BF86BF86BF86DF86DF867D
:10BB6000DF86DF86DF7EDF7EDF7EDF7EDF7EDF7EDD
:10BB7000DF7EDF86BF86BF86BF86BF86DF7EDF7E35
:10BB8000DF86DF86DF86DF86DF86BF7EBF86BF86F5
:10BB9000BF86DF86DF86BF7EBF7EBF7EBF7EDF863D
:10BBA000DF86DF869E86DE8E1F9FDD9ED04B660978
:10BBB0002100210000000000000000000000000043
:10BBC0000000000000000000000000000000000075
:10BBD0000000000000000000000000000000000065
:10BBE0000000000000000000000000000000000055
:10BBF0000000000000000000000000000000000045
:10BC00000000000000000000000000000000000034
:10BC10000000000000000000000000000000000024
:10BC20000000000000000000000000000000000014
:10BC3000210042004B22F66C1FA7FE96BE86BE7EF8
:10BC4000FF86DF7EBF86BF86BF86BF86BF86DF8654
:10BC5000DF7EDF7EDF7EDF7EDF7EDF86DF7EDF7EF4
:10BC6000DF86BF7EBF86BF86BF86DF86DF86DF7E3C
:10BC7000DF7EDF7EBF86BF86BF86BF86DF86DF862C
:10BC8000DF86DF86DF86DF86DF86DF86BF86BF86CC
:10BC9000BF86BF86DF86DF7EDF7EDF7EDF7EDF7EE4
:10BCA000DF7EDF7EDF86DF86DF86DF86DF7EDF7E8C
:10BCB000DF7EDF7EDF86DF86BF86DF86BF86DF86AC
:10BCC000BF86DF86DF86DF86DF86DF86DF7EDF7E7C
:10BCD000DF7EDF7EDF7EDF7EDF7EDF86DF86BF8684
:10BCE000BF86BF86BF86DF7EDF7EDF7EDF7EDF7EB4
:10BCF000DF7EDF86BF86BF86BF86BF86BF86DF86C4
:10BD0000BF7EDF86BF7EDF86BF86BF7EDF86BF86C3
:10BD1000BF7EBE861EA79C9E1254260142002100B3
:10BD20000000000000000000000000000000000013
:10BD30000000000000000000000000000000000003
:10BD400000000000000000000000000000000000F3
:10BD500000000000000000000000000000000000E3
:10BD600000000000000000000000000000000000D3
:10BD700000000000000000000000000000000000C3
:10BD80000000000021000000000000000000000092
:10BD9000000000002100E4006F3B776D1F9FFF96BD
:10BDA000DF8EBE86BF86DF86DF86BF7EDF86BF86EC
:10BDB000BF86BF86DF86DF86DF7EDF7EDF86DF86AB
:10BDC000DF86DF7EDF7EDF7EDF7EDF7EDF86DF8673
:10BDD000DF86DF7EDF7EDF7EDF7EDF7EDF86BF8683
:10BDE000BF86BF86BF86BF86DF86DF86DF86DF86AB
:10BDF000DF86DF86DF86DF86DF86DF86DF86DF861B
:10BE0000DF86DF86DF86DF86DF86DF86DF86DF860A
:10BE1000DF86DF86DF7EDF7EDF7EDF7EDF7EDF7E2A
:10BE2000DF86DF7EDF86DF7EDF86DF7EDF7EDF7E12
:10BE3000DF7EDF7EDF7EDF7EDF7EDF7EDF86DF860A
:10BE4000DF86DF86DF86DF86DF86DF86DF86DF86CA
:10BE5000DF86DF7EDF86DF86DF86DF86BF86BF8602
:10BE6000BF86DF86DF86DF86DF86DF86DF86DF86CA
:10BE7000DF86DF86DF86DF86DF86BF86BF86BE86FB
:10BE80005F9F7C8EB45C6A224200010000000000CB
:10BE90000000000000002000000020000000000062
:10BEA0000000000000000000000000000000000092
:10BEB0000000000000000000000000000000000082
:10BEC0000000000000000000000000000000000072
:10BED0000000000000000000000000000000000062
:10BEE0000000000000002000000000000000000032
:10BEF0000000000000002000200041002A1A1A8ED5
:10BF00005FA73F97DF86DF86BF7EBF7EBF7EDF866F
:10BF1000DF86DF86DF86DF86DF86DF86DF86DF86F9
:10BF2000DF86DF86BF86BF86DF86DF86DF7EDF7E39
:10BF3000DF7EDF7EDF7EDF7EDF86DF7EDF7EDF7E11
:10BF4000DF7EDF7EDF86DF86DF86DF86DF86DF86D9
:10BF5000DF86DF86DF86DF86DF86DF86DF86DF86B9
:10BF6000DF86DF86DF86DF86DF86DF86DF86DF86A9
:10BF7000DF86DF86DF86DF86DF86DF86DF86DF7EA1
:10BF8000DF7EDF7EDF7EDF7EDF86DF7EDF7EDF7EC1
:10BF9000DF7EDF7EDF7EDF7EDF7EDF7EDF7EDF7EB9
:10BFA000DF86DF86DF86BF86BF86BF86DF86DF86C9
:10BFB000DF86DF86DF86DF86DF86DF86DF86DF8659
:10BFC000DF86DF86DF86DF86DF86DF86DF86DF8649
:10BFD000DF86DF86DF86DF86DF86DF86DF86DF8639
:10BFE000DF86DF7EBF7EDF7EDF86DE865F9F1E9F71
:10BFF0003254460121000000000020000000000033
:10C0000020000000000020000000000000000000F0
:10C010000000000000000000000000000000000020
:10C020000000000000000000000000000000000010
:10C030000000000000000000000000000000000000
:10C0400000000000000000000000000000000000F0
:10C050000000200020000000000800000000410057
:10C06000A709366D3F9FDE8E9E8EBF86BF86BF7E40
:10C07000BF7EDF86DF86DF86DF86DF86DF86DF86C0
:10C08000DF86DF86DF86DF86DF86DF86DF7EDF7E98
:10C09000DF86DF86BF86BF86BF86BF86BF86DF8618
:10C0A000BF86BF86BF86BF86BF86BF86DF7EDF7E38
:10C0B000DF7EDF7EDF7EDF7EDF7EDF7EDF7EDF7E98
:10C0C000DF7EDF7EDF86DF86DF86DF86DF86DF8658
:10C0D000DF86DF86DF86DF86BF86BF86BF86BF86B8
:10C0E000BF86DF86DF86DF86DF86DF86DF86BF8668
:10C0F000BF86DF86DF86DF86DF86DF86DF86DF8638
:10C10000DF86DF86DF86DF86DF86DF86DF86DF8607
:10C11000DF86DF86DF86DF86BF86BF86BF86BF8677
:10C12000BF86BF86BF86BF86BF86BF86DF86DF86A7
:10C13000DF86DF86DF86DF86DF86DF86DF86DF86D7
:10C14000DF86DF86DF86DF86DF86DF86BF7EDF86EF
:10C15000BF86BF86DE86BE86FE96FD9E114CE4003D
:10C1600021000000000000000000000000000000AE
:10C17000000000002000000000000000000000009F
:10C1800000000000000000000000000000000000AF
:10C19000000000000000000000000000000000009F
:10C1A000000000000000000000000000000000008F
:10C1B000000000000000000000000000000020005F
:10C1C00000002100260912541E9FDE8EDE86BF86E7
:10C1D000DF8EBF86BF86DF86DF86DF86DF86BF7E97
:10C1E000DF86DF86DF86DF86DF86DF86DF86DF8627
:10C1F000DF86DF86DF7EDF7EDF86DF86BF86BF8667
:10C20000BF86BF86BF86BF86BF86BF86BF86BF8606
:10C21000BF86BF86DF7EDF7EDF7EDF7EDF7EDF7E66
:10C22000DF7EDF7EDF86DF86DF86DF86DF86DF86F6
:10C23000BF86DF86DF86DF7EDF86DF86DF86DF86FE
:10C24000DF86BF86BF86BF86BF86DF86DF86DF8646
:10C25000DF86DF86BF86BF86BF86BF86DF86DF8636
:10C26000DF86DF86DF86DF86DF86DF86DF86DF86A6
:10C27000DF86DF86DF86DF86DF86DF86DF86DF8696
:10C28000DF86DF86DF86DF86DF86DF86DF86DF8686
:10C29000DF86DF86DF86DF86DF86DF86DF86DF8676
:10C2A000DF86DF86DF86DF86DF86DF86DF86DF8666
:10C2B000DF86DF86DF7EDF86BF86DF86DF86DF7E86
:10C2C000FF86DE863F9FBC960D3B63002100000089
:10C2D000000000000000000000000000000000005E
:10C2E000000000000000000000000000000000004E
:10C2F000000000000000000000000000000000003E
:10C30000000000000000000000000000000000002D
:10C3100000000000000000000000000020000000FD
:10C32000000000000000000062006F3BFE9E1F97AF
:10C33000DF86BF7EDF86BF7EBF86BF86DF86DF8665
:10C34000DF86DF86DF86DF86DF86DF86DF86DF86C5
:10C35000DF86DF86DF86DF86DF86DF86DF7EDF7EC5
:10C36000DF86DF86DF86BF86BF86BF86BF86BF8645
:10C37000DF86DF86BF86BF86BF86DF86DF86DF86F5
:10C38000DF86DF86BF86BF86BF86BF86BF86BF8645
:10C39000BF86BF86BF86BF86BF86BF86DF7EDF7E45
:10C3A000DF7EDF7EDF7EDF7EDF7EDF86DF86DF868D
:10C3B000DF86DF86DF86DF7EDF7EDF86BF86BF86A5
:10C3C000BF86BF86BF86BF86BF86BF86DF86DF8605
:10C3D000DF86DF86DF86DF86DF86DF86DF86DF8635
:10C3E000DF86DF86DF86DF86DF86DF7EDF7EDF7E3D
:10C3F000DF7EDF7EDF7EDF7EDF7EDF86DF86DF863D
:10C40000DF86DF86DF86DF86DF86DF86DF86DF8604
:10C41000DF86DF86DF86DF86DF86DF86DF7EDF7E04
:10C42000DF86DF86BF7EBF7EBF7EDF86DE86DE865E
:10C430005F9FD97DA8096200010000000000000094
:10C4400000000000000000000000000000000000EC
:10C4500000000000000000000000000000000000DC
:10C4600000000000000000000000000000000000CC
:10C4700000000000000000000000000000000000BC
:10C480000000000000000000000021002200A811B0
:10C490007775FE96DE86FF86DF7EDF7EBF7EBF86F7
:10C4A000DF86DF86BF7EBF7EBF7EDF86DF86DF86DC
:10C4B000DF86BF7EDF86DF86DF86DF86DF86DF867C
:10C4C000DF86DF86DF7EDF7EDF86DF86DF86BF8674
:10C4D000BF86BF86BF86DF86DF86DF7EDF7EDF7EAC
:10C4E000DF7EDF7EDF86BF86BF86BF86BF86BF86D4
:10C4F000BF86BF86BF86BF86BF86BF86BF86BF8614
:10C50000BF86DF86DF7EDF7EDF7EDF7EDF7EDF7E53
:10C51000DF7EDF7EDF86DF86DF86DF86DF86DF7E0B
:10C52000DF7EDF86BF86BF86BF86BF86BF86BF86AB
:10C53000BF86BF86DF86DF86DF86DF86DF86DF8613
:10C54000DF86DF86DF86DF86DF86DF86DF86DF86C3
:10C55000DF86DF7EDF7EDF7EDF7EDF7EDF7EDF7EEB
:10C56000DF7EDF7EDF86DF86DF86DF86DF86DF86B3
:10C57000DF86DF86DF86DF86DF86DF86DF86DF8693
:10C58000DF86DF86DF86DF86FF86BF7EBF7EFF8693
:10C59000DF86DF7EBF7EFF86DE7EFE8EBD96B464C4
:10C5A00088112100000000000000000000000000D1
:10C5B000000000000000000000000000000000007B
:10C5C000000000000000000000000000000000006B
:10C5D000000000000000000000000000000000005B
:10C5E000000000000000000000000000000000004B
:10C5F00021004601366D1E9FFF8EDF86DF7E9F760F
:10C60000BF7EDF86DF86DF86BF7EDF86DF86DF8652
:10C61000DF86DF86DF86DF86DF86BF7EDF86DF861A
:10C62000DF86DF86DF86DF86DF86DF86DF7EDF7EF2
:10C63000BF86DF86BF86BF86BF86BF86DF86DF7E7A
:10C64000DF7EDF7EDF7EDF7EDF7EDF7EDF86BF8612
:10C65000DF86DF86DF86DF86BF86DF86DF86DF86D2
:10C66000DF7EDF7EDF7EDF7EDF7EDF7EDF7EDF7EE2
:10C67000DF7EDF7EDF7EDF7EDF86DF86DF86DF86B2
:10C68000BF86DF86DF86DF86DF86DF86BF86BF86E2
:10C69000BF86BF86BF86BF86BF86BF86BF86BF8672
:10C6A000DF86DF86DF7EDF7EDF7EDF7EDF7EDF7E92
:10C6B000DF7EDF7EDF86DF86DF86DF86DF86DF8662
:10C6C000DF86DF86DF86DF86DF86DF86DF86DF8642
:10C6D000DF86DF86DF86DF86DF86DF86DF86DF8632
:10C6E000DF86DF86DF86DF86DF86DF86BF86BE7E6B
:10C6F000BF7EDF86DF86DF86BF7EBF86DF86BF7EAA
:10C70000DF7EDE86FF8E1F97FE9E5354830001005E
:10C710000100000000000000000000000000000018
:10C720000000000000000000000000000000000009
:10C7300000000000000000000000000000000000F9
:10C7400000000000000000000000000000000000E9
:10C750000000000000004200CD329C961F97DE864C
:10C76000DF7EDF7EDF7EDF7EDF86DF869F7EDF8609
:10C77000DF86BF86DF86DF86DF86BF7EBF7EBF7E29
:10C78000DF86DF86DF86DF86DF86DF86DF86DF8681
:10C79000DF86DF86DF7EDF7EDF86DF86BF86BF86C1
:10C7A000BF86DF86DF86DF86DF7EDF7EDF7EDF7EA1
:10C7B000DF7EDF7EDF86DF86DF86DF86DF86DF8661
:10C7C000DF86DF86DF7EDF7EDF7EDF7EDF7EDF7E71
:10C7D000DF7EDF7EDF86DF86DF86DF86DF86DF8641
:10C7E000BF86DE86DE86DE86BE86BE86DE86DE8688
:10C7F000DE86DE86BF86DF86BF86DF86BF86DF8673
:10C80000DF86DF86DF86DF86DF86DF7EDF7EDF7E18
:10C81000DF7EDF7EDF7EDF7EDF7EDF86DF86DF8618
:10C82000DF86DF86DF86DF86BF86BF86BF86BF8660
:10C83000BF86BF86DF86DF86DF86DF86DF86DF8610
:10C84000DF86DF86DF86DF86DF86DF86DF86DF86C0
:10C85000DF86DF86BF86DF86BF86BF86BF86BF7E58
:10C86000DF86BF86DF86DF86DF7EBF7EDF86DE86F1
:10C87000DF863F9F577588092200220000000000D4
:10C8800000000000000000000000000000000000A8
:10C890000000000000000000000000000000000098
:10C8A0000000000000000000000000000000000088
:10C8B000000000000000000000004100E5003675A7
:10C8C0003FAFBE969E86BF7EDF7EDF7EDF7EDF7E51
:10C8D000DF7EDF86DF86BF86BF86BF86BF86DF86B8
:10C8E000DF86DF86DF86DF86DF86DF86DF86DF8620
:10C8F000DF86DF86DF86DF86DF86DF86BF86BF8650
:10C90000DF86DF7EDF7EDF7EDF7EDF86DF86BF863F
:10C91000BF86DF86BF86BF7EDF7EFF7EDF7EDF864F
:10C92000DF7EBF7EDF86DF86DF86DF86DF86DF7E17
:10C93000DF7EDF86BF7EDF7EDF86DF86DE86BE8629
:10C94000DE8E3F975F9F3F9F3F9F5F9F5F9F5F9FF1
:10C950005F9F5F9F5F9F3F9F3F9F3F97DE86DE8683
:10C96000DE86DE86DF86DF86DE86DF7EBF7EDF86D2
:10C97000BF7EBF7EDF86DF7EDF7EBF7EBF869F7E7F
:10C98000DF86BF7EDF86BF7EBF7EDF86DF7EDF7E07
:10C99000DF86BF7EDF86BF86BF86BF86BF86DF8617
:10C9A000DF86DF86BF7EBF7EDF86DF86DF86DF86AF
:10C9B000DF86DF86DF86DF86DF86DF7EDF7EDF7E67
:10C9C000BF86BF86BF86BF86BF86DF7EDF7EDF7EF7
:10C9D000DF7EDF7EBF86BF86BF7EBF86FF961E9F3F
:10C9E0004F3B63000000000020000000000000003A
:10C9F0000000000000000000200000000000000017
:10CA00000000000000000000000000000000000026
:10CA100000000000000000000000000000002100F5
:10CA200021004601FA85FE96DF8EBE86DF86DF8610
:10CA3000DF7EDF7EDF7EDF86DF86DF86DF86BF8606
:10CA4000BF86BF86DF86DF86DF86DF86DF86DF86FE
:10CA5000DF86DF86DF86DF86DF86DF86DF86DF86AE
:10CA6000DF86BF86BF86BF86DF86DF7EDF7EFF86EE
:10CA7000FF7EBF7E9F7EDF86BF86BF86DF86DF8626
:10CA8000DF7EDF7EDF86BF7EDF7EDF86DF86BE86DF
:10CA9000DE86DE8EDE8EBD8EFE965FA75FA71F9FB1
:10CAA000DE965C8E3B861A8657755354D143D1432C
:10CAB000D1436F334F332E332E334F33903BB0433C
:10CAC000124C534CD97DF97D1A7E3B867C86BD8EF7
:10CAD0001F9F5FA7FF96BE8EBE86DF8EDF8EBF864E
:10CAE000DF86DF86BF86DF86BF86DF869F7EDF86A6
:10CAF000DF86DF7EDF7EDF7EDF86BF7EDF86DF864E
:10CB0000DF86BF86BF86DF86DF86DF86DF86BF7E65
:10CB1000DF86DF86DF86DF86DF86DF86DF86DF86ED
:10CB2000DF86DF7EDF7EDF7EBF86BF86BF86BF8675
:10CB3000DF86DF7EDF7EDF7EDF7EDF86DF86DF86ED
:10CB4000DF7EDF7EBE7EDE8EFE9E156D87112100AC
:10CB500000000000000000000000000000000000D5
:10CB600000002000000000000000000000000000A5
:10CB70000000000000000000000000002000000095
:10CB80000000000001004200B043DD96DE8EBE864C
:10CB90009E76DF7EDF86BF7EDF86DF86BF86BF862E
:10CBA000BF86BF86BF86DF86DF7EDF7EDF86DF86CD
:10CBB000DF86DF86DF86DF86DF86DF86DF86DF864D
:10CBC000DF86DF86DF86DF86DF86BF86DF86BF867D
:10CBD000DF86DF86DF7EBF7EDF7EFF86DF86BF7E6D
:10CBE000BF86BF86BF86DF86DF7EDF7EDF86DF868D
:10CBF000FF8EFF8EDF8E1F9FFE9E5C96D985B885C7
:10CC0000325C6A22091AE81946090501C400A3002A
:10CC100062002100210021002100210021002100CB
:10CC20002100410041002100210021008200A300D9
:10CC3000C400E40025016709E9194A22535C3675EE
:10CC4000B97D3A86DD961F9FFE9EDE8EFF86FF86AB
:10CC5000BF7EDF7EDF7EBF7EFF86BF7EDF86BF7E3C
:10CC6000DF86DF86BF86BE7EDF86BE86DF86DF8606
:10CC7000DF86DF86DF86DF86BF7EBF7EDF86DF86DC
:10CC8000DF86DF86DF86DF86DF86DF86BF86BF86BC
:10CC9000DF86DF86DF7EDF7EDF86DF86BF86BF86BC
:10CCA000BF86BF86DF86DF86DF86BF86BF7EDE86E5
:10CCB000BD7E5F97FD9E6B222200010001000000F7
:10CCC0000000200000000000000000000000000044
:10CCD0000000000020000000000000000000000034
:10CCE0000000000000002000000021006711D56C4A
:10CCF0005FA7DE86FF86DF7EDF7EFF86BF7EBF7E8C
:10CD0000DF86BF86BF86BF86BF86BF86BF86DF86BB
:10CD1000DF7EDF7EDF7EDF86DF86DF86DF86DF8603
:10CD2000DF86DF86DF86DF86DF86DF86DF86DF86DB
:10CD3000DF86DF86DF86BF86BF7EDF86DF86DF8613
:10CD4000DF7EDF7EDF86BF7EFF86DF869E7EBF863C
:10CD5000FF961F971F9FBE969D96B97DB13BEA092E
:10CD600047012601C40083002100200021000000AB
:10CD70000000200000000000000000000000000093
:10CD800000000000000000000000000000000000A3
:10CD90000000000000000000000000000000000093
:10CDA0002000210062004200A30005012601E911D4
:10CDB000D14B777D3A86DD8E1E973F97FF8EBE86DC
:10CDC0009E7EBF86DF86DF86DF86BF7EDF86FF86AC
:10CDD000FF86DF86BF7EDF86DF86DF86DF86DF8633
:10CDE000DF86DF86DF86DF86DF86DF86DF86DF861B
:10CDF000DF86BF86BF86BF86BF86DF7EDF7EDF7EA3
:10CE0000DF7EDF86BF86BF86BF86DF86DF86DF8662
:10CE1000DF86DF86DF86DF7EFF7EDE7EDD861E9F8D
:10CE20006F438400010000000000000000000000CB
:10CE300000080000000000000000000000000000EA
:10CE400000000000000000000000200000002000A2
:10CE500041002D3B1EA7FE969E86DF86BF7EBF7ECD
:10CE6000DF7EDF86DF86BF86DF86BF7EDF86DF86EA
:10CE7000DF86BF86BF86DF86DF7EDF7EDF86DF86DA
:10CE8000DF86DF86DF86DF86DF86DF86DF86DF867A
:10CE9000DF86DF86DF86DF86DF86DF7EDF7EDF7E82
:10CEA000DF86BF869F86BF86BF86BF86DF86BE7E43
:10CEB000DE861F975F9F1FA73C8E587D325C09223C
:10CEC000A4008300420021002100010000000000B6
:10CED0000000000000000000000000000000000052
:10CEE0000000000000000000200000000000000022
:10CEF0000000000000000000000000000000000032
:10CF00000000000000000000000000000000200001
:10CF1000000000004100210021006200A30009225E
:10CF2000AF4B3254198E1EA73F9F1F97BE7EDF7EE8
:10CF3000DF7EDF7EDF7EDF7EBF7EFF86BF7EDF8619
:10CF4000DF86DF86DF86DF86DF86DF86DF86DF86B9
:10CF5000DF86DF86DF86DF86DF86BF86BF86BF8609
:10CF6000BF86DF86DF7EDF7EDF7EBF86BF86BF8631
:10CF7000BF86DF86DF86DF7EDF7EDF7EBF7EDF7EF1
:10CF8000BF7EDF7EBE76FF863F9F1A86A8114100D6
:10CF90002000000000002000000000000000000051
:10CFA0000000000000000000000000000000200061
:10CFB000000000002100420032543EA7DD86DE7EE4
:10CFC000DF86BF7EDF86FF86DF86BF86BF86BF7EA9
:10CFD000BF7EFF86DF7EDF7EDF86DF86DF86DF8641
:10CFE000DF86DF7EDF86DF86DF86DF86DF86DF8621
:10CFF000DF86DF86DF86DF86DF86DF86DF86DF8609
:10D00000DF86DF7EDF7EDF7EBF7EBF86BF86BF8E90
:10D01000BE8EBE8E9D865F9F1E9F576DD1438C2214
:10D020000601420021000000200020000000000056
:10D0300020000000000000000000000000000000D0
:10D0400000000000000000000000000000000000E0
:10D0500000000000000000000000000000000000D0
:10D0600000000000000000000000000000000000C0
:10D0700000000000000000000000000000000000B0
:10D08000200000000000000020004100E4002A1AF7
:10D09000CD2A945CDD963F9F1F97DE86BE86FF8675
:10D0A000DF7EBF7EDF86DF86DF86DF86DF86DF8688
:10D0B000DF86DF86DF86DF86DF86DF86DF86DF8648
:10D0C000DF86BF86BF86BF86BF86DF86DF7EDF7EC8
:10D0D000DF7EDF86BF86BF86BF86DF86DF86DF7E98
:10D0E000DF7EDF7EFF86BF7EBF86BF7EFF86BE7689
:10D0F000DE7EFE8EDD9E2A1A210020000000000048
:10D10000000000000000000000000000000000001F
:10D11000000000002000200000004100A300D464B3
:10D120005FA7DE86BE7EDF7EBF7EDF86BF86BF86D0
:10D13000DF86BF7EDF86FF86DF7EBF7EDF86DF86FF
:10D14000DF86DF86DF86DF86DF86DF86DF86DF86B7
:10D15000DF86DF86DF86DF86DF86DF86DF86DF86A7
:10D16000DF86DF86DF86DF86DF86DF86BF7EDF86BF
:10D17000DF86DF86DF86DE86FF963F9F7B96325412
:10D18000C811420021002100000000000000000042
:10D19000000000000000000000000000200000006F
:10D1A000000000000000000020000000000000005F
:10D1B000000000000000000000000000000000006F
:10D1C000000000000000000000000000000000005F
:10D1D000000000000000000000000000000020002F
:10D1E000000000000000000000000000000001003E
:10D1F0002100000000002100200062006609AB2A27
:10D20000D564BD9E1F9FDF8EBE86DF86DF86DF86EC
:10D21000DF86BF7EDF86DF86DF86DF86DF86DF860E
:10D22000DF86DF86DF86DF86DF86DF86DF86DF7EDE
:10D23000DF86DF7EDF7EDF7EDF7EDF7EDF86DF86EE
:10D24000DF86DF86DF86BF86DF7EBF869F86BF865E
:10D25000BF86BF7EDF7EBF7EDF7EDE86FE96BD9E02
:10D260005364630020000000200000000000000064
:10D2700000000000000000000000000000000000AE
:10D28000410066091986FE96DE86DE7EDF7EDF7E41
:10D29000BF7EBF86DF86BF86DF86DF7EDF7EDF7EE6
:10D2A000DF7EDF86BF86BF86BF86BF86DF86DF86DE
:10D2B000DF7EDF7EDF86DF86DF86DF86DF86DF8656
:10D2C000DF86DF7EDF7EDF7EDF86DF86DF86DF864E
:10D2D000DF86DF86BF86DF86DF86DF8E1F979C8E28
:10D2E00073542A12E50022002100200000000000F3
:10D2F000000000000000000000000000000000002E
:10D3000000000000000000000000000020000000FD
:10D3100000002000000000000000000000000000ED
:10D3200000000000000000000000000000000000FD
:10D3300000000000000000000000000000000000ED
:10D3400000000000000000000000000000000000DD
:10D3500000000000000000000000000000000000CD
:10D36000000000000000210062004601AC22376D81
:10D37000DE9EFF96DF8EDF86BF86DF7EDF7EDF7E6E
:10D38000DF86DF86BF86BF86DF86DF86DF86DF7EBD
:10D39000DF86DF86DF7EDF7EDF7EDF7EDF7EDF7E95
:10D3A000DF7EDF7EDF7EDF7EDF86DF86BF86BF86B5
:10D3B000BF86BF86BF86BF86BF86BF86DF86FF86E5
:10D3C000BF7EBE7EBE86DE8E1EA7D56C830021008A
:10D3D000200000000000000000000000000000002D
:10D3E00000000000200021000A129D96FE8EFE869D
:10D3F000DF7EDF7EBF7EDF7EBF86BF7EDF86DF868D
:10D40000DF86DF7EDF7EDF7EDF7EDF86BF86BF8654
:10D41000BF86BF86BF86DF86DF7EDF7EDF869E7E9D
:10D42000FF86DF86BF86BF7EDF86DF7EDF7EBF7E34
:10D43000DF86BF7EBF86BF86BF7EDF861F973F9F8A
:10D440009D96D5646C22A4002100210000000000FC
:10D4500000000000000000000000000000000000CC
:10D4600000000000000000000000000000000000BC
:10D47000000000000000000020000000000000008C
:10D48000000000000000000000000000000000009C
:10D49000000000000000000000000000000000008C
:10D4A000000000000000000000000000000000007C
:10D4B000000000000000000000000000000000006C
:10D4C000000000000000000000000000000000005C
:10D4D00000002100210083002A221254B97D1F9FE1
:10D4E000FE8EDE86DE7EFF7EBF7EBF7EDF869F7E77
:10D4F000DF86DF86BF7EDF7EDF86BF7EBF86BF869C
:10D50000BF86DF86DF7EDF7EDF7EDF7EDF7EDF7E43
:10D51000DF7EDF86BF86BF86BF86BF86BF86BF86AB
:10D52000BF86BF86DF7EDF7EDF7EDF86DF86BE864C
:10D530009E863F9F576D25014100000000000000BE
:10D5400000000000000000000000200021004B222D
:10D55000FE9EDE86FF86FF7EDF7EDF7EDF7EDF864D
:10D56000DF86BF7EDF86DF86DF86DF86DF7EDF7ECB
:10D57000DF7EDF86BF86BF86BF86BF86BF86DF862B
:10D58000DF7EDF7EDF7EDF86BF86BF7EBF86DF86F3
:10D59000DF7EBF7EBF7EDF86BF7EBF86BE86BE8645
:10D5A000DF8E5FA71A86124CA809620021000100D5
:10D5B000000000000000000000000000000000006B
:10D5C000000000000000000000000000000000005B
:10D5D000000000000000000000000000000000004B
:10D5E000000020000000000000000000000000001B
:10D5F000000000000000000000000000000000002B
:10D60000000000000000000000000000000000001A
:10D61000000000000000000000000000000000000A
:10D6200000000000000000000000000000000000FA
:10D6300000000000000000000000200020000000AA
:10D6400020002100A300ED2A98755FA7DE8E9D7E45
:10D65000BF86DF86BF86DF86BF86BF7EFF86DF7E12
:10D66000BF7EDF86BF86BF86BF86BF86DF86DF7E42
:10D67000DF7EDF7EDF7EDF7EDF7EDF86BF86BF86EA
:10D68000BF86BF86DF86BF86BF86BF86DF7EDF7E22
:10D69000DF7EDF869F86BF86BF86BE861F971A867F
:10D6A00026014100200020000000000000000000D2
:10D6B000000022006B22FE9EDE8E9E86DF86DF86C5
:10D6C000DF86DF86DF86DF86BF86BF86BF86DF8692
:10D6D000DF86DF7EDF7EDF7EDF86DF86DF86DF7E42
:10D6E000DF7EDF7EDF7EDF7EDF86DF86BF86BF8672
:10D6F000BF7EDF86DF86BF7EDF86DF86DF86BF8672
:10D70000BF7EBE86DE8E5FA73B8E4F43E4004100A6
:10D7100000000000200000000000000000000000E9
:10D7200000000000000000000000000000000000F9
:10D7300000000000000000000000000000000000E9
:10D7400000000000000000000000000000000000D9
:10D7500000000000000000000000000000000000C9
:10D760000000000000000000000000002000200079
:10D7700000000000000000000000000000000000A9
:10D780000000000000000000000000000000000099
:10D790000000000000000000000000000000000089
:10D7A0000000000000000000000000000100220056
:10D7B0006300AC32B9851FA7BE8EBF869F86BF8629
:10D7C000BF7EDF86DF86DF7EDF86DE86DF86DF8662
:10D7D000BF86BF86BF86BF86BF86BF86BF86DF8601
:10D7E000BF86DF7EDF7EDF7EDF7EDF7EDF86BF8679
:10D7F000BF86BF86BF86DF7EDF7EDF7EBF86DF8699
:10D80000BF86DF869E7E1F973A8646010100000094
:10D8100000002100200020002200ED323FA7BE8E34
:10D82000BE86DF86BF86BF86BF86DF86DF86DF8651
:10D83000BF86BF86BF86BF86DF86DF7EDF7EDF7E58
:10D84000DF86DF86DF7EDF7EDF7EDF7EDF7EDF7EE0
:10D85000DF86BF86BF86DF86DF86DF869F7E9F7E70
:10D86000BF7EBF86DF86BE86FF963E9F7B964E3B81
:10D870000501210000000000000000000000000081
:10D880000000000000000000000000000000000098
:10D890000000000000000000000000000000000088
:10D8A0000000000000000000000000000000000078
:10D8B0000000010000000000000000000000000067
:10D8C00000000000200020002000000000000000F8
:10D8D0000000000020000000000000000000000028
:10D8E0000000000000000000000000000000000038
:10D8F0000000000000000000000000000000000028
:10D900000000000000000000000000000000000017
:10D910000000000000000000010021006200AC2AAD
:10D920005775BD96FF96DF8EDF86BF7EBF7EDF8692
:10D93000BE86DF86DF86DF86DF86DF86BF86BF8620
:10D94000BF86BF86BF86BF86BF86BF7EDF7EDF7E87
:10D95000DF7EDF7EDF7EDF86BF86BF86DF86DF7EFF
:10D96000DF7EDF7EBF86BF86BF869F7EDF86DF8647
:10D970001F973B8E6711220001000000210042002A
:10D98000D1435FA79E86BF869E7EDF86BF86BF8609
:10D99000BF86BF86BF86BF86DF86DF86BF86BF861F
:10D9A000BF86DF86DF7EDF7EDF7EDF7EDF7EDF7E9F
:10D9B000DF7EDF7EDF7EDF86BF86DF86DF7EDF7E87
:10D9C000BF7EBF86DF86DF86DF86BE7EFE8E3E9F01
:10D9D0005A8E0D33E40021002100000000000000F9
:10D9E0000000000000000000000000000000000037
:10D9F0000000000000000000000000000000000027
:10DA00000000000000000000000000000000000016
:10DA10000000000000000000000000000100010004
:10DA2000210021000100010021002100210021002E
:10DA3000210021000100210021000100010021003E
:10DA400021000100000000000000000000000000B4
:10DA500000000000000000000000000000000000C6
:10DA600000000000000000000000000000000000B6
:10DA700000000000000000000000000000000000A6
:10DA80000000000020002000620066093254BC96AD
:10DA9000FE8EDE7EFF86DF7EDF86BF86BF86BF8688
:10DAA000DF86DF7EDF7EDF7EDF86BF86BF86BF86C6
:10DAB000BF86BF86DF7EDF7EDF7EDF7EDF7EDF7EAE
:10DAC000DF7EDF7EDF7EDF7EDF7EDF7EDF86BF867E
:10DAD000BF86DF869F7E9F869E7E1F977C966B22E9
:10DAE0002100210042006F3B5FA7BE86BF86BF8634
:10DAF000FF86BF7EBF86BF86DF86DF86BF86BF8686
:10DB0000DF86DF86BF86BF86BF86DF86DF86DF7E55
:10DB1000DF7EDF7EDF7EDF7EDF7EDF7EDF86BF862D
:10DB2000BF86BF86DF7EDF7EFF86BF7EBF869F8685
:10DB3000BF86FF967B8E4E3304012100000020003B
:10DB400000000000000000000000000000000000D5
:10DB500000000000000000000000000000000000C5
:10DB600000000000000000000000000000000000B5
:10DB7000000000002100210021002100420042009D
:10DB80004200C400470168018809A909EA110A1284
:10DB90002A1A2B1A8C226C226C224C224B1A2B1A1A
:10DBA000EA11CA11C911A80947012701C5002200BD
:10DBB000220042002100210001000000000020009E
:10DBC0000000000000000000000000000000000055
:10DBD0000000000000000000000000000000000045
:10DBE0000000000000000000000000000000200015
:10DBF000000020004100870956753FA7DE8EBF86D2
:10DC0000BF86BF86BF86BF86DF7EDF7EDF7EDF7E8C
:10DC1000DF7EBF86BF86BF86BF86BF86DF86DF7E8C
:10DC2000DF7EDF7EDF7EDF7EDF7EDF7EDF7EDF7E0C
:10DC3000DF7EDF7EDF86DF86BF86DF86FF8EBF86E4
:10DC4000BF7EBF86FE8E3EA72E3B42001244BD968D
:10DC5000DE8EBF86DF7EDF869F7EDF86BF86DF8625
:10DC6000DF7EDF7EDF86DF86BF86BF7EBF86DF8604
:10DC7000DF86DF86DF86DF86BF86BF86BF86DF86DC
:10DC8000DF7EDF7EBF86BF86BF86BF86BF7EFF8604
:10DC9000BF7EBF7E9E7EFF967FAF1254A400210000
:10DCA0000000000020000000000000000000000054
:10DCB0000000000000000000000000000000000064
:10DCC0000000000000000000000000000000000054
:10DCD0000000000001002100220023008400480110
:10DCE000EA096C0AEE129123753C5855DB65DC6538
:10DCF000DC65FC651D661D661D661D661D661D6670
:10DD00001D661D661D661D661D66FD65FC65DB6581
:10DD1000BB5DBB65184DD32B301BCF122C0AEA0913
:10DD200007016300430021000100210000002000E2
:10DD300000000000000000000000000000000000E3
:10DD400000000000000000000000000000000000D3
:10DD500000000000000000000000000020000000A3
:10DD60008300AC32B9853FA7BF86DF86DF7EDF7ECA
:10DD7000DF7EDF86BF86DF86DF7EDF7EDF7EDF7EC3
:10DD8000BF86BF86BF86BF86BF86DF86BF86DF862B
:10DD9000DF86DF86DF86DF86BF86DF86DF86DF867B
:10DDA000DF7EDF7E9E7EDF86DF86DF86BF7EBE86ED
:10DDB0007C8ECD2ABD8EBE8EBF86DF86DF7EDF7E67
:10DDC000BF86BF86BF86BF7EDF7EDF7EDF86DF86C3
:10DDD000BF86BF7EDF86DF86DF86DF86BF86BF86A3
:10DDE000BF86BF86BF86BF86BF86BF86BF86BF860B
:10DDF000BF86BF86DF86BE86DE86DE8E7FAF777506
:10DE00000A1A2200010000000000000000000000CB
:10DE10000000000000000000000000000000000002
:10DE200000000000000000000000000000000000F2
:10DE3000000001000100220022004200C500EA119A
:10DE40000F33913B96547965FB6DFC651D663D5E15
:10DE5000FC55BC4DBC45BC45BD45BD45BD45BD455E
:10DE6000BD45BD45DD45DD45BD45BD45BD45BD4562
:10DE7000BD45BD45BC45DC4D9B45BC45DD4D1D56F6
:10DE80005E661C5EFC651C6E385D544CD2434C1AB9
:10DE9000C500630042004100210021002000000075
:10DEA0000000000000000000000000000000000072
:10DEB0000000000000000000000000000000000062
:10DEC000000000000000000000002100A4000E334C
:10DED0003B86DE8EDF86DF7EBF86BF86BF86BF863F
:10DEE000DF7EDF7EDF7EDF7EDF86DF86BF86BF866A
:10DEF000BF86BF86BF86DF86BF86DF86BF86BF86BA
:10DF0000BF86BF86DF86BF7EDF7EDF7EFF86DF7E49
:10DF1000BF86BF86DF7EBF869D8E9033375DBE8E07
:10DF2000DF86BF7EFF7EDF7EBF86BF86BF86DF7E49
:10DF3000DF7EDF7EDF7EDF86DF86BF86DF7EDF7E01
:10DF4000DF86BF86DF86DF86DF7EDF7EBF7EDF8601
:10DF5000DF86BF869F7EFF86DF7EDF86BE86BE8E23
:10DF60001FA73B966B2A8300010000000000000001
:10DF700000000000000000000000000000000000A1
:10DF80000000000000002000000000000000000071
:10DF9000000000000000210021008400C6000C02E7
:10DFA0009133954C3855DA65FC65FC5DDC5DBB55FD
:10DFB0009B4DBB4DBC4D9C4D9C4D9C4DBC4DBC4D9B
:10DFC000BC4DBC4DBC45BC45BC45BC45BC45BC4539
:10DFD000BC45BC45BC45BC45BC45BC45BC45BC4539
:10DFE000BC4DBC4DBC4DBC4DBC4DBB4DBB4DBB4DEC
:10DFF000DB55FC5DFC65BB65595DF854343C0F2373
:10E000004801C5004200410000000000000000007F
:10E010000000000000000000000000000000000000
:10E0200000000000000000000000000000000000F0
:10E0300000000000210021004509567DFE9EFF8E54
:10E04000BF8EBF869F86BF86DF86DF7EFF86DF7E30
:10E05000DF7EFF86BF7EDF86BF86BF86BF86BF8628
:10E06000BF86DF86BF86BF86BF86BF86DF86DF7E30
:10E07000DF7EFF7EBF7EDF86BF86DF86DF86BF86D0
:10E080007D8E4F33AD1A1B869E86DF86DF7EFF7E38
:10E09000BF7EDF86DF86DF86DF7EDF7EDF86DF8690
:10E0A000DF86DF7EDF7EDF7EDF86BF86DF86DF7E88
:10E0B000DF7EDF7EDF7EDF867F7EBF86DF869F7E20
:10E0C000BE7EFF861F9FFEA60E3383002100000048
:10E0D0000000000000000000000000000000000040
:10E0E0000000000000000000000000000000000030
:10E0F000210000000000010042002200A40088016D
:10E10000EE2AD65C7A65BB5DDC5DBB55BB4DBB4D75
:10E11000BB45BB45DC45BC45BC45BC45BC4D9C4DE9
:10E120009C4D9C4DBC4DBC4DBC4DBC4DBC4DBC4DE7
:10E13000BC4DBC4DBC4DBC4DBC4DBC4DBC4DBC4D97
:10E14000BC4DBC4DBC4DBC4DBC4DBC4DBC4DBC4D87
:10E15000BC45BC45BC45BC45BC45BC45BC4DDC4D87
:10E16000DC55DC55DC5DBC65BB6D3865CE228809AD
:10E17000C400220021004100000000000000000057
:10E18000000000000000000000000000000000008F
:10E19000000000000000000020002000000020001F
:10E1A000000041004A1A376DDE9EBE8EBF8EDF86AC
:10E1B000BF7EDF86BF7EBF7EDF86BF7EFF86BF7EDF
:10E1C000DF86DF86BF86DF86DF86DF86DF86BF8667
:10E1D000BF86BF86BF7EDF86DF7EBF7EFF86DF7E97
:10E1E000DF86DF869E7EBE8E787D470163000E331C
:10E1F0003F9F9E7EBF7EDF7EDF7EDF7EDF86BF8627
:10E20000BF86BF86BF86BF86DF7EDF7EDF7EDF7E86
:10E21000DF86DF86DF86DF7EDF7EDF7EDF7EDF7EFE
:10E22000DF86BF86BE86DE861F8F1E97577D8811CC
:10E23000220041000000000000002000000020003B
:10E2400000000000000000000000000000000000CE
:10E2500000000000010800000000010042008400EE
:10E26000C9010F13F84C1D6EBC659B5DBC55BC4DC0
:10E27000BC4DBC4DBC4DBC4DBC4DBC45BC45BC456E
:10E28000BC45BC4DBC4D9C4D9C4DBC4DBC4DBC4D8E
:10E29000BC4DBC4DBC4DBC45BC45BC45BC45BC455E
:10E2A000BC45BC45BC45BC45BC45BC45BC4DBC4D56
:10E2B000BC4DBC4DBD4DBD4DBD45BD45BD45BD4530
:10E2C000BD4DBC4DBC4DBC4DBC4DBC4D9B4D9C553E
:10E2D0009C559C5DDD653D76F854EF1A2B0AA40031
:10E2E00022002100010020000000000000000000CA
:10E2F000000000000000000000000000000000001E
:10E300000000200000000000200000002100830029
:10E310002E3BFEA6FF969E7EDF86DF7EBF7EFF86BB
:10E32000DF86DF7EDF86DF86DF86BF7EDF7EDF7E05
:10E33000DF7EDF7EDF7EDF7EDF7EDF7EDF869F7E2D
:10E34000DF86DF86BF7EDF7EBF7EBE7EDE8EFDA6E1
:10E350008709210001006200F56C1F9FBE86BF7E09
:10E36000DF7EDF7EDF86BF86BF86BF86BF86BF8635
:10E37000DF7EDF7EDF7EDF7EDF7EDF7EDF86DF86A5
:10E38000DF86DF7EDF7EDF7EDF7EDE86DE86DD8E81
:10E390003FA76F3362002100000000000000000072
:10E3A000000000000000000000000000000000006D
:10E3B0000000000020000000200001000200020018
:10E3C00043006809CE2A544C1C6E1D66DC4D9C45EA
:10E3D0007C45BC4DBC459C45BC45BC45BC4DBC4D7D
:10E3E000BC4DBC4DBC4DBC4DBC4DBC4DBC4DBC4DE5
:10E3F000BC45BC45BC4DBC4DBC4DBC4DBC45BC45F5
:10E40000BC45BC45BC45BC45BC45BC45BC45BC4504
:10E41000BC45BC45BC45BC45BC45BC4DBC4DBD4DDB
:10E42000BD4DBD4DBD4DBD45BD45BC45BC4DBC4DB7
:10E43000BC4D9C4D9C4DBD4D9C4D9C4D9C4D7B457C
:10E440009B553D6EFC6D954C2F2BC9098300220016
:10E45000210020000000000020000000000000005B
:10E46000000000000000200000000000200000006C
:10E4700000000000000000002100A809366D1F9F69
:10E480009E86BE86DF86DF7EBF7EDF86BF7EDF861E
:10E49000BF7EDF7EDF7EDF7EDF86DF86DF7EDF7EA4
:10E4A000DF7EDF7EDF86BF86DF86DF86DF7EBF7EA4
:10E4B000DF7EFF8E3EAFCC2A21002100000041000C
:10E4C000830016753F9FBE86BF7EDF7EDF86BF86D8
:10E4D000BF86BF86BF86DF86DF86DF7EDF7EDF7E8C
:10E4E000DF7EDF7EDF86BF86BF86BF86DF86DE7E7D
:10E4F000FE7EDD7E1D97DD9EAC3242004100200095
:10E5000020000000000000000000000020000000CB
:10E5100000002000000000000000000000000000DB
:10E52000200042006400CA01143CBB65FD65DD5D4E
:10E530009B4D7B4D9B4DDC4DDC4DBC45DC4DDC4D9E
:10E54000BC4DBC4D9C45BC4DBC4DBC4DBC4DBC4DAB
:10E55000BC4DBC4DBD45BC45BD45BC45BC4DBC4D91
:10E56000BC4DBC4DBC4DBC4DBC45BC45BC45BC4583
:10E57000BC45BC45BC4DBC4DBC4DBC45DC45DC453B
:10E58000DC45BC45BC45BC4DBC4DBC4DBC4DBC4D3B
:10E590009C459C45BC45BD4DBD4DBD4DBD4D9C45AF
:10E5A0009C45BC4DDC4DBC4DBC4D9B4DBC4DDC5524
:10E5B0003D669A5DB64C713348014300210000006E
:10E5C000000000000000000000000000200000002B
:10E5D000000000000000000021000000000000001A
:10E5E00020002100830094641FA71F97DE7EDF7E3A
:10E5F000FF86BF7EDF86DF86BF86BF7EDF86BF8663
:10E60000BF86BF86BF86DF7EDF7EDF7EBF7EFF8662
:10E61000BF7EBF7EDF7EBE7EFF863FA76F4B2100A1
:10E6200021002100000000000100A300F56C1E9FE6
:10E63000DE86DF7EDF7EDF86BF86BF86BF86DF8623
:10E64000DF86DF86DF86DF7EDF7EDF7EDF86BF86DA
:10E65000BF86BF86DF86BD7E1E8F5F9F7354050118
:10E660002100000000000000200000000000000069
:10E67000000000000000000000000000000000009A
:10E680000000010021006300C4000A0A744CBB654D
:10E69000BC55BC4DBC45DD4D9C4DDD559C4D9B4551
:10E6A000BC45BC459C45BC4DBC4DBC4DBC4DBC4D5A
:10E6B000BC4D9C4DBC4DBC4DBC4DBC4DBC4DBC4D32
:10E6C000BC4DBC4DBC4DBC4DBC4DBC4DBC4DBC4D02
:10E6D000BC45BC45BC45BC45BC45BC45BC4DBC4D22
:10E6E000BC4DBC45DC45DC45BC45BC45BC4DBC4DCA
:10E6F000BC4DBC4DBC4DBC4DBC4DDC4DBC4DBC45BA
:10E700009C459C45BD4D9C45DC4DDC4D9B4DBC4D19
:10E71000DC4DBC45BC45BD459C45FD55BC55DC6547
:10E72000BB6DF3438801830022000100010000005B
:10E7300000000000200000000000000000000000B9
:10E740000000000020000000000000002100420046
:10E75000E911FA851F979D7EDF86DF86BF86BF861B
:10E760009F7EFF86BF86BF86BF86BF86DF86DF7E31
:10E77000DF7EDF7EDF869F7EDF86BF7EDF86FE8ECA
:10E780005FA7B0432100000020000000000000004F
:10E7900000002000A300577DDE96BE7EDF7EDF7E78
:10E7A000DF86BF86BF86BF86DF86DF86BF86BF86E1
:10E7B000BF86BF86DF86DF7EDF7EDF7EBE86FF967A
:10E7C0009C960E3B2200420000000000000000006A
:10E7D0000000000000002000000000000000000019
:10E7E0000000000020002000200062002701AE127F
:10E7F000385DFC6D9B55BB55BC4DBC4DBC4DBC45FF
:10E800009C45BC4DBC4DBC4DBD4D9C45BC4DBC4D0F
:10E81000BC4DBC4DBC4DBC4DBC4DBC4DBC4DBC4DB0
:10E820009C4D9C4DBC4DBC4DBC4DBC4DBC4DBC4DE0
:10E83000BC4DBC4DBC4DBC4DBC4DBC4DBC4DBC4D90
:10E84000BC4DBC4DBC4DBC4DBC4DBC4DBC4DBC4D80
:10E850009C4DBC4DBC4DBC4DBC4DBC4D9C45BC45C0
:10E86000BC45BC45BC45BC4DBC4DDD4DBC45DD4D3E
:10E87000BC4D9C4D9C4DBC4D9C4DBC4D9C45DD4DB7
:10E880007B459C45DC4D9B4D9C55DC5D3D6EF333DB
:10E89000CA01840021000000000000000000000008
:10E8A0000000000000000000000000000000200048
:10E8B00000000000000000002100E500D5645FA713
:10E8C000DF8EBE7EDF86DF7EDF869F7EDF86BF86B1
:10E8D000BF86BF86DF7EDF7EDF7EDF86BF86DF8688
:10E8E000FF869E7EFE8E5FA78F43410020002000A2
:10E8F0000000000001000000000020000000660988
:10E90000B87DDE8EDE7EDF7EDF7EBF86BF86BF8681
:10E91000DF86DF86BF86BF86BF86BF86DF86DF7E57
:10E92000DF7EDE863FA7166DE50022002100000095
:10E9300000000000000000000000000000000000D7
:10E940000000000000000000000000004100420044
:10E9500066017033DB6DFC65BC559B4D9C4D9C4541
:10E96000BC4DBC4DBC4D9C45DD4DBC45BC459C459E
:10E97000BC4DBD4D9C4DBC4DBC4DBC4DBC4D9C4596
:10E98000BC4DBC4DBC4DBC4DBC4DBC4DBC4DBC4D3F
:10E99000BC4DBC4DBC4DBC4DBC4DBC4DBC4DBC4D2F
:10E9A000BC4DBC4DBC4DBC4DBC4DBC4DBC4DBC4D1F
:10E9B000BC4DBC4D9C4D9C4D9C4D9C4D9C4DBC4DAF
:10E9C000BC4DBC4DBC45BC45BC45BC4DBC4DBC4D17
:10E9D000BC4D9C45BC45BC459C45BD4DBC4DBC4D4E
:10E9E0009C4DBC4DBC4DBC45BD4DDD4D9C45BC4D0D
:10E9F000DD4DBC4DBC45FC551C6EB6548C22A400AC
:10EA000021000000000000000000000000000000E5
:10EA100000000000000000000000000000000000F6
:10EA2000200021006300ED325C8EFF96BE7EDF7E0B
:10EA3000BF86DF86DF86DF86BF86DF86DF7EDF7EFE
:10EA4000DF7EDF7EDF86BF86BE7EFF8E5FA78F3BC9
:10EA50006200000000000000000000000000000054
:10EA60000000000000002100A7099875BD8EDE8619
:10EA7000BF86BF86BF86BF86DF86DF86BF86DF860E
:10EA8000BF86BF86DF869E7E1F8F7FAF5364630085
:10EA90002000000020000000000000000000000036
:10EAA0000000000000000000000000000000000066
:10EAB000210042004701D233BA65DC5D9B4D9C4D7D
:10EAC000BC4DBC4DBC4DBC4DBC4DBC4DBC4DBC4DFE
:10EAD000BC4DBC4DBC4DBC4DBC4DBC4DBC4DBC4DEE
:10EAE000BC4DBC4DBC4DBC4DBC4DBC4DBC4DBC4DDE
:10EAF000BC4DBC4DBC4D9C4D9C4DBC4DBC4DBC4516
:10EB0000BC4DBC45BC45BC45BC45BC45BC4DBC4DE5
:10EB1000BC4DBC4DBC4DBC4DBC4DBC4DBC4DBC4DAD
:10EB2000BC4DBC4DBC4DBC4DBC4DBC4DBC45BC45AD
:10EB3000BC45BC45BC45BC45BC45BC45BC45BC45CD
:10EB4000BC4DBC4DBC4DBC4DBC4DBC4DBC4DBC4D7D
:10EB5000BC4DBC4DBC4DBC4DBC4DBC4DBC4DBB4D6E
:10EB60009C4D9B551D6ED754890143002100000028
:10EB70000000200000000000000000000000000075
:10EB80002000000000000100000000002000210023
:10EB900087091A8EFE96BE7EDF86BF86BF7EDF8621
:10EBA000DF86BF7EDF86FF86DF7EFF7EDF7EBE7E66
:10EBB000DE867FA7F14B410000000000000000004E
:10EBC0000000000000000000000000000000000045
:10EBD0002100A709F985FE96BE86BF86DF86DF86FF
:10EBE0009E7EBF7EDF86DF86FF86BF86DF861F971D
:10EBF0005B8E6B222100000020000000200000003E
:10EC00000000000000000000000000000000000004
:10EC1000000000000100420063008C1AFB75DB5D00
:10EC2000BC4DBC45BC45BC4DBC4DBC4DBC4DBC4DAC
:10EC3000BC4DBC4DBC4DBC4DBC4DBC4DBC4DBC4D8C
:10EC4000BC4DBC4DBC4DBC4DBC4DBC4DBC4DBC4D7C
:10EC5000BC4DBC4DBC4DBC4DBC4DBC4DBC4DBC4D6C
:10EC6000BC4DBC4DBC4DBC45BC4DBC45BC45BC457C
:10EC7000BC45BC45BC4DBC4DBC4DBC4DBC4DBC4D5C
:10EC8000BC4DBC4DBC4DBC4DBC4DBC4DBC4DBC4D3C
:10EC9000BC4DBC4DBC4DBC4DBC4DBC4DBC4DBC4D2C
:10ECA000BC45BC45BC4DBC4DBC4DBC4DBC4DBC4D2C
:10ECB000BC4DBC4DBC4DBC4DBC4DBC4DBC4DBC4D0C
:10ECC000BC4DBC4DBC45BC45BC45DD4D7B45BC5534
:10ECD000DC6D344C6801420021000000000000009F
:10ECE00000000000000000002000200000000000E4
:10ECF00000000000000000002100E400166DFE96F8
:10ED0000BE8EBF86DF869F7EDF86FF86BF7EDF7E6C
:10ED1000DF7EBF7EDE86DE8E5FA78F3B4100200058
:10ED200000000000000000000000000000000000E3
:10ED3000000000000000200020002100A400D56C8D
:10ED40001F9FBE86DF7EBF7EFF86DF7EDF7EDF7E8B
:10ED5000BF7E9E7E3F979C96871121000000410058
:10ED60000000000000000000000000000000200083
:10ED70002000000000000000000001008300C80126
:10ED8000D64C1C669B559B4DDC4D9C45BC4DBC4DEB
:10ED9000BC4DBC4DBC4DBC4DBC4DBC4DBC4DBC4D2B
:10EDA000BC4DBC4DBC4DBC4DBC4DBC4DBC4DBC4D1B
:10EDB000BC4DBC4DBC4DBC4DBC45BC45BD45BD4529
:10EDC000BD45BC45BC45BC45BC45BC45BC4DBC4D2A
:10EDD000BC4DBC4DBC4DBC4DBC45BC45BC45BC450B
:10EDE000BC4DBC4DBC4DBC4DBC4DBC4DBC4DBC4DDB
:10EDF000BC4DBC4DBD4DBD4DBD4DBD4DBD4DBD4DC5
:10EE0000BD4DBC4DBC4DBC4DBC4DBC4DBC4DBC4DB9
:10EE1000BC4DBC4DBC4DBC4DBC4DBC4DBC4DBC4DAA
:10EE2000BC4DBC4DBC4DBC4DBC4DBC4DBD45DD4D80
:10EE30009B45BB4DBB4D7B4DBC55BC5DDC6DD23B9A
:10EE4000260121000000000000000000000000007A
:10EE500000000000000000000000000000000000B2
:10EE6000000000008300325CBD96DF8EBF7EDF7E37
:10EE7000BF7EBF7EDF7EBF7EDF86BF86DE863FA78A
:10EE8000904B420000002000000000000000000045
:10EE90000000000000000000000000000000000072
:10EEA0000000000042006300166D1F9FDE869E7EFC
:10EEB000DF7EDF7EBF7EBE7EDE863F9FD97D250161
:10EEC0000100000000000000000000000000200021
:10EED00000000000000000000000000021002100F0
:10EEE0002100A8093344FB6DBB55BC4D9C45BD4D6D
:10EEF0009C459C4DBC4DBC4DBC4DBC4DBC4DBC4D12
:10EF0000BC4DBC4DBC4DBC4DBC4DBC4DBC4DBC4DB9
:10EF1000BC4DBC4DBC4DBC4DBC4DBC4DBC4DBC4DA9
:10EF2000BC4DBC45BC45BC45BC45BC45BC45BC45D1
:10EF3000DC45BC45BC4DBC4DBC4DBC4DBC4DBC4D79
:10EF4000BC45BC45BC45BC45BC45BC4DBC4DBC4DA1
:10EF5000BC4DBC4DBC45BC45BC45BC4DBD4DBD4D7F
:10EF6000BD4DBC4DBD4DBC4DBC4DBC4DBC4DBC4D57
:10EF7000BC4DBC4DBC4DBC4DBC4DBC4DBC4DBC4D49
:10EF8000BC4DBC4DBC4DBC4DBC4DBC4DBC4DBC4D39
:10EF9000BC4DBC4DDD4D7C3DDC4DDC4DBB4DDC4DF9
:10EFA000BC45BC4DBC55BB5DBA758C22220021000E
:10EFB0000100000000000000000000000000000050
:10EFC0000000000000000000000000000000210020
:10EFD000AC22FE9EFF8E9E7EDF86DF86DF7EFF8672
:10EFE0009F7EDF8E7FAF9043210000000000000075
:10EFF0000000000000000000000000000000000011
:10F0000000000000000000000000000000000100FF
:10F01000A30015751E9FDE869E7EBF86DF86BE8E90
:10F020003FA77775A300200020000000200000000B
:10F0300000080000000000000000200000000000A8
:10F040000000000021004300302BFB6DBB55BC5578
:10F050009B4D9C4DBC4DBD4D9D4DDD4DBC4DBC4DA6
:10F06000BC4DBC4DBC4DBC4DBC4DBC4DBC4DBC4D58
:10F07000BC4DBC4DBC4DBC4DBC4DBC4DBC4DBC4550
:10F08000BC45BC45BC4DBC4DBC4DBC4DBC4DBC4D48
:10F09000BC4DBC4DBC45BC45BC45BC4DBC4D9C4D60
:10F0A000BC4DBC4DBC4DBC4DBC45BC45BC45BC4538
:10F0B000BC45BC45BD4DBD4DBD4DBC4DBC45BC4525
:10F0C000BC45BC45BC45BC45BC45BC4DBC4DBC4D20
:10F0D000BC4DBC4DBC4DBC4DBC4DBC4DBC4DBC4DE8
:10F0E000BC4DBC4DBC4DBC4DBC4DBC4DBC4DBC4DD8
:10F0F000BC4DBC4DBC4DBC4DBC4DBC4DBC45DC4DB0
:10F10000BD4D9C45BC45BC45BC45BC45BC4D9C4D1E
:10F110009B55DC659654CA092200010000002008B6
:10F1200000000000000000000000000000000000DF
:10F1300000000000000021002100C8093A86DE8E90
:10F14000BE86BE86DF869E7EFF865FA70E334200A8
:10F15000000000000000200000000000000000008F
:10F16000000000000000000000000000000000009F
:10F1700000000000200000002100830052541EA760
:10F18000BE96BE8EFE969D966F3B6200010000000B
:10F19000000000000000000000000000200000004F
:10F1A000000000000000000000004200C500134401
:10F1B000FC6D9B4DBC4D9C459C4DBC4DBC4D9C4538
:10F1C0009D4D9D4DBC4DBC4DBC4DBC4DBC4DBC4D35
:10F1D000BC4DBC4DBC4DBC4DBC4DBC4DBC4DBC4DE7
:10F1E000BC4DBC4DBC45BC45BC45BC45BC4DBC4DF7
:10F1F000BC4DBC4DBC4DBC4DBC4DBC4DBC4DBC4DC7
:10F20000BC4DBC4DBC4DBC4DBC4DBC4DBC4DBC4DB6
:10F21000BC4DBC4DBC4DBC45BC45BC45BC4DBC4DBE
:10F22000BC4DBC4DBC45BC45BC45BC45BC45BC45C6
:10F23000BC4DBC4DBC4DBC4DBC4DBC4DBC4DBC4D86
:10F24000BC4DBC4DBC4DBC4DBC4DBC4DBC4DBC4D76
:10F25000BC4DBC4DBC4DBC4DBC4DBC4DBC4DBC4D66
:10F26000BC4DBC4DBC4DBC4DBC4DDD4DBC45BC4545
:10F27000DC45DC45BC45DD4DBC459C4DFD65DB6D8D
:10F280006D1A840021000000000000000000000052
:10F29000000000000000000000000000000000006E
:10F2A0000000210087011986FE9EFE96BE8E1F9FDC
:10F2B0001EA7AC2222000000000000000000000099
:10F2C000000020000000000000000000000000001E
:10F2D000000000000000000000000000000020000E
:10F2E000000020004200ED3A3A96FDA67B9E081AE7
:10F2F000410021002100000000000000000000008B
:10F3000000000000000000004000000000000100BC
:10F3100043006C127A5DDC559C4DBD4D9C45DD4D26
:10F320009C45BD4D9C4D9C4DBC4DBC4DBC4DBC4DFC
:10F33000BC4DBC4DBC4DBC4DBC4DBC4DBC4DBC4D85
:10F34000BC4DBC4DBC4DBC4DBC4DBC4DBC45BC4585
:10F35000BC45BC45BC4DBC4DBC4DBC4DBC4DBC4D75
:10F36000BC4DBC4DBD4DBD45BD45BD45BD45BD4577
:10F37000BD45BC45BC45BC4DBC4DBC4DBC4DBC4D5C
:10F38000BC4DBC4DBC4DBC4DBC4DBC45BC4DBC4D3D
:10F39000BC4DBC4DBC4DBC4DBC4D9C4D9C4D9C4D85
:10F3A0009C4DBC4DBC4DBC4DBC45BC45BC4DBC4D45
:10F3B000BC4DBC4DBC4DBC4DBC4DBC4DBC4DBC4D05
:10F3C000BC4DBC4DBC4DBC4DBC4DBC4D9D4D9D4D33
:10F3D000BD4D9C459C45DC4DBC45BC45DD45BC4513
:10F3E000DD4D9C4D7B4D9B55FC659644680122008C
:10F3F000010000000000000000000000000000000C
:10F400000000000000000000210000002000820039
:10F410006F439CA6FEAE3254E500210020000000A0
:10F420000000000000004108000000000000000093
:10F4300000000000000000000000000000000000CC
:10F44000000000000000000020000000000021007B
:10F45000C4004501C30020000000000000000000BF
:10F46000000000000000000000000000000000009C
:10F4700000002000210064005033DB6DDC55BC45EA
:10F48000BD459D45BD4D9C4D9C4DBD4D9C4DBC4DC0
:10F49000BC4DBC4DBC4DBC4DBC4DBC4DBC4DBC4D24
:10F4A000BC4DBC4DBC4DBC4DBC4DBC4DBC4DBC4D14
:10F4B000BC4DBC4DBC45BC45BC45BC45BC4DBC4D24
:10F4C000BC4DBC4DBC4DBC4DBC4DBD4DBD4DBD4DF1
:10F4D000BD45BD45DD45DD45BD45BD45BC45BC4DD6
:10F4E000BC4DBC4DBC4D9C4DBC4DBC4DBC4DBC4DF4
:10F4F000BC4DBC45BC4DBC4DBC4DBC4DBC4DBC4DCC
:10F500009C4D9C4D9C4D9C4DBD4DBC4DBC4DBC4D32
:10F51000BC4DBC4DBC4DBC4DBC4DBC4DBC4DBC4DA3
:10F52000BC4DBC4DBC4DBC4DBC4DBC4DBC4DBC4D93
:10F53000BC4DBC4D9D4DBD4D9C45BC4DBC4DBC4DC9
:10F54000BC4DBC45DD459C3DBC45BD4DBC4D9C4DB9
:10F55000DC4DDC557A65CA01220021000000200044
:10F56000000000000000000000000000000000009B
:10F5700000000000000000004100050125014200DC
:10F58000000000000000000000000000000000007B
:10F59000000000000000000000000000000000006B
:10F5A000000000000000000000000000000000005B
:10F5B00000000000000000002000200020002000CB
:10F5C000000000000000000000000000000000003B
:10F5D0000000000000000000010022004901554425
:10F5E000FC6D9B557B45DC4DDC45BC45BD45BC45B4
:10F5F000BC4DBC4DBC4DBC45BC45BC45BC45BC4DE3
:10F60000BC4DBC4DBC4DBC4DBC4DBC4DBC4DBC4DB2
:10F61000BC4DBC4DBC4DBC4DBC4DBC4DBC45BC45B2
:10F620009C45BC4DBC4DBC4DBC4DBC4D9C4DBC4DDA
:10F63000BC4DBC4DBC4DBC4DBC4DBC4DBC45BC4592
:10F64000BC45BC4DBC4DBC4DBC4DBC4DBC4DBC4D7A
:10F65000BC4D9C45BC4DBC4DBC4DBC4DBC4DBD4D89
:10F660009C459C45DC4DBC459C45BC4DBC4DBC45BA
:10F670009C45BC4DBC4DBC4DBC4DBD4DBC4DBC4D69
:10F68000BC4DBC4DBC4DBC4DBC4DBC4DBC4DBC4D32
:10F69000BC4DBC4DBC4DBC4DBC4DBC45BD45BD4538
:10F6A000BD4DBC4D9C4DBD4DBD4DBD4DBD45BC453D
:10F6B000BC45BC45BC45BC45BC45BC4DBC559A652C
:10F6C0002F23A40020000000000000000100010022
:10F6D000000000000000000000000000000000002A
:10F6E000000000000000000000000000000000001A
:10F6F000000000000000000000000000000000000A
:10F7000000000000000000000000000000000000F9
:10F7100000000000000000000000000000000000E9
:10F7200000000000000000000000000000000000D9
:10F7300000000000000000000000000000000100C8
:10F7400022000C12DC75DD5D9B4D9B45BC4DBC451C
:10F75000BC45DD45BC45BC45BC4DBC4DBC45BC4570
:10F76000DC45BC45BC45BC4DBC4DBC4DBC4DBC4D49
:10F77000BC4DBC4DBC4DBC4DBC4DBC4DBC4DBC4D41
:10F78000BC4DBC4DBC4DBD4DDD4DBD4D9C45BC4D36
:10F79000BC4D9C45BC4DBC4DBC4DBC4D9C4DBC4D69
:10F7A000BC4DBC4DBC4DBC4D9C4D9C4D9C45BC4581
:10F7B000BC45BC45BC45BC45BC4DBC4DBC4DBD4528
:10F7C0009C4D9C4DBD4DBD4DBC45BC4DBC4DBC453F
:10F7D000BC45DC4DBC4DBC4DDC4DBC4DBC4DDC4D89
:10F7E000DD4D9C45BC4DBC4DBC4DBC4DBC4DBC4DD8
:10F7F000BC4DBC4DBC4DBC4DBC4DBC4DBC4DBC4DC1
:10F80000BC4DBC45BC45BC45BC4DBC4DBD4DBD4DC6
:10F81000BD4DBD4DBC4DBC4DBC4DBC45BC45BC45B6
:10F82000BC45BC4DBC4DBC551C6ED65C05012100D1
:10F8300000000000010001000000000000000000C6
:10F8400000000000000000000000000000000000B8
:10F8500000000000000000000000000000000000A8
:10F860000000000000000000000000000000000098
:10F870000000000000000000000000000000000088
:10F880000000000000000000000000000000000078
:10F890000000000000000000000000000000000068
:10F8A0000000000000002200AE1ABC65BC4D9C4563
:10F8B000BC4DBC4DBC4DBB45BC45BC45BC4DBC4D19
:10F8C000BC4DBC4DBC45BC45BC45BC45BC45BC4D18
:10F8D000BC4DBC4DBC4DBC4DBC4DBC4DBC4DBC4DE0
:10F8E000BC4DBC4DBC4DBC4DBC4DBC4DBC4DBC4DD0
:10F8F0009C459C45BC45BD4DBC4DDD4D9B45BC4527
:10F90000DC4DBC4DDC4DBC4DBB4DDC4D9C459C4D98
:10F91000BD4DBD4DBC4DBC45BC45DC45BC459C45C5
:10F920009D45BD45BD45BD45BD45BD4DBD4DBC45D8
:10F93000BC4DBC4D9C45BC4DBD4D7C45BD4D9C4D0D
:10F940009C4DBC4D9C45BC45BC4DBC45BC4DBC4DC7
:10F95000BC4DBC4DBC4DBC4DBC4DBC4DBC4DBC4D5F
:10F96000BC4DBC4DBC4DBC4DBC4DBC4DBC4DBC4D4F
:10F97000BC4DBC4DBC45BC45BC45BC4DBC4DBC4D57
:10F98000BC4DBC4DBC4DBC4DBC4DBC45BD457B4587
:10F990009C55DC65F75427012200000000000000A0
:10F9A0000000000000000000000000000000000057
:10F9B0000000000000000000000000000000000047
:10F9C0000000000000000000000000000000000037
:10F9D0000000000000000000000000000000000027
:10F9E0000000000000000000000000000000000017
:10F9F0000000000000000000000000000000000007
:10FA00000000000020000000000000004300303330
:10FA1000FC6DDD55DD4DBC459C4DBC4DBC4DBC4D1C
:10FA2000DC4DBC4DBC4DBC4DBC4DBC4DBC4DBC4576
:10FA3000BC45BC45BC45BC4DBC4DBC4DBC4DBC4D96
:10FA4000BC4DBC4DBC4DBC4DBC4DBC4DBC4DBC4D6E
:10FA5000BC4DBC4DBC4DBC4DBC4DDD4DBD4DBC4544
:10FA6000BC45BC45FD4DBC459B45BB45BC4DBC4D57
:10FA7000BB4D9B4DBC559C557B559C55DC5DFD5D40
:10FA8000DC5DDC5D1D66FD5DDC5DDC5DDD5DDD5D41
:10FA9000DD5DFD5DDC5DBB559B4D9C4D9C4D9C4DE6
:10FAA0009C4DBD4DBC4DBC4DBC4DBC4DDC4DDC4DED
:10FAB000BC4DBC45BC4DBC4DBC4DBC4DBC4DBC4D06
:10FAC000BC4DBC4DBC4DBC4DBC4DBC4DBC4DBC4DEE
:10FAD000BC4DBC4DBC4DBC4DBC4DBC4DBC45BC45EE
:10FAE000BC4DBC4DBC4DBC4DBC4DBC4DBC4DBC4DCE
:10FAF000BC4DBC4DBD45DD4D9C4DBC4D1D5E585DA6
:10FB0000270122000000200000002000000000006B
:10FB100000000000000000000000000000000000E5
:10FB200000000000000000000000000000000000D5
:10FB300000000000000000000000000000000000C5
:10FB400000000000000000000000000000000000B5
:10FB500000000000000000000000000000000000A5
:10FB60000000000000000000000000002000200055
:10FB700002002300502B1C66BB4DBC459B459B4D92
:10FB8000BC4DBD4DBC4D9C4D9C4DDD4DBC4DBC4D4B
:10FB90009C4D9C4D9C4DBC4DBC45BC45BC4DBC4D8D
:10FBA000BC4DBC4DBC4DBC4DBC4DBC4DBC4DBC4D0D
:10FBB000BC4DBC4DBC4DBC4DBC4DBC4DBC4D9C4525
:10FBC000BC4DBC4D9C45BC45DD4DBC45DD4D9C450B
:10FBD000BC4DDC557B4DBC4D1D661D66FC65FB6D4B
:10FBE000BB6D5965B754554C354C5554923B713BE0
:10FBF000913BB13BF2431244334C5444F7549A6561
:10FC0000DB6DDB651C663E66FD557B45BC45DD4D09
:10FC1000BC45BC45BC4D9B459B45DC4DBC4DBC4DDE
:10FC2000BC4DBC4DBC4DBC4DBC4DBC4DBC4DBC4D8C
:10FC3000BC4DBC4DBC4DBC4DBC4DBC4DBC4DBB4D7D
:10FC4000BC4DBC4DBC4DBC4DBB4DBB4DBC4DBC4D6E
:10FC5000BC45BD45BD4DBD4DBC4D9C4D9C4D9D4DC8
:10FC6000BD459C45BC45FC559A5DA901420000007C
:10FC70000000000000000000000000000000000084
:10FC80000000000000000000000000000000000074
:10FC90000000000000000000000000000000000064
:10FCA0000000000000000000000000000000000054
:10FCB0000000000000000000000000000000000044
:10FCC0000000000000000000000000000000000034
:10FCD0000000000020004200C600D343BB5DDC4DA5
:10FCE000DC4DBC4DBB4DDC4DBC4D9C45BD4DBD4DB3
:10FCF000BD4DBC4DBC4DBC4DBC4DBC4DBC4DBC4DBB
:10FD0000BC4DBC4DBC4DBC4DBC4DBC4DBC4DBC4DAB
:10FD1000BC4DBC4DBC4DBC4DBC4DBC4DBC4DBC4D9B
:10FD2000BC4DBC4DBC4DBC4DBC4DBC4DDD4DBC4D6A
:10FD30009C45DD559B4DBC55DC5D1C6E1C76395DCC
:10FD4000F4333023CD1A4B12A901E600840043009E
:10FD50004300430043002200220042006200620090
:10FD600062006300C5004801CA014B0AAE1230238D
:10FD7000543C9A5D9A5D1D66FC5D9B4D9B4DDC5528
:10FD8000BC4DBC4D9C4DBC4DBC4DBC4DBC4DBC4D4B
:10FD9000BC4DBC4DBC4DBC4DBC4DBC4DBC4DBC4D1B
:10FDA000BC4DBC4DBC4DBB4DBC4DBC4DBC4DBC4D0C
:10FDB000BC4DBC4DBC4DBC4DBC45BC45BD45BD4519
:10FDC000BD4DBC4D7C4DBC4DBC45FD4D7C45BC4D39
:10FDD000FC55995DAC2262000000000000000000AC
:10FDE0000000000000000000000000000000000013
:10FDF0000000000000000000000000000000000003
:10FE000000000000000000000000000000000000F2
:10FE100000000000000000000000000000000000E2
:10FE200000000000000000000000000000000000D2
:10FE3000000000000000000000000000010084003D
:10FE400079653C66BC4DBC45BC4D9B4DBC4DBC452D
:10FE5000BC45BC4DBC4D9C459C4DDD4DBC4DBC4591
:10FE6000BC45BC45BC45BC4D9D4D9D4DBC4DBC4DA0
:10FE7000BC4DBC4DBC4DBC4DBC4DBC4DBC4DBC4D3A
:10FE8000BC4DBC4DBC4DBC4DBC4DBC45BC45DD4D19
:10FE9000BC459C45BC4DBC4DBB55DC651C765965CD
:10FEA00091332B12C91105012200420021002100CB
:10FEB000210021002100210021002000000000007D
:10FEC00000000000000000000000200021002100D0
:10FED00021002100210021006200C4002601EA095E
:10FEE0007033F75CBB65BB5D9B55BC4DBC4DBC4DD9
:10FEF000BC4DBC4DBC4DBC4DBC4DBC4DBC4DBC4DBA
:10FF0000BC4DBC4DBC4DBC4DBC4DBC4DBC4DBC4DA9
:10FF1000BC4DBC45BC45BD45BD45BD45BC4DBC4DBE
:10FF2000BC4DBC4DBC4DBC45BC45BC45DD4DBC4588
:10FF3000BC459C45BC559C559B45BC551C6ECE1A7A
:10FF4000220021002000000000000000000000004E
:10FF500000000000000000000000000000000000A1
:10FF60000000000000000000000000000000000091
:10FF70000000000000000000000000000000000081
:10FF80000000000000000000000000000000000071
:10FF90000000000000000000000000000000000061
:10FFA000000000002300EF32FC65BC45BC459C45C9
:10FFB000BC4DBC4DBC45BC45BC4DBC4DBC4DBC4D09
:10FFC000BD4D9C45BC4DBC45DC45DC45BC45BC45F8
:10FFD0009D4D9D4DBC4DBC4DBC45BC45BC45BC4537
:10FFE000BC4DBC4DBC4DBC4DBC4DBC4DBC4DBC45D1
:10FFF000BC45BC45DC4D9B45DD55FC5D9B5DDB6D2B
:020000040806EC
:10000000F754CE1A6801E6006300220021000000C8
:1000100000000000000000000000000000000000E0
:1000200000000000000000000000000000000000D0
:1000300000000000000000000000000000000000C0
:1000400000000000200021004200A40068013023CD
:10005000D7547A5DDB65BC5DBC55BC4DBC4DBC4521
:10006000BC4DBC4DBC4DBC45BC45BC45BC4DBC4D60
:10007000BC4DBC4DBC4DBC4DBC4DBC45BD45BD454E
:10008000BD45BD45BC4DBC4DBC4DBC4DBC4DBC453E
:10009000BC45DC45BC45BC45BB45BC4D9C559C5551
:1000A000BC4DBC4DDC55BA6D47012100000000007D
:1000B0000000000000000000000000000000000040
:1000C0000000000000000000000000000000000030
:1000D0000000000000000000000000000000000020
:1000E0000000000000000000000000000000000010
:1000F0000000000000000000000000000000000000
:10010000000000000000000000002100A500796D43
:100110009B5D9C4DBD4DBD4D9C45BC4DBC4DBC4DEE
:10012000BC4DBC4DBC45BC45BC45BC4DBC4DBC45A7
:10013000BC45BC45BC45BC4DBD4DBD4DBD4DBD4593
:10014000BD4DDD45BC45BC45BC45BC4DBC4DBC4D65
:10015000BC4DBC4D9C45BD45DD4D9C45DC4D1D5EFB
:100160007A5D55448D22E6006300220021000100E3
:10017000000000000000000000000000000000007F
:10018000000000000000000000000000000000006F
:10019000000000000000000000000000000000005F
:1001A000000000000000000000000000000000004F
:1001B0000100210021002200830026014F3B754CE5
:1001C000BB65FD5DBC4DBC45BC4DBC45BC45BC459F
:1001D000BC45BC45BC45BC45BC4DBC4DBC4DBC4DF7
:1001E000BC4DBC4DBD45BC45BC4DBB4DBC4DBC4DD7
:1001F000BC4DBC4DBD4DBC45BC45BC45BC45BC45DE
:10020000BC4D9B4D9C55BC4DBC45BC459B4DFC6DB0
:1002100091432200000000000000000000000000E8
:1002200000000000000000000000000000000000CE
:1002300000000000000000000000000000000000BE
:1002400000000000000000000000000000000000AE
:10025000000000000000000000000000000000009E
:10026000000000000000000000000000000000008E
:10027000000020008400D65C7A5DBC559C4D9C4DEE
:10028000DC4DBC45BC4DBC4DBC4DBC4DBC45BC451E
:10029000BC45BC45BC4DBC4DBC4DBC4DBC4DBC4D26
:1002A000BC45BC45BC4D9C45BC45BD45DD45DC451C
:1002B000BC4DBC4DBC4D9B459C4D9C4DBC4D7B4DA0
:1002C000DC5D3D6E5955B12B480143000200010031
:1002D00021000000000000000000000000000000FD
:1002E000000000000000000000000000000000000E
:1002F00000000000000000000000000000000000FE
:1003000000000000000000000000000000000000ED
:1003100000000000000000000000000000000000DD
:10032000000041004200A400A901F33BDC65DC5D54
:100330005A4DDC4DBB45DC4DBC45BC45DD4DBC4D8F
:100340009C45BC4DBC4DBC4DBC4DBD4DBD4DBC4D8B
:10035000BC4DBB4DBB4DBC4DBC4DBD4DBD4DBC4D55
:10036000BC45BC45DD4DBC4D9C4DBC4D9C55BC4D6C
:10037000DD45BC45BB55DB6D4C1A22002100000059
:10038000000000000000000000000000000000006D
:10039000000000000000000000000000000000005D
:1003A000000000000000000000000000000000004D
:1003B000000000000000000000000000000000003D
:1003C000000000000000000000000000000000002D
:1003D00000000000000000000000000021006B1A77
:1003E000BB659C4D9C4D9C45BC4DBC4DBC45BC4526
:1003F000BC45BC45BC4DBC4DBD45BD45BD4DBD4DD1
:10040000BC4DBC4DBC4DBC45BC45BC4DBB4DBB55AE
:10041000DC4DBC459C45BD45BC4D9B4D9C4DBC4DEC
:10042000DD4DBC4DDC5D3C76D23B2A12C40042005F
:1004300001000100010000000000000000000000B9
:1004400000000000000000000000000000000000AC
:10045000000000000000000000000000000000009C
:10046000000000000000000000000000000000008C
:10047000000000000000000000000000000000007C
:10048000000000000000000000000000200020002C
:10049000210042008809344CDB6DBB5D9B4DDD4D76
:1004A0009C45BC45BC4D9C45DD55BC4DBC45BC4543
:1004B000BD4DBD4D9D4DBD4DBC4DBC45BC45BC4528
:1004C000BC4DBC4DBC4DBC4DBC4DBC45BC45BC45FC
:1004D000BC4DBC4D7B4DBC559C459B45DB55B64C3E
:1004E0006300210000000000000000000000000088
:1004F00000000000000000000000000000000000FC
:1005000000000000000000000000000000000000EB
:1005100000000000000000000000000000000000DB
:1005200000000000000000000000000000000000CB
:1005300000000000000000000000000000000000BB
:1005400000000000000042007133DC659B4DBC4D93
:100550009C4DBC4DBC45BC45BC45BC45BC4DBC4D93
:10056000BD4DBD4D9D4D9D4D9C4DBC4DBC4DBC45A7
:10057000BC45BC4DBB4D7A4D9B4DBC4DBD4DBD4D9D
:10058000BC4DBC4DBC4D9B4DBC551C6EB233A9013E
:1005900063002100000000000000000000000000D7
:1005A000000000000000000000000000000000004B
:1005B000000000000000000000000000000000003B
:1005C000000000000000000000000000000000002B
:1005D000000000000000000000000000000000001B
:1005E00000000000000020000000000000000000EB
:1005F00000000000000000000000000001002300D7
:10060000AA01D33BBB659B55BC4DBC4DBC4DBC4DFD
:100610009C4DBC4DBC4DBC45BD4DBD4D9D4D9D4DF6
:10062000BD45BD45BC45BC45BC4DBC4DBC4DBC4DA0
:10063000BC4DBC45BD4DBC45BC459C45BC559C4DC9
:10064000BC4DDC5DFB6D6801420000000000000055
:10065000000000000000000000000000000000009A
:10066000000000000000000000000000000000008A
:10067000000000000000000000000000000000007A
:10068000000000000000000000000000000000006A
:10069000000000000000000000000000000000005A
:1006A0000000000000000000000000000000210029
:1006B0004300B23B3D66BB45DC4D9C4DBD45BD4551
:1006C000BD45BD45BC45BC4DBC4DBC4DBC4DBC4DF8
:1006D0009C4DBC4DBC4DBC4DBC45BC45BC4DBC4D02
:1006E000DC4DBC4D9C459C45BC45BC4DDC5DDB6593
:1006F000133C88016200210021000000000000007E
:1007000020000000000000000000000000000000C9
:1007100000000000000000000000000000000000D9
:1007200000000000000000000000000000000000C9
:1007300000000000000000000000000000000000B9
:1007400000000000000000000000000000000000A9
:100750000000000000000000000000000000000099
:10076000000000000000010002006300C909544CB1
:10077000BB65DC55DD4DBD45BC4D9C4D9C4DBC4D18
:10078000BC4DBD4DBD4DBD45BC45BC4DBC4DBC4D2E
:10079000BD4DBD4DBD4DBC4DBC4DBC45BC4DBD4D15
:1007A000BC45BC45BC459B45BC559A6588012100AC
:1007B0000000000000000000000000000000000039
:1007C0000000000000000000000000000000000029
:1007D0000000000000000000000000000000000019
:1007E0000000000000000000000000000000000009
:1007F00000000000000000000000000000000000F9
:1008000000000000000000000000000000000000E8
:10081000000000000000000001008300333C1C5E6B
:100820009B4DBC4DBC4DBD45BD4DBD4DBD45BC45B5
:10083000BC45BC4DBC4DBC4DBC4DBC4DBC4DBC4D78
:10084000BC4DBC45BC45BC45BC4D9C459C4DDD5597
:10085000FD5DBB65343CA90163002100210000005F
:100860000000000800000000000000000000000080
:100870000000000000000000000000000000000078
:100880000000000000000000000000000000000068
:100890000000000000000000000000000000000058
:1008A0000000000000000000000000000000000048
:1008B0000000000000000000000000000000000038
:1008C0000000000000000000000000000000200008
:1008D0000000010022004300CA019644BC5D9C4D0B
:1008E000BC559C4DBC4DBC4DBC4DBC4DBC45BC45E8
:1008F000BC45BC4DBC4DBC4DBD4DBD4DBD4DBD4DB4
:10090000BC4DBC4DBC4D7C45DD45DD45BC45BC55B5
:10091000FC6D4C12420000000000000000000000CE
:1009200000000000000000000000000000000000C7
:1009300000000000000000000000000000000000B7
:1009400000000000000000000000000000000000A7
:100950000000000000000000000000000000000097
:100960000000000000000000000000000000000087
:100970000000000000000000000000000000000077
:1009800000002100A4001344BB5D7B4D9C4DBC4D79
:100990009C4DBC4DBC4DBC45BC45BC45BC45BC4557
:1009A000BC4D9C4D9C4D9C4DBC4DBC4DBC4DBD4D5E
:1009B0009C459C45FD5DFC6D1444C9096300210004
:1009C00001002000000020000000000000000000E6
:1009D0000000000000000000000000000000000017
:1009E0000000000000000000000000000000000007
:1009F00000000000000000000000000000000000F7
:100A000000000000000000000000000000000000E6
:100A100000000000000000000000000000000000D6
:100A200000000000000000000000000000000000C6
:100A30000000000000000000000020002100210054
:100A400042004200CD2ABA6DBC5DBC4DBC45BC45E0
:100A5000BC45BC45BC45BC45BC45BC4DBC4DBC457E
:100A6000BC45BC45BC4DBC4DBC4DBC4DBC4DDC4D2E
:100A7000BC459C45DD4D1D6E8C1A22000000000017
:100A80000000000000002000000000000000000046
:100A90000000000000000000000000000000000056
:100AA0000000000000000000000000000000000046
:100AB0000000000000000000000000000000000036
:100AC0000000000000000000000000000000000026
:100AD0000000000000000000000000000000000016
:100AE0000000000000000000000000002100C50020
:100AF000D754BB5D9B4D9C4D9C4D9C4DBC4DBC4506
:100B0000BC45BC45BC45BC45BC4DBC4D9C4DBC4DDD
:100B1000BC4DBC4DBC4D7B45DC55FC657544EA01C4
:100B20006300210000000000000000000000000041
:100B300000000000000000000000000000000000B5
:100B400000000000000000000000000000000000A5
:100B50002000200020002100210021002100410070
:100B60002100210021002100220022002200220079
:100B700022002200210021002100210001000000AC
:100B80000000000000000000000000000000000065
:100B90000000000000000000000000000000000055
:100BA00000000000000000000000000021004701DC
:100BB000D2331C6EBB55BB4DBC4DBC45BC45BC4582
:100BC000BC45BC4DBC4DBC45BC45BC45BC45BC4D05
:100BD000BC4DBC4DBC4DBC4DBC4DBC4D3D6ECE1A4C
:100BE00042000000000000000000000800000000BB
:100BF00000000000000000000000000000000000F5
:100C000000000000000000000000000000000000E4
:100C100000000000000000000000000000000000D4
:100C200000000000000000000000000000000000C4
:100C300000000000000000000000000000000000B4
:100C400000000000000000000000000000000000A4
:100C50000000000020002100680196549A559B4D29
:100C60009B4DBC4DBC4DBC4D9C45BC4DBC4D9C45AD
:100C7000BC4D9C459C45DC4D9C45BC45DD4DDC5543
:100C8000FB6D4F2B830021000000000000000000DE
:100C90000000000000000000000000000000000054
:100CA0002000000000000000000000000000000024
:100CB00000000000000021002100420043008500E8
:100CC000C6000701280148018901AA01CF0AEF0ADD
:100CD000EF0A6D0289014801480127010601E6007B
:100CE000A4004300220022000100000000000000D8
:100CF00000000000000000000000000000000000F4
:100D000000000000000000000000000000000000E3
:100D100000000000000020008200C809175DFC658B
:100D20009B4DBC459C45DE4D9C45BC4D9B4DDC4DD3
:100D30009C4DBC4DBC45BC4D7C4D9C559B4DBC4D0C
:100D4000BC4D1D76EE2A22002100000000000000AC
:100D50000000000000000000000000000000000093
:100D60000000000000000000000000000000000083
:100D70000000000000000000000000000000000073
:100D80000000000000000000000000000000000063
:100D90000000000000000000000000000000000053
:100DA0000000000000000000000000000000000043
:100DB0000000000000000000000000002000010012
:100DC00022004801B64CBB557A4DBB4D9B4DBC4DE6
:100DD000DC4DBC4D9C45DD4DBC45BC45DD4D9C45C9
:100DE000BC4DDC55BB65133C670142004000000070
:100DF00000000000000000000000000000000000F3
:100E000000000000000000000000000001000100E0
:100E1000010001002100210022004300840007019D
:100E2000CA018E12922BD42B563CB844F9443A3D59
:100E30003A3D5A3D1A2D192D3A2D3A3519355A3D5C
:100E40005A45193D1845552C142C92234C0A8901FA
:100E500027014300430022000100010000000000C0
:100E60000000000001000000000000000000000081
:100E70002000000000000000000000000000000052
:100E8000200041000501D23BBB65DD5D9C4D7C45EA
:100E9000BD4DBC4DBC4D9B4DBC4DBC4DBC45BC453A
:100EA000BC559B4DBB4D9B4D1C76EF222200210073
:100EB0000100010000000000000000000000000030
:100EC0000000000000000000000000000000000022
:100ED0000000000000000000000000000000000012
:100EE0000000000000000000000000000000000002
:100EF00000000000000000000000000000000000F2
:100F000000000000000000000000000000000000E1
:100F100000000000000000000000000000000000D1
:100F20000000000000000100000022004701B6544C
:100F30001C669B4DBB4DBC4D9B45BC4DBC4D9C4563
:100F4000BC45BC45BC45BC4D5D7617658809220093
:100F50002100200000002000000000000000000030
:100F60000000000000000000000000000000000081
:100F700020000000000000000100220043002701C3
:100F80002C02D002F51B1A3D5B3D1B35FA2CFB2CC5
:100F9000FB2C1B2D1B25FB241B251B253B251B1D6B
:100FA0001B1D1B1D1B1D3B251B25FA1C1A251A2565
:100FB0003B2D1A2D1A357C45F93493138E022C02E1
:100FC0000701430041000000000000000000000095
:100FD00000002000000000000000000000000000F1
:100FE000000000000000200000000000010043009D
:100FF000AA095A65BC55BC4D9D4D9D4D9C4D9C4DBF
:101000009C45BC459C459C45BC45BC4D9C4D5D7676
:10101000AD2A220041000000000000000000000096
:1010200000000000000000000000000000000000C0
:1010300000000000000000000000000000000000B0
:1010400000000000000000000000000000000000A0
:101050000000000000000000000000000000000090
:101060000000000000000000000000000000000080
:101070000000000000000000000000000000000070
:101080000000000000000000000000000000000060
:101090002000000042000701343CDB5D9B4DBC4D4D
:1010A000DC4DBC4DBC4DBC4DDC4DBC4DDC559B5DA1
:1010B0000F23A40021000000000000000000000039
:1010C0000000000000000000000020000000000000
:1010D000000000000000210000002100420042004A
:1010E000C5002C0A922B97349B457C351B251C1D73
:1010F0003C1D3C1D1C1D1C1D1C1D1C1D1C1D1C1DE8
:101100001C1D1C1D1B1D1C1D1C1D1C1D3C1D1C1500
:101110003C153C1D3C1D1B1D1B151B153C1D1C1DA2
:101120001B1D7C2D7C359B45963430130B02C5006E
:10113000420021000100210000000000000000002A
:10114000000000000000000000000000000000009F
:1011500000000000200001004300270196441D6E9E
:101160009C559C4D9C4DBD4DDD4DBC45BC4DDD4D54
:10117000BC45BB4D1D6EAE1A2200000000000000F1
:10118000000020000000000020000000000000001F
:10119000000000000000000000000000000000004F
:1011A000000000000000000000000000000000003F
:1011B000000000000000000000000000000000002F
:1011C000000000000000000000000000000000001F
:1011D000000000000000000000000000000000000F
:1011E00000000000000000000000000000000000FF
:1011F00000000000000000000000000000002100CE
:101200008400544CFC659B457B45BC4DBC4DBC4D9E
:101210009C45FD5D796DA801420021000000400061
:1012200000000000000000000000000000000000BE
:10123000000000000000000000000000000021008D
:10124000420006012C02F423F93C3B3D5B351B2593
:10125000FA1C1B1D3C1D3B1D1C1D1C1D1C153B1D94
:101260003C1D3C1D1C1D1C1D1C1DFC1C1C1D1C1D97
:101270001C1D1C1D3C1D3C1D1B153B1D3B1D1B1D32
:101280001B1D1C1D1C1D1C1D1C1DFB143C1D1B1DA2
:101290003B257B353A3D772C7313EB01A5004200CB
:1012A00021000000200000000000000000000000FD
:1012B000000000000000000000000000000020000E
:1012C0002000410084006C127A659B559C459C452A
:1012D000BC45BC45BB45BB4D9B4D1D6E8D1A4300A7
:1012E00042000000000000000000000000000000BC
:1012F00000000000000000000000000000000000EE
:1013000000000000000000000000000000000000DD
:1013100000000000000000000000000000000000CD
:1013200000000000000000000000000000000000BD
:1013300000000000000000000000000000000000AD
:10134000000000000000000000000000000000009D
:10135000000000000000000000000000000000008D
:10136000000000000000000021008400343CFC6507
:101370009B55DC559B4D9B55FD65964C06014100E8
:10138000000000000000000000000000000000005D
:10139000000000000000000000000000000000004D
:1013A0002100420063002601EE1218455A353B2DFC
:1013B0001B1D1C151B151C1D1C153B1D1B151B1572
:1013C0003C1D1C1D3C1D3C1D1C1D1C1D1B1D1C1DF6
:1013D0001C1D1C1D1C1D1C1D1C1D1C1D3C1D1C1D25
:1013E0001C153C1D1B1DFB141C1D3C1DFB1C1C1D4A
:1013F0003C1D1C153C151C153C153C1D1B1D1B25BF
:101400007D353A35963C8D1227016300220001009C
:1014100021000000000000000000000000000000AB
:101420000100000000000000000020002000420039
:101430008801F754DC5DDC559B459B45DB55BB5D66
:10144000DB6D2C0A230001000000000020000000DA
:10145000000000000000000000000000000000008C
:10146000000000000000000000000000000000007C
:10147000000000000000000000000000000000006C
:10148000000000000000000000000000000000005C
:10149000000000000000000000000000000000004C
:1014A000000000000000000000000000000000003C
:1014B000000000000000000000000000000000002C
:1014C000000000000000000000000000000000001C
:1014D0000000420042002F2BFB6DBB55DC5DFB6D15
:1014E0004B126300210000000000200000000000FB
:1014F00000000000000000000000000000000000EC
:101500000000200001002200A5006901D5233B4511
:101510003B351A251A1D5C1D1B153C1D3C1D3C1D31
:101520001B1D3C1D3C1D1C153C1D1C1D1C1D1C1D9C
:101530003C1D3C1D3C1D3B153B153B153B153C150F
:101540003C1D3C1D1C1D1C1D1C1D3C1D3C153C1543
:101550003C1D1C1D1C1D1C1D1C1D3C1D1C153C1573
:101560001B153B1D1C1D1B1DFB1CFB1C1A253B35A5
:101570001A3D7213AB01640022000000000020003D
:10158000000000000000000000000000000000005B
:1015900000002000000020004100C400B23BBB6DF1
:1015A000BC5DFD5DFC65F75CA90922002000200000
:1015B0000000000000002000000800000000000003
:1015C000000000000000000000000000000000001B
:1015D000000000000000000000000000000000000B
:1015E00000000000000000000000000000000000FB
:1015F00000000000000000000000000000000000EB
:1016000000000000000000000000000000000000DA
:1016100000000000000000000000000000000000CA
:1016200000000000000000000000000000000000BA
:101630000000000000000000000000002100220067
:101640000A0A954C95546801420000000000000011
:10165000000000000000000000000000000000008A
:101660000000000000000000000021008400AA012A
:1016700092235B4DDB2C1C251C153C153C153C15A1
:101680003C151B151B1D3C1D1C1D1C1D1C1D1C156C
:101690003C1D1C151C1D1C1D1C1D3C1D3C153B151B
:1016A0003B153B153C153B153B153B151C1D3C1DC7
:1016B0003C1D1C153C153C151C151C1D3C1D3C1DE2
:1016C0001B1D1B1D3C1D1B151B153C1D1B153C1D0F
:1016D0001C1D3C1D3C153C151B1D1B2D7B4D9223D9
:1016E000680142002100200000000000000000000E
:1016F00000000000000000000000000020000000CA
:101700000000210063008901554C185DF02A840017
:1017100021000000000000000000000000000000A8
:1017200000000008000000000000000000000000B1
:1017300000000000000000000000000000000000A9
:101740000000000000000000000000000000000099
:101750000000000000000000000000000000000089
:101760000000000000000000000000000000000079
:101770000000000000000000000000000000000069
:101780000000000000000000000000000000000059
:101790000000000000000000000000000000000049
:1017A0000000000000000000410062004200210033
:1017B0000000000000000000000000000000000029
:1017C00000000000000000000000000000002100F8
:1017D0006300070192139B451B2DFA241B1D1C1D42
:1017E0001C1D3C1D3C1D3C1D3C1D1C1D1C1D1C1DB1
:1017F0001C1D1C1D1C1D1C1D1C1D1C1D1C1D1C1D21
:101800001C1D1C1D3C1D3C1D3C153B153C153C1571
:101810003C1D1C1D1C1D1C1D1C1D1C1D3C1D3C1DA0
:101820001C1D1C1D1C1D1C1D1C1D1C1D1C1D1C1DF0
:101830001C1D1C1D1C1D1C1D1C1D1C1D3C151C15D0
:101840001C1DFB1CFB1C7C35F8343013E6004200E9
:101850000000000000000000000000000000000088
:101860000000000020000000210001000100220013
:10187000630063002200010000000000000000007F
:101880000000000000000000000000000000000058
:101890000000000000000000000000000000000048
:1018A0000000000000000000000000000000000038
:1018B0000000000000000000000000000000000028
:1018C0000000000000000000000000000000000018
:1018D0000000000000000000000000000000000008
:1018E00000000000000000000000000000000000F8
:1018F00000000000000000000000000000000000E8
:1019000000000000000000000000000000000000D7
:1019100000000000000000000000000000000000C7
:1019200000000000000000000000000000080000AF
:10193000000020002100C5008E0A19453A2D1B1D0C
:101940001B153C1D1C1D1C1D1C1D1C1D1C1D1C1DB8
:101950001C1D1C1D1C1D1C1D1C1D1C1D1C1D1C1DBF
:101960001C1D1C1D1C1D1C1D1C1D1C1D1C1D1C1DAF
:101970003C1D3C1D3C1D3C1D1C1D1C1D1C1D1C1D1F
:101980001C1D1C1D1C1D1C1D1C1D1C1D1C1D1C1D8F
:101990001C1D1C1D1C1D1C1D1C1D1C1D1C1D1C1D7F
:1019A0001C1D3C1D5C1D1B151C1D5C1D1C151B15E9
:1019B0005B1D3A35963CAA0184002200000000001D
:1019C00000000000000000000000200020000000D7
:1019D0000000010000000000000000000000000006
:1019E00000000000000000000000000000000000F7
:1019F00000000000000000000000000000000000E7
:101A000000000000000000000000000000000000D6
:101A100000000000000000000000000000000000C6
:101A200000000000000000000000000000000000B6
:101A300000000000000000000000000000000000A6
:101A40000000000000000000000000000000000096
:101A50000000000000000000000000000000000086
:101A60000000000000000000000000000000000076
:101A70000000000000000000000000000000000066
:101A80000000000000000000000000000000200036
:101A9000000000000000000001002300CA01B63C65
:101AA0003A3D3B2DDB1C1C1D3B1D3B153B1D1C1DEE
:101AB0001C1D1C1D1C1D1C1D1C1D1C1D1C1D1C1D5E
:101AC0001C1D1C1D1C1D1C1D1C1D1C1D1C1D1C1D4E
:101AD0001C1D1C1D1C1D1C1D3C1D3C1D3C1D3C1DBE
:101AE0001C1D1C1D1C1D1C1D1C1D1C1D1C1D1C1D2E
:101AF0001C1D1C1D1C1D1C1D1C1D1C1D1C1D1C1D1E
:101B00001C1D1C1D1C1D1C1D1C1D3C1D3C153C15BD
:101B10003C1D1B1D1C1D1C1D1B1D3B1D1A255B3D5B
:101B2000F42BE7006300210000000000010000002A
:101B30000000000000002000000000000000000085
:101B40000000000000000000000000000000000095
:101B50000000000000000000000000000000000085
:101B60000000000000000000000000000000000075
:101B70000000000000000000000000000000000065
:101B80000000000000000000000000000000000055
:101B90000000000000000000000000000000000045
:101BA0000000000000000000000000000000000035
:101BB0000000000000000000000000000000000025
:101BC0000000000000000000000000000000000015
:101BD0000000000000000000000000000000000005
:101BE00000000000000000000000000000000000F5
:101BF00000000000000000000000000021002100A3
:101C00006400EC0119451A2DFB1C3C1DFC1CFC1C3E
:101C10003B151B153B1D1C1D1C1D1C1D1C1D1C1DCF
:101C20001C1D1C1D1C1D1C1D1C1D1C1D1C1D1C1DEC
:101C30001C1D1C1D1C1D1C1D1C1D1C1D1C1D1C1DDC
:101C40003C1D3C1D3C1D3C1D1C1D1C1D1C1D1C1D4C
:101C50001C1D1C1D1C1D1C1D1C1D1C1D1C1D1C1DBC
:101C60001C1D1C1D1C1D1C1D1C1D1C1D1C1D1C1DAC
:101C70001C1D1C1D1C1D3C1D3B151B1D1C1D1C1D66
:101C80001C151C151B155C251A2D9734EB016300E0
:101C90004100000000000000000000000000000003
:101CA0000000000000000000000000000000000034
:101CB0000000000000000000000000000000000024
:101CC0000000000000000000000000000000000014
:101CD0000000000000000000000000000000000004
:101CE00000000000000000000000000000000000F4
:101CF00000000000000000000000000000000000E4
:101D000000000000000000000000000000000000D3
:101D100000000000000000000000000000000000C3
:101D200000000000000000000000000000000000B3
:101D300000000000000000000000000000000000A3
:101D40000000000000000000000000000000000093
:101D50000000000000000000000000000000200063
:101D6000000000004100C50051133A3DFB2CFB1C54
:101D70003D1D1C153D151C1D3C1D1B151C1D1C1D52
:101D80001C1D1C1D1C1D1C1D1C1D1C1D1C1D1C1D8B
:101D90001C1D1C1D1C1D1C1D1C1D1C1D1C1D1C1D7B
:101DA0001C1D1C1D1C1D1C1D1C1D1C1D1C1D1C1D6B
:101DB0001C1D1C1D1C1D1C1D1C1D1C1D1C1D1C1D5B
:101DC0001C1D1C1D1C1D1C1D1C1D1C1D1C1D1C1D4B
:101DD0001C1D1C1D1C1D1C1D1C1D1C1D1C251C1D33
:101DE0001B1D3B1D1C1DFC1C1D1D3D1D3C1DFB1C0E
:101DF0001C251B259C3D721384002100010020003E
:101E000000000000000000000000000000000000D2
:101E100000000000000000000000000000000000C2
:101E200000000000000000000000000000000000B2
:101E300000000000000000000000000000000000A2
:101E40000000000000000000000000000000000092
:101E50000000000000000000000000000000000082
:101E60000000000000000000000000000000000072
:101E70000000000000000000000000000000000062
:101E80000000000000000000000000000000000052
:101E90000000000000000000000000000000000042
:101EA0000000000000000000000000000000000032
:101EB0000000000000000000000000000000000022
:101EC0000000000000000000010022002601B63CD6
:101ED0009B351B1D1C1D1C151C153C153C151C158C
:101EE0001C153C1D1C1D1C1D1C1D1C1D1C1D1C1D12
:101EF0001C1D1C1D1C1D1C1D1C1D1C1D1C1D1C1D1A
:101F00001C1D1C1D1C1D1C1D1C1D1C1D1C1D1C1D09
:101F10001C1D1C1D1C1D1C1D1C1D1C1D1C1D1C1DF9
:101F20001C1D1C1D1C1D1C1D1C1D1C1D1C1D1C1DE9
:101F30001C1D1C1D1C1D1C1D1C1D1C1D1C1D1C1DD9
:101F40001C1D1C1D1C251B1D3B1D3B15FB1C1D1DAD
:101F50001D1DDC14FB1C1C1D1C1D1C1D3C1D5C35AB
:101F6000D32BA40022002100000000000008000084
:101F70000000000000000000000000000000000061
:101F80000000000000000000000000000000000051
:101F90000000000000000000000000000000000041
:101FA0000000000000000000000000000000000031
:101FB0000000000000000000000000000000000021
:101FC0000000000000000000000000000000000011
:101FD0000000000000000000000000000000000001
:101FE00000000000000000000000000000000000F1
:101FF00000000000000000000000000000000000E1
:1020000000000000000000000000000000000000D0
:1020100000000000000000000000000000000000C0
:1020200000000000000000000000000000000100AF
:1020300022002701D8345B2DFA143B15FB143C1DFC
:102040003C1D3C1D1C1D3C1D3C1D3C1D1C1D1C1D28
:102050001C1D1C1D1C1D1C1D1C1D1C1D1C1D1C1DB8
:102060001C1D1C1D1C1D1C1D1C1D1C1D1C1D1C1DA8
:102070001C1D1C1D1C1D1C1D1C1D1C1D1C1D1C1D98
:102080001C1D1C1D1C1D1C1D1C1D1C1D1C1D1C1D88
:102090001C1D1C1D1C1D1C1D1C1D1C1D1C1D1C1D78
:1020A0001C1D1C1D1C1D1C1D1C1D1C1D1B1D1B1D6A
:1020B0003C153C15FC1CFC1C1C1D5C253C1DFB142C
:1020C0001C1DFC1C3C1DFA1C5A35352C0601210038
:1020D00020000000000000000000000000000000E0
:1020E00000000000000000000000000000000000F0
:1020F00000000000000000000000000000000000E0
:1021000000000000000000000000000000000000CF
:1021100000000000000000000000000000000000BF
:1021200000000000000000000000000000000000AF
:10213000000000000000000000000000000000009F
:10214000000000000000000000000000000000008F
:10215000000000000000000000000000000000007F
:10216000000000000000000000000000000000006F
:10217000000000000000000000000000000000005F
:10218000000000000000000000000000000000004F
:102190000000000000002200270118453B253C15E7
:1021A0003B151B155C1DFB141B1D1B1D1B1D3C1D26
:1021B0001C1D3C1D1C1D1C1D1C1D1C1D1C1D1C1D37
:1021C0001C1D1C1D1C1D1C1D1C1D1C1D1C1D1C1D47
:1021D0001C1D1C1D1C1D1C1D1C1D1C1D1C1D1C1D37
:1021E0001C1D1C1D1C1D1C1D1C1D1C1D1C1D1C1D27
:1021F0001C1D1C1D1C1D1C1D1C1D1C1D1C1D1C1D17
:102200001C1D1C1D1C1D1C1D1C1D1C1D1C1D1C1D06
:102210001C1D1C1D1C1D3C1D3C153C153C1D1C1D86
:102220001B1D1B1D1B153C1D1C151C1D3C1D3B15A2
:102230003B1D5B35963CE6002100000000000000DD
:10224000000000000000000000000000000000008E
:10225000000000000000000000000000000000007E
:10226000000000000000000000000000000000006E
:10227000000000000000000000000000000000005E
:10228000000000000000000000000000000000004E
:10229000000000000000000000000000000000003E
:1022A000000000000000000000000000000000002E
:1022B000000000000000000000000000000000001E
:1022C000000000000000000000000000000000000E
:1022D00000000000000000000000000000000000FE
:1022E00000000000000000000000000000000000EE
:1022F000000000000000000000000000000063007B
:10230000142C5B351B1D1C1D1B153B1D1B1D1B1D94
:102310001B1D3B1D3B1D3B1D3B1D1C1D1C1D1C1D7A
:102320001C1D1C1D1C1D1C1D1C1D1C1D1C1D1C1DE5
:102330001C1D1C1D1C1D1C1D1C1D1C1D1C1D1C1DD5
:102340001C1D1C1D1C1D1C1D1C1D1C1D1C1D1C1DC5
:102350001C1D1C1D1C1D1C1D1C1D3C1D1C1D1C1D95
:102360001C1D1C1D1C1D1C1D1C1D1C1D1C1D1C1DA5
:102370001C1D1C1D1C1D1C1D1C1D3C1D3C153C1545
:102380003C153C153C151C1D3C1D3B1D1B153B1DE8
:102390003B153C153C153C1D1B1DFA1C7B35F323DE
:1023A00083000000000000000000000000000000AA
:1023B000000000000000000000000000000000001D
:1023C000000000000000000000000000000000000D
:1023D00000000000000000000000000000000000FD
:1023E00000000000000000000000000000000000ED
:1023F00000000000000000000000000000000000DD
:1024000000000000000000000000000000000000CC
:1024100000000000000000000000000000000000BC
:1024200000000000000000000000000000000000AC
:10243000000000000000000000000000000000009C
:10244000000000000000000000000000000000008C
:10245000000000000000000000000000000000007C
:102460000000000000000601193D3B1DFB143C1D4F
:102470003C1D1B1D1B251B251B1D3B1D3B1D3B1D0B
:102480001C1D1C1D1C1D1C1D1C1D1C1D1C1D1C1D84
:102490001C1D1C1D1C1D1C1D1C1D1C1D1C1D1C1D74
:1024A0001C1D1C1D3C1D3C1D1C1D1C1D1C1D1C1D24
:1024B0001C1D1C1D3C1D3C1D3C1D3C1D3C1D1C1DB4
:1024C0001C1D1B153C1D3C1D3C1D1C1D1C1D1C1DED
:1024D0001C1D1C1D1C1D1C1D1C1D1C1D1C1D1C1D34
:1024E0001C1D3C1D3C1D3C153C153C1D3C1D3C1D54
:1024F0003C1D3B1D5C1DFA0C5C1D3C151C151C1D78
:102500001C1D3B1D3B1DF83CC500000000000000E9
:1025100000000000000000000000000000000000BB
:1025200000000000000000000000000000000000AB
:10253000000000000000000000000000000000009B
:10254000000000000000000000000000000000008B
:10255000000000000000000000000000000000007B
:10256000000000000000000000000000000000006B
:10257000000000000000000000000000000000005B
:10258000000000000000000000000000000000004B
:10259000000000000000000000000000000000003B
:1025A000000000000000000000000000000000002B
:1025B000000000000000000000000000000000001B
:1025C0000000000000000000000000000000C40047
:1025D00015243B2D3B1D1B151C1D1C1D1C1D1C1DEE
:1025E0001C1D1C1D3B153C153C1D1C1D1C1D1C1DD4
:1025F0001C1D1C1D1C1D1C1D1C1D1C1D1C1D1C1D13
:102600001C1D1C1D1C1D1C1D1C1D1C1D3C1D3C1DC2
:102610001C1D1C1D1C1D1C1D3C1D3C1D1C1D1C1DB2
:102620001C1D1C1D1C1D3C1D1C1D1C1D1C1D1C1DC2
:102630001C1D1C1D1C1D1C1D1C1D3C1D1C1D1C1DB2
:102640001C1D1C1D1C1D1C1D1C1D3B1D1B1D1B1DA5
:102650001C1D1C1D1C1D1B1D1B1D3B1D3B153B1567
:102660003C1D1C1D1D1D1D1D1C151B1D5B2D310B37
:102670004300000000000000000000000000000017
:10268000000000000000000000000000000000004A
:10269000000000000000000000000000000000003A
:1026A000000000000000000000000000000000002A
:1026B000000000000000000000000000000000001A
:1026C000000000000000000000000000000000000A
:1026D00000000000000000000000000000000000FA
:1026E00000000000000000000000000000000000EA
:1026F00000000000000000000000000000000000DA
:1027000000000000000000000000000000000000C9
:1027100000000000000000000000000000000000B9
:1027200000000000000000000000000000000000A9
:102730000000000000002200AA011A3D1A253B1DDE
:102740001C1D1C1D1C1D1C1D1C1D1C1D3C153C1591
:102750003C151C1D1C1D1C1D1C1D1C1D1C1D1C1D99
:102760001C1D1C1D1C1D1C1D1C1D1C1D1C1D1C1DA1
:102770001C1D1C1D1C153C1D1C1D3C1D3C1D3C1D19
:102780001C1D1C1D3C1D3C1D1C1D1C1D1C1D1C1D41
:102790001C1D3C1D1C1D1C1D1C1D1C1D1C1D1C1D51
:1027A0001C1D1C1D1C1D1C1D1C1D1C1D1C1D1C1D61
:1027B0001C1D1B1D1B1D1B1D3C1D1C1D1C1D1B1D35
:1027C0001B1D1B1D3C1D3C15FC143D1DFD1CFC1C54
:1027D0003C1D3B253A3D280122000000200000005E
:1027E00000000000000000000000000000000000E9
:1027F00000000000000000000000000000000000D9
:1028000000000000000000000000000000000000C8
:1028100000000000000000000000000000000000B8
:1028200000000000000000000000000000000000A8
:102830000000000000000000000000000000000098
:102840000000000000000000000000000000000088
:102850000000000000000000000000000000000078
:102860000000000000000000000000000000000068
:102870000000000000000000000000000000000058
:102880000000000000000000000000000000000048
:102890000000000000000000000000000000000038
:1028A0004300CE1A3A353B1DFA143B1D1B1D1C1D5F
:1028B0001C1D3C153D153C153C1D3B1D1C1D1C1DC8
:1028C0001C1D1C1D1C1D1C1D1C1D1C1D1C1D1C1D40
:1028D0001C1D1C1D1C1D1C1D1C1D1C1D3C1D3C1DF0
:1028E0003C1D3C1D1C1D1C1D1C1D1C1D1B1D1C1DE1
:1028F0001C1D1C1D1C1D1C1D1C1D3C1D3C1D3C1DB0
:102900003C1D3C1D3C1D1C1D1C1D1C1D1C1D1C1D9F
:102910001C1D1C1D1C1D1C1D1C1D3B1D1B1D3B1DB2
:102920003B1D3B153C1D1C1D1B1D1B1D1B1D5C1D4C
:102930001C151C15FC1C1B1DFB1C7B3D0B022200E7
:102940000100000000000000000000000000000086
:102950000000000000000000000000000000000077
:102960000000000000000000000000000000000067
:102970000000000000000000000000000000000057
:102980000000000000000000000000000000000047
:102990000000000000000000000000000000000037
:1029A0000000000000000000000000000000000027
:1029B0000000000000000000000000000000000017
:1029C0000000000000000000000000000000000007
:1029D00000000000000000000000000000000000F7
:1029E00000000000000000000000000000000000E7
:1029F00000000000000000000000000000000000D7
:102A000000000000000000000000430052133A35AF
:102A10003A251A1D1B1D3C1D1C1D3C153C151C1D7B
:102A20003B1D3B1D3B1D1C1D1C1D1C1D1C1D1C1D81
:102A30001C1D1C1D1C1D1C1D1C1D1C1D1C1D1C1DCE
:102A40001C1D1C1D3C1D3C1D1C151C151C1D1C1D8E
:102A50003C1D3C1D1C1D3C1D3C1D3C1D3C1D3C1DCE
:102A60001C1D1C1D1C1D1C1D1C1D1C1D1C1D3C1D7E
:102A70003C1D3C1D1C1D1C1D1C1D1C1D1C1D1C1D4E
:102A80001C1D1C1D3B1D3B1D3B1D3B1D3C1D1C1DE2
:102A90001B1D1B1D1B1D1C1D3D1D1C153B1D3A2513
:102AA0007B3DAF024200210000000000000000005A
:102AB0000000000000000000000000000000000016
:102AC0000000000000000000000000000000000006
:102AD00000000000000000000000000000000000F6
:102AE00000000000000000000000000000000000E6
:102AF00000000000000000000000000000000000D6
:102B000000000000000000000000000000000000C5
:102B100000000000000000000000000000000000B5
:102B200000000000000000000000000000000000A5
:102B30000000000000000000000000000000000095
:102B40000000000000000000000000000000000085
:102B50000000000000000000000000000000000075
:102B60000000000000000000000000000000000065
:102B7000000021006400B22B5A35FB143C153C15B3
:102B80003C1D1C1D1C1D1B1D3B1D3B1D3B1D1C1D01
:102B90001C1D1C1D1C1D1C1D1C1D1C1D1C1D1C1D6D
:102BA0001C1D1C1D1C1D1C1D1C1D1C1D1C153C1D45
:102BB0003C1D3C1D3C1D3C1D3C1D3C1D3C1D3C1D4D
:102BC0001C1D1C1D3C1D3C1D3C1D1C1D1C1D1C1DDD
:102BD0001C1D1C1D1C1D1C1D3C1D3C1D1C1D1C1DED
:102BE0001C1D1C1D1C1D1C1D1C1D1C1D3C1D3C1DDD
:102BF0001C1D1C1D1C1D1C1D1C1D3B1D3B1D1B1DD0
:102C0000FB143C151B159B3DAE1243000000000059
:102C100000000000000000000000000000000000B4
:102C200000000000000000000000000000000000A4
:102C30000000000000000000000000000000000094
:102C40000000000000000000000000000000000084
:102C50000000000000000000000000000000000074
:102C60000000000000000000000000000000000064
:102C70000000000000000000000000000000000054
:102C80000000000000000000000000000000000044
:102C90000000000000000000000000000000000034
:102CA0000000000000000000000000000000000024
:102CB0000000000000000000000000000000000014
:102CC0000000000000000000000000000000000004
:102CD000000000000000000000000000210084004F
:102CE000B31B7C351B1D3B153B1D1B1D1B1D1B1DDD
:102CF0003B1D3B1D3B1D1C1D1C1D1C1D1C1D1C1DAF
:102D00001C1D3B1D3B1D3B1D3C1D3C1D3C1D1C1D3E
:102D10001B1D1B1D1B253B253A2D3A351A35F93451
:102D2000D934D82C361C361C361C5724982CF93430
:102D30001A351A353B351B2D1B251B251B1D1C1D4C
:102D40001C1D1C1D1C1D1C1D1C1D1C1D1C1D1C1DBB
:102D50001C1D1C1D3C1D1C1D1C1D1C1D1C1D1C1D8B
:102D60001C1D3B1D1B1D3B1D1C1D1B257B3DEF0A18
:102D7000430001000000000000000000000000000F
:102D80002000000000000000000000000000000023
:102D90000000000000000000000000000000000033
:102DA0000000000000000000000000000000000023
:102DB0000000000000000000000000000000000013
:102DC0000000000000000000000000000000000003
:102DD00000000000000000000000000000000000F3
:102DE00000000000000000000000000000000000E3
:102DF00000000000000000000000000000000000D3
:102E000000000000000000000000000000000000C2
:102E100000000000000000000000000000000000B2
:102E200000000000000000000000000000000000A2
:102E30000000000000000000000000000000200072
:102E40000000000000002100A500D32B7A351A1DD8
:102E50001B1D3B1D1B1D1B1D1B1D1B151B1D1B1D9A
:102E60001B153D1D1C1D1C1D3C1D1B1D1B1D3B1D45
:102E70003C15FB0C3C151C153B255B353A3D752C70
:102E8000B22B0B02C600C500C500C400A40083001D
:102E90008300A400A40084002701CA011023B42BDE
:102EA000B83C5C3D5C2D1B1D1C153C1D3C1D1B1DB9
:102EB0001C1D3C1D1C1D1B153C1D1B1DFB1C3C1D16
:102EC000FC1C1C1D1C1D1B153C1D1B1D3C1D1B152E
:102ED0003B257B45CF1A43000100000000000000A5
:102EE00000000000000000000000000000000000E2
:102EF00000000000000000000000000000000000D2
:102F000000000000000000000000000000000000C1
:102F100000000000000000000000000000000000B1
:102F200000000000000000000000000000000000A1
:102F30000000000000000000000000000000000091
:102F40000000000000000000000000000000000081
:102F50000000000000000000000000000000000071
:102F60000000000000000000000000000000000061
:102F70000000000000000000000000000000000051
:102F80000000000000000000000000000000000041
:102F90000000000000000000000000000000000031
:102FA0000000000000000000000000000000200001
:102FB0002100C500D3233A351B251B153C1D1C1DC4
:102FC0003C1D3C1D3C1D1B153C1D1C1D1C151C1DCA
:102FD0001B1D1B1D3B1D1A151B1D3B253B2D5B3D62
:102FE000972C31130B02C500630042000100000062
:102FF0000000000020000000200020000000000071
:10300000010022004300850008012D02D41BF93481
:103010003B35FA241B25FB1C3C1D1C153C1D1B15B8
:103020001B1D5C253C1D1C1D1C1D1B1D1C153C1D5A
:103030005C1D1B151B155C255B3DF0124400010057
:103040002000000000000000000000000000000060
:103050000000000000000000000000000000000070
:103060000000000000000000000000000000000060
:103070000000000000000000000000000000000050
:103080000000000000000000000000000000000040
:103090000000000000000000000000000000000030
:1030A0000000000000000000000000000000000020
:1030B0000000000000000000000000000000000010
:1030C0000000000000000000000000000000000000
:1030D00000000000000000000000000000000000F0
:1030E00000000000000000000000000000000000E0
:1030F00000000000000000000000000000000000D0
:1031000000000000000000000000000000000000BF
:103110000000000000000000200021008500B33303
:103120005B351B151C153C1D1C1DFC1C5C1D1B155B
:103130001C1D5D1D3C1D3C1D3C1DFB141C151B1D59
:103140005C2D3A45311BAA01A50043002200010075
:10315000200000000000000000000000000000004F
:10316000000000000000000000000000000000005F
:103170002100420063000601EE12B73C3A3D5C2D8F
:103180001C1DFC145D1D1C153B1DFA141B151A1586
:103190003B1D3B1D3C1D1C1DDB143C1D5C1D5B359C
:1031A000CF126400220000000000000000000000B8
:1031B000000000000000000000000000000000000F
:1031C00000000000000000000000000000000000FF
:1031D00000000000000000000000000000000000EF
:1031E00000000000000000000000000000000000DF
:1031F00000000000000000000000000000000000CF
:1032000000000000000000000000000000000000BE
:1032100000000000000000000000000000000000AE
:10322000000000000000000000000000000000009E
:10323000000000000000000000000000000000008E
:10324000000000000000000000000000000000007E
:10325000000000000000000000000000000000006E
:10326000000000000000000000000000000000005E
:10327000000000000000000000000000000000004E
:10328000200021000100A500D4235B351B1D1C1567
:103290001C1D3C1DFB143C1D3C1DFB141C151B1D63
:1032A0001B1D3B2D5B353B3D521369014300420022
:1032B000010000000000000000000000000000000D
:1032C00000000000000000000000000000000000FE
:1032D00000000000000000000000000020002100AD
:1032E0004200E500CB0193135B3D3B2DFB1C1C1DF5
:1032F0001C155C1D5C1D3B153B153B1D1B1D1C1D42
:103300003C1D1B1D7B3DF00A6300010001002100F4
:1033100000000000000000000000000000000000AD
:10332000000000000000000000000000000000009D
:10333000000000000000000000000000000000008D
:10334000000000000000000000000000000000007D
:10335000000000000000000000000000000000006D
:10336000000000000000000000000000000000005D
:10337000000000000000000000000000000000004D
:10338000000000000000000000000000000000003D
:10339000000000000000000000000000000000002D
:1033A000000000000000000000000000000000001D
:1033B000000000000000000000000000000000000D
:1033C00000000000000000000000000000000000FD
:1033D00000000000000000000000000000000000ED
:1033E000000000002000000000000000210042005A
:1033F0006400D32B9C3DFC14FB143C1D5C1D1B1571
:103400005C1D1B153C1D5C253B2DF93C0F13480131
:1034100043004200220021000000000000000000E4
:103420000000000000080000000000000000000094
:10343000000000000000000000000000000020006C
:1034400000000000000000000000200041006300B8
:103450008801B32BF93C1B2D1C1D3C153C155C153C
:103460001B153B1DFB1CFB1C1C1D7C3DAE0A830079
:103470002200010001000000000000000000000028
:10348000000000000000000000000000000000003C
:10349000000000000000000000000000000000002C
:1034A000000000000000000000000000000000001C
:1034B000000000000000000000000000000000000C
:1034C00000000000000000000000000000000000FC
:1034D00000000000000000000000000000000000EC
:1034E00000000000000000000000000000000000DC
:1034F00000000000000000000000000000000000CC
:1035000000000000000000000000000000000000BB
:1035100000000000000000000000000000000000AB
:10352000000000000000000000000000000000009B
:10353000000000000000000000000000000000008B
:10354000000000000000000020000000000000005B
:10355000000000000000000021008400B31B5B3568
:103560001B251B151B153C1D1B1DFA1C3B2DF9347F
:10357000F423480143002100000000000000000087
:10358000000000000000210000000000000000001A
:10359000000000000000000000000000000000002B
:1035A000000000000000000000000000000000001B
:1035B000000000000000000021006300AA01973411
:1035C0003B35FB1C1C1D1B155C1D1B1DFB1C1B2DFB
:1035D0005B3DAF0243002000000021080000000016
:1035E00000000000000000000000000000000000DB
:1035F00000000000000000000000000000000000CB
:1036000000000000000000000000000000000000BA
:1036100000000000000000000000000000000000AA
:10362000000000000000000000000000000000009A
:10363000000000000000000000000000000000008A
:10364000000000000000000000000000000000007A
:10365000000000000000000000000000000000006A
:10366000000000000000000000000000000000005A
:10367000000000000000000000000000000000004A
:10368000000000000000000000000000000000003A
:10369000000000000000000000000000000000002A
:1036A00000000000000000000000000021000000F9
:1036B000000000000000000000000000000000000A
:1036C0000000420043000F1B5A3DFA1C3B1D3B1DEE
:1036D000FA1C7B3D963C690142002100010000007C
:1036E00000000000000000002000000000000000BA
:1036F00000000000000000000000000000000000CA
:1037000000000000000000000000000000000000B9
:1037100000000000000000000000000000000000A9
:103720000000200042000601CF12D83C3B2D1B1D9B
:103730001B155C1D1B253A452C0242004100200050
:103740000000000000000000000020000000000059
:103750000000000000000000000000000000000069
:103760000000000000000000000000000000000059
:103770000000000000000000000000000000000049
:103780000000000000000000000000000000000039
:103790000000000000000000000000000000000029
:1037A0000000000000000000000000000000000019
:1037B0000000000000000000000000000000000009
:1037C00000000000000000000000000000000000F9
:1037D00000000000000000000000000000000000E9
:1037E00000000000000000000000000000000000D9
:1037F00000000000000000000000000000000000C9
:1038000000000000000000000000000000000000B8
:103810000000000000002000000000000000000088
:103820000000000000000000000000000000630035
:103830008D02193D1A2D3B355A45CF0AC60042006C
:103840000000000000000000000000000000000078
:103850000000000000000000000000000000000068
:103860000000000000000000000000000000000058
:103870000000000000000000000000000000000048
:103880000000000000000000000000000000210017
:103890004300070152135B3D1A2D1A2D193DCB0130
:1038A00042002000000000000000000000000000B6
:1038B0000000000000000000000000000000000008
:1038C00000000000000000000000000000000000F8
:1038D00000000000000000000000000000000000E8
:1038E00000000000000000000000000000000000D8
:1038F00000000000000000000000000000000000C8
:1039000000000000000000000000000000000000B7
:1039100000000000000000000000000000000000A7
:103920000000000000000000000000000000000097
:103930000000000000000000000000000000000087
:103940000000000000000000000000000000000077
:103950000000000000000000000000000000000067
:103960000000000000000000000000000000000057
:103970000000000000000000000000000000000047
:103980000000000000000000000000000000000037
:1039900000000000000021006300E600512B10230E
:1039A00028012300220000000000000000000000A9
:1039B0000000000000000000000000000000000007
:1039C00000000000000000000000000000000000F7
:1039D00000000000000000000000000000000000E7
:1039E00000000000000000000000000000000000D7
:1039F00000000000000020002000210043004C1ABD
:103A000034440F1BC50042002000000000000000ED
:103A100000000000000000000000000000000000A6
:103A20000000000000000000000000000000000096
:103A30000000000000000000000000000000000086
:103A40000000000000000000000000000000000076
:103A50000000000000000000000000000000000066
:103A60000000000000000000000000000000000056
:103A70000000000000000000000000000000000046
:103A80000000000000000000000000000000000036
:103A90000000000000000000000000000000000026
:103AA0000000000000000000000000000000000016
:103AB0000000000000000000000000000000000006
:103AC00000000000000000000000000000000000F6
:103AD00000000000000000000000000000000000E6
:103AE00000000000000000000000000000000000D6
:103AF00000000000000000000000000000000000C6
:103B000001004200230064000200000000000000E9
:103B100000000000000000000000000000000000A5
:103B20000000000000000000000000000000000095
:103B30000000000000000000000020002000000045
:103B40000000000000000000000000000000000075
:103B50000000200000000000000000000000000045
:103B6000000000000100020063004200200020006D
:103B70000000000000000000000000000000000045
:103B80000000000000000000000000000000000035
:103B90000000000000000000000000000000000025
:103BA0000000000000000000000000000000000015
:103BB0000000000000000000000000000000000005
:103BC00000000000000000000000000000000000F5
:103BD00000000000000000000000000000000000E5
:103BE00000000000000000000000000000000000D5
:103BF00000000000000000000000000000000000C5
:103C000000000000000000000000000000000000B4
:103C100000000000000000000000000000000000A4
:103C20000000000000000000000000000000000094
:103C30000000000000000000000000000000000084
:103C40000000000000000000000000000000000074
:103C50000000000000000000000000000000000064
:103C60000000000000000000000000000100210032
:103C70000000200000000000000000000000000024
:103C80000000000000000000000000000000000034
:103C900000000000000000000000000021002100E2
:103CA0000100010001000000000000000000000011
:103CB0000000000000000000000000000000000004
:103CC00000000000000000000000000001000000F3
:103CD00020002000000000000000000000000000A4
:103CE00000000000000000000000000000000000D4
:103CF00000000000000000000000000000000000C4
:103D000000000000000000000000000000000000B3
:103D100000000000000000000000000000000000A3
:103D20000000000000000000000000000000000093
:103D30000000000000000000000000000000000083
:103D40000000000000000000000000000000000073
:103D50000000000000000000000000000000000063
:103D60000000000000000000000000000000000053
:103D70000000000000000000000000000000000043
:103D80000000000000000000000000000000000033
:103D90000000000000000000000000000000000023
:103DA0000000000000000000000000000000000013
:103DB0000000000000000000000000000000000003
:103DC00000000000000000000000000000000000F3
:103DD00000000000200000000000000000000000C3
:103DE0000000000020000000000020002000000073
:103DF00000000000200040002000210022004300BD
:103E00006400C5006801AA09CB01280185004300B0
:103E1000220022002100210001000100000000001A
:103E20000000000000000000000000000000000092
:103E30000000000000000000000000000000000082
:103E40000000000000000000000000000000000072
:103E50000000000000000000000000000000000062
:103E60000000000000000000000000000000000052
:103E70000000000000000000000000000000000042
:103E80000000000000000000000000000000000032
:103E90000000000000000000000000000000000022
:103EA0000000000000000000000000000000000012
:103EB0000000000000000000000000000000000002
:103EC00000000000000000000000000000000000F2
:103ED00000000000000000000000000000000000E2
:103EE00000000000000000000000000000000000D2
:103EF00000000000000000000000000000000000C2
:103F000000000000000000000000000000000000B1
:103F100000000000000000000000000000000000A1
:103F20000000000000000000000000000000000091
:103F30000000000000000000000000000000000081
:103F40000000000000000000000000000000000071
:103F5000000000000000000000000000010022003E
:103F6000850089018E02120B9413582C992CDA2C9F
:103F7000FB2CB9245724D51B110B4E020801A500B8
:103F800043000100000000000000000000000000ED
:103F90000000000000000000000000000000000021
:103FA0000000000000000000000000000000000011
:103FB0000000000000000000000000000000000001
:103FC00000000000000000000000000000000000F1
:103FD00000000000000000000000000000000000E1
:103FE00000000000000000000000000000000000D1
:103FF00000000000000000000000000000000000C1
:1040000000000000000000000000000000000000B0
:1040100000000000000000000000000000000000A0
:104020000000000000000000000000000000000090
:104030000000000000000000000000000000000080
:104040000000000000000000000000000000000070
:104050000000000000000000000000000000000060
:104060000000000000000000000000000000000050
:104070000000000000000000000000000000000040
:104080000000000000000000000000000000000030
:104090000000000000000000000000000000000020
:1040A0000000000000000000000000000000000010
:1040B00000000000000000000000010001002100DD
:1040C000220085002801AF1A1534772CB924FB246F
:1040D000FC24BB149B14BC14DC0CDC0CDB14DB1CBC
:1040E000DA24B92C9834F42BEF1A890164002200E9
:1040F000220000000000000000000000000000009E
:1041000000000000000000000000000000000000AF
:10411000000000000000000000000000000000009F
:10412000000000000000000000000000000000008F
:10413000000000000000000000000000000000007F
:10414000000000000000000000000000000000006F
:10415000000000000000000000000000000000005F
:10416000000000000000000000000000000000004F
:10417000000000000000000000000000000000003F
:10418000000000000000000000000000000000002F
:10419000000000000000000000000000000000001F
:1041A000000000000000000000000000000000000F
:1041B00000000000000000000000000000000000FF
:1041C00000000000000000000000000000000000EF
:1041D00000000000000000000000000000000000DF
:1041E00000000000000000000000000000000000CF
:1041F00000000000000000000000000000000000BF
:1042000000000000000000000000000000000000AE
:10421000000000000000000000000000000000009E
:1042200000002100230007016E02572CDA34BA2C5B
:104230009A24BA1CDB1C9A149A14BA14DB14BB140B
:104240009B149B14BB14BB14BA14B914FA2499140C
:10425000DA241B35F523EC01850022000000000064
:10426000000000000000000000000000000000004E
:10427000200000000000000000000000000000001E
:10428000000000000000000000000000000000002E
:10429000000000000000000000000000000000001E
:1042A000000000000000000000000000000000000E
:1042B00000000000000000000000000000000000FE
:1042C00000000000000000000000000000000000EE
:1042D00000000000000000000000000000000000DE
:1042E00000000000000000000000000000000000CE
:1042F00000000000000000000000000000000000BE
:1043000000000000000000000000000000000000AD
:10431000000000000000000000000000000000009D
:10432000000000000000000000000000000000008D
:10433000000000000000000000000000000000007D
:10434000000000000000000000000000000000006D
:10435000000000000000000000000000000000005D
:10436000000000000000000000000000000000004D
:10437000000000000000000000000000000000003D
:10438000200000000000000000004200AA01973C4D
:10439000FA2C9A14BB14BB14BB14BB14BB14BB146F
:1043A000DA14BA14BA14BB14BB149B149B14BB14B8
:1043B000DB0CDA0CBA0CDB0CDB0C9A0CDB1C1B3DA7
:1043C000B42389012200000000000000000000006A
:1043D000000000000000000000000000200020009D
:1043E00000000000000000000000000000000000CD
:1043F00000000000000000000000000000000000BD
:1044000000000000000000000000000000000000AC
:10441000000000000000000000000000000000009C
:10442000000000000000000000000000000000008C
:10443000000000000000000000000000000000007C
:10444000000000000000000000000000000000006C
:10445000000000000000000000000000000000005C
:10446000000000000000000000000000000000004C
:10447000000000000000000000000000000000003C
:10448000000000000000000000000000000000002C
:10449000000000000000000000000000000000001C
:1044A000000000000000000000000000000000000C
:1044B00000000000000000000000000000000000FC
:1044C00000000000000000000000000000000000EC
:1044D00000000000000000000000000000000000DC
:1044E00000000000000000000000000000000100CB
:1044F0002200AA01F934BA1C9A14BB14BB14BB14D1
:10450000BB14BB0CDB0CDA0CDA0CBA14BB14BB14F6
:10451000BB14BB14BB14BB14BB14BB0CBB14BB0C33
:10452000BB149A0CBB149A14DB24FA44AA0122008F
:104530000100010000000000000000000000000079
:10454000000000000000000000000000000000006B
:10455000000000000000000000000000000000005B
:10456000000000000000000000000000000000004B
:10457000000000000000000000000000000000003B
:10458000000000000000000000000000000000002B
:10459000000000000000000000000000000000001B
:1045A000000000000000000000000000000000000B
:1045B00000000000000000000000000000000000FB
:1045C00000000000000000000000000000000000EB
:1045D00000000000000000000000000000000000DB
:1045E00000000000000000000000000000000000CB
:1045F00000000000000000000000000000000000BB
:1046000000000000000000000000000000000000AA
:10461000000000000000000000000000000000009A
:10462000000000000000000000000000000000008A
:10463000000000000000000000000000000000007A
:10464000000000000000000000000000000000006A
:104650000000000000000100A6007644DA24BB0C34
:10466000BB0CBB14BB14BB14BB14BB14BB14BB14DA
:10467000BB14BB14BB14BB14BB14BB14BB14BB14C2
:10468000BB14BB149B14BB14BB14DB14BB0CDC0CA1
:104690009B0CDB2CB333C5000200000000000000BF
:1046A000000000000000000000000000000000000A
:1046B00000000000000000000000000000000000FA
:1046C00000000000000000000000000000000000EA
:1046D00000000000000000000000000000000000DA
:1046E00000000000000000000000000000000000CA
:1046F00000000000000000000000000000000000BA
:1047000000000000000000000000000000000000A9
:104710000000000000000000000000000000000099
:104720000000000000000000000000000000000089
:104730000000000000000000000000000000000079
:104740000000000000000000000000000000000069
:104750000000000000000000000000000000000059
:104760000000000000000000000000000000000049
:104770000000000000000000000000000000000039
:104780000000000000000000000000000000000029
:104790000000000000000000000000000000000019
:1047A0000000000000000000000000000000000009
:1047B00000000000000000000000000000000100F8
:1047C000E700D944991CDB149A0CDB1CBA149B1427
:1047D000BC14BC14BB14BB149B14BB14BB14BB0C87
:1047E000BB14BB14BA14BB14BB14BB14BB149A1473
:1047F000BB1C9A0CDC14BB0CDB0C981CB7440701E7
:104800002100000000000000000000000000000087
:104810000000000000000000000000000000000098
:104820000000000000000000000000000000000088
:104830000000000000000000000000000000000078
:104840000000000000000000000000000000000068
:104850000000000000000000000000000000000058
:104860000000000000000000000000000000000048
:104870000000000000000000000000000000000038
:104880000000000000000000000000000000000028
:104890000000000000000000000000000000000018
:1048A0000000000000000000000000000000000008
:1048B00000000000000000000000000000000000F8
:1048C00000000000000000000000000000000000E8
:1048D00000000000000000000000000000000000D8
:1048E00000000000000000000000000000000000C8
:1048F00000000000000000000000000000000000B8
:1049000000000000000000000000000000000000A7
:104910000000000000000000000000000000000097
:1049200000000000000021004400732399249A1421
:10493000DB1C9A149A1C9B14BC14BC14BB14BB142F
:104940009B14BB14BB14BB0CBB14BB14BB14BB1417
:10495000BB14BB14BB149A149B14BB14DB0CDB0CF0
:10496000DB14F92C301BA40001000000000000083B
:104970000000000000000000000000000000000037
:104980000000000000000000000000000000000027
:104990000000000000000000000000000000000017
:1049A0000000000000000000000000000000000007
:1049B00000000000000000000000000000000000F7
:1049C00000000000000000000000000000000000E7
:1049D00000000000000000000000000000000000D7
:1049E00000000000000000000000000000000000C7
:1049F00000000000000000000000000000000000B7
:104A000000000000000000000000000000000000A6
:104A10000000000000000000000000000000000096
:104A20000000000000000000000000000000000086
:104A30000000000000000000000000000000000076
:104A40000000000000000000000000000000000066
:104A50000000000000000000000000000000000056
:104A60000000000000000000000000000000000046
:104A70000000000000000000000000000000000036
:104A80000000000000000000000000000000000026
:104A900022002801B9349A14BB1C9A14BB14BB140D
:104AA000BC14BB14BB14BA14BA14BB14BC14BC148D
:104AB000BB0CBB14BB14BB14BB14BB14BA14BB1487
:104AC000DC149B0CBB0CBB14BB1CB83406012000CF
:104AD00000000000000000000000000000000000D6
:104AE00000000000000000000000000000000000C6
:104AF00000000000000000000000000000000000B6
:104B000000000000000000000000000000000000A5
:104B10000000000000000000000000000000000095
:104B20000000000000000000000000000000000085
:104B30000000000000000000000000000000000075
:104B40000000000000000000000000000000000065
:104B50000000000000000000000000000000000055
:104B60000000000000000000000000000000000045
:104B70000000000000000000000000000000000035
:104B80000000000000000000000000000000000025
:104B90000000000000000000000000000000000015
:104BA0000000000000000000000000000000000005
:104BB00000000000000000000000000000000000F5
:104BC00000000000000000000000000000000000E5
:104BD00000000000000000000000000000000000D5
:104BE00000000000000000000000000000000000C5
:104BF0000000000000000000000023006E02DA3414
:104C00007A1CBB14BB14BB14BB14BB14BA14BA1467
:104C1000BA14BB14BB14BC14BB0CBB14BB14BB1424
:104C2000BB14BB14BB14BB149B0CFC14DB149914F5
:104C3000DA34CC0122000000000000000000000077
:104C40000000000000000000000000000000000064
:104C50000000000000000000000000000000000054
:104C60000000000000000000000000000000000044
:104C70000000000000000000000000000000000034
:104C80000000000000000000000000000000000024
:104C90000000000000000000000000000000000014
:104CA0000000000000000000000000000000000004
:104CB00000000000000000000000000000000000F4
:104CC00000000000000000000000000000000000E4
:104CD00000000000000000000000000000000000D4
:104CE00000000000000000000000000000000000C4
:104CF00000000000000000000000000000000000B4
:104D000000000000000000000000000000000000A3
:104D10000000000000000000000000000000000093
:104D20000000000000000000000000000000000083
:104D30000000000000000000000000000000000073
:104D40000000000000000000000000000000000063
:104D50000000000000000000000000000000000053
:104D6000000001004400F01AFA2CBB14BC14BB1460
:104D7000BB14BA14BA14DB0CDB0CDB0CBB14BB1475
:104D8000BB14BB14BA14DA14DB0CDB0C9B14BC1C74
:104D9000BB149A0CDB14FA2C0D0223000000000057
:104DA0000000000000000000000000000000000003
:104DB00000000000000000000000000000000000F3
:104DC00000000000000000000000000000000000E3
:104DD00000000000000000000000000000000000D3
:104DE00000000000000000000000000000000000C3
:104DF00000000000000000000000000000000000B3
:104E000000000000000000000000000000000000A2
:104E10000000000000000000000000000000000092
:104E20000000000000000000000000000000000082
:104E30000000000000000000000000000000000072
:104E40000000000000000000000000000000000062
:104E50000000000000000000000000000000000052
:104E60000000000000000000000000000000000042
:104E70000000000000000000000000000000000032
:104E80000000000000000000000000000000000022
:104E90000000000000000000000000000000000012
:104EA0000000000000000000000000000000000002
:104EB00000000000000000000000000000000000F2
:104EC000000000000000000000000000010065007C
:104ED000731BFB2CBB14BB14BB14BA14BB0CBB0C54
:104EE000BB14BB14BB14BB14BB14BB14BA14DA142C
:104EF000DA0CBB0CBC147B0CDC14BB14B91CB31B4C
:104F0000840000000000000000000000000000001D
:104F10000000000000000000000000000000000091
:104F20000000000000000000000000000000000081
:104F30000000000000000000000000000000000071
:104F40000000000000000000000000000000000061
:104F50000000000000000000000000000000000051
:104F60000000000000000000000000000000000041
:104F70000000000000000000000000000000000031
:104F80000000000000000000000000000000000021
:104F90000000000000000000000000000000000011
:104FA0000000000000000000000000000000000001
:104FB00000000000000000000000000000000000F1
:104FC00000000000000000000000000000000000E1
:104FD00000000000000000000000000000000000D1
:104FE00000000000000000000000000000000000C1
:104FF00000000000000000000000000000000000B1
:1050000000000000000000000000000000000000A0
:105010000000000000000000000000000000000090
:10502000000000000000000000000000000001007F
:105030000000000000002200A500921BBA24BB144F
:10504000BC14BB14BB0CBB0CBB14BB14BB14DB14D7
:10505000BB0CDB149A14BB14BA14BB149B14BB0C0A
:10506000DC14DA24F42BE50021000000000000002D
:105070000000000000000000000000000000000030
:105080000000000000000000000000000000000020
:105090000000000000000000000000000000000010
:1050A0000000000000000000000000000000000000
:1050B00000000000000000000000000000000000F0
:1050C00000000000000000000000000000000000E0
:1050D00000000000000000000000000000000000D0
:1050E00000000000000000000000000000000000C0
:1050F00000000000000000000000000000000000B0
:10510000000000000000000000000000000000009F
:10511000000000000000000000000000000000008F
:10512000000000000000000000000000000000007F
:10513000000000000000000000000000000000006F
:10514000000000000000000000000000000000005F
:10515000000000000000000000000000000000004F
:10516000000000000000000000000000000000003F
:10517000000000000000000000000000000000002F
:10518000000000000000000000000000000000001F
:1051900000000000000001000000000000002000EE
:1051A0002100E600562C791CDC1C9C0CBC14BB14A2
:1051B000BB149A14BB149A0CDB14BB149B0CBB14C9
:1051C000BB149B14BB14DB1C9A1C772CE60021003B
:1051D00000000000000000000000000000000000CF
:1051E00000000000000000000000000000000000BF
:1051F00000000000000000000000000000000000AF
:10520000000000000000000000000000000000009E
:10521000000000000000000000000000000000008E
:10522000000000000000000000000000000000007E
:10523000000000000000000000000000000000006E
:10524000000000000000000000000000000000005E
:10525000000000000000000000000000000000004E
:10526000000000000000000000000000000000003E
:10527000000000000000000000000000000000002E
:10528000000000000000000000000000000000001E
:10529000000000000000000000000000000000000E
:1052A00000000000000000000000000000000000FE
:1052B00000000000000000000000000000000000EE
:1052C00000000000000000000000000000000000DE
:1052D00000000000000000000000000000000000CE
:1052E00000000000000000000000000000000000BE
:1052F00000000000000000000000000000000000AE
:105300000000000000000000000021008901973427
:105310009914DC149B0C9B0CDB14BA14DB14BB1427
:105320009B0CDC14BC0CBC14BB149B14BA14992445
:105330007634280142000000000000000000000058
:10534000000000000000000000000000000000005D
:10535000000000000000000000000000000000004D
:10536000000000000000000000000000000000003D
:10537000000000000000000000000000000000002D
:10538000000000000000000000000000000000001D
:10539000000000000000000000000000000000000D
:1053A00000000000000000000000000000000000FD
:1053B00000000000000000000000000000000000ED
:1053C00000000000000000000000000000000000DD
:1053D00000000000000000000000000000000000CD
:1053E00000000000000000000000000000000000BD
:1053F00000000000000000000000000000000000AD
:10540000000000000000000000000000000000009C
:10541000000000000000000000000000000000008C
:10542000000000000000000000000000000000007C
:10543000000000000000000000000000000000006C
:10544000000000000000000000000000000000005C
:10545000000000000000000000000000000000004C
:10546000000000000000000000002000000000001C
:1054700000080000420089019834BA1CDB14BB0C00
:10548000DB14DB149A0CDB149B0CBB0CBC0CBC14A3
:10549000BB149A1CBA2C773407014200210000008B
:1054A00000000000000000000000000000000000FC
:1054B00000000000000000000000000000000000EC
:1054C00000000000000000000000000000000000DC
:1054D00000000000000000000000000000000000CC
:1054E00000000000000000000000000000000000BC
:1054F00000000000000000000000000000000000AC
:10550000000000000000000000000000000000009B
:10551000000000000000000000000000000000008B
:10552000000000000000000000000000000000007B
:10553000000000000000000000000000000000006B
:10554000000000000000000000000000000000005B
:10555000000000000000000000000000000000004B
:10556000000000000000000000000000000000003B
:10557000000000000000000000000000000000002B
:10558000000000000000000000000000000000001B
:10559000000000000000000000000000000000000B
:1055A00000000000000000000000000000000000FB
:1055B00000000000000000000000000000000000EB
:1055C00000000000000000000000000000000000DB
:1055D0002000000000000000000000000000620049
:1055E0000701F52BFB24BB0C9A0CBA14DA1C9A1495
:1055F000DC14DC14BB14FB1C9A0CB924F533E70053
:105600004200010001000100000000000000000055
:10561000000000000000000000000000000000008A
:10562000000000000000000000000000000000007A
:10563000000000000000000000000000000000006A
:10564000000000000000000000000000000000005A
:10565000000000000000000000000000000000004A
:10566000000000000000000000000000000000003A
:10567000000000000000000000000000000000002A
:10568000000000000000000000000000000000001A
:10569000000000000000000000000000000000000A
:1056A00000000000000000000000000000000000FA
:1056B00000000000000000000000000000000000EA
:1056C00000000000000000000000000000000000DA
:1056D00000000000000000000000000000000000CA
:1056E00000000000000000000000000000000000BA
:1056F00000000000000000000000000000000000AA
:105700000000000000000000000000000000000099
:105710000000000000000000000000000000000089
:105720000000000000000000000000000000000079
:105730000000000000000000000000000000200049
:1057400000000100000000002200C600B413FB248A
:10575000BA1CBA1C9A14BB14DC147B0CBB1479144D
:105760001A35D423E60022000000000021002100A9
:105770000000000000000000000000000000000029
:105780000000000000000000000000000000000019
:105790000000000000000000000000000000000009
:1057A00000000000000000000000000000000000F9
:1057B00000000000000000000000000000000000E9
:1057C00000000000000000000000000000000000D9
:1057D00000000000000000000000000000000000C9
:1057E00000000000000000000000000000000000B9
:1057F00000000000000000000000000000000000A9
:105800000000000000000000000000000000000098
:105810000000000000000000000000000000000088
:105820000000000000000000000000000000000078
:105830000000000000000000000000000000000068
:105840000000000000000000000000000000000058
:105850000000000000000000000000000000000048
:105860000000000000000000000000000000000038
:105870000000000000000000000000000000000028
:105880000000000000000000000000000000000018
:105890000000000000000000000000000000000008
:1058A00000000000000000000000000000000000F8
:1058B0000000210085007223DA2C9A1CBB14BB1453
:1058C0009B0CBC14BB1CFA3C4C0A6300210000007A
:1058D00000000000000000000000000000000000C8
:1058E00000000000000000000000000000000000B8
:1058F00000000000000000000000000000000000A8
:105900000000000000000000000000000000000097
:105910000000000000000000000000000000000087
:105920000000000000000000000000000000000077
:105930000000000000000000000000000000000067
:105940000000000000000000000000000000000057
:105950000000000000000000000000000000000047
:105960000000000000000000000000000000000037
:105970000000000000000000000000000000000027
:105980000000000000000000000000000000000017
:105990000000000000000000000000000000000007
:1059A00000000000000000000000000000000000F7
:1059B00000000000000000000000000000000000E7
:1059C00000000000000000000000000000000000D7
:1059D00000000000000000000000000000000000C7
:1059E00000000000000000000000000000000000B7
:1059F00000000000000000000000000000000000A7
:105A00000000000000000000000000000000000096
:105A100020000000000000000000200021006400C1
:105A2000F012D934BA249A149A1CDB2CB934EC0144
:105A30004200200000000000000000000000000004
:105A40000000000000000000000000000000000056
:105A50000000000000000000000000000000000046
:105A60000000000000000000000000000000000036
:105A70000000000000000000000000000000000026
:105A80000000000000000000000000000000000016
:105A90000000000000000000000000000000000006
:105AA00000000000000000000000000000000000F6
:105AB00000000000000000000000000000000000E6
:105AC00000000000000000000000000000000000D6
:105AD00000000000000000000000000000000000C6
:105AE00000000000000000000000000000000000B6
:105AF00000000000000000000000000000000000A6
:105B00000000000000000000000000000000000095
:105B10000000000000000000000000000000000085
:105B20000000000000000000000000000000000075
:105B30000000000000000000000000000000000065
:105B40000000000000000000000000000000000055
:105B50000000000000000000000000000000000045
:105B60000000000000000000000000000000000035
:105B70000000000000000000000000000000000025
:105B800000000000000021006300CB01362CDA3455
:105B9000D934B42369012200410000000000000054
:105BA00000000000000000000000000000000000F5
:105BB00000000000000000000000000000000000E5
:105BC00000000000000000000000000000000000D5
:105BD00000000000000000000000000000000000C5
:105BE00000000000000000000000000000000000B5
:105BF00000000000000000000000000000000000A5
:105C00000000000000000000000000000000000094
:105C10000000000000000000000000000000000084
:105C20000000000000000000000000000000000074
:105C30000000000000000000000000000000000064
:105C40000000000000000000000000000000000054
:105C50000000000000000000000000000000000044
:105C60000000000000000000000000000000000034
:105C70000000000000000000000000000000000024
:105C80000000000000000000000000000000000014
:105C90000000000000000000000000000000000004
:105CA00000000000000000000000000000000000F4
:105CB00000000000000000000000000000000000E4
:105CC00000000000000000000000000000000000D4
:105CD00000000000000000000000000000000000C4
:105CE00000000000000000000000000000000000B4
:105CF00000004200E700CF120C0265002200000005
:105D00000000000000000000000000000000000093
:105D10000000000000000000000000000000000083
:105D20000000000000000000000000000000000073
:105D30000000000000000000000000000000000063
:105D40000000000000000000000000000000000053
:105D50000000000000000000000000000000000043
:105D60000000000000000000000000000000000033
:105D70000000000000000000000000000000000023
:105D80000000000000000000000000000000000013
:105D90000000000000000000000000000000000003
:105DA00000000000000000000000000000000000F3
:105DB00000000000000000000000000000000000E3
:105DC00000000000000000000000000000000000D3
:105DD00000000000000000000000000000000000C3
:105DE00000000000000000000000000000000000B3
:105DF00000000000000000000000000000000000A3
:105E00000000000000000000000000000000000092
:105E10000000000000000000000000000000000082
:105E20000000000000000000000000000000000072
:105E30000000000000000000000000000000000062
:105E40000000000000000000000000000000000052
:105E500000000000000020000000000022002200DE
:105E6000020022000100000000000000000000000D
:105E70000000000000000000000000000000000022
:105E80000000000000000000000000000000000012
:105E90000000000000000000000000000000000002
:105EA00000000000000000000000000000000000F2
:105EB00000000000000000000000000000000000E2
:105EC00000000000000000000000000000000000D2
:105ED00000000000000000000000000000000000C2
:105EE00000000000000000000000000000000000B2
:105EF00000000000000000000000000000000000A2
:105F00000000000000000000000000000000000091
:105F10000000000000000000000000000000000081
:105F20000000000000000000000000000000000071
:105F30000000000000000000000000000000000061
:105F40000000000000000000000000000000000051
:105F50000000000000000000000000000000000041
:105F60000000000000000000000000000000000031
:105F70000000000000000000000000000000000021
:105F80000000000000000000000000000000000011
:105F90000000000000000000000000000000000001
:105FA00000000000000000000000000000000000F1
:105FB00000000000000000000000000000000000E1
:105FC00000000000000000000000000000000000D1
:105FD00000000000000000000000000000000000C1
:105FE00000000000000000000000000000000000B1
:105FF00000000000000000000000000000000000A1
:106000000000000000000000000000000000000090
:106010000000000000000000000000000000000080
:106020000000000000000000000000000000000070
:106030000000000000000000000000000000000060
:106040000000000000000000000000000000000050
:106050000000000000000000000000000000000040
:106060000000000000000000000000000000000030
:106070000000000000000000000000000000000020
:106080000000000000000000000000000000000010
:106090000000000000000000000000000000000000
:1060A00000000000000000000000000000000000F0
:1060B00000000000000000000000000000000000E0
:1060C00000000000000000000000000000000000D0
:1060D00000000000000000000000000000000000C0
:1060E00000000000000000000000000000000000B0
:1060F00000000000000000000000000000000000A0
:10610000000000000000000000000000000000008F
:10611000000000000000000000000000000000007F
:10612000000000000000000000000000000000006F
:10613000000000000000000000000000000000005F
:10614000000000000000000000000000000000004F
:10615000000000000000000000000000000000003F
:10616000000000000000000000000000000000002F
:10617000000000000000000000000000000000001F
:10618000000000000000000000000000000000000F
:1061900000000000000000000000000000000000FF
:1061A00000000000000000000000000000000000EF
:1061B00000000000000000000000000000000000DF
:1061C00000000000000000000000000000000000CF
:1061D00000000000000000000000000000000000BF
:1061E00000000000000000000000000000000000AF
:1061F000000000000000000000000000000000009F
:10620000000000000000000000000000000000008E
:10621000000000000000000000000000000000007E
:10622000000000000000000000000000000000006E
:10623000000000000000000000000000000000005E
:10624000000000000000000000000000000000004E
:10625000000000000000000000000000000000003E
:10626000000000000000000000000000000000002E
:10627000000000000000000000000000000000001E
:1062800000000000000000000000000000002000EE
:1062900000000000000000002000000000000000DE
:1062A00000000000000000000000000000000000EE
:1062B00000000000000000000000000000000000DE
:1062C00000000000000000000000000000000000CE
:1062D00000000000000000000000000000000000BE
:1062E00000000000000000000000000000000000AE
:1062F000000000000000000000000000000000009E
:10630000000000000000000000000000000000008D
:10631000000000000000000000000000000000007D
:10632000000000000000000000000000000000006D
:10633000000000000000000000000000000000005D
:10634000000000000000000000000000000000004D
:10635000000000000000000000000000000000003D
:10636000000000000000000000000000000000002D
:10637000000000000000000000000000000000001D
:10638000000000000000000000000000000000000D
:1063900000000000000000000000000000000000FD
:1063A00000000000000000000000000000000000ED
:1063B00000000000000000000000000000000000DD
:1063C00000000000000000000000000000000000CD
:1063D00000000000000000000000000000000000BD
:1063E00000000000000000000000000000000000AD
:1063F000000000000000000000000000000000009D
:10640000000000000000000000000000000000008C
:10641000000000000000000000000000000000007C
:10642000000000000000000000000000000000006C
:10643000000000000000000000000000000000005C
:10644000000000000000000000000000000000004C
:10645000000000000000000000000000000000003C
:10646000000000000000000000000000000000002C
:10647000000000000000000000000000000000001C
:10648000000000000000000000000000000000000C
:1064900000000000000000000000000000000000FC
:1064A00000000000000000000000000000000000EC
:1064B00000000000000000000000000000000000DC
:1064C00000000000000000000000000000000000CC
:1064D00000000000000000000000000000000000BC
:1064E00000000000000000000000000000000000AC
:1064F000000000000000000000000000000000009C
:10650000000000000000000000000000000000008B
:10651000000000000000000000000000000000007B
:10652000000000000000000000000000000000006B
:10653000000000000000000000000000000000005B
:10654000000000000000000000000000000000004B
:10655000000000000000000000000000000000003B
:10656000000000000000000000000000000000002B
:10657000000000000000000000000000000000001B
:10658000000000000000000000000000000000000B
:1065900000000000000000000000000000000000FB
:1065A00000000000000000000000000000000000EB
:1065B00000000000000000000000000000000000DB
:1065C00000000000000000000000000000000000CB
:1065D00000000000000000000000000000000000BB
:1065E00000000000000000000000000000000000AB
:1065F000000000000000000000000000000000009B
:10660000000000000000000000000000000000008A
:10661000000000000000000000000000000000007A
:10662000000000000000000000000000000000006A
:10663000000000000000000000000000000000005A
:10664000000000000000000000000000000000004A
:10665000000000000000000000000000000000003A
:10666000000000000000000000000000000000002A
:10667000000000000000000000000000000000001A
:10668000000000000000000000000000000000000A
:1066900000000000000000000000000000000000FA
:1066A00000000000000000000000000000000000EA
:1066B00000000000000000000000000000000000DA
:1066C00000000000000000000000000000000000CA
:1066D00000000000000000000000000000000000BA
:1066E00000000000000000000000000000000000AA
:1066F000000000000000000000000000000000009A
:106700000000000000000000000000000000000089
:106710000000000000000000000000000000000079
:106720000000000000000000000000000000000069
:106730000000000000000000000000000000000059
:106740000000000000000000000000000000000049
:106750000000000000000000000000000000000039
:106760000000000000000000000000000000000029
:106770000000000000000000000000000000000019
:106780000000000000000000000000000000000009
:1067900000000000000000000000000000000000F9
:1067A00000000000000000000000000000000000E9
:1067B00000000000000000000000000000000000D9
:1067C00000000000000000000000000000000000C9
:1067D00000000000000000000000000000000000B9
:1067E00000000000000000000000000000000000A9
:1067F0000000000000000000000000000000000099
:106800000000000000000000000000000000000088
:106810000000000000000000000000000000000078
:106820000000000000000000000000000000000068
:106830000000000000000000000000000000000058
:106840000000000000000000000000000000000048
:106850000000000000000000000000000000000038
:106860000000000000000000000000000000000028
:106870000000000000000000000000000000000018
:106880000000000000000000000000000000000008
:1068900000000000000000000000000000000000F8
:1068A00000000000000000000000000000000000E8
:1068B00000000000000000000000000000000000D8
:1068C00000000000000000000000000000000000C8
:1068D00000000000000000000000000000000000B8
:1068E00000000000000000000000000000000000A8
:1068F0000000000000000000000000000000000098
:106900000000000000000000000000000000000087
:106910000000000000000000000000000000000077
:106920000000000000000000000000000000000067
:106930000000000000000000000000000000000057
:106940000000000000000000000000000000000047
:106950000000000000000000000000000000000037
:106960000000000000000000000000000000000027
:106970000000000000000000000000000000000017
:106980000000000000000000000000000000000007
:1069900000000000000000000000000000000000F7
:1069A00000000000000000000000000000000000E7
:1069B00000000000000000000000000000000000D7
:1069C00000000000000000000000000000000000C7
:1069D00000000000000000000000000000000000B7
:1069E00000000000000000000000000000000000A7
:1069F0000000000000000000000000000000000097
:106A00000000000000000000000000000000000086
:106A10000000000000000000000000000000000076
:106A20000000000000000000000000000000000066
:106A30000000000000000000000000000000000056
:106A40000000000000000000000000000000000046
:106A50000000000000000000000000000000000036
:106A60000000000000000000000000000000000026
:106A70000000000000000000000000000000000016
:106A80000000000000000000000000000000000006
:106A900000000000000000000000000000000000F6
:106AA00000000000000000000000000000000000E6
:106AB00000000000000000000000000000000000D6
:106AC00000000000000000000000000000000000C6
:106AD00000000000000000000000000000000000B6
:106AE00000000000000000000000000000000000A6
:106AF0000000000000000000000000000000000096
:106B00000000000000000000000000000000000085
:106B10000000000000000000000000000000000075
:106B20000000000000000000000000000000000065
:106B30000000000000000000000000000000000055
:106B40000000000000000000000000000000000045
:106B50000000000000000000000000000000000035
:106B60000000000000000000000000000000000025
:106B70000000000000000000000000000000000015
:106B80000000000000000000000000000000000005
:106B900000000000000000000000000000000000F5
:106BA00000000000000000000000000000000000E5
:106BB00000000000000000000000000000000000D5
:106BC00000000000000000000000000000000000C5
:106BD00000000000000000000000000000000000B5
:106BE00000000000000000000000000000000000A5
:106BF0000000000000000000000000000000000095
:106C00000000000000000000000000000000000084
:106C10000000000000000000000000000000000074
:106C20000000000000000000000000000000000064
:106C30000000000000000000000000000000000054
:106C40000000000000000000000000000000000044
:106C50000000000000000000000000000000000034
:106C60000000000000000000000000000000000024
:106C70000000000000000000000000000000000014
:106C80000000000000000000000000000000000004
:106C900000000000000000000000000000000000F4
:106CA00000000000000000000000000000000000E4
:106CB00000000000000000000000000000000000D4
:106CC00000000000000000000000000000000000C4
:106CD00000000000000000000000000000000000B4
:106CE00000000000000000000000000000000000A4
:106CF0000000000000000000000000000000000094
:106D00000000000000000000000000000000000083
:106D10000000000000000000000000000000000073
:106D20000000000000000000000000000000000063
:106D30000000000000000000000000000000000053
:106D40000000000000000000000000000000000043
:106D50000000000000000000000000000000000033
:106D60000000000000000000000000000000000023
:106D70000000000000000000000000000000000013
:106D80000000000000000000000000000000000003
:106D900000000000000000000000000000000000F3
:106DA00000000000000000000000000000000000E3
:106DB00000000000000000000000000000000000D3
:106DC00000000000000000000000000000000000C3
:106DD00000000000000000000000000000000000B3
:106DE00000000000000000000000000000000000A3
:106DF0000000000000000000000000000000000093
:106E00000000000000000000000000000000000082
:106E10000000000000000000000000000000000072
:106E20000000000000000000000000000000000062
:106E30000000000000000000000000000000000052
:106E40000000000000000000000000000000000042
:106E50000000000000000000000000000000000032
:106E60000000000000000000000000000000000022
:106E70000000000000000000000000000000000012
:106E80000000000000000000000000000000000002
:106E900000000000000000000000000000000000F2
:106EA00000000000000000000000000000000000E2
:106EB00000000000000000000000000000000000D2
:106EC00000000000000000000000000000000000C2
:106ED00000000000000000000000000000000000B2
:106EE00000000000000000000000000000000000A2
:106EF0000000000000000000000000000000000092
:106F00000000000000000000000000000000000081
:106F10000000000000000000000000000000000071
:106F20000000000000000000000000000000000061
:106F30000000000000000000000000000000000051
:106F40000000000000000000000000000000000041
:106F50000000000000000000000000000000000031
:106F60000000000000000000000000000000000021
:106F70000000000000000000000000000000000011
:106F80000000000000000000000000000000000001
:106F900000000000000000000000000000000000F1
:106FA00000000000000000000000000000000000E1
:106FB00000000000000000000000000000000000D1
:106FC00000000000000000000000000000000000C1
:106FD00000000000000000000000000000000000B1
:106FE00000000000000000000000000000000000A1
:106FF0000000000000000000000000000000000091
:107000000000000000000000000000000000000080
:107010000000000000000000000000000000000070
:107020000000000000000000000000000000000060
:107030000000000000000000000000000000000050
:107040000000000000000000000000000000000040
:107050000000000000000000000000000000000030
:107060000000000000000000000000000000000020
:107070000000000000000000000000000000000010
:107080000000000000000000000000000000000000
:1070900000000000000000000000000000000000F0
:1070A00000000000000000000000000000000000E0
:1070B00000000000000000000000000000000000D0
:1070C00000000000000000000000000000000000C0
:1070D00000000000000000000000000000000000B0
:1070E00000000000000000000000000000000000A0
:1070F0000000000000000000000000000000000090
:10710000000000000000000000000000000000007F
:10711000000000000000000000000000000000006F
:10712000000000000000000000000000000000005F
:10713000000000000000000000000000000000004F
:10714000000000000000000000000000000000003F
:10715000000000000000000000000000000000002F
:10716000000000000000000000000000000000001F
:10717000000000000000000000000000000000000F
:1071800000000000000000000000000000000000FF
:1071900000000000000000000000000000000000EF
:1071A00000000000000000000000000000000000DF
:1071B00000000000000000000000000000000000CF
:1071C00000000000000000000000000000000000BF
:1071D00000000000000000000000000000000000AF
:1071E000000000000000000000000000000000009F
:1071F000000000000000000000000000000000008F
:10720000000000000000000000000000000000007E
:10721000000000000000000000000000000000006E
:10722000000000000000000000000000000000005E
:10723000000000000000000000000000000000004E
:10724000000000000000000000000000000000003E
:10725000000000000000000000000000000000002E
:10726000000000000000000000000000000000001E
:10727000000000000000000000000000000000000E
:1072800000000000000000000000000000000000FE
:1072900000000000000000000000000000000000EE
:1072A00000000000000000000000000000000000DE
:1072B00000000000000000000000000000000000CE
:1072C00000000000000000000000000000000000BE
:1072D00000000000000000000000000000000000AE
:1072E000000000000000000000000000000000009E
:1072F000000000000000000000000000000000008E
:10730000000000000000000000000000000000007D
:10731000000000000000000000000000000000006D
:10732000000000000000000000000000000000005D
:10733000000000000000000000000000000000004D
:10734000000000000000000000000000000000003D
:10735000000000000000000000000000000000002D
:10736000000000000000000000000000000000001D
:10737000000000000000000000000000000000000D
:1073800000000000000000000000000000000000FD
:1073900000000000000000000000000000000000ED
:1073A00000000000000000000000000000000000DD
:1073B00000000000000000000000000000000000CD
:1073C00000000000000000000000000000000000BD
:1073D00000000000000000000000000000000000AD
:1073E000000000000000000000000000000000009D
:1073F000000000000000000000000000000000008D
:10740000000000000000000000000000000000007C
:10741000000000000000000000000000000000006C
:10742000000000000000000000000000000000005C
:10743000000000000000000000000000000000004C
:10744000000000000000000000000000000000003C
:10745000000000000000000000000000000000002C
:10746000000000000000000000000000000000001C
:10747000000000000000000000000000000000000C
:1074800000000000000000000000000000000000FC
:1074900000000000000000000000000000000000EC
:1074A00000000000000000000000000000000000DC
:1074B00000000000000000000000000000000000CC
:1074C00000000000000000000000000000000000BC
:1074D00000000000000000000000000000000000AC
:1074E000000000000000000000000000000000009C
:1074F000000000000000000000000000000000008C
:10750000000000000000000000000000000000007B
:10751000000000000000000000000000000000006B
:10752000000000000000000000000000000000005B
:10753000000000000000000000000000000000004B
:10754000000000000000000000000000000000003B
:10755000000000000000000000000000000000002B
:10756000000000000000000000000000000000001B
:10757000000000000000000000000000000000000B
:1075800000000000000000000000000000000000FB
:1075900000000000000000000000000000000000EB
:1075A00000000000000000000000000000000000DB
:1075B00000000000000000000000000000000000CB
:1075C00000000000000000000000000000000000BB
:1075D00000000000000000000000000000000000AB
:1075E000000000000000000000000000000000009B
:1075F000000000000000000000000000000000008B
:10760000000000000000000000000000000000007A
:10761000000000000000000000000000000000006A
:10762000000000000000000000000000000000005A
:10763000000000000000000000000000000000004A
:10764000000000000000000000000000000000003A
:10765000000000000000000000000000000000002A
:10766000000000000000000000000000000000001A
:10767000000000000000000000000000000000000A
:1076800000000000000000000000000000000000FA
:1076900000000000000000000000000000000000EA
:1076A00000000000000000000000000000000000DA
:1076B00000000000000000000000000000000000CA
:1076C00000000000000000000000000000000000BA
:1076D00000000000000000000000000000000000AA
:1076E000000000000000000000000000000000009A
:1076F000000000000000000000000000B400A40032
:107700005C9005082D2D00002D2D000001000000CB
:10771000EC78060802000000F47806080300000078
:10772000E078060804000000FC78060820790608C6
:107730000479060834790608387906084C79060871
:10774000287906081C790608147906083079060895
:107750004079060848790608087906082479060859
:10776000107906080C790608447906081879060885
:107770003C7906082C790608DDDDDDDDDCBBBBDDF0
:10778000DDDDDDDDDDDDDDDD9888888888888888C1
:1077900077777777778888888555555666666666E1
:1077A00066666666666888888333333222222222C0
:1077B000222222222228888D68747470733A2F2F17
:1077C0006170692E73656E6976657273652E636F7D
:1077D0006D2F76332F776561746865722F6E6F77C2
:1077E0002E6A736F6E3F6B65793D534F69352D6817
:1077F000334E61786D456F79653636266C6F6361FF
:1078000074696F6E3D687561696E616E266C616E3C
:1078100067756167653D656E26756E69743D6300C9
:10782000BAA30000BEA90000C1AC0000B1B10000C5
:10783000BEB30000BBB70000B7CA0000BACF00005B
:10784000C4CF0000C9CF0000D6D00000CAD20000CB
:10785000BDD30000C4DA0000DBDA0000C9EE00008E
:10786000BBA80000D7AA0000CAB10000C7B600003C
:10787000C3B70000CABD0000D6D30000CDE60000AB
:10788000C8EB0000CCEC0000C6F80000D2BB000042
:10789000CBC40000D0C70000C8D50000C6DA000085
:1078A000CEE50000C1F90000C8FD0000B6FE0000F2
:1078B000BBB400002D303132333435363738392EF1
:1078C00020000000303132333435363738393A2031
:1078D0002D0000006950686F6E65313400000000B3
:1078E0006275737920703F0D0A0000004F4B0D0A3E
:1078F000000000004552524F520D0A00726561644B
:10790000790D0A00466562004465630057656400AE
:107910005475650041756700467269004A756C00D0
:107920004A616E004D6F6E004A756E0053756E00B1
:10793000536570004D6172004170720053617400B4
:107940004F637400546875004E6F76004D61790086
:1079500070790608000000200801000014260108C4
:10796000787A06080801002040A3010024260108B7
:107970000000000000000000000000000000000007
:1079800000000000000000000000000000000000F7
:10799000000000000000000000000000D47806088D
:1079A00000000000000000000000000000000000D7
:1079B00000000000000000000000000000000000C7
:1079C000000000000000000000000000007A030A30
:1079D000000000000000000001020304060708097F
:1079E0000000000001020304010203040607080965
:1079F0000000000000000000000000000000000087
:107A00000000000000000000000000000000000076
:107A10000000000000000000000000000000000066
:107A2000000000000000000009000000000000004D
:107A30000000000000000000000000000000000046
:107A40000000000000000000000000000000000036
:107A50000000000000000000000000000000000026
:107A600000000000AAAAAAAA00000000000000006E
:087A700000000000000000000E
:040000050801018964
:00000001FF
