:020000040805ED
:1001000048E0012061030508690305086B03050841
:100110006D0305086F030508710305080000000062
:10012000000000000000000000000000A10205081F
:100130007503050800000000FD020508AD21050853
:100140007B0305087B0305087B0305087B03050883
:100150007B0305087B0305087B0305087B03050873
:100160007B0305087B0305087B0305087B03050863
:100170007B0305087B0305087B030508CD140508F0
:100180007B0305087B0305087B0305087B03050843
:100190007B0305087B0305087B0305087B03050833
:1001A0007B0305087B0305087B0305087B03050823
:1001B0007B0305087B0305087B0305087B03050813
:1001C0007B0305087B0305087B0305087B03050803
:1001D0007B03050885230508C12305087B03050863
:1001E0007B0305087B0305087B0305087B030508E3
:1001F0007B0305087B0305087B0305087B030508D3
:100200007B0305087B0305087B0305087B030508C2
:100210007B0305087B030508492205087B030508C5
:100220007B0305087B0305087B0305087B030508A2
:100230007B0305087B0305087B0305087B03050892
:100240007B0305087B0305087B0305087B03050882
:100250007B0305087B030508151505087B030508C6
:100260007B0305087B0305087B0305087B03050862
:100270007B0305087B0305087B0305087B03050852
:100280007B0305087B030508DFF810D000F02EFD86
:100290000048004719400508AFF3008048E00120FE
:1002A0002C4B19680868B0E8F04F80F30988BFF359
:1002B0006F8F4FF0000080F311887047000000003E
:1002C00008480068006880F308884FF0000080F359
:1002D000148862B661B6BFF34F8FBFF36F8F00DF34
:1002E00000BF00BF08ED00E0DFF80C00016841F43A
:1002F00070010160704700BF88ED00E0EFF30980F6
:10030000BFF36F8F134B1A681EF0100F08BF20ED5C
:10031000108A20E9F04F106009B44FF0500080F3CC
:100320001188BFF34F8FBFF36F8F06F087FC4FF03C
:10033000000080F3118809BC19680868B0E8F04F24
:100340001EF0100F08BFB0EC108A80F30988BFF3CD
:100350006F8F704780000020EFF30580704700002A
:100360000648804706480047FEE7FEE7FEE7FEE74F
:10037000FEE7FEE7FEE7FEE7FEE7FEE7E121050810
:10038000890205082DE9F05F0546002092469B464C
:1003900088460646814640241BE02846414647469B
:1003A000224600F013FA53465A46C01A914110D320
:1003B00011461846224600F0FAF92D1A67EB01089B
:1003C0004F4622460120002100F0F1F917EB000909
:1003D0004E41201EA4F10104DFDC484631462A4686
:1003E0004346BDE8F09F40EA01039B0703D009E0C4
:1003F00008C9121F08C0042AFAD203E011F8013B11
:1004000000F8013B521EF9D27047D2B201E000F869
:10041000012B491EFBD270470022F6E710B51346A8
:100420000A4604461946FFF7F0FF204610BD30B5D6
:1004300005462A460B4612F8010B13F8014B08B18A
:10044000A042F8D01CB1002802D06D1CF1E728466C
:1004500030BD10B5044604E00B7800F8013B03B151
:10046000491C521EF8D2204610BD421C10F8011B38
:100470000029FBD1801A704710B5002200E0521C01
:10048000835C8C5CA34201D1002BF8D1D8B2E1B2DD
:10049000401A10BD30B504460020034600E05B1C46
:1004A000934203D2E05CCD5C401BF8D030BD0346E4
:1004B00011F8012B00F8012B002AF9D118467047DA
:1004C0000FB400B58DB010A909900B9000914FF0BA
:1004D000FF300A9000200C900548069005480790D0
:1004E0006A4609A80F9900F095F90DB05DF814FB64
:1004F000310805084F0805082DE9FF5F1D464FF03C
:10050000FF3BD5E9014691465F464FF00008A969D7
:100510007F1C01988847296A824688470028F6D1BF
:10052000BAF1FF3F0CD024F4C064002E19DD600640
:1005300014D5BAF12B0F09D0BAF12D0F0ED103E06B
:10054000584604B0BDE8F09F44F48064A9697F1C5C
:1005500001988847761E8246002E02DDBAF1300FE0
:1005600003D0B9F1000F26D032E0A969761E44F419
:1005700000747F1C019888478246002E05DDBAF181
:10058000780F06D0BAF1580F03D0B9F1000F10D090
:100590001EE0B9F1000F02D0B9F1100F18D1A9690E
:1005A000761E24F400747F1C019888478246102030
:1005B00002E0082000E00A20814609E008FB090863
:1005C000A969761E44F400747F1C0198884782460E
:1005D000002E05DD4946504600F008F90028EDDA06
:1005E000E96901988847A00502D46FF00100A8E7E7
:1005F000E00725D1600613D5600502D5C8F10000DB
:1006000000E0404629680A1D2A600968220501D5D4
:10061000087015E0220701D5088011E008600FE09E
:100620002868011D29600068210502D580F8008036
:1006300006E0210702D5A0F8008001E0C0F80080A4
:1006400038467EE72DE9FF5FD2E901A74FF00008A9
:10065000916999461446DDF838B0464601988847B6
:10066000054659EA0B0005D009E0A169761C0198FE
:1006700088470546216A284688470028F5D1681C26
:1006800003D05FEACA7005D015E04FF0FF3004B028
:10069000BDE8F09F2068011D2160D0F800800AE0CD
:1006A0005FEACA7001D108F8015BA169761C7F1E60
:1006B000019888470546002F1ADD681C18D0B9F14B
:1006C000000F0DD0E81705EBD060421120F01F009D
:1006D00059F822102A1A012090400142E0D107E087
:1006E000BBF1000FDCD1216A284688470028D7D00B
:1006F000E16901988847BBF1000F07D1002E05DDA5
:100700005FEACA7002D1002188F80010A068B842E0
:1007100003DDBBF1000F03D017B16FF00100B6E7A6
:100720003046B4E700F0004230F000400AD0C10D7E
:1007300001F56071C0F3160042EA0151C20840079A
:100740001143704700200146704701F0004330B468
:1007500021F0004150EA010206D00A0DA2F56072B4
:10076000C1F31301002A02DC30BC00207047440FA3
:1007700044EAC104C100E01830BC00EBC25000F0F4
:10078000C5B830B50B46014600202022012409E0FF
:1007900021FA02F59D4205D303FA02F5491B04FA3A
:1007A00002F52844151EA2F10102F1DC30BD202A19
:1007B00004DB203A00FA02F1002070479140C2F1B8
:1007C000200320FA03F3194390407047202A04DBEA
:1007D000203A21FA02F00021704721FA02F3D040BA
:1007E000C2F1200291400843194670473A2800D2CE
:1007F000303820F02002412A01D3A2F1370088428C
:1008000001D34FF0FF307047026811441378016044
:1008100018467047D16004495161044911620021B2
:100820001161114600F08CBA09080508350D05085C
:10083000426842B1016811F8013B23B1521EC0E980
:100840000012184670470121C160881E7047426837
:100850005AB1C368016843B983688B4205D0491E09
:10086000521CC0E90012002070474FF0FF30704763
:100870000FB4002300B589B00CA900910B996FF05B
:100880000042CB601E4B06931E4B07930423CDE919
:1008900001321D4A089202466B46002000F07CFCA3
:1008A00009B05DF814FB70B586B006464FF0FF3016
:1008B0000091CDE90101002015460C460490324616
:1008C000694604A8FFF7D4FF02460498211825B111
:1008D00008B1084600E020462860049800280DD0A2
:1008E000002A02DD0098884208D0081B0094CDE958
:1008F00001043246694604A8FFF7BAFF06B070BD8E
:10090000310805084F080508350D05080029A8BF5E
:100910007047401C490008BF20F00100704710B428
:10092000B0FA80FC00FA0CF050EA010404BF10BCDD
:10093000704749B1CCF1200421FA04F411FA0CF10A
:1009400018BF012121430843A3EB0C01CB1D4FEA43
:1009500000614FEA102042BF002010BC704700EB3E
:10096000C35010440029A4BF10BC7047401C49006C
:1009700008BF20F0010010BC70472DE9FE4F8046F3
:1009800081EA0300C00F0C46009021F0004123F0E3
:100990000045B8EB0200A94105D2404621469046E9
:1009A0001C460B46024623F00040104347D0270D5B
:1009B000C7F30A00C3F30A510290401A019040287D
:1009C0006BDAC3F3130040F4801B0098924620B109
:1009D0000023D2EB030A63EB0B0B01985946C0F1DD
:1009E00040025046FFF7E3FE06460D465046594684
:1009F000019A00F08DF910EB08006141002487EAAC
:100A0000115284EAE7731A4340D0009A62B3019A04
:100A1000012A4FEA075215DC001B61EB02014FF07F
:100A2000004202EA0752CDE90042001C41F5801164
:100A300032462B4600F0DBFC03B0BDE8F08F4046A9
:100A40002146F9E7001B61EB0201001C41F5801310
:100A500000185B412018A2F5001747EB030140EA9C
:100A6000D570B6196D4111E06D084FEA360645EABA
:100A7000C0754FEA0752001B61EB0201001C41F5F3
:100A8000801149084FEA30000019514132462B4687
:100A900003B0BDE8F04F00F09BBC0098012240007D
:100AA0000023D0EB020263EBE073009821464FEA8B
:100AB000E074B8EB000061EB0401E9E783F0004368
:100AC0005BE781F0004158E72DE9FE4F81EA03041E
:100AD00004F0004421F0004100944FF0000B23F09B
:100AE000004350EA01045ED052EA03045BD0C3F332
:100AF0000A54C1F30A552C44A4F2F3340194A0FB28
:100B00000254C1F3130141F48011C3F3130343F4FE
:100B1000801301FB024400FB034E840A970A44EA57
:100B2000815447EA8357A4FB076802958D0A05FBA9
:100B300007854FEA932C04FB0C542705029D4FEACE
:100B4000065847EA1637B5EB08056EEB070C870E1B
:100B5000920E47EA811742EA8312A7FB0201B6EB25
:100B60000B0164EB00042B0D43EA0C335E1844EBDD
:100B70001C50DA465146E7FB0201C5F313044FEA65
:100B80000B3343EA14534FEA0432019C43EA060351
:100B9000A4F10C040294009CCDE900B400F027FC01
:100BA00003B0BDE8F08F00200146F9E72DE9F04DD4
:100BB00081EA030404F0004B21F0004514464FF095
:100BC000000A23F0004150EA050220D054EA010255
:100BD0001DD0C5F30A570246C5F31303C1F3130032
:100BE000C1F30A5640F4801543F48013A7EB0608BE
:100BF000101BD64608F2FD3873EB050002D308F14E
:100C0000010801E092185B41B8F1000F03DA0020FF
:100C10000146BDE8F08D00204FF480110646844661
:100C20000EE0171B73EB050705D3121B63EB0503DF
:100C300006434CEA010C49084FEA300092185B4128
:100C400050EA0107EDD152EA030012D082EA040013
:100C500083EA0501084305D0101BAB4106D20122EF
:100C6000002306E000224FF0004302E06FF0010293
:100C700053101AEB06004CEB085110EB0A0041EB45
:100C80000B01BDE8F04D00F0A3BBC1F30A52C1F364
:100C9000130140F2FF3341F480119A4202DA00203E
:100CA0000146704740F233439A42A2F2334202DCDB
:100CB0005242FFF78BBDFFF77ABD000030B5041E2E
:100CC00071F1000404DB4FF00044404264EB010189
:100CD000141E73F1000405DB1C464FF00043524222
:100CE00063EB0403994208BF904230BD064C074DA8
:100CF00006E0E06840F0010394E8070098471034EC
:100D0000AC42F6D3FFF7C4FA54BA070874BA07081E
:100D1000202A06DBCB17203A41FA02F043EAE073BF
:100D200006E041FA02F3D040C2F1200291400843AC
:100D300019467047C0B24FF4F05100F0A7BB000055
:100D40002DE9F34F8BB04FF0000801F10C000C4679
:100D50004FF0010B46460DF1080A0190626901212E
:100D600001989047051E2DD0252D2CD0216A88474B
:100D7000C0B16269012101989047216A8847002823
:100D8000F7D1411E62690198904700E0761CA16985
:100D90000B988847216A88470028F7D1E1690B98AA
:100DA0008847DBE7A1690B9888470746A84201D12D
:100DB000761CD3E7E1690B9888477F1C02D1B8F114
:100DC000000F6FD047E1002762693D463946019820
:100DD00090472A2804D16269012101989047012592
:100DE000DFF888926269012101989047A0F13001F3
:100DF0000A290AD24F45E5DC07EB870100EB4107E2
:100E0000303FDFD445F01005ECE7E90601D46FF080
:100E100000476C280AD04C2814D0682815D06A28BE
:100E20000DD074281CD07A281AD01DE062690121E7
:100E3000019890476C2802D045F0040514E045F075
:100E400002050DE045F020050AE0626901210198E4
:100E50009047682802D045F0080505E045F4006594
:100E60006269012101989047C4E9015765283DD086
:100E700019DC58287AD00CDC452837D004DC25282A
:100E800026D0412831D131E046282FD047282CD117
:100E90002CE05B2877D0612828D063287CD0642898
:100EA00023D15AE0D1E06F2848D008DC66281DD055
:100EB00067281BD0692821D06E2816D127E070281A
:100EC00045D0732868D0752847D078280DD14DE0DB
:100ED000A1690B988847054625283FF469AFE16969
:100EE0000B9888476D1C3FF46AAFB4E023466A460E
:100EF0006FF001000B9900F04FF99FE045F04000C2
:100F00006060A80723464FF0000236D43EE0E807B1
:100F10007FF447AF2068011D21600068290501D5D5
:100F200006701BE7290701D5068017E7A90703D537
:100F3000F117C0E9006111E706600FE745F04000D6
:100F40006060A80723464FF0080216D41EE040F662
:100F50000E0125EA0100606016E045F04000606087
:100F6000A80723464FF00A0207D40FE045F04000DF
:100F70006060A80708D5234610226FF001000B9986
:100F8000AFF300805AE007E0234610226FF0010023
:100F90000B99FFF7B1FA51E04FF000094F464B466D
:100FA000632802D05B2807D041E02079C00601D435
:100FB0000120A06001273AE0626901210198904771
:100FC0005E2805D14FF001096269494601989047B2
:100FD000216939B900210A46534643F82120491CAA
:100FE0000829FADBB0B3216969B9C11700EBD162F6
:100FF00053110AEB830122F01F02821A01200B68B1
:10100000904003430B6062690121019890475D287D
:10101000E8D1B9F1000F09D00020514651F8202045
:10102000D24341F82020401C0828F7DB02AB2246BF
:1010300000976FF001000B99FFF704FB00280CDA12
:10104000401C08D1BBF1000F05D04FF0FF300DB0B0
:10105000BDE8F08FFFE74046F9E7E90701D108F165
:10106000010806444FF0000B78E60000CCCCCC0C15
:101070002DE9FF4F087883B09946FF2805D0491C19
:101080002D2804D00024002008E000200BE00124DB
:10109000F9E700EB800003EB4000491C0B78FF2BC5
:1010A000F7D104B1404200230293147819461D463B
:1010B0002D2C01D02B2C04D1521C2D2C13D000240C
:1010C0000294AA461478FF2C0FD00A25A3FB0578BA
:1010D00001FB05814FF0000C03FB0C11521CE319BE
:1010E0004AEB0101EEE70124EAE7814453EA0100FB
:1010F00002D019F5C87F06DA03980021C0E9001173
:1011000007B0BDE8F08F0025AE4E2F46DFF8B8825D
:10111000184600F0CFF9CDE90001B9F1000002DA7C
:10112000C9F1000400E004460023A74A1AEB030BB0
:1011300042EB045A12E0E00707D02A46334638460D
:101140004146FFF7C1FC074688462A46334610460B
:101150001946FFF7B9FC05460E466410002CEAD18B
:10116000DDE90001B9F1000F5A46534606DAFFF7F0
:101170001DFD3A464346FFF719FD05E0FFF7A4FCC5
:101180003A464346FFF7A0FC029A0AB181F00041BB
:10119000039AC2E90001B3E72DE9FF4F1F468DB066
:1011A000D7E901464FF0FF382E2045464FF00009A1
:1011B0000B90B9696D1C0E988847396A824688473A
:1011C0000028F6D1BAF1FF3F0AD024F4D064002EF3
:1011D00011DDBAF12B0F08D0BAF12D0F0BD102E0BF
:1011E000404611B08DE744F48064B9696D1C0E98D7
:1011F00088478246761E6946600501D52D2000E0AD
:101200002B208DF8000001F1010B0DF1200809E001
:10121000B9696D1C0E98884782460F9844F4007493
:10122000761E0560002E02DDBAF1300FF0D00B996A
:101230008A453ED144F0800406E00F99681CA9F16C
:10124000010944F400740860B9696D1C761E0E989B
:10125000884782463028F0D02BE00B998A4505D18B
:10126000200603D444F08004761E18E0504601F0B6
:101270002DFB08B30DF11301761E44F400748B4569
:1012800008D2AAF130000BF8010B200607D5A9F10E
:10129000010003E0200602D409F101008146A00507
:1012A00002D50F99681C0860B9696D1C0E988847B3
:1012B0008246002ED1DC53E0002E51DDBAF1650FDD
:1012C00002D0BAF1450F4BD1A00549D5B9696D1CC3
:1012D00024F44074761E0E9888478246002E0CDD5A
:1012E0002B2804D0BAF12D0F07D144F48074B969CA
:1012F0006D1C0E9888478246761EE00501D52D218B
:1013000000E02B2108F8011BCDF82C8021E00DF125
:101310002901761E44F4007488450CD2AAF13000ED
:1013200010F0FF0088F8000002D10B99884509D918
:1013300008F1010806E0E00501D5244801E042F289
:101340000F708146B9696D1C0E98884782460F98C8
:101350000560002E04DD504601F0B8FA0028D6D111
:10136000F9690E988847FF208BF8000088F8000084
:101370000020069007904B466A4608A906A8FFF78A
:1013800077FEA00502D46FF001002AE714F0240FC5
:101390000AD0E00714D1DDE906123868031D3B606E
:1013A0000068C0E900120BE0DDE90601FFF7CDF9A6
:1013B0000146E00704D13868021D3A600068016008
:1013C00028460EE7000014400000F03FF1D8FFFF70
:1013D00010B5141E73F1000408DA401C41F100013D
:1013E00092185B411A4301D120F0010010BD2DE994
:1013F000F04D92469B4611B1B1FA81F202E0B0FA8B
:1014000080F220329046FFF7D2F904460F4640EAB8
:101410000A0041EA0B0153465A46084313D01146CD
:1014200053EA010019D0C8F140025046FFF7CEF947
:1014300005460E46504659464246FFF7B8F908435E
:1014400005D0012004E020463946BDE8F08D00209B
:10145000054346EAE0762C4337430A986305E40ADD
:10146000A0EB08000022FD0A44EA47540A3002D5E6
:1014700000200146E9E7010510196941DDE9084549
:1014800000196941BDE8F04DA2E700007F2801D9AD
:10149000002208E0064A02EB5002C007127800D191
:1014A000120902F00F02012090400840704700002E
:1014B0007CB807080EB540F2334202920022CDE913
:1014C00000221346FFF793FF03B000BD08B50D4996
:1014D0000D4800F083F8012813D169460B480068D5
:1014E00006F086F9009838B14FF08050084908603E
:1014F000BFF34F8FBFF36F8F0249034800F048F8E6
:1015000000BF08BD2080002070600240380000202D
:1015100004ED00E008B50D490D4800F05FF8012822
:1015200013D169460B48006806F062F9009838B19B
:101530004FF0805008490860BFF34F8FBFF36F8FA3
:101540000249034800F024F800BF08BD00800028CD
:10155000B86402403000002004ED00E00246094B70
:101560009A4201D2084801E00648103801F00053C1
:101570001BB1064B0B40C36002E0044B0B40836081
:101580007047000010640240006002407D0F7D0F34
:101590000246094B9A4201D2084801E00648103839
:1015A00001F000531BB1064B0B40C36002E0044B3B
:1015B0000B408360704700001064024000600240EE
:1015C0007D0F7D0F21B1026842F00102026003E04D
:1015D000026822F0010202607047000070B5024606
:1015E000002000240025124EB24201D2114B01E02E
:1015F0000F4B103B104E0E4036B11E2606EAD1248A
:10160000166806EA040502E0566906F0800501F056
:1016100000560EB15C6800E01C68084E344004EAD5
:10162000010616B10DB1012000E0002070BD0000E0
:1016300010640240006002403C0F3C0F7D0F7D0FA4
:1016400010B501F080034BB122B1436943F0800330
:10165000436103E0436923F08003436180290BD099
:101660002AB1036801F01E042343036004E0036809
:1016700001F01E04A343036010BD000010B500225A
:101680000268134B1A40CC680B6823434C69234310
:101690008C692343CC6923430C6A23434C6A23435C
:1016A0008C6A23434C6B23438C6B23431A430260A5
:1016B000426922F00702D1E90B3423431A43426105
:1016C0000B6943604B6883608B68C36010BD00008A
:1016D0003F801CF00021016041608160C1600161B8
:1016E00041618161C161016241628162C1620163E4
:1016F000416381637047F0B50A460021002300244E
:1017000000BF3DE0012505FA01F3156805EA030471
:101710009C4234D105684F000326BE40B5430560A6
:1017200015794E00B5400668354305601579012DE1
:1017300002D01579022D16D185684F000326BE40D0
:10174000B543856055794E00B54086683543856060
:10175000456801268E40B5434560456896798E40C0
:10176000B6B235434560C5684F000326BE40B54359
:10177000C560D5794E00B540C6683543C560491C83
:101780001029BFD3F0BDF0B5002300244D07ED0EA6
:1017900002FA05F3CE1000F1200555F826504E0749
:1017A000F70E0F26BE40B543CF1000F1200646F8D5
:1017B0002750CE1000F1200555F8265045EA0304C5
:1017C000CE1000F1200545F82640F0BD0A048261E4
:1017D0007047816170474FF6FF7101600021017110
:1017E00041718171C17170470AB1816101E00B04DF
:1017F0008361704721B1028842F48062028004E074
:1018000002884FF6FF331A400280704770B50246D7
:101810000025002300240026938A03F0020010B95B
:1018200023F0100008B1148B01E0002070BD2404E7
:1018300043EA040020F07F4505EA0100884201D117
:10184000012600E000263046F0E721B1028842F090
:101850000102028004E002884FF6FE731A40028003
:10186000704721B1028842F48072028004E002884D
:101870004FF6FF631A400280704721B1028842F49C
:101880000072028004E002884FF6FF531A40028083
:10189000704700002DE9FF4704460D460026B1467B
:1018A0000427DFF8CC80A6884FF6C0700640684653
:1018B00000F008F9DDF808802E48B8FBF0F01FFAB8
:1018C00080F946EA0906A68020884FF6FE71084096
:1018D000208000262849286888420CD828684000C3
:1018E000B8FBF0F087B2042F00DA04273E4309F179
:1018F0000100208427E0E8884BF6FF71884206D17A
:10190000286800EB4000B8FBF0F087B209E02868D7
:1019100000EBC00101EB0010B8FBF0F087B247F418
:101920008047C7F30B0008B947F0010747F40040B0
:1019300006434FF4967009FB00F04FF47A7190FB68
:10194000F1F0401C2084A683208840F00100208014
:1019500026884FF6F5300640A88869890843064373
:101960002680A889298908432081BDE8FF870000D7
:1019700000127A0040420F00A08601000146088A4A
:10198000C0B2704712B141F0010101E001F0FE0167
:10199000018270470182704741F288310160002165
:1019A00081804BF6FF71C1800021018141814FF49C
:1019B000804181817047000070B5002100230F2213
:1019C000C4781CB3174C246804F4E064C4F5E064E4
:1019D000C4F30721C1F10404E3B20A4144789C40F6
:1019E000E1B28478144021430C07210E0E4C057897
:1019F0006155047804F01F050124AC4005786D1191
:101A0000AD0005F1E025C5F8004109E0047804F0D7
:101A10001F050124AC40054D0678761145F8264097
:101A200070BD00000CED00E000E400E080E100E0AB
:101A300010B5002807DA0A07140E054A00F00F0354
:101A40001B1FD45403E00A07130E024A135410BD9F
:101A500018ED00E000E400E0014908627047000072
:101A600000000E4229B1064A12680243044B1A6074
:101A700004E0034A12688243014B1A607047000079
:101A80003038024029B1064A12680243044B1A60FA
:101A900004E0034A12688243014B1A607047000059
:101AA0004038024029B1064A12680243044B1A60CA
:101AB00004E0034A12688243014B1A607047000039
:101AC00044380240F0B500210022002402250026FF
:101AD0000223324F3F6807F00C0121B1042905D0E1
:101AE000082937D105E02E4F076036E02D4F0760FB
:101AF00033E02A4F3F1F3F68C7F38056274F3F1FF1
:101B00003F6807F03F036EB1264FB7FBF3F7DFF8EE
:101B10008CC0ACF1040CDCF800C0CCF3881C07FBD3
:101B20000CF40CE01E4FB7FBF3F7DFF870C0ACF11C
:101B3000040CDCF800C0CCF3881C07FB0CF4174F36
:101B40003F1F3F68C7F301477F1C7D00B4FBF5F7DB
:101B5000076002E0124F076000BF00BF0F4F3F68F1
:101B600007F0F0010909104F7A5C0768D740476019
:101B70000A4F3F6807F4E051890A0B4F7A5C4768C7
:101B8000D7408760054F3F6807F46041490B064F17
:101B90007A5C4768D740C760F0BD00000838024053
:101BA0000024F40000127A007000002010B50146F5
:101BB0000022002300204A11012A02D10A4C236886
:101BC00008E0022A03D1084C7034236802E0064C76
:101BD0007434236801F01F02012494401C400CB1AE
:101BE000012000E0002010BD003802400021094A19
:101BF00011701170012802D0042808D103E00121DE
:101C0000044A117004E00521024A117000E000BF8F
:101C100000BF7047703802400149086070470000FB
:101C20003C0E4742002100F44072B2F5407F08D1DB
:101C3000094A116821F4F811084A02401143064A82
:101C40001160054A68321268C0F30B031A43024B55
:101C500068331A607047000008380240FFFCFF0F2D
:101C6000014600BF080900EB8000420001F00F00B0
:101C70001044C0B270470146002204E0501CC2B2BA
:101C8000A1F10A00C1B20A29F8DA100741EA10608E
:101C9000704701210170817041700021C17070474F
:101CA00008B50022009200200021104A126802F0BC
:101CB0004002CAB9421E0D4B1A6000BF0B4A12689F
:101CC00002F04001009A521C0092009AB2F5803F47
:101CD00001D00029F2D0054A126802F040020AB190
:101CE000012002E0002000E0012008BD0C28004097
:101CF0000348006820F08000014908607047000038
:101D00000C28004070B506460C4600250E480068B9
:101D10000E4900EA0105280CE070C5F3042060704C
:101D200005F03F00A070C5F3423020705EB9E07846
:101D3000FFF796FFE0706078FFF792FF6070A07881
:101D4000FFF78EFFA07070BD042800403FFFFF002A
:101D500070B506460C4600250F4800680F4900EA9A
:101D60000105C5F305402070C5F30620607005F03D
:101D70007F00A07005F48000000CE0705EB9207850
:101D8000FFF76EFF20706078FFF76AFF6070A07841
:101D9000FFF766FFA07070BD002800407F7F7F00C6
:101DA00030B504460025CA20154908605320086054
:101DB000FFF776FF00B91DE011481C38006820F0DD
:101DC00040000F491C390860084600682168084334
:101DD0000B491C3908600A491439A0680860084694
:101DE0000068A18840EA0140054914390860FFF7FE
:101DF0007FFF0125FF2002490860284630BD000012
:101E0000242800402DE9F04105460C460026002715
:101E10004DB9607800F01000102804D1607820F0EF
:101E200010000A30607005B908E06078FFF718FF0D
:101E30000646A078FFF714FF064600BF55B1E078CC
:101E40000004617840EA0120A1780843217840EA43
:101E5000413611E0E078FFF70EFF4FEA0048607866
:101E6000FFF709FF48EA0028A078FFF704FF48EAD7
:101E70000008207848EA4036CA20124908605320FA
:101E80000860FFF70DFF08B9002714E00E48304046
:101E90000C4920390860FFF72BFF0A481C380068FE
:101EA00000F0200030B900F087F808B9002702E000
:101EB000012700E00127FF20024908603846BDE8FD
:101EC000F0810000242800403FFFFF002DE9F04191
:101ED00005460C46002600274DB92E48006800F044
:101EE000400000B102E00020E07000BF0DE0294892
:101EF000006800F0400020B12078FFF7B1FE0646F0
:101F000002E00020E07000BF00BF55B1207800045F
:101F1000617840EA0120A1780843E17840EA01466F
:101F200011E02078FFF7A7FE4FEA00486078FFF73E
:101F3000A2FE48EA0028A078FFF79DFE48EA0008C4
:101F4000E07848EA0046CA2012491C310860532054
:101F50000860FFF7A5FE08B9002713E00E483040DF
:101F60000C4908390860FFF7C3FE0A48006800F012
:101F7000200030B900F020F808B9002702E001275E
:101F800000E00127FF2003491C3108603846BDE806
:101F9000F0810000082800407F7F7F000021016061
:101FA0007F214160FF21816070470021C170017075
:101FB000417081707047000008B500220092002037
:101FC0000021CA22134B1A6053221A60114A183A90
:101FD000126822F0A0020F4B183B1A6000BF0D4A96
:101FE000183A126802F02001009A521C0092009ADE
:101FF000B2F5003F01D00029F1D0064A183A126824
:1020000002F020020AB1012000E00020FF22014B73
:102010001A6008BD2428004021B1028842F0400225
:10202000028004E002884FF6BF731A4002807047B6
:1020300002884FF2FF731A40028002880A4302802E
:1020400070471AB183880B43838002E083888B43F7
:10205000838070470246002013890B400BB101209A
:1020600000E0002070478181704710B5002202888F
:1020700002F441520B884C8823438C882343CC883C
:1020800023430C8923434C8923438C892343CC89E4
:1020900023431A430280838B4FF2FF7423408383D0
:1020A0000B8A038210BD0021018041808180C180A4
:1020B000018141818181C181072101827047000036
:1020C0000CB50020019000903448006840F4803046
:1020D0003249086000BF3148006800F400300090C9
:1020E0000198401C0190009818B90198B0F5A04FD4
:1020F000F1D12A48006800F4003010B101200090AE
:1021000001E0002000900098012846D1234840308B
:10211000006840F080502149403108602048006844
:1021200040F440401E4908601C48083000681B49C4
:10213000083108600846006840F40040086008461E
:10214000006840F4A05008601648091F0860081F86
:10215000006840F08070091F086000BF0F480068E9
:1021600000F000700028F9D040F205700E490860B8
:102170000A480830006820F0030008490831086068
:102180000846006840F00200086000BF03480830BD
:10219000006800F00C000828F8D10CBD003802409F
:1021A0000070004008544007003C024010B500BFDA
:1021B000502080F31188BFF34F8FBFF36F8F00BFA4
:1021C00005F0B2FD18B14FF080500449086000BF1F
:1021D000002080F3118800BF10BD000004ED00E076
:1021E00010B51548006840F47000134908601348A2
:1021F000006840F001001149086000200F490831D3
:1022000008600E4800680E4908400C4908600D48F7
:10221000091D0860081F006820F48020091F08605D
:10222000002006490C310860FFF74AFF4FF00060BC
:1022300001498039086010BD88ED00E00038024097
:10224000FFFFF6FE1030002410B501210C4800F00D
:1022500032F8A0B101210A4800F01BF809480368D0
:1022600040684FF47A729A1840F1000005490A60FC
:1022700048600548006810B103480068804710BDF9
:10228000001000405000002058000020CA43028285
:102290007047CA430282704721B1028842F00102AE
:1022A000028004E002884FF6FE731A4002807047F5
:1022B0000146486A704730B50246002000230024DA
:1022C000158A05EA0103958905EA010413B10CB1E9
:1022D000012000E0002030BD1AB183890B438381C7
:1022E00002E083898B4383817047000000220288CB
:1022F000184B98420ED0184B98420BD0B0F1804F3B
:1023000008D0164B984205D0154B984202D0154B79
:10231000984204D14FF68F731A404B881A43124BE0
:10232000984207D0114B984204D04FF6FF431A4011
:102330000B891A4302804B68C3620B880385054BE7
:10234000984202D0044B984201D18B7A0386012334
:1023500083827047000001400004014000040040F7
:1023600000080040000C0040001000400014004035
:102370004FF0FF3141600021018001814180817275
:102380007047000010B540F225510B4800F0AAF844
:10239000012810D10948006840B1074800F05CF9F5
:1023A000C4B2204605490968884700BF40F225515C
:1023B000014800F066F810BD001001403400002014
:1023C00038B540F22551234800F08CF8012840D15F
:1023D0002148006840F2FF31884235D21D4800F0A4
:1023E0003BF91E491C4A126888541B480068401C6F
:1023F0001949086008460068401E1849085C0A2808
:1024000022D10020144A126888541548006802F04E
:10241000D5F804468CB11348047069461248006828
:1024200005F0E6F9009838B14FF080500F49086088
:10243000BFF34F8FBFF36F8F00BF0848064909688D
:1024400008440749086000BF40F22551014800F0E8
:1024500018F838BD0044004040000020A02A0020A9
:102460003C000020440000204800002004ED00E073
:1024700001F40072B2F5007F00D100BFCA430280B0
:10248000704710B50022002340F66A14A14200D123
:1024900000BF0A1201249440A3B2DC43048010BDA3
:1024A00021B1828942F40052828104E082894DF692
:1024B000FF731A40828170471AB1838A0B4383826B
:1024C00002E0838A8B438382704702460020B1F585
:1024D000007F00D100BF13880B400BB1012000E04A
:1024E0000020704770B5024600240023002500201C
:1024F00040F66A16B14200D100BFC1F3421501F0A7
:102500001F03012606FA03F3012D02D196893340F9
:1025100006E0022D02D1168A334001E0968A33404C
:102520000C12012606FA04F41688344013B10CB1DB
:10253000012000E0002070BDF0B503460024002615
:102540000025002040F66A17B94200D100BF1846A6
:10255000C1F3421401F01F06012707FA06F5012C0A
:1025600001D10C3004E0022C01D1103000E0143015
:102570001AB107682F43076002E00768AF4307609E
:10258000F0BD00002DE9FF4705460E460024A14698
:1025900000BFA046B08900B100BF2C8A24F440548B
:1025A000F08804432C82AC8941F20C608443B088EB
:1025B00031890843718908430443AC81AC8A24F40F
:1025C0004074B0890443AC826846FFF77BFA204828
:1025D000854202D01F48854202D1DDF80C9001E00F
:1025E000DDF80890A88900F4004040B109EBC9006B
:1025F00000EB091031684900B0FBF1F707E009EB87
:10260000C90000EB091031688900B0FBF1F76420C4
:10261000B7FBF0F004012009642101FB1078A889C0
:1026200000F4004040B1322000EBC800B0FBF1F0F4
:1026300000F00700044308E0322000EB081064219A
:10264000B0FBF1F000F00F0004432C81BDE8FF87E0
:10265000001001400014014001468888C0F30800C2
:102660007047C1F30802828070474FF41651016031
:1026700000218180C18001810C2141810021818163
:10268000704700000FB4054B10B503A9044A029827
:1026900000F024F910BC5DF814FB0000413E050871
:1026A000000100200FB47CB50C0009AD01D0611E03
:1026B00000E00021CDE90001064B6A462946089852
:1026C00000F00CF9002C02D0009A002111707CBCA3
:1026D0005DF814FB8530050830B583B0044600F082
:1026E00017F89FED090B05468DED000B00222146E2
:1026F0006846FEF7D8F8284600F020F89DED000B5C
:1027000003B030BD00000000000000000000000029
:1027100001480068704700000401002002E008C87A
:10272000121F08C1002AFAD170477047002001E04B
:1027300001C1121F002AFBD1704700000149086047
:1027400070470000040100202DE9FF5F82B00021E6
:10275000DDE90430020DDDF840B0034318D044F643
:102760001050A2F2FF3242431514119801281FD0D5
:10277000A5EB0B00401C5FEA000A4FF000064E4F2D
:10278000DFF83891B046504615D5CAF1000413E081
:10279000119801244AA3012801D16FEA0B01029884
:1027A000119AC0E90031C0E9024206B0BDE8F09FCD
:1027B000CBF10000DFE704460021404A491842EB14
:1027C0000450CDE9001012E0E00707D032463B4646
:1027D00040464946FEF778F98046894632463B46F0
:1027E00010461946FEF770F906460F466410002C95
:1027F000EAD1DDE90401DDE90023BAF1000F06DAD0
:10280000FEF762F942464B46FEF75EF905E0FEF739
:10281000CDF942464B46FEF7C9F904460E46002262
:10282000284BFEF74BFA03D84FF0FF30014607E084
:102830000022254B20463146FEF79FF8FEF725FA89
:10284000102409E0002C0ADB0A220023FDF79AFD80
:10285000039B30321A55641E50EA0102F2D1641C07
:10286000039AC4F111031444119A012A03D00122DE
:1028700008430DD10AE0084304D000204FF0110BAB
:10288000119072E7A3EB0B056D1E0DE05B4504DDB7
:102890004FF0000205F1010504E003DA4FF00002F9
:1028A000A5F10105002AECD002981199C0E9023186
:1028B000C0E9004579E70000000014400000F03F47
:1028C000300000000000F0430000E03F30380A28EC
:1028D00001D2012070470020704700002DE9FF4F12
:1028E00095B09A46884606460025EEE1252877D120
:1028F00000242746F94A0121039400E0044316F816
:10290000013F203B01FA03F01042F7D130782A282A
:1029100011D06FF02F033078A0F13002092A16D8B9
:10292000039A44F0020402EB820203EB42021044D9
:10293000761C0390EFE758F8042B0392002A03DA81
:10294000504244F40054039044F00204761C307862
:102950002E2816D116F8010F44F004042A280DD0B1
:102960006FF02F023078A0F13003092B09D807EB64
:10297000870302EB4303C718761CF3E758F8047B80
:10298000761C30786C280FD006DC4C2817D06828CD
:102990000DD06A2814D104E0742810D07A280FD101
:1029A0000DE044F400140AE044F4801401E044F41F
:1029B00040147278824202D104F58014761C761C91
:1029C000307866280BD013DC582877D009DC002833
:1029D00075D04528F6D04628F4D047281AD193E17F
:1029E00018E0632835D0642879D0652812D18BE1AE
:1029F000702873D008DC6728F1D069286FD06E2862
:102A00000DD06F2806D1ACE073282CD0752874D077
:102A1000782853D05246179990476D1C54E1C4F35F
:102A20000250022809D003280DD0D8F8001004283D
:102A30000DD00D6008F1040846E1D8F80010EA173F
:102A4000C1E90052F6E7D8F800100D80F2E70D70EA
:102A5000F0E718F8041B8DF8001000208DF8010035
:102A6000EB46012003E058F804BB4FF0FF3061074C
:102A70004FF0000102D40DE009F101018946B9428D
:102A80000FDA8145F8DB1BF809100029F4D108E0C2
:102A900009F1010189468142FADB1BF8091000297E
:102AA000F6D103985346A0EB090721463846179AFA
:102AB00000F080FA284400EB090507E044E008E153
:102AC0000DE01BF8010B524617999047B9F1010927
:102AD000F7D2534621463846179AF2E039E00A21E8
:102AE000C4F302524FF0000B0091022A06D058F8AE
:102AF000040BC117032A09D00AE023E008F10700FC
:102B000020F00702F2E80201904605E000B2C1178A
:102B1000042A01D140B2C117002906DA0A46002171
:102B2000404261EB02012D2202E0220504D52B2256
:102B30008DF80420012203E0E20701D02022F7E70C
:102B4000914657E00A2100E010214FF0000B009160
:102B50000BE010214FF0000B44F004040827009113
:102B600003E008204FF0000B0090C4F30252022A49
:102B700005D058F8040B0021032A08D008E008F11A
:102B8000070020F00702F2E80201904603E080B25D
:102B9000042A00D1C0B24FF0000922072AD53278AA
:102BA000702A07D0DDF800C08CF0100C5CEA0B0C2A
:102BB00005D00EE040228DF80420012208E050EA02
:102BC000010306D030238DF804308DF80520022251
:102BD0009146009B83F0080353EA0B030AD150EAA5
:102BE000010201D1620705D530228DF804204FF093
:102BF00001097F1E3278582A04D039A20C920CAAFF
:102C000002920BE03BA2F9E75B46009AFDF7BAFBA4
:102C10000C9B9B5C029A521E0292137050EA0102B6
:102C2000F2D1029804A9081A00F1200B600702D51E
:102C300024F4803400E001275F4502DDA7EB0B00A0
:102C400000E0002000EB0B01009003984944401A7B
:102C50000390E00306D453462146179A039800F0E8
:102C6000A9F90544002706E001A85246C05D17995E
:102C700090476D1C7F1C4F45F6DBE0030CD5534697
:102C80002146179A039800F095F9054404E0302096
:102C90005246179990476D1C0099481E00900029D4
:102CA000F5DC08E00298029952460078491C02912E
:102CB000179990476D1CBBF10001ABF1010BF1DCE2
:102CC0005BE100F065F90544761C307800287FF45C
:102CD0000DAE19B02846BDE8F08F000009280100AC
:102CE0003031323334353637383961626364656682
:102CF0000000000030313233343536373839414244
:102D00004344454600000000600700D4062708F150
:102D1000070020F00700F0E80223804603F0004C93
:102D20005FEA0C0001D097A009E0200501D596A02C
:102D300005E0E00701D095A001E0AFF24C00139050
:102D4000307823F0004365280CD006DC452809D0F4
:102D500046281DD047287FD13BE0662818D0672839
:102D60007AD136E00021112F01DB112000E0781C20
:102D7000CDE9000104A90CA8FFF7E6FCDDE90D018F
:102D80000C9A4FF0000B07F10109109200914EE0F0
:102D90004FF000400097CDE9011004A90CA8FFF7FF
:102DA000D3FCDDE90D020C9B0F994FF0000B91460F
:102DB0001093009211B9791C00EB0109B7EB0900DF
:102DC00003D4C0F1FF3B07F10109A9EB0700019013
:102DD00042E0012F00DA01270021112F01DD11202F
:102DE00000E03846CDE9000104A90CA8FFF7ACFCCF
:102DF000DDE90D010C9A00914FF0000BB9461092DD
:102E000021070FD4009A4A4503DA914601E0A9F15F
:102E10000109B9F1010F05DD109AA9F10101515C19
:102E20003029F4D0B84202DA10F1040F03DA01219C
:102E3000CDE9011010E0002803DC8344A9EB000178
:102E400002E0411C494500DD8946A0EB0B00401C17
:102E500001904FF000400290200705D401984845AA
:102E600002DB4FF0FF30019000208DF84B000298FC
:102E70000DF14B07B0F1004F25D002200C902B2014
:102E80000D90029800280CDA404202902D200D90FF
:102E900007E00A210298FDF774FC3031029007F830
:102EA000011D0C99481E0C900029F2DC02980028A4
:102EB000EFD1791E0D980870307800F0200040F0B6
:102EC000450007F8020D11A8C01BC01D0290139801
:102ED000007800B1012000EB0901019801EBE071DD
:102EE000029801440398401A401E0390E00306D460
:102EF00053462146179A039800F05CF8054413984E
:102F0000007818B15246179990476D1CE00323D5FD
:102F100053462146179A039800F04CF805441BE0ED
:102F2000BBF1000F07DB0098584504DD1098179996
:102F300010F80B0001E01799302052469047019895
:102F40000BF1010B401E05F10105019004D12E206B
:102F50005246179990476D1CB9F10001A9F101097A
:102F6000DEDC05E017F8010B5246179990476D1CFF
:102F70000299481E02900029F4DC53462146179A14
:102F800003989EE62D0000002B00000020000000AA
:102F90002DE9F041044600251E461746880404D456
:102FA00005E039462020B0476D1C641EF9D528463F
:102FB000BDE8F0812DE9F041044600251E4690460B
:102FC000C80301D5302700E02027880404D505E098
:102FD00041463846B0476D1C641EF9D52846BDE809
:102FE000F0811CB5044601A8FEF753FE6846FEF7C3
:102FF000DCFF01A90020FEF785FE69460020FEF7F0
:10300000A7FE9DF8070000F5FA6020809DF80500F6
:10301000A0709DF80600E0709DF80400E0719DF836
:10302000000020719DF8010060719DF80200A07100
:103030001CBD1CB5044601A8FEF72BFE6846FEF732
:10304000B4FF2078A0F5FA60C0B28DF80700A07830
:103050008DF80500E0788DF80600E0798DF8040021
:1030600020798DF8000060798DF80100A0798DF845
:10307000020001A90020FEF7C5FE69460020FEF708
:1030800025FF1CBD4A68002A06D00A68531C0B6045
:1030900010704868401E48607047000010B588B046
:1030A00006A8FEF798FBC020069002208DF81C00B1
:1030B00003208DF81D0001208DF81E0000208DF8E2
:1030C0001F0006A92748FEF716FB04220621254803
:1030D000FEF759FB042207212248FEF754FB02A801
:1030E000FEF75AFC204802900020ADF80C004BF689
:1030F000FF70ADF80E000020ADF810004FF48060B6
:10310000ADF812000001ADF8140002A91748FEF74F
:10311000C1FB01211548FEF798FB49F6404002F03B
:10312000AFFF00F032F810B1012008B010BD10A0C0
:1031300000680190032101A800F020F908B90020DF
:10314000F3E7002409E041F2883002F099FF00F033
:103150001CF808B10120E8E7641C642CF3D30020BC
:10316000E3E7000000040240A08601000054004094
:10317000BE08000008B5684600F0CAF808B900208B
:1031800008BD9DF80000C009FAE708B5684600F0E0
:10319000BFF808B9002008BD9DF80000C0F3C000CA
:1031A000F9E700002DE9F04107460D4601212F48BF
:1031B000FEF720FB01212D48FEF753FB00BF4FF423
:1031C0007A7403E00A2002F05BFF0A3C2849274892
:1031D000FEF71CFB08B9002CF4D114B90020BDE89F
:1031E000F08100BF012270212048FEF7CBFB00BF19
:1031F0004FF47A7403E00A2002F042FF0A3C1C49B3
:10320000491C1A48FEF702FB08B9002CF3D10CB98F
:103210000020E4E700BF00241FE0681EA04203D1A5
:1032200000211248FEF7E6FA00BF4FF47A7603E079
:103230000A2002F025FF0A3E0D493F310B48FEF7F8
:10324000E5FA08B9002EF3D10EB90020C7E700BF98
:103250000648FEF793FB3855641CAC42DDD30121D0
:103260000248FEF70AFB0120B9E7000000540040C5
:10327000010003002DE9FC4106460F460621684681
:10328000FFF790FF10B90020BDE8FC819DF8010018
:1032900000039DF8021040EA01109DF8031040EA77
:1032A00011149DF803000007000B9DF8041040EA7C
:1032B00001209DF8051040EA010500EE104AB8EE25
:1032C000400ADFED0F0A20EE200ADFED0E0A80EE45
:1032D000201A87ED001A00EE105AB8EE400ADFED12
:1032E0000A0A20EE200A9FED071AC0EE010A9FEDA0
:1032F000070A30EEC00A86ED000A0120C4E700008C
:103300000000C842000080490000484300004842D5
:1033100038B50446712000900121684600F02EF86F
:1033200008B9002038BD01212046FFF73BFF08B94E
:103330000020F7E70120F5E708B506A00068009037
:103340000321684600F01AF808B9002008BD0120E2
:10335000FCE70000AC33000010B5002409E042F2A5
:10336000107002F08DFEFFF705FF08B9012010BDB7
:10337000641CC82CF3D30120F9E700002DE9F041CB
:1033800006460F4601212B48FEF734FA0121294851
:10339000FEF767FA00BF4FF47A7403E00A2002F0E8
:1033A0006FFE0A3C24492348FEF730FA08B9002C86
:1033B000F4D114B90020BDE8F08100BF00227021D3
:1033C0001C48FEF7DFFA00BF4FF47A7403E00A20CE
:1033D00002F056FE0A3C19491648FEF717FA08B9DA
:1033E000002CF4D10CB90020E5E700BF002418E060
:1033F000315D1048FEF7CEFA00BF4FF47A7503E056
:103400000A2002F03DFE0A3D0C49891E0948FEF7DC
:10341000FDF908B9002DF3D10DB90020CBE700BFAD
:10342000641CBC42E4D301210248FEF726FA0120C5
:10343000C1E70000005400400100030082000700C3
:1034400038B54148414B01224FF47A71009040A0B9
:1034500004F0B8FE414908604148424B002242490D
:10346000009042A004F0AEFE434908603C48434B44
:10347000012241F28831009041A004F0A3FE4349AB
:1034800008603748424B012240F6B831009041A015
:1034900004F098FE434908603148434B01224EF640
:1034A0006021009041A004F08DFE444908602D4940
:1034B000434803F0A1FE3149414803F09DFE3449E1
:1034C0003F4803F099FE38493D4803F095FE04F06B
:1034D00025FC0446002003462246012100901F4897
:1034E000006804F0BFFE04F019FC04460020034607
:1034F0002246012100902048006804F0B3FE04F049
:103500000DFC0446002003462246012100901F487E
:10351000006804F0A7FE04F001FC04460020034606
:103520002246012100901F48006804F09BFE04F031
:10353000F5FB0446002003462246012100901F4867
:10354000006804F08FFE38BDC53505082162050806
:1035500074696D65207570646174650008000020F1
:103560007D710508E160050880EE360074696D65BF
:103570002073796E6300000000000020356F05089D
:1035800077696669207570646174650004000020C5
:103590009D3E0508696E6E65722075706164746584
:1035A000000000000C000020294605086F757464B7
:1035B0006F6F7220757064617465000010000020E8
:1035C000D535050870B50446204602F0A5F8054635
:1035D000A84770BD70B504462546A84770BD70B5B4
:1035E00002468B8903EBD3767610F01DC61700EBED
:1035F0005676F5108889684384B2486880B14B6874
:1036000000BF1878904205D1D1E900069E1B06FB49
:10361000040070BD581C034600780028F1D105E075
:10362000A2F120000B6800FB0430F2E70020F0E775
:1036300010B500F0DDF80AA20CA10FA0FFF722F8E8
:1036400002F0B5F802F0E2FC02F0A6F9FFF726FD61
:1036500020B910A0FFF716F800BFFEE710BD00006C
:1036600031383A34323A3035000000004A756E2065
:1036700020392032303236005B5359535D20427579
:10368000696C6420446174653A2025732025730AAF
:10369000000000005B4552524F525D206168743259
:1036A0003020696E6974206661696C65642121212E
:1036B0000D0A00001CB5324800680190314901989C
:1036C000884211D12E48007A00909DF80000012810
:1036D00003D12D482D49086005E09DF8000010B980
:1036E0002B482A49086002E029482849086001213E
:1036F0000846FEF7B7F901210220FEF7B3F90121D0
:103700000420FEF7AFF901210820FEF7ABF90121F3
:103710001020FEF7A7F901211020FEF7C3F90121BF
:103720004804FEF7AFF901214805FEF7ABF9012186
:103730008805FEF7A7F901218803FEF7A3F9012107
:103740001020FEF79FF901210807FEF79BF90121E0
:103750004805FEF787F901218805FEF783F9012066
:10376000FEF77AF90120FEF741FA00BF4120FEF78B
:103770001DFA0028FAD04FF48070FEF753FA1CBDF2
:1037800000C00008544F4F420001050808ED00E05A
:103790000001010800B58FB06846FDF79BFF4FF0B0
:1037A0000060009010480190402003900020059098
:1037B00007904FF4806006900020089009900A90CE
:1037C00004200B9003200C904FF080700D9000208F
:1037D0000E90012210210548FDF732FF694603488B
:1037E000FDF74CFF0FB000BD04100140B86402406B
:1037F00010B503220021012003F0DCFD0849086018
:103800000846006818B9542106A002F075FE00F0C1
:1038100055F8FFF7BFFF00F013F800F031F810BDC6
:10382000300000202E2E5C6472697665725C636FD6
:103830006E736F6C655C636F6E736F6C652E630087
:1038400008B525208DF8000005208DF80100002026
:103850008DF8020001208DF803006846FEF7ACF8F1
:1038600005212520FEF7E4F846208DF80000684683
:10387000FEF7A2F805214620FEF7DAF808BD0000A1
:103880001CB5072209210C48FDF77DFF07220A21FC
:103890000948FDF778FF6846FDF79DFF02208DF887
:1038A000040003208DF8050040020090694602489C
:1038B000FDF721FF1CBD0000000002401FB5684657
:1038C000FEF7D3FE4FF4E13000900020ADF80C007D
:1038D0000C20ADF80A000020ADF80800ADF8060095
:1038E000ADF8040069460948FEF74CFE012240F29B
:1038F00025510648FEF720FE012280210348FEF7ED
:10390000DBFD01210148FEF7CBFD1FBD001001408A
:103910002DE9FC4104460027002040F23F13EF222E
:103920000146009002F0B6FC134800214FF47843A2
:1039300012A2CDE900106421462002F045FD0026C8
:103940002046FCF792FD0F49898948434508F02D30
:1039500005DAC5F1F10000EBD071C1F34F0609485B
:1039600000214FF6E0732246CDE90010F5213046E4
:1039700002F02AFDBDE8FC81D4B705084552524F3C
:10398000520000009CCC05082DE9F84305460E4680
:10399000174605B116B90020BDE8F883DFF830807E
:1039A0002B460CA24FF4806140460096FEF77AFE4B
:1039B00004463FB1C4F5806108EB04003B460BA20E
:1039C000FEF770FE41F28831404600F009FAE3E765
:1039D000A02A002041542B43574A41503D222573D1
:1039E000222C222573220D0A000000002C222573B0
:1039F0002200000000B58FB06846FDF76BFE4FF067
:103A0000006000900F480190402003900020059036
:103A100007904FF4806006900020089009904FF4C2
:103A200080300A9004200B9003200C904FF080709F
:103A30000D9000200E9069460348FDF71FFE0FB061
:103A400000BD000004440040A060024000487047F0
:103A5000A02A002070B504464FF4FA6112A000F0CD
:103A6000BFF908B9002070BDFFF7F0FF05462146F9
:103A700000F0C4FE08B90020F5E794F85C000128C6
:103A800010D14FF4FA610CA000F0AAF908B9002097
:103A9000E9E7FFF7DBFF0546214600F07BFE08B9AA
:103AA0000020E0E70120DEE741542B435753544107
:103AB00054453F0D0A00000041542B43574A4150E2
:103AC0003F0D0A0070B50446094D234609A24FF484
:103AD00080612846FEF7E6FD41F28831284600F075
:103AE0007FF9064616B1FFF7B1FF70BD0020FCE775
:103AF000A02A002041542B48545450434C49454E71
:103B0000543D322C312C222573222C2C2C320D0AC0
:103B10000000000010B503220021012003F04AFC40
:103B2000114908600846006818B982210FA002F008
:103B3000E3FC00F075F840F6B83000F021F908B960
:103B4000002010BD4FF4FA610FA000F049F908B948
:103B50000020F6E741F2883000F026F908B900208D
:103B6000EFE70120EDE70000480000202E2E5C6406
:103B700072697665725C6573705F61745C657370A1
:103B80005F61742E6300000041542B524553544F23
:103B900052450D0A0000000038B526208DF80000BF
:103BA00005208DF8010000208DF8020001208DF81D
:103BB00003006846FDF700FF26200521002807DAEC
:103BC0000A07140E054A00F00F031B1FD45403E02C
:103BD0000A07130E024A135400BF38BD18ED00E067
:103BE00000E400E01CB5072202210C48FDF7CBFDE4
:103BF000072203210948FDF7C6FD6846FDF7EBFDE6
:103C000002208DF8040003208DF805000C200090A0
:103C100069460248FDF76FFD1CBD00000000024030
:103C200010B500F03DF8FFF7E5FEFFF7B5FFFFF731
:103C3000D9FF10BD70B504464FF4FA6108A000F03A
:103C4000CFF808B9002070BDFFF700FF05462146F8
:103C500000F058FD08B90020F5E70120F3E7000067
:103C600041542B434950534E545054494D453F0DF8
:103C70000A00000010B54FF4FA6104A000F0B0F89B
:103C800008B9002010BD0120FCE7000041542B437F
:103C90004950534E54504346473D312C380D0A008D
:103CA0001FB56846FEF7E1FC4FF4E13000900020BC
:103CB000ADF80C000C20ADF80A000020ADF80800AB
:103CC000ADF80600ADF8040069460948FEF75AFC55
:103CD000012280210648FEF7EFFB012240F2255128
:103CE0000348FEF729FC01210148FEF7D9FB1FBD5F
:103CF0000044004070B5044600200E4908600E489C
:103D00000E4908604FF47A7060434FF47A71B0FB4B
:103D1000F1F631460A48006803F0A0FE012800D100
:103D200000E00020054615B10648007870BD00206F
:103D3000FCE7000040000020A02A00203C000020FA
:103D4000480000204400002070B504462046FCF7DF
:103D50008CFB0546084804600748AC38C0F8A450FE
:103D6000064905480C38FDF7F9FB012102480C38DB
:103D7000FDF728FC70BD0000AC6002400000202070
:103D800070B50446002507E0642105A000F028F87E
:103D900008B1012070BD6435A542F5D30020F9E7D4
:103DA00041540D0A0000000010B504462046FFF7FC
:103DB000A1FF042801D1012010BD0020FCE7000074
:103DC00010B54FF4FA6102A000F00AF810BD00002F
:103DD00041542B43574D4F44453D310D0A000000DF
:103DE00070B504460D46214609A0FEF74BFC20465F
:103DF000FFF7AAFF2846FFF77DFF064609490AA0FC
:103E0000FEF740FC012E01D1012070BD0020FCE72F
:103E10005B44454255475D2053656E643A202573E7
:103E20000A000000A02A00205B44454255475D205F
:103E3000526573706F6E73653A0A25730A0000004D
:103E400070B504460D4640210748FEF711FBE1B26C
:103E50000548FEF706FC00BF40210348FEF735FB8E
:103E60000028F9D0204670BD0010014010B504466E
:103E7000F02C02DAB1F5A07F01DB002010BDF02AA2
:103E800002DAB3F5A07F01DB0020F7E7944201DC02
:103E9000994201DD0020F1E70120EFE700B52DEDAB
:103EA000048B85B0FFF748FA30B92CA0FEF7EAFB87
:103EB00005B0BDEC048B00BDFFF74EFA18B930A079
:103EC000FEF7E0FBF4E79FED380A8DED040A9FED65
:103ED000360A8DED030A03A904A8FFF7CBF918B938
:103EE00032A0FEF7CFFBE3E79DED040A3848D0EDA2
:103EF000000AB4EE600AF1EE10FA0AD19DED030A51
:103F00003448D0ED000AB4EE600AF1EE10FA00D1A8
:103F1000CEE79DED040A2E4880ED000A9DED030AD0
:103F20002C4880ED000A0398FCF7FCFB41EC190BD0
:103F30000498FCF7F7FB41EC180B8DED009B53EC5C
:103F4000182B25A0FEF79EFB9DED040A00F0FCF95E
:103F50009DED030A00F0C2F900BFA9E75B41485498
:103F600032305D207374617274206D656173757297
:103F7000656D656E74206661696C65640A00000099
:103F80005B41485432305D207761697420666F72FE
:103F9000206D6561737572656D656E74206661690B
:103FA0006C65640A00000000000000005B4148549A
:103FB00032305D2072656164206D65617375726574
:103FC0006D656E74206661696C65640A00000000AE
:103FD0001C000020200000205B41485432305D204E
:103FE00054656D70657261747572653A20252E3165
:103FF000662C2048756D69646974793A20252E31E4
:10400000660A00000146A12903DBF72901DC012033
:1040100070470020FCE700001CB5FFF74BFB03F0E6
:10402000BBF80020092103464FF40062CDE90010DF
:1040300003A1054803F032FE02F0A0FD00BFFEE739
:10404000696E6974000000004D40050810B5044613
:10405000FFF7EEFA02F092F902F06AFE08A0FEF70E
:1040600011FB02F0A9FE02F00FFF02F0EFFF00F0DB
:1040700015F8FFF7E5F9002002F020FC10BD000064
:1040800063757272656E74206170702076657273EC
:10409000696F6E3A2056312E300D0A001CB500248F
:1040A000002040F23F13EF220146009002F0F2F8A8
:1040B00000BF4FF6DF709A23E0220F2100900846E0
:1040C00002F0E8F83E4A1421172002F0CBF83DA098
:1040D00000F056FA3E484FF6DF7100233DA2CDE9CD
:1040E00000102A21192002F06FF93C484FF6DF71C9
:1040F00048F671433AA2CDE900107921232002F05D
:1041000063F900BF00BF48F6DD604FF49873722278
:10411000A52100900F2002F0BDF8364848F6DD6179
:10412000002335A2CDE90010AA21132002F04CF99A
:10413000344848F6DD61002333A2CDE90010BF21E9
:10414000562002F041F92F4848F6DD6100232FA2E6
:10415000CDE900104FF483715B2002F035F99FED3B
:104160002C0A00F0F1F89FED2A0A00F0B7F800BF22
:1041700000BF4FF629404FF49873E022A52100902C
:104180007D2002F087F81F484FF6294100231EA228
:10419000CDE90010BD21C02002F016F91D4AEF2123
:1041A0008B2002F05FF81CA000F00CF99FED180ABC
:1041B00000F022F9601E00F05DF900BF1CBD000098
:1041C000187606086950686F6E653134000000008B
:1041D000E00D06082D2D3A2D2D0000009CCC050881
:1041E0002D2D2D2D2F2D2D2F2D2D20D0C7C6DACBE7
:1041F000C400000064D70508CAD2C4DABBB7BEB396
:1042000000000000D4B705084300000025000000AE
:104210009AF9794490710608BBB4C4CF000000003D
:1042200010B588B00446E079012801D11CA21EE037
:10423000E079022801D11BA219E0E079032801D11D
:1042400019A214E0E079042801D118A20FE0E07966
:10425000052801D116A20AE0E079062801D115A2AD
:1042600005E0E079072801D113A200E013A2E0786D
:10427000A178CDE901020091238811A2122103A89F
:10428000FEF710FA14484FF6DF7148F6714303AA9F
:10429000CDE900107921232002F096F808B010BD76
:1042A000D2BB0000B6FE0000C8FD0000CBC4000079
:1042B000CEE50000C1F90000CCEC00005800000081
:1042C000253034752F253032752F2530327520D0AA
:1042D000C7C6DA25730000009CCC050800B52DED9B
:1042E000048B83B0B0EE408AB5EEC08AF1EE10FACE
:1042F00013DD9FED110AB4EEC08AF1EE10FA0CD86E
:1043000018EE100AFCF70EFA41EC190B8DED009B2C
:104310000AA2032102A8FEF7C5F90A4848F6DD61A2
:10432000002302AACDE90010EF21192002F04CF879
:1043300003B0BDEC048B00BDE1FAC74225322E303C
:104340006600000084FA050800B52DED048B83B0EB
:10435000B0EE408A164800680290BAEE040AB4EE45
:10436000C08AF1EE10FA13DD9FED120AB4EEC08A96
:10437000F1EE10FA0CD818EE100AFCF7D3F941EC64
:10438000190B8DED009B0CA2032102A8FEF78AF900
:104390000B4848F6DD61002302AACDE90010C021D8
:1043A0001E2002F011F803B0BDEC048B00BD00002C
:1043B00008B807080000C84225322E306600000009
:1043C00074ED050810B586B00446234608A20921FD
:1043D00003A8FEF767F907484FF62941002303AA0F
:1043E000CDE90010AA217F2001F0EEFF06B010BD3C
:1043F0002573000064D7050800B52DED048B83B04C
:10440000B0EE408A164800680290BAEE040AB4EE94
:10441000C08AF1EE10FA13DD9FED120AB4EEC08AE5
:10442000F1EE10FA0CD818EE100AFCF77BF941EC0B
:10443000190B8DED009B0CA2032102A8FEF732F9A7
:104440000B484FF62941002302AACDE90010BE21F6
:10445000872001F0B9FF03B0BDEC048B00BD000064
:104460000CB807080000C84225322E306600000054
:104470006CE2050870B504461CB1022C01D0262C54
:1044800001D1224D3CE0012C01D0032C01D1204D63
:1044900036E0042C01D0092C01D11E4D30E0052C52
:1044A00005D0062C03D0072C01D0082C01D11A4DC1
:1044B00026E00A2C0DD00D2C0BD00E2C09D00F2C81
:1044C00007D0102C05D0112C03D0122C01D0132CA6
:1044D00001D1124D14E00B2C01D00C2C01D1104D48
:1044E0000EE0142C09D0152C07D0162C05D0172C53
:1044F00003D0182C01D0192C01D10A4D00E00A4D2F
:104500002A46F021A62001F0ADFE70BD28690608FC
:10451000B8A30608E88C0608B824060858D106088F
:10452000883B060888BA0608585206087FB5044634
:10453000A07900EBD0714910A0EB410109B93A21F3
:1045400000E020210D466079CDE90050237908A2D2
:10455000062102A8FEF7A6F808484FF6DF710023EF
:1045600002AACDE900102A21192001F02DFF7FBDFC
:10457000253032752563253032750000E00D0608C0
:1045800010B588B00446234609A2152102A8FEF7FB
:1045900089F809484FF6DF7148F6714302AACDE960
:1045A00000101721322001F00FFF08B010BD0000ED
:1045B00025323073000000009CD2050870B5054616
:1045C00000240CE0084800EBC40041682846FBF7D3
:1045D00053FF18B9044810F8340070BD641C042C53
:1045E000F0D30020F9E7000010B8070830B58DB00F
:1045F000054630220B4901A8FBF7F5FE00240CE02C
:1046000001A850F824102846FBF736FF18B9601CA3
:10461000C0B20DB030BD601CC4B20C2CF0DB002069
:10462000F7E7000030B8070830B52DED028BB1B0C8
:10463000B82103A8FBF7F0FE1E4D2846FFF742FA0B
:10464000044634B91CA0FEF71DF831B0BDEC028B56
:1046500030BD03A9204600F003F918B91CA0FEF7ED
:1046600011F8F2E7B82203A91F48FBF713FF00B9BE
:10467000EBE7B82203A91C48FBF7B5FE9DED300A15
:1046800010EE101A0846FCF74DF841EC180B8DEDB2
:10469000008B2BAA03A915A0FDF7F4FFDDED300A6E
:1046A000B0EE600AFFF7A8FE2F98FFF7E3FE00BF09
:1046B000CBE70000BCB807085B574541544845525A
:1046C0005D2068747470206572726F720A00000059
:1046D0005B574541544845525D20706172736520B7
:1046E0006661696C65640A00680100205B5745419A
:1046F000544845525D2025732C2025732C20252EEF
:1047000031660A0030B589B005460C4611A128462D
:10471000FBF78DFE0546A01D611D221DCDE903049A
:10472000CDE90121E01C06AB07AA0EA100902846A6
:10473000FBF7C6FE072802D0002009B030BD07A84D
:1047400002F0DAFAE07106A8FFF750FFA07001202E
:10475000F3E700002B434950534E545054494D4504
:104760003A0000002B434950534E545054494D4594
:104770003A25337320253373202568687520256812
:1047800068753A256868753A2568687520256875E2
:10479000000000007CB505460C460DA12846FBF73D
:1047A00046FE05460DB900207CBD04F15800011FEE
:1047B00004F140032246CDE9001007A12846FBF78B
:1047C0007FFE042801D00020EEE70120ECE7000086
:1047D0002B43574A41503A002B43574A41503A2203
:1047E0002536335B5E225D222C222531375B5E222B
:1047F0005D222C25642C25640000000038B5054698
:104800000C460EA12846FBF712FE05460DB9002006
:1048100038BD23466A460CA12846FBF751FE022804
:1048200001D00020F4E70098022801D1012000E027
:10483000002084F85C000120EAE700002B43575376
:10484000544154453A0000002B43575354415445BA
:104850003A25642C222536335B5E225D0000000081
:104860002DE9F34F2DED028B85B00C463AA1079848
:10487000FBF7DDFD0790079828B9002005B0BDECD7
:10488000028BBDE8FC8F37A10798FBF7D0FD0546EA
:104890000DB90020F2E736A12846FBF7C8FD064611
:1048A00026B1224634A13046FBF70AFE37A128463E
:1048B000FBF7BDFD07462FB104F1200235A13846B4
:1048C000FBF7FEFD38A10798FBF7B1FD8046B8F174
:1048D000000F01D10020D1E735A14046FBF7A7FD2D
:1048E0008146B9F1000F05D004F1A00232A148467B
:1048F000FBF7E6FD35A14046FBF799FD8246BAF18C
:10490000000F05D004F1B00232A15046FBF7D8FDEC
:104910000020019002900390049032A14046FBF7E2
:1049200086FD8346BBF1000F13D001AA31A1584682
:10493000FBF7C6FD01280CD101A8FDF7CDFEB0EEB6
:10494000408AF0EE608A51EC180BFBF7FEFEC4F8CB
:10495000B400012092E7000022726573756C7473D5
:10496000223A0000226C6F636174696F6E223A0014
:10497000226E616D65223A00226E616D65223A20D9
:10498000222533315B5E225D2200000022706174BB
:1049900068223A002270617468223A20222531325E
:1049A000385B5E225D220000226E6F77223A0000A3
:1049B0002274657874223A002274657874223A2051
:1049C000222531355B5E225D2200000022636F6488
:1049D00065223A0022636F6465223A202225642210
:1049E000000000002274656D7065726174757265F7
:1049F000223A00002274656D70657261747572658B
:104A0000223A20222531355B5E225D220000000023
:104A10002DE9F04105460E461C4807681C48006811
:104A2000001D01F01BFD50B91948006890F82C10CA
:104A30000120884017490968814316480160681CB5
:104A400038B936B112480168091D134801F09CFDC0
:104A50001AE07C190E4800684460BC4207D20C483A
:104A60000168091D0D48006801F074FD0CE008485C
:104A70000168091D0A48006801F06CFD09480068DA
:104A8000844201D207480460BDE8F0819400002010
:104A900080000020980000200830002088000020BE
:104AA00084000020B000002010B5044601F078FD1D
:104AB00023480068401C224908602248006840B929
:104AC000204804600846006801280DD100F02AFA49
:104AD0000AE01D48006838B91A480068C06AE16AEF
:104AE000884201D81748046018480068401C1749DC
:104AF000086094F82C100120884015490968084383
:104B000013490860E16A01EB8101124A02EB81005E
:104B1000211D01F039FD01F07DFD0B48006868B1F1
:104B200008480068C06AE16A884207D24FF08050A6
:104B300009490860BFF34F8FBFF36F8F10BD0000AE
:104B400090000020800000209C000020AC0000208D
:104B500098000020F02E002004ED00E010B501F0D8
:104B60001FFD10480068D0B90F4801F0E3FC0F4862
:104B700001F0E0FC0C480E4908600C480D49086043
:104B800000220C21202002F015FC0649086008468E
:104B9000006820B108A10348006801F01BFE01F085
:104BA00039FD10BDC80000201C300020303000202E
:104BB000C0000020C4000020546D725100000000AD
:104BC00010B516E001F0ECFC0C48C068C468201D6C
:104BD00001F044FC0A480068401E09490860094881
:104BE0000068401E0749086001F014FD204600F0EF
:104BF0005FF8044800680028E4D110BDF42F0020BD
:104C0000900000208C00002070B504460D46206CFA
:104C100070B1216CE0680144E160D4E9021088427F
:104C200001D32168E1602846226CE168FBF7DBFBD9
:104C300070BD2DE9F04104460F4615464FF00008BF
:104C4000A66B206C48B9206800282CD1A06803F01E
:104C500019F980460020A06025E07DB93946226C14
:104C60006068FBF7C0FB216C606808446060D4E9B1
:104C70000101884217D32068606014E03946226C35
:104C8000E068FBF7B0FB216CE068411AE160216845
:104C9000E068884203D2216CA068411AE160022DCD
:104CA00001D106B1761E701CA0634046BDE8F081BC
:104CB00010B50446206B01F0DBFC204601F0D8FC67
:104CC00010BD01464A6A22B10A6B1268C2F10A009D
:104CD00000E00020704700000146084A1268126890
:104CE0000AB9012200E000220A600A6822B9034AD8
:104CF0001268D268106800E000207047C0000020F1
:104D000030B54FF4B833174800F007042CB1C01D7C
:104D100020F00700134C041B1B1B0246124C2260A0
:104D20000024114D6C60D018083820F007000F4C9B
:104D3000206000240D4D2D686C600C4D2D682C609A
:104D40001146441A4C60094C24680C60084D4C68AC
:104D50002C60084D4C682C604FF00044064D2C60D0
:104D600030BD000044300020D4000020DC000020D2
:104D7000E4000020E0000020F000002000BFFFF76A
:104D80001FFF064800680128F9D94FF080500449F8
:104D90000860BFF34F8FBFF36F8FF0E7F02E002056
:104DA00004ED00E02DE9F04106460D461746984611
:104DB000069C0DB9246000E02760E66325640121AC
:104DC000204602F047FB0020A064BDE8F08100000F
:104DD0002DE9F05F82460E4690469B460A9F0C9C4A
:104DE0004FEA8801A522206BFBF70FFBA8F1010019
:104DF000216B01EB800929F0070909F0070008B9C8
:104E0000012000E0002020B940F25E3121A001F035
:104E100073FB86B1002507E0715D04F13400415554
:104E2000705D00B902E06D1C102DF5D300BF0021AC
:104E30004320015502E0002084F834000A2F00D3FB
:104E40000927E76267640020A064201D01F07FFB52
:104E500004F1180001F07BFB2461C7F10A00A06196
:104E60006462142104F14C00FBF7D6FA002020669E
:104E70006066A066A4F86C0084F86E005A4651463D
:104E8000484600F069FC20600B9808B10B9804605C
:104E9000BDE8F09F2E2E5C74686972645F6C696275
:104EA0005C6672656572746F735C7461736B732E8C
:104EB000630000002DE9F04706460D461746984668
:104EC000DDE908940DB1012000E0002020B940F296
:104ED0005F110CA001F010FB8CB1FFF73FFE2660C4
:104EE000A561C4F81C80C4F82090201D01F02FFBA0
:104EF0002FB194F8240040F0040084F82400BDE8A9
:104F0000F08700002E2E5C74686972645F6C6962C1
:104F10005C6672656572746F735C74696D657273DB
:104F20002E63000010B5002407E004EB84010F4A53
:104F300002EB810001F0FEFA641C0A2CF5D30C4848
:104F400001F0F8FA0B4801F0F5FA0B4801F0F2FA1B
:104F50000A4801F0EFFA0A4801F0ECFA044809495E
:104F6000086004480849086010BD0000F02E0020C9
:104F7000B82F0020CC2F0020E02F0020F42F00209D
:104F800008300020840000208800002010B5014671
:104F9000164800E0006803688B42FBD30246436872
:104FA00013448B4204D143684C6823444360014658
:104FB0000A464B6813440468A34211D10C4C0368A1
:104FC0002468A34208D04B680468646823444B609B
:104FD00003681B680B6005E0054B1B680B6001E074
:104FE00003680B60884200D0016010BDD40000202F
:104FF000DC0000202DE9F04104460D4616461F4610
:105000004FF0000865602461B5420CD8F01BA1691F
:10501000884202D34FF0010811E0211D09480068C1
:1050200001F098FA0BE0BE4204D2BD4202D34FF029
:10503000010804E0211D0448006801F08BFA404695
:10504000BDE8F081C4000020C000002070B5054616
:1050500001F0A6FAA86B08B9012400E0002401F0D1
:10506000D9FA204670BD70B5054601F099FAA86BD3
:10507000E96B884201D1012400E0002401F0CAFA62
:10508000204670BDF1B50098846C002624B940F626
:105090009C311EA001F030FAA06BE16B884201D276
:1050A000012000E0002020B940F69D3117A001F05A
:1050B00023FAA06BE16B884226D294F94550002276
:1050C00069462046FFF7B5FD0646681C60B9606A70
:1050D00008B9012000E00020A8B904F1240002F082
:1050E0008FFF80B101260EE07F2D01D0012000E06E
:1050F000002020B940F6BD3104A001F0FDF9681C84
:1051000040B284F8450000BF3046F8BD2E2E5C74D6
:10511000686972645F6C69625C6672656572746FFF
:10512000735C71756575652E63000000F8B5054602
:105130000F4617480068C068C468201D01F08EF94A
:1051400094F8240000F00400B8B1A06941192B467E
:105150003A462046FFF74EFFA8B1002003462A46F4
:1051600001460090204603F07DF8064626B94FF42C
:10517000057108A001F0C0F905E094F8240020F0C2
:10518000010084F824002046216A8847F8BD000009
:10519000C00000202E2E5C74686972645F6C6962C6
:1051A0005C6672656572746F735C74696D65727349
:1051B0002E63000070B586B07EE0039800287BDB8C
:1051C000059C606908B9012000E0002010B9201D8D
:1051D00001F044F902A800F0DFF8054603980A2818
:1051E00068D2DFE800F0090507333B570608343C76
:1051F00000BF00BF00BF00BF94F8240040F00100D2
:1052000084F824000498A269811803462A4620469F
:10521000FFF7F0FEC8B12046216A884794F82400C1
:1052200000F0040088B1002000900498A1694218A1
:1052300000231946204603F015F8064626B940F229
:10524000363123A001F058F900BF34E000BF94F8D4
:10525000240020F0010084F824002CE000BF94F822
:10526000240040F0010084F824000498A061A069A3
:1052700008B1012000E0002020B940F24F3114A015
:1052800001F03AF9A06941192B462A462046FFF75A
:10529000B1FE10E094F8240000F0020018B9204696
:1052A00001F0E6F905E094F8240020F0010084F80C
:1052B000240000E000BF00BF002203A90C480068E2
:1052C00002F01AFB00287FF478AF06B070BD000032
:1052D0002E2E5C74686972645F6C69625C667265CC
:1052E0006572746F735C74696D6572732E63000010
:1052F000C8000020F8B505460C4601F097FC68464A
:1053000000F04AF80646009820BB44B9B54206D8DA
:1053100002F0CCFE31462846FFF708FF1CE03CB106
:105320000E480068006808B9012000E0002004462B
:10533000A91B22460A48006801F062FA02F0B6FE94
:1053400050B94FF0805007490860BFF34F8FBFF34B
:105350006F8F01E002F0AAFEF8BD0000C40000203B
:10536000C800002004ED00E009480068006808B9A2
:10537000012000E0002020B14FF0FF300549086017
:1053800005E003480068C06800680249086070478B
:1053900084000020B000002070B5044602F0BEFC7E
:1053A000054607480068854204D200F00BF801204A
:1053B000206001E00020206001480560284670BDA3
:1053C000D00000202DE9F8432EE022480068C06894
:1053D000056820480068C068C468201D01F03EF8D8
:1053E0002046216A884794F8240000F00400D8B1D0
:1053F000A0694619AE4207D966602461211D15488F
:10540000006801F0A7F80FE0002003462A46014695
:105410000090204602F026FF074627B940F2A93146
:105420000DA001F069F800BF0A480068006808B9DB
:10543000012000E000200028C7D00648D0F80080F6
:105440000D480068034908600B48C0F80080BDE8BB
:10545000F8830000C00000202E2E5C74686972641E
:105460005F6C69625C6672656572746F735C7469A7
:105470006D6572732E630000C40000200B48006845
:10548000401C08B9012000E0002018B9E82108A05C
:1054900001F032F800BF502080F31188BFF34F8F26
:1054A000BFF36F8F00BF00BFFEE70000F4000020D5
:1054B0002E2E5C74686972645F6C69625C667265EA
:1054C0006572746F735C706F727461626C655C702E
:1054D0006F72742E6300000008B500BF6846FFF7C6
:1054E000FBFB044620460099FFF704FFFFF762FE2E
:1054F000F4E770B5044601F053F894F9455019E00B
:10550000A06C30B12046FFF7BDFD88B101F06AFA0A
:105510000EE0606A08B9012000E0002038B904F10B
:10552000240002F06DFD18B101F05CFA00E003E028
:10553000681E45B2002DE3DC00BFFF2084F8450063
:1055400001F068F801F02CF894F9445010E020695B
:1055500008B9012000E0002048B904F1100002F071
:105560004FFD08B101F03EFA681E45B200E001E0CF
:10557000002DECDC00BFFF2084F8440001F04AF865
:1055800070BD00002DE9F04104464FF0000801F025
:105590004DFB4948006808B9FFF7B2FB474800686F
:1055A0002040002871D10CB304F10800A0421DD99D
:1055B000083404F00700D0B104F00700C0F108007F
:1055C0002044A04210D904F00700C0F108000444B0
:1055D00004F0070008B9012000E0002038B99A2142
:1055E00037A000F089FF02E0002400E00024002C36
:1055F0004BD03D480068844247D83C4E3046056851
:1056000001E02E462D686868A04202D22868002872
:10561000F7D129480068854237D0306800F1080882
:10562000286830606868001B102812D92F1907F00D
:10563000070008B9012000E0002018B9CD2120A002
:1056400000F05AFF6868001B78606C603846FFF70E
:105650009DFC254968680968081A234908600846BE
:10566000006823490968884203D21F48006820491E
:10567000086012496868096808436860002028606B
:105680001C480068401C1B49086002F00FFDB8F17F
:10569000000F01D100F0F6FE08F0070008B9012064
:1056A00000E0002020B94FF4877105A000F024FF2E
:1056B0004046BDE8F0810000DC000020F000002042
:1056C0002E2E5C74686972645F6C69625C667265D8
:1056D0006572746F735C706F727461626C655C6824
:1056E0006561705F342E6300E0000020D40000206C
:1056F000E4000020E80000200648006830B10549B9
:10570000096801F14800896C491C01600148006882
:10571000704700008000002070B50446264624B97A
:1057200040F20A4104A000F0E7FE00F039FFF569FD
:1057300000F070FF284670BD2E2E5C74686972649C
:105740005F6C69625C6672656572746F735C7469C4
:105750006D6572732E630000001F4FF0807303604D
:10576000001F21F001030360001F054B0360143884
:105770000260001F6FF002030360203870470000D2
:105780007D5405081FB5044600BF02A8FDF729FC9B
:105790006846FDF726FC0822694602A8FAF77AFE59
:1057A0000028F2D102982060039860601FBD0EB5FA
:1057B0006846FCF7F3FB6846FCF7F2FA0120FCF7B9
:1057C0002BFAFCF7F9FB0EBD1CB5044600BF2046C2
:1057D000FDF72FFC6846FDF704FCA0799DF8061044
:1057E0008842F4D11CBD000000B58FB06846FBF7BD
:1057F00071FF00200090124801904020039000208B
:1058000005904FF4006007908000089000200990F8
:105810004FF400300A9004200B9003200C904FF0BE
:1058200080700D9000200E90012210210548FBF79A
:1058300007FF69460348FBF721FF0FB000BD0000DA
:105840000C380040706002402DE9FC5F0746884636
:1058500015461E46E81DC11700EB5171C1F3CF017B
:105860000191254C002233E00C99019802FB0019AC
:10587000002029E001464FEAE07A00EB5A7A4FEA2D
:10588000EA0A19F80AA003464FEAE07B00EB5B7BCB
:105890004FEAEB0BA0EBCB0BCBF1070E4FF0010B5C
:1058A0000BFA0EFB0AEA0B0ACDF800A0009909B129
:1058B0000D9900E00E998C4604F801CB4FEA1C21AB
:1058C00004F8011B411C88B2A842D3DB501C82B2F1
:1058D000B242C9DB08EB0600401E83B27819401EB5
:1058E00082B24146384600F0E7F90348211A002207
:1058F00000F0AEFABDE8FC9F2002002070B505461E
:105900000E461446F02D0DDAB6F5A07F0ADA20888F
:105910002844401EF02805DA60883044401CB0F569
:10592000A07F00DB70BD60883044401E83B22088B9
:105930002844401E82B23146284600F0BDF9228834
:1059400063885A4351000022606800F081FA00BF6A
:10595000E8E72DE9F04104460D4616461F463B4652
:10596000324629462046FEF781FA08B9BDE8F081A3
:105970003B4632462946204600F09EF9301B401C2B
:10598000791B491C00FB01F84FEA4801012206A8D7
:1059900000F05EFA00BFE9E710B503220021012004
:1059A00001F008FD094908600846006818B975212A
:1059B00007A000F0A1FD00F0AFF9FFF715FF00F020
:1059C000EBF800F00FF900F011F810BD38000020DE
:1059D0002E2E5C6472697665725C73743737383961
:1059E0005C7374373738392E6300000000B599B006
:1059F00000F046F900221146112000F07DFA052042
:105A000000F024FF50A000681890012218A93A2045
:105A100000F072FA00201790012217A9362000F03A
:105A20006BFA4AA000681690012216A9C52000F062
:105A300063FA47A103C9CDE91401052214A9B220D4
:105A400000F05AFA40A000681390012213A9B72071
:105A500000F052FA40A000681290012212A9BB2067
:105A600000F04AFA3DA000681190012211A9C0205F
:105A700000F042FA3AA000681090012210A9C2205A
:105A800000F03AFA37A000680F9001220FA9C32056
:105A900000F032FA34A000680E9001220EA9C42052
:105AA00000F02AFA2EA000680D9001220DA9C62050
:105AB00000F022FA2DA000680C9002220CA9D02040
:105AC00000F01AFA2AA000680B9001220BA9E82026
:105AD00000F012FA27A000680A9003220AA9E92020
:105AE00000F00AFA24A090E80E00C068CDE9072370
:105AF000069109900E2206A9E02000F0FDF922A3EC
:105B0000D3E90021D3E90203CDE90403CDE9022161
:105B10000E2202A9E12000F0EFF900221146202018
:105B200000F0EAF900221146292000F0E5F90020F2
:105B300040F23F13EF2201460090FFF70AFF0120D9
:105B400000F0B0F819B000BD050000001A00000018
:105B500005050033330000003F0000002C0000006A
:105B6000010000000F00000020000000A4A10000C0
:105B70000300000009090800D005090908142833AA
:105B80003F07131428300000D00509090803243208
:105B9000323B1413282F000038B50F208DF8000079
:105BA00005208DF8010000208DF8020001208DF8FD
:105BB00003006846FBF700FF0F200521002807DAE5
:105BC0000A07140E054A00F00F031B1FD45403E00C
:105BD0000A07130E024A135400BF38BD18ED00E047
:105BE00000E400E01CB56846FBF7F5FD3C212148C8
:105BF000FBF7EFFD20211F48FBF7E8FD01208DF8A2
:105C0000040000208DF8060003208DF80500002018
:105C10008DF807003C20009069461648FBF76BFDA5
:105C200005220D211448FBF7AEFD05220221134881
:105C3000FBF7A9FD052203211048FBF7A4FD022074
:105C40008DF8040000208DF8060003208DF8050073
:105C500000208DF807004FF4005000906946064878
:105C6000FBF749FD0C20009069460448FBF743FD13
:105C70001CBD000000100240000402400008024069
:105C800010B508210648FBF7A1FD022000F0DEFD5B
:105C900008210348FBF79DFD782000F0D7FD10BDDB
:105CA0000010024010B50446224620210148FBF7AF
:105CB0009BFD10BD001002402DE9FC4107460C463B
:105CC00015461E46380A8DF80400F8B28DF8050016
:105CD000280A8DF80600E8B28DF80700042201A911
:105CE0002A2000F009F9200A8DF80000E0B28DF8B2
:105CF0000100300A8DF80200F0B28DF80300042292
:105D000069462B2000F0F8F8002211462C2000F004
:105D1000F3F8BDE8FC81000000B585B06846FCF7EB
:105D2000C2F90020ADF800004FF48270ADF8020017
:105D30000020ADF80400ADF80600ADF808004FF4FF
:105D40000070ADF80A000820ADF80C000020ADF896
:105D50000E0069460648FCF788F901220221044832
:105D6000FCF76FF901210248FCF756F905B000BDB8
:105D7000003800402DE9FE4F81468A4614469B4676
:105D80000D9D0DB9BDE8FE8FB5F80C80A88900EB1C
:105D9000D0714E100AEB0800401E83B209EB0600DA
:105DA000401E82B251464846FEF760F800B9E9E766
:105DB000202C01DB7E2C00DDE4E729462046FDF7A0
:105DC0000EFC07464FB10C98434632465146CDE98A
:105DD000007B02904846FFF737FD00BFD2E72DE970
:105DE000FE4F81468A4616469B460D9D06B10DB96B
:105DF000BDE8FE8FAF89B5F80C800AEB0700401EA6
:105E000083B209EB0800401E82B251464846FEF7B5
:105E10002DF800B9ECE7AC6806E031462068FAF7E7
:105E20002BFB00B903E0083420680028F5D100BF3F
:105E3000206800B9DCE70C9861683B464246CDE932
:105E4000001B029051464846FFF7FEFC00BFCFE71B
:105E50002DE9F04106460C4617464FF400612248F2
:105E6000FCF7E6F804212148FBF7B0FC10211F489D
:105E7000FBF7AFFC640800BF4FF6FF70844201D20D
:105E8000204601E04FF6FF70054637B11848006F15
:105E900020F480601649086705E01548006F40F45B
:105EA0008060134908671248C6674567012110489A
:105EB0007030FBF787FB4FF0FF310E48006801F0B0
:105EC000CDFD0FB906EB4506641B002CD4D100BFF5
:105ED00080210548FCF7BEF80028F9D104210348C9
:105EE000FBF777FCBDE8F08100380040001002406D
:105EF00000600240380000202DE9F04105460E46C2
:105F0000174600211F48FCF793F804211E48FBF7B1
:105F10005DFC10211C48FBF759FC29461948FCF789
:105F2000A2F800BF02211748FCF794F80028F9D026
:105F300000BF80211348FCF78DF80028F9D110210B
:105F40001148FBF746FC00240CE0315D0D48FCF7DE
:105F50008AF800BF02210B48FCF77CF80028F9D032
:105F6000601C84B2BC42F0DB00BF80210548FCF716
:105F700071F80028F9D104210348FBF72AFCBDE899
:105F8000F081000000380040001002402DE9FF477A
:105F90000746894614469A46DDE90C8530E02078AC
:105FA000FEF730F808B1022000E001200646002E7E
:105FB00001DC641C24E0012E0FD1CDE9008522789C
:105FC000534649463846FFF7D5FE641CA88900EBC6
:105FD000D07107EB61018FB211E03246214602A871
:105FE000FAF737FA534602AA49463846CDE9008502
:105FF000FFF7F5FE3444A889384487B200BF00BFDC
:1060000020780028CBD1BDE8FF87000010B588B00C
:1060100004A8FBF757FD0698440001A8FCF7A8F96F
:106020001548B4FBF0F0401E80B2ADF8040040F219
:10603000E730029001A91148FCF758F901210F48F7
:10604000FCF724F9012211460C48FCF745F93620EB
:106050008DF8000005208DF8010000208DF8020069
:1060600001208DF803006846FBF7A6FC01210348D8
:10607000FCF712F908B010BD40420F0000100040BC
:1060800070B5044600F00EF805460E4600BF00F05D
:1060900009F8421B61EB0601121B71F10001F6D3F6
:1060A00070BD00002DE9F04100BF0B48066847684D
:1060B0000A48FCF7FDF8084B1A685B68841843F13E
:1060C0000005054908684968704079400843ECD1EB
:1060D00020462946BDE8F081500000200010004015
:1060E00030B589B0304C002007900890059006909C
:1060F00007A8FDF79FFD28B92CA0FCF7C3FA4FF4C1
:106100007A743FE0BDF81C00B0F5FA6F05DA2DA0F7
:10611000FCF7B8FA4FF47A7434E09DF823009DF848
:1061200022109DF821209DF82030CDE90032CDE9E4
:1061300002109DF81F309DF81E20BDF81C1029A0EC
:10614000FCF7A0FABDF81C00ADF814009DF81E0085
:106150008DF816009DF81F008DF817009DF820009F
:106160008DF818009DF821008DF819009DF8220087
:106170008DF81A009DF823008DF81B0005A8FFF785
:1061800023FB00BF4FF47A7060434FF47A71B0FB89
:10619000F1F5002003462A46042100901F480068BC
:1061A00002F060F809B030BD80EE36005B534E540B
:1061B000505D206765742074696D65206661696C47
:1061C00065640A005B534E54505D20696E76616CC5
:1061D0006964206461746520666F726D6174650A1C
:1061E000000000005B534E54505D2073796E6320B5
:1061F00074696D653A20253034752D253032752D42
:106200002530327520253032753A253032753A25E1
:1062100030327520282564290A0000000000002083
:106220001CB56846FFF7AEFABDF8000040F2E47115
:10623000884200DA1CBD082209496846FAF72AF9A3
:1062400000B9F7E706480099016001994160684686
:10625000FEF76CF96846FDF7E3FF00BFEAE70000D0
:106260001400002070B586B004460E461546022084
:106270008DF80400ADF80840ADF80A6003950023DE
:10628000C21E01A90248006801F03AF906B070BDCB
:10629000240000202DE9F04186B004460D46164644
:1062A0001F46DDF8308000208DF80400ADF808406E
:1062B000ADF80A50ADF80C60ADF80E70ADF8108076
:1062C0000023421E01A90348006801F019F906B035
:1062D000BDE8F0812400002088B0FFF75DFB3DE0C1
:1062E0004FF0FF3203A91E48006801F005FB9DF83E
:1062F0000C0020B1012810D0022828D11FE0BDF8E1
:1063000018000090BDF81630BDF81420BDF812102A
:10631000BDF81000FFF71DFB1FE0BDF81A1007982D
:10632000CDE90010BDF81830BDF81210BDF810000E
:10633000059AFFF72BFE059800F09AF90DE0BDF8DD
:106340001210BDF81000059AFFF7D8FA05E09DF885
:106350000C1004A0FCF796F900BF00BFC0E70000D6
:1063600024000020556E6B6E6F776E2055492061BA
:106370006374696F6E3A2025640A00001CB5002220
:106380001421102001F016F8094908600846006839
:1063900018B95A2107A000F0AFF8002008210346E1
:1063A000CA01CDE9001006A1064801F077FC1CBD2A
:1063B000240000202E2E5C6170705C75692E6300D5
:1063C00075690000D96205082DE9F04F85B00646D1
:1063D0000F4614469846DDE90E9A2046FAF745F82E
:1063E00000F1010B5846FFF7CDF8054635B92146B7
:1063F00010A0FCF747F905B0BDE8F08F214628460C
:10640000FAF755F801208DF80000ADF80460ADF8FA
:1064100006700295ADF80C80ADF80E90CDF810A086
:106420000023821E69460C48006801F069F800BF2D
:10643000E1E70000756920777269746520737472F2
:10644000696E67206D616C6C6F63206661696C6555
:10645000643A2025730000002400002001460A69E8
:10646000D1E901309860D1E9010358605068884251
:1064700001D188685060002008611068401E1060DB
:106480001068704710B504A0FCF7FCF8632106A063
:1064900000F032F810BD00004D616C6C6F63204657
:1064A00061696C65640A00002E2E5C6170705C622C
:1064B0006F6172642E63000070B505460C4621467C
:1064C00003A0FCF7DFF85D2107A000F015F870BD10
:1064D000537461636B204F766572666C6F77656489
:1064E0003A2025730A0000002E2E5C6170705C62F9
:1064F0006F6172642E63000070B504460D4600BFE4
:10650000502080F31188BFF34F8FBFF36F8F00BF10
:106510002A46214601A0FCF7B5F870BD41737365AA
:1065200072742043616C6C65643A2025732825647D
:10653000290A000000F1080141604FF0FF3181603D
:1065400000F10801C1600161002101607047002174
:106550000161704710B502460B685C1C0CB91069EC
:1065600007E002F1080000E04068446824689C42AB
:10657000FAD944684C604C68A160886041600A6147
:106580001468641C146010BD42684A6093688B6094
:10659000936859609160086103685B1C03607047F1
:1065A00010B500BF502080F31188BFF34F8FBFF3A9
:1065B0006F8F00BF0B480068401C0A4908600846FE
:1065C000006801280CD108480068C0B208B9012051
:1065D00000E0002020B940F2B51104A0FFF78CFFC5
:1065E00010BD0000F400002004ED00E02E2E5C74CD
:1065F000686972645F6C69625C6672656572746F0B
:10660000735C706F727461626C655C706F72742E13
:106610006300000010B50B48006820B94FF4DE712C
:1066200009A0FFF769FF07480068401E0549086098
:106630000846006820B9002080F3118800BF00BF21
:1066400010BD0000F40000202E2E5C746869726496
:106650005F6C69625C6672656572746F735C706FA3
:10666000727461626C655C706F72742E63000000FE
:1066700070B506463546002E38D0083D2C461C49DC
:1066800060680968084008B1012000E0002020B9D6
:106690004FF4917117A0FFF72FFF206808B9012070
:1066A00000E0002020B940F2231112A0FFF724FFE0
:1066B0000F49606809680840C0B12068B0B90C494A
:1066C000606809688843606000F0B0FA1349606848
:1066D00009680844114908602046FEF757FC104835
:1066E0000068401C0E49086001F0E0FC70BD00002D
:1066F000F00000202E2E5C74686972645F6C696221
:106700005C6672656572746F735C706F72746162DF
:106710006C655C686561705F342E6300E00000208A
:10672000EC00002000204FF0E0210861886106485D
:1067300000684FF47A71B0FBF1F0401E4FF0E02199
:1067400048610720086170475C00002070B5F9F7C8
:1067500003FE0546102D10D305F1E02090F8F0431C
:106760000F480078844201DB012000E0002020B9BE
:1067700040F216310BA0FFF7BFFE1448006800F48A
:10678000E06013490968884201D8012000E0002038
:1067900020B940F2263103A0FFF7AEFE70BD000025
:1067A000F80000202E2E5C74686972645F6C696268
:1067B0005C6672656572746F735C706F727461622F
:1067C0006C655C706F72742E630000000CED00E06D
:1067D000FC000020024600200BE0084B53F830304C
:1067E00033B9064B43F8301003EBC0035A6002E0A4
:1067F000401C0A28F1D300BF70470000A02E0020E3
:106800002DE9F04105460E4617462C46FFF7C8FE17
:1068100094F94400401C10B9002084F8440094F915
:106820004500401C10B9002084F84500FFF7F2FE37
:10683000A06B28B93A46314604F1240000F0FEF876
:106840002046FEF756FEBDE8F081000070B5044614
:106850000025A4B10F48006808B9012000E000201D
:1068600020B940F246510CA0FFF746FE00F0DEF9D9
:1068700000212046FEF7CCF801F018FC05463DB992
:106880004FF080500C490860BFF34F8FBFF36F8FFC
:1068900070BD0000BC0000202E2E5C74686972641C
:1068A0005F6C69625C6672656572746F735C74615B
:1068B000736B732E6300000004ED00E070B50546B5
:1068C000FFF76EFE15B92F48006800E02846044621
:1068D000201DFFF7C3FD78B9E06A00EB80002A496C
:1068E00051F8200040B994F82C1001208840274925
:1068F0000968814325480160A06A18B104F11800B5
:10690000FFF7ACFD22480068401C214908601D4883
:106910000068844209D1211D1E48FFF735FE1E483C
:106920000068401C1C49086006E01C480068401EC6
:106930001A490860FEF718FDFFF76CFE1148006861
:10694000844202D02046FEF7B3F915480068B8B17A
:106950000C480068844213D11248006808B901202D
:1069600000E0002020B940F2D9410FA0FFF7C4FD9C
:106970004FF0805014490860BFF34F8FBFF36F8F03
:1069800070BD000080000020F02E00209800002044
:10699000AC000020F42F00208C000020900000208C
:1069A0009C000020BC0000202E2E5C74686972647C
:1069B0005F6C69625C6672656572746F735C74614A
:1069C000736B732E6300000004ED00E00349096857
:1069D000016003490968416070470000A800002079
:1069E000940000200120014908607047A4000020A5
:1069F00070B504460D4624B940F6184106A0FFF7CD
:106A00007BFD0D48016818312046FFF7A3FD0121E9
:106A10002846FDF7FDFF70BD2E2E5C746869726418
:106A20005F6C69625C6672656572746F735C7461D9
:106A3000736B732E630000008000002070B5054664
:106A40000E46144625B940F6474108A0FFF754FD0D
:106A50000E48016818312846FFF796FD0CB14FF03B
:106A6000FF3621463046FDF7D3FF70BD2E2E5C74F5
:106A7000686972645F6C69625C6672656572746F86
:106A8000735C7461736B732E6300000080000020E0
:106A90002DE9F04706460F4634464FF00109002E17
:106AA00054D0A06C20B941F2960129A0FFF724FD33
:106AB000606CB84201D23D4600E0656CE06AA842D5
:106AC00044D0A06C012841D129480068844201D0FB
:106AD000012000E0002020B941F2B1011CA0FFF725
:106AE0000BFDD4F82C80E562A06900F0004010B9DD
:106AF000C5F10A00A06108EB88011E4A02EB810182
:106B00006069884201D1012000E00020F0B1201D21
:106B1000FFF7A4FC40B994F82C10012088401649D6
:106B2000096881431448016094F82C1001208840C2
:106B300011490968084310490860E16A01EB8101C5
:106B40000C4A02EB8100211DFFF71EFDBDE8F08716
:106B50002E2E5C74686972645F6C69625C66726533
:106B60006572746F735C7461736B732E63000000E5
:106B700080000020F02E0020980000201CB51B484B
:106B800000210B468022CDE9001019A11A4801F01E
:106B900085F80446012C02D101F030FB0446012C9B
:106BA00015D100BF502080F31188BFF34F8FBFF382
:106BB0006F8F00BF4FF0FF3010490860012010496F
:106BC000086000200F49086000F036FB0AE0601CF6
:106BD00008B1012000E0002020B940F63D010AA0E4
:106BE000FFF78AFC104800681CBD0000B4000020BC
:106BF00049444C45000000007D4D0508B0000020D0
:106C00009C000020940000202E2E5C746869726441
:106C10005F6C69625C6672656572746F735C7461E7
:106C2000736B732E63000000B800002002480068F8
:106C3000401C014908607047BC00002010B5214885
:106C4000006818B10120204908603AE000201E4980
:106C500008601E48006800681C490968096B884282
:106C600005D81A48016834310068FFF725FC184838
:106C70000068B0FA80F0C0F11F0404EB84001549ED
:106C800051F8200008B1012000E0002020B940F6B2
:106C9000FE3111A0FFF730FC04EB84010D4A02EB3A
:106CA000810041684968416000F1080142688A42F8
:106CB00002D14168496841604168C968034A11606E
:106CC00000BF10BDBC000020A400002080000020F8
:106CD00098000020F02E00202E2E5C7468697264EB
:106CE0005F6C69625C6672656572746F735C746117
:106CF000736B732E6300000030B587B005461C220D
:106D00000A496846F9F76FFB00240BE05DF8241090
:106D10002846F9F7B1FB18B9601CC0B207B030BD06
:106D2000601CC4B2072CF1DB0020F7E760B807084D
:106D30001CB50024002040F23F13EF2201460090D2
:106D4000FFF7A8FA114800214EF6124310A2CDE930
:106D50000010CD212820FFF737FB0C48002145F219
:106D60003F530EA2CDE90010E9213820FFF72CFB9C
:106D70000D4800214FF6FF730CA2CDE9001040F240
:106D80001D113C20FFF720FB1CBD0000D4B70508F7
:106D9000CDE6D7AAC7B6C8EBCABD0000CCECC6F892
:106DA000CAB1D6D300000000249A05086C6F616454
:106DB000696E672E2E2E000010B5FCF7ABFE18B9D9
:106DC00010A0FBF75FFC17E013A0FBF75BFCFCF7E0
:106DD000F7FF18B914A0FBF755FC0DE017A0FBF75F
:106DE00051FCFCF747FF18B918A0FBF74BFC03E078
:106DF0001BA0FBF747FC10BD1DA0FCF789FD00BFE1
:106E0000FEE700005B41545D20696E697420666195
:106E1000696C65640A0000005B41545D20696E691D
:106E20007465640A000000005B574946495D2069AB
:106E30006E6974206661696C65640A005B57494637
:106E4000495D20696E697465640A00005B534E54A5
:106E5000505D20696E6974206661696C65640A0022
:106E60005B534E54505D20696E697465640A00007E
:106E7000776972656C65737320696E6974206661E9
:106E8000696C6564000000007CB50025204800683E
:106E9000F9F7EBFA1F49898948434408F02C05DAD1
:106EA000C4F1F10000EBD071C1F34F0500260020C2
:106EB00040F23F13EF2201460090FFF7EBF9164A2C
:106EC0000F211E20FFF7CEF91448002140F2FD7378
:106ED00013A2CDE90010BF215820FFF775FA0D4825
:106EE00000214FF6FF73CDE900100948E721026841
:106EF0002846FFF769FA0C48002149F23F630BA2CC
:106F0000CDE9001040F207115420FFF75DFA7CBD77
:106F10002C0000209CCC050800B80708D4B7050851
:106F20005769466900000000249A0508C1ACBDD32A
:106F3000D6D0000000B599B0602101A8F9F76CFA2D
:106F400001A8FCF787FD20B91AA0FBF79BFB19B03D
:106F500000BD60221E4901A8F9F79CFA00B9F6E7C6
:106F60001B4890F85C009DF86010884200D1EEE765
:106F70009DF8600078B101A916A0FBF783FB179874
:106F8000009011AA01A919A0169BFBF77BFB01A891
:106F9000FDF7F6FA06E00E4921A0FBF773FB28A0E7
:106FA000FDF7EEFA602201A90948F9F71CFA00BFC3
:106FB000CDE700005B41545D207769666920696E0A
:106FC000666F20676574206661696C65640A0000FD
:106FD000080100205B574946495D20636F6E6E656E
:106FE0006374656420746F2025730A005B574946FB
:106FF000495D20535349443A2025732C2042535372
:1070000049443A2025732C204368616E6E656C3AC2
:107010002025642C20525353493A2025640A00004D
:107020005B574946495D20646973636F6E6E6563A3
:107030007465642066726F6D2025730A000000007D
:1070400077696669206C6F737400000010B59AB0A0
:1070500018A0FBF717FB00221BA11EA0FCF794FC55
:1070600000241BE06420FFF7F1FB602102A8F9F780
:10707000D3F902A8FCF7EEFC78B19DF8640060B18A
:1070800017A0FBF7FFFA1898009012AA02A919A0FE
:10709000179BFBF7F7FA1AB010BD643442F2107078
:1070A0008442DFD320A0FBF7EDFA26A0FCF730FCEA
:1070B00000BFFEE75B574946495D20636F6E6E6512
:1070C0006374696E670A00003139313539393235F8
:1070D000323039006950686F6E653134000000004D
:1070E0005B574946495D20436F6E6E656374656406
:1070F0000A0000005B574946495D20535349443A12
:107100002025732C2042535349443A2025732C20C8
:107110004368616E6E656C3A2025642C205253538F
:10712000493A2025640A00005B574946495D2043DF
:107130006F6E6E656374696F6E2054696D656F75EF
:10714000740A0000776972656C65737320636F6EF3
:107150006E656374206661696C6564001CB509E046
:107160004FF0FF3269460448006800F0C5FBDDE9D6
:1071700000108847F4E700002800002070B504469E
:107180002046FEF7C9FA05462946024800F034F8C1
:1071900070BD0000D53505081CB50022082110205F
:1071A00000F008F90A4908600846006818B91D216E
:1071B00008A0FFF7A1F90020052103464FF48062E3
:1071C000CDE9001008A10B4800F068FD1CBD0000CF
:1071D000280000202E2E5C6170705C776F726B71DE
:1071E000756575652E630000776F726B71756575D7
:1071F000650000005D7105087CB505460C46084831
:10720000006818B9232107A0FFF776F900950194CB
:1072100000235A1E69460248006800F071F97CBDDF
:10722000280000202E2E5C6170705C776F726B718D
:10723000756575652E6300001CB54D4800684D49A5
:10724000884201D0012000E0002020B94FF4A17154
:1072500049A0FFF751F9464800684649491E88424F
:1072600001D0012000E0002020B940F2431142A0EB
:10727000FFF742F94A4C204600780190FF20214652
:1072800008700846007800909DF8000000F0F000BB
:107290009DF80010884201D1012000E0002020B9B3
:1072A0004FF4AE7134A0FFF727F99DF8000000F00D
:1072B00050003C49087007203B49086009E03A4803
:1072C0000068401E384908609DF800004006000E26
:1072D00000909DF8000000F080008028EFD0324838
:1072E0000068C0F10700042801D1012000E000205F
:1072F00020B94FF4B87120A0FFF7FEF82A480068C3
:10730000C0F10700042801D1012000E0002020B9CD
:1073100040F2791118A0FFF7EFF823480068000247
:10732000214908600846008800F4E06008601C49B4
:10733000019808700E482030006840F470000C4935
:10734000203108600846006840F070400860FFF790
:10735000E9F9002015490860F8F7C6FF14480068ED
:1073600040F0404012490860F8F7AAFF00201CBD19
:1073700000ED00E071C20F412E2E5C7468697264EA
:107380005F6C69625C6672656572746F735C706F66
:10739000727461626C655C706F72742E63000000C1
:1073A00000E400E0F8000020FC000020F4000020D1
:1073B00034EF00E02DE9F84306460F4690460EB143
:1073C000012000E0002020B94FF4C47119A0FFF79C
:1073D00093F806FB07F51FB1B5FBF7F0B04201D1FA
:1073E000012000E0002020B94FF4C87111A0FFF780
:1073F00083F805F14C00A84201D9012000E00020EB
:1074000020B940F293110BA0FFF776F805F14C007C
:10741000FEF7B8F804464CB1A14609F14C094346C1
:107420004A46394630460094FDF7BCFC2046BDE88C
:10743000F88300002E2E5C74686972645F6C696268
:107440005C6672656572746F735C71756575652EC7
:107450006300000070B505460E462C4624B940F284
:107460000F111EA0FFF748F8FFF79AF8D4E90F12A2
:10747000206801FB0200A0600020A063206860601B
:10748000E06B401E226C216800FB0211E160FF20CE
:1074900084F8440084F845009EB9206908B90120A9
:1074A00000E00020A8B904F1100000F0A9FD80B1AF
:1074B0004FF0805011490860BFF34F8FBFF36F8FBB
:1074C00007E004F11000FFF735F804F12400FFF79E
:1074D00031F8FFF79FF8012070BD00002E2E5C747C
:1074E000686972645F6C69625C6672656572746F0C
:1074F000735C71756575652E6300000004ED00E036
:107500002DE9FF4782B0064688461D464FF0000928
:10751000344624B940F20E3162A0FEF7EDFFB8F117
:10752000000F01D1206C08B9012000E0002020B933
:1075300040F20F315BA0FEF7DFFF022D02D1E06BBE
:10754000012801D1012000E0002020B94FF444714E
:1075500054A0FEF7D1FF00F0D1FB08B9049808B998
:10756000012000E0002020B940F213314DA0FEF7C9
:10757000C3FF00BFFFF714F8A06BE16B884201D393
:10758000022D3ED1D4F838A02A4641462046FDF7C8
:1075900050FB0746A06C88B1022D02D1BAF1000F52
:1075A00029D12046FDF76EFD28B34FF080504549A4
:1075B0000860BFF34F8FBFF36F8F1CE0606A08B99C
:1075C000012000E0002068B904F1240000F018FD5B
:1075D00088B14FF080503B490860BFF34F8FBFF335
:1075E0006F8F08E03FB14FF0805036490860BFF31D
:1075F0004F8FBFF36F8FFFF70DF8012006B0BDE886
:10760000F087049818B9FFF705F80020F6E7B9F1FC
:10761000000F04D16846FFF7D9F94FF00109FEF7D2
:10762000F9FFFFF703FBFEF7BBFF94F94400401C92
:1076300010B9002084F8440094F94500401C10B9AA
:10764000002084F84500FEF7E5FF04A9684600F035
:10765000D9FAF8B92046FDF706FDA8B104F11000EB
:107660000499FFF7C5F92046FDF743FF00F01EFD22
:1076700000287FF47FAF4FF0805012490860BFF3BD
:107680004F8FBFF36F8F75E72046FDF732FF00F095
:107690000DFD6FE72046FDF72CFF00F007FD0020F1
:1076A000ACE700002E2E5C74686972645F6C6962DE
:1076B0005C6672656572746F735C71756575652E55
:1076C0006300000004ED00E02DE9F84F80468B4692
:1076D00015461E46444624B940F2E2313CA0FEF76E
:1076E0000BFFBBF1000F01D1206C08B9012000E0B5
:1076F000002020B940F2E33135A0FEF7FDFE022E56
:1077000002D1E06B012801D1012000E0002020B966
:107710004FF479712EA0FEF7EFFEFFF717F800BFC8
:107720005021EFF3118081F31188BFF34F8FBFF326
:107730006F8F00BF0746A06BE16B884201D3022E1A
:107740003CD194F945A0A06B0090324659462046A2
:10775000FDF76FFA0AF10100E0B9A06C58B1022EF2
:1077600001D1009838BB2046FDF78CFC18B315B347
:10777000012028601FE0606A08B9012000E00020B5
:10778000C8B904F1240000F03BFCA0B19DB1012078
:10779000286010E0BAF17F0F01D0012000E0002046
:1077A00020B940F26D410AA0FEF7A6FE0AF10100E1
:1077B00040B284F845004FF0010901E04FF00009A4
:1077C00000BF87F3118800BF4846BDE8F88F00006E
:1077D0002E2E5C74686972645F6C69625C667265A7
:1077E0006572746F735C71756575652E630000005A
:1077F0002DE9F04707460D463C4624B940F28D413D
:1078000035A0FEF779FE206C08B9012000E00020C9
:1078100020B940F2914130A0FEF76EFE206808B911
:10782000A06808B9012000E0002020B940F296418C
:1078300029A0FEF761FEFEF789FF00BF5021EFF39C
:10784000118081F31188BFF34F8FBFF36F8F00BF9B
:107850000646D4F838A0E06B504534D994F94590E9
:107860000AF10100A06309F10100C0B9A06C38B1B0
:107870002046FDF707FC18B315B3012028601FE070
:10788000606A08B9012000E00020C8B904F12400B2
:1078900000F0B6FBA0B19DB10120286010E0B9F165
:1078A0007F0F01D0012000E0002020B940F21551E7
:1078B00009A0FEF721FE09F1010040B284F845005D
:1078C0004FF0010801E04FF0000800BF86F3118877
:1078D00000BF4046BDE8F0872E2E5C746869726474
:1078E0005F6C69625C6672656572746F735C7175FA
:1078F0006575652E630000002DE9F74183B00546EC
:107900000E464FF000082C4624B940F231514AA0EF
:10791000FEF7F2FD0EB9206C08B9012000E000204E
:1079200020B940F2355144A0FEF7E6FD00F0E6F93B
:1079300008B9059808B9012000E0002020B940F2FC
:107940003A513DA0FEF7D8FD00BFFEF729FEA76B18
:10795000F7B131462046FDF757F9781EA06320693C
:1079600008B9012000E0002060B904F1100000F027
:1079700047FB38B14FF0805037490860BFF34F8F55
:10798000BFF36F8FFEF746FE012006B0BDE8F08121
:10799000059818B9FEF73EFE0020F6E7B8F1000F93
:1079A00004D101A8FFF712F84FF00108FEF732FEEC
:1079B000FFF73CF9FEF7F4FD94F94400401C10B9C0
:1079C000002084F8440094F94500401C10B90020C0
:1079D00084F84500FEF71EFE05A901A800F012F983
:1079E000F0B92046FDF732FBA0B104F1240005995F
:1079F000FEF7FEFF2046FDF77CFD00F057FB002858
:107A0000A3D14FF0805014490860BFF34F8FBFF3EC
:107A10006F8F9AE72046FDF76CFD00F047FB94E777
:107A20002046FDF766FD00F041FB2046FDF70EFB0A
:107A300000288AD00020A8E72E2E5C746869726442
:107A40005F6C69625C6672656572746F735C717598
:107A50006575652E6300000004ED00E02DE9F3413B
:107A600082B005464FF000082C46002624B940F2AB
:107A7000C3515BA0FEF740FD206C08B9012000E077
:107A8000002020B940F2C75155A0FEF735FD00F0A7
:107A900035F908B9039808B9012000E0002020B9A1
:107AA00040F2CC514EA0FEF727FD00BFFEF778FD57
:107AB000A76BFFB1781EA063206810B9FDF71CFE0C
:107AC000A060206908B9012000E0002060B904F13D
:107AD000100000F095FA38B14FF080504849086026
:107AE000BFF34F8FBFF36F8FFEF794FD012004B0FB
:107AF000BDE8F081039868B90EB9012000E00020CC
:107B000020B940F2126136A0FEF7F6FCFEF782FDC6
:107B10000020ECE7B8F1000F04D16846FEF756FFED
:107B20004FF00108FEF776FDFFF780F8FEF738FD0D
:107B300094F94400401C10B9002084F8440094F9E2
:107B40004500401C10B9002084F84500FEF762FD96
:107B500003A9684600F056F840BB2046FDF776FAC8
:107B6000F0B1206838B9FEF71BFDA06800F0ECF911
:107B70000646FEF74FFD04F124000399FEF738FF97
:107B80002046FDF7B6FC00F091FA00288ED14FF0A8
:107B900080501B490860BFF34F8FBFF36F8F85E79D
:107BA0002046FDF7A6FC00F081FA7FE72046FDF7AE
:107BB000A0FC00F07BFA2046FDF748FA0028EED042
:107BC0005EB1FEF7EDFC2046FDF77BF8074639462F
:107BD000A068FEF75DFFFEF71DFD002087E70000AF
:107BE0002E2E5C74686972645F6C69625C66726593
:107BF0006572746F735C71756575652E6300000046
:107C000004ED00E070B505460C4625B940F6F2419A
:107C100018A0FEF771FC24B940F6F34115A0FEF759
:107C20006BFCFEF7BDFC1B48036868681A1A2068E5
:107C3000401C08B9002619E01749286809688842DD
:107C400006D06868984203D80126002020600DE025
:107C50002068904207D92068801A20602846FEF7E5
:107C6000B5FE002602E0002020600126FEF7D2FCCF
:107C7000304670BD2E2E5C74686972645F6C6962F8
:107C80005C6672656572746F735C7461736B732E7E
:107C90006300000094000020A80000202DE9FF4FA1
:107CA00085B0804689461746DDE912ABB800FDF77E
:107CB00069FC064656B17020FDF764FC04460CB121
:107CC000266304E03046FEF7D3FC00E000247CB1DC
:107CD0000020CDE900ABCDE902403A464946404696
:107CE000089BFDF775F82046FCF7DEFE012501E054
:107CF0004FF0FF35284609B0BDE8F08F0549096807
:107D000009B9012005E00449096809B9022000E029
:107D1000002070479C000020BC000020014908683A
:107D200070470000940000202DE9F0414FF000085A
:107D300041480068002876D140480068451C3F480B
:107D40000560E5B93E480068006808B9012000E018
:107D5000002020B940F6C3213AA0FEF7CDFB3848F9
:107D6000076840480068364908603E4807603E485A
:107D70000068401C3C490860FDF7F6FA00BF3B482C
:107D8000006885423CD300BF2D480068006808B9F0
:107D9000012000E0002020B14FF0FF30334908609F
:107DA0002DE027480068C068C4686668B54202D202
:107DB0002E48066023E0201DFEF750FBA06A18B194
:107DC00004F11800FEF74AFB94F82C1001208840BB
:107DD00027490968084326490860E16A01EB8101E7
:107DE000244A02EB8100211DFEF7CEFB2249E06A06
:107DF0000968C96A8842C7D34FF00108C4E700BFC9
:107E00001D480068C06A00EB80001A4951F8200044
:107E1000012801D94FF001081848006808B14FF057
:107E2000010805E0FFE716480068401C1449086097
:107E30004046BDE8F0810000BC0000209400002016
:107E4000840000202E2E5C74686972645F6C696225
:107E50005C6672656572746F735C7461736B732EAC
:107E60006300000088000020A8000020B00000206F
:107E700098000020F02E002080000020A4000020A8
:107E8000A000002070B505462C460026002D42D0EB
:107E900022480068844201D1012000E0002020B97E
:107EA00041F246011EA0FEF727FBA06C20B941F26B
:107EB00047011BA0FEF720FBA06C401EA064616C74
:107EC000E06A884227D0A06C28BB201DFEF7C6FAC6
:107ED00040B994F82C100120884019490968814361
:107EE00017480160606CE062E06AC0F10A00A061BE
:107EF00094F82C1001208840114909680843104962
:107F00000860E16A01EB81010E4A02EB8100211D4C
:107F1000FEF73AFB0126304670BD000080000020CD
:107F20002E2E5C74686972645F6C69625C6672654F
:107F30006572746F735C7461736B732E6300000001
:107F400098000020F02E002070B505462C46002633
:107F5000002D4DD02749E06A0968C96A884240D29D
:107F6000A06900F0004028B922480068C06AC0F14A
:107F70000A00A061E16A01EB81011F4A02EB810165
:107F80006069884201D1012000E0002018B3201D63
:107F9000FEF764FA40B994F82C1001208840174984
:107FA000096881431548016012480068C06AE062B0
:107FB00094F82C10012088401049096808430F49A3
:107FC0000860E16A01EB81010B4A02EB8100211D8F
:107FD000FEF7DAFA03E007480068C06AE0620126AB
:107FE00006E00449606C0968C96A884200D201262B
:107FF000304670BD80000020F02E00209800002048
:1080000070B50646F068C46824B940F6774119A0F7
:10801000FEF772FA04F11800FEF720FA1D48006816
:10802000A8B9201DFEF71AFA94F82C1001208840F8
:1080300019490968084318490860E16A01EB8101A0
:10804000164A02EB8100211DFEF79EFA04E004F1BE
:1080500018011348FEF798FA1249E06A0968C96ADC
:10806000884204D9012501200F49086000E000255D
:10807000284670BD2E2E5C74686972645F6C6962FC
:108080005C6672656572746F735C7461736B732E7A
:1080900063000000BC00002098000020F02E0020AB
:1080A000E02F002080000020A400002070B50024F4
:1080B00000263348006820B94FF40B6131A0FEF769
:1080C0001BFAFEF76DFA2E480068401E2C49086026
:1080D0000846006800284FD13248006800284BD07D
:1080E00024E03148C068C46804F11800FEF7B6F90E
:1080F000201DFEF7B3F994F82C10012088402B497D
:108100000968084329490860E16A01EB8101284AAE
:1081100002EB8100211DFEF737FA2649E06A096863
:10812000C96A884202D30120234908601E480068BA
:1081300008B9012000E000200028D2D00CB1FDF7E2
:1081400013F91E48056865B100BFFFF7EDFD10B1DA
:108150000120194908606D1E002DF6D10020174935
:1081600008601548006838B10126300714490860D6
:10817000BFF34F8FBFF36F8FFEF74CFA304670BDE1
:10818000BC0000202E2E5C74686972645F6C6962AA
:108190005C6672656572746F735C7461736B732E69
:1081A0006300000090000020E02F002098000020D5
:1081B000F02E002080000020A4000020A00000205D
:1081C00004ED00E02DE9FC4705460E4617469846AB
:1081D000DDF828902820FDF7D5F9044654B1002099
:1081E00084F8240043463A4631462846CDE90094B7
:1081F000FCF760FE2046BDE8FC8700001CB50024AB
:10820000FCF7ACFC0A48006850B10A480921002379
:108210008022CDE9001008A10948FFF73FFD044680
:1082200024B940F20D1107A0FEF766F920461CBDE7
:10823000C8000020CC000020546D722053766300EB
:10824000D95405082E2E5C74686972645F6C69628B
:108250005C6672656572746F735C74696D65727368
:108260002E6300002DE9FE4304460D4616461F46C8
:10827000DDF828804FF0000924B94FF4C17116A031
:10828000FEF73AF91C48006810B300950196029475
:10829000062D15DAFFF732FD022808D100234246E9
:1082A000694615480068FFF72BF9814610E0002366
:1082B0001A46694610480068FFF722F9814607E030
:1082C00000233A4669460C480068FFF7FDF98146ED
:1082D0004846BDE8FE8300002E2E5C746869726417
:1082E0005F6C69625C6672656572746F735C7469F9
:1082F0006D6572732E630000C8000020000000004E
:1083000000000000000000000C0C000E0C00077FB5
:10831000F80218000033000033801E7FF00E3FF09B
:10832000060380067FF006FFF80603800603800F31
:1083300003001DFFF818FFF8000000000000000017
:10834000000000000000000000000000000000002D
:10835000060300063FF0063FF81F08401F9CE0069A
:1083600000C0067FF80606000786001F7FF8167F0C
:10837000F80618E0063EC0060FC0061FF01E7C700F
:1083800000000000000000000000000000000000ED
:108390000000000000000000001800001800001895
:1083A000000FFFF00FFFF00C18300C18300C1830D5
:1083B0000C18300FFFF00FFFF00C18300018000001
:1083C0001800001800001800001000000000000055
:1083D000000000000000000000000000000000009D
:1083E000001C001FFFF81FFFF81C00380BFFD00710
:1083F000FFE000E18003CFC007FFE003E06000186A
:108400000007FFE007FFE00038001FFFF81FFFF83C
:10841000000000000000000000000000000000005C
:108420000000000000000000001800001C00001CFC
:10843000000FFFF00FFFF00E38300E38300E3C30DA
:108440000E3E300E7F300EF7B00FE3B00EC0300E90
:1084500000300E01F00E01F00C00E0000000000002
:10846000000000000000000000000000000000000C
:10847000001FF01FBFF81FBFF80603800607800625
:1084800007001F8FE01F1FF0063F70063B38063BBA
:10849000380783001F83001F030010030000030040
:1084A00000030000000000000000000000000000C9
:1084B00000000000000000000603800E3FF00E1FC9
:1084C000F00E0CE01FFFF81FBFF80E1FE00E3FF08C
:1084D0000E3FF00E3FF00F3FF00FBFF01F9DC01E8C
:1084E0001DD00079F800F0F8004000000000000006
:1084F000000000000000000000000000000000007C
:10850000001C00003C00007E0001FF8007E3E00F3C
:10851000FFF81FFFF80CFF0000000003FFE003FF5F
:10852000E00380E00380E00380E003FFE003FFE07E
:1085300003004000000000000000000000000000F8
:1085400000000000000000000FCFF00FDFF80CDF8C
:10855000F80CDDB80FDDB80FDDB80CDFF80CDFF874
:108560000FDFF81FDC101CDC001CDC001CDC181CFE
:10857000DC381BDFF81BCFF000000000000000001B
:1085800000000000000000000000000000000000EB
:1085900000C60000E70000E70000E7301FE7F81F13
:1085A000E7F000E7C000E70000E70000E70001E7B0
:1085B000001FE7181FE71C1CE71800E7F800E7F8A2
:1085C000008000000000000000000000000000002B
:1085D0000000000000000000001800003C001FFF29
:1085E000F81FFFF800000007FFE007FFE00700E0CA
:1085F00007FFE007FFE003FFC0001C00071CE00FBF
:108600001CF01E7C700CF8300070000000000000B0
:10861000000000000000000000000000000000005A
:108620000038000038000038000038000038000032
:108630003FF0003FF00038000038000038000038FC
:10864000000038000038001FFFF81FFFF81FFFF878
:10865000000000000000000000000000000000001A
:108660000000000000000000063800073FF0077F10
:10867000F800FFF000F7E0087FF01E3FF00E3B30FF
:1086800000FFF800FFFC0732700773700E7FF80ED2
:108690007FF80E00F00C01E00000800000000000F8
:1086A00000000000000000000000000000000000CA
:1086B0000C7FF00EFFF806FFF80068F80038E018AD
:1086C00078F01E70700E2720007FF000FFF8067F04
:1086D000F0071FC00E3FE01EF7781CE73808470080
:1086E000000000000000000000000000000000008A
:1086F0000000000000000000071838073938073B69
:10870000B8073BB81FFBB81FFBB8073BB8073BB81F
:10871000073BB8073BB807BBB807FBB81FBBB81E81
:108720007BB80070380070380000200000000000A6
:108730000000000000000000000000000000000039
:108740000018001FFFF81FFFF8003C0007FFE00FB4
:10875000FFF00FFFF00E66700E66700EFF700EFFDA
:10876000700E18700FFFF00EFF700E18700E19F0DB
:108770000C00C0000000000000000000000000002D
:108780000000000000000000001800003C001FFF77
:10879000F81FFFF800000007FFE007FFE00700E018
:1087A00007FFE007FFE003FFC0001C00071CE00F0D
:1087B0001CF01E7C700CF8300070000000000000FF
:1087C00000000000000000000000000000000000A9
:1087D0000000000000000000000000000000000099
:1087E0000000000000000000000000000000000089
:1087F0000000000000000000000000000000000079
:108800000600060006000600060006000600060038
:108810000000000006000F0006000000000000003D
:1088200000000000000000000000000000001980AF
:10883000198019801980198019800000000000003B
:108840000000000000000000000000000000000028
:108850000000000000000000000000000000000018
:1088600018C018C018C07FE07FE0198019801980F7
:108870007FE07FE031803180318000000000000027
:1088800000000000000000000000000006000600DC
:1088900036C036E06660660070003E000FC001E042
:1088A00006606660666076E016C00600060000009E
:1088B00000000000000000000000000000000000B8
:1088C0007C207C70C6E0C6C06DC07C80018013E057
:1088D0003F603630767063E043C000000000000067
:1088E0000000000000000000000000000000000088
:1088F0001F003F803180300038001C004E606760F0
:10890000726060E071C03FA01F70000000000000B6
:108910000000000000000000000000000000060051
:108920000600060006000600060000000000000029
:108930000000000000000000000000000000000037
:10894000000000000000000000000000038007801D
:1089500007000E001C001C0018001800180018006A
:10896000180018001C000C000E0007000380018096
:1089700000000000000000000000000018001E00C1
:108980000E00070003000380018001800180018048
:10899000018003800380070007000E001C00180000
:1089A00000000000000000000000000000000000C7
:1089B000000000000600060026407FE01F801F80A8
:1089C0007FE036C006000600000000000000000046
:1089D0000000000000000000000000000000000097
:1089E0000000000000000600060006007FE07FE0B7
:1089F0000600060006000000000000000000000065
:108A00000000000000000000000000000000000066
:108A10000000000000000000000000000000000056
:108A2000000000000F000F000F00030003000E0005
:108A300038000000000000000000000000000000FE
:108A40000000000000000000000000007FE07FE068
:108A50000000000000000000000000000000000016
:108A60000000000000000000000000000000000006
:108A700000000000000000000000000000000000F6
:108A8000000000000F000F000F00000000000000B9
:108A900000000000000000000000000000C000C056
:108AA00001C00180018003800300070006000E0062
:108AB0000C000C001C0018003800300030000000D2
:108AC00000000000000000000000000000000000A6
:108AD0001F803FC030C070E071E067E06F607C6075
:108AE00078E070E030C03FC01F8000000000000050
:108AF0000000000000000000000000000000000076
:108B00000F003F003B0023000300030003000300AD
:108B10000300030003003FE03FE00000000000000E
:108B20000000000000000000000000000000000045
:108B30003F803FC000C000E000C001C003800700CC
:108B40000E001C0038007FE03FE000000000000045
:108B50000000000000000000000000000000000015
:108B60003F803FC001C000C001C01F801F8001C006
:108B700000E000E000C07FC03F8000000000000077
:108B800000000000000000000000000000000000E5
:108B90000380038007800F800D801D803980318025
:108BA0007FE07FE001800180018000000000000084
:108BB00000000000000000000000000000000000B5
:108BC0003FC03FC03000300030003F801FC001C0B8
:108BD00000E000E000C07FC03F8000000000000017
:108BE0000000000000000000000000000000000085
:108BF00007000E001C00180030003F807FC070E0AE
:108C00006060606070E03FC01F80000000000000F6
:108C10000000000000000000000000000000000054
:108C20007FE07FE000C001C001800180038003007D
:108C3000070006000E000C001C00000000000000F1
:108C40000000000000000000000000000000000024
:108C50001F803FC030C030C030C01F801F8030C078
:108C600070E0606070E03FC01F8000000000000006
:108C700000000000000000000000000000000000F4
:108C80001F803FC070E06060606070E03FE01EC029
:108C900000C00180038007000C00000000000000FD
:108CA00000000000000000000000000000000000C4
:108CB00000000000000006000F000F00060000008A
:108CC000000000000F000F000F0000000000000077
:108CD0000000000000000000000000000000000094
:108CE00000000000000006000F000F00060000005A
:108CF000000000000F000F000F00030003000E0033
:108D0000380000000000000000000000000000002B
:108D100000000000000001C007C01F003C00380038
:108D20003F0007C001C0000000000000000000007C
:108D30000000000000000000000000000000000033
:108D400000000000000000007FE07FE00000000065
:108D50003FC07FE0000000000000000000000000B5
:108D60000000000000000000000000000000000003
:108D700000000000000038003E000F8003C001C06A
:108D80000FC03E003800000000000000000000009E
:108D900000000000000000000000000000000000D3
:108DA0001F803FC038E000E001C003C0070006009C
:108DB0000000000006000F00060000000000000098
:108DC00000000000000000000000000000000000A3
:108DD0000C007F80F3C040E000603E607E60666013
:108DE00066706600670073E073F00000000000002A
:108DF0000000000000000000000000000000000073
:108E00000F000F000F001F8019801980198039C0D2
:108E10003FC03FC070E06060606000000000000084
:108E20000000000000000000000000000000000042
:108E30003F803FC030C030E030C03F803F8030C016
:108E400030E0306030E03FC03F80000000000000B4
:108E50000000000000000000000000000000000012
:108E60000FC01FE0386030007000600060006000DC
:108E70007000300038401FE00FC00000000000000C
:108E800000000000000000000000000000000000E2
:108E90003F003FC031C030E0306030603060306053
:108EA00030E030E031C03F803F00000000000000B3
:108EB00000000000000000000000000000000000B2
:108EC0003FC03FC03000300030003FC03FC03000E6
:108ED0003000300030003FC03FC000000000000004
:108EE0000000000000000000000000000000000082
:108EF0003FE03FC03000300030003FC03FC0300096
:108F00003000300030003000300000000000000071
:108F10000000000000000000000000000000000051
:108F20001F803FC070C070406000600063C063E09D
:108F300060E070E030C03FC01F8000000000000013
:108F40000000000000000000000000000000000021
:108F500030C030C030C030C030C03FC03FC030C073
:108F600030C030C030C030C030C000000000000051
:108F700000000000000000000000000000000000F1
:108F80003FC03FC0060006000600060006000600BF
:108F90000600060006003FC03FC0000000000000C1
:108FA00000000000000000000000000000000000C1
:108FB0001FC01FC000C000C000C000C000C000C073
:108FC00000C060C061C07F801F0000000000000082
:108FD0000000000000000000000000000000000091
:108FE00030C03180338037003E003C003E00360008
:108FF00037003380318031C030E0000000000000D5
:109000000000000000000000000000000000000060
:109010003800380038003800380038003800380090
:109020003800380038003FE01FE00000000000007A
:109030000000000000000000000000000000000030
:1090400079E079E079E069606F606F606F60666019
:109050006060606060606060606000000000000050
:109060000000000000000000000000000000000000
:1090700078E078E078E07CE07CE076E076E076E02E
:1090800073E073E071E071E061C000000000000077
:1090900000000000000000000000000000000000D0
:1090A0001F803FC030C070E070E060606060606052
:1090B00070E070E030C03FC01F8000000000000082
:1090C00000000000000000000000000000000000A0
:1090D0003F803FC030E03060306031E03FC0300062
:1090E0003000300030003000300000000000000090
:1090F0000000000000000000000000000000000070
:109100001F803FC030C070E070E0606060606060F1
:1091100070E070E030C03FC01F800000070007E033
:1091200000E000000000000000000000000000005F
:109130003F803FC030E03060306031E03FC03300FE
:109140003380318031C030C030E0000000000000CA
:10915000000000000000000000000000000000000F
:109160001F803FC030C0300030003E000FC001C043
:1091700000E020E070E03FC01F8000000000000021
:1091800000000000000000000000000000000000DF
:109190007FE07FE0060006000600060006000600ED
:1091A00006000600060006000600000000000000A1
:1091B00000000000000000000000000000000000AF
:1091C00030C030C030C030C030C030C030C030C01F
:1091D00030C030C030C03FC01F8000000000000021
:1091E000000000000000000000000000000000007F
:1091F000606070E030C030C030C0198019801980C4
:1092000019800F000F000F00060000000000000092
:10921000000000000000000000000000000000004E
:10922000606060606060666066606F606F606F6005
:109230006F60696079C039C039C00000000000006B
:10924000000000000000000000000000000000001E
:1092500070E030C019801F800F000F0006000F0063
:109260001F80198039C030C070E00000000000008D
:1092700000000000000000000000000000000000EE
:10928000606070E030C039C019801F800F000F008F
:1092900006000600060006000600000000000000B0
:1092A00000000000000000000000000000000000BE
:1092B0003FC03FC001C003800300070006000E004E
:1092C0001C00180038003FC03FC000000000000034
:1092D000000000000000000000001F801F80180038
:1092E00018001800180018001800180018001800BE
:1092F0001800180018001800180018001F801F80A0
:1093000000000000000000000000000030003000FD
:109310003800180018000C000C000E0006000600B3
:109320000300030003800180018000C000C0000032
:10933000000000000000000000001F801F8001806E
:109340000180018001800180018001800180018015
:109350000180018001800180018001801F801F80C9
:1093600000000000000000000000000000000000FD
:10937000000006000F000F00198039C030C0000047
:1093800000000000000000000000000000000000DD
:1093900000000000000000000000000000000000CD
:1093A00000000000000000000000000000000000BD
:1093B0000000000000000000000000003FC07FE04F
:1093C00000000000000000000000000008001C0079
:1093D0000E000700038000000000000000000000F5
:1093E000000000000000000000000000000000007D
:1093F000000000000000000000000000000000006D
:109400000000000000000EC03FC039C070C070C036
:1094100060C061C071C03FC01EE0000000000000DD
:10942000000000000000000000000000000000003C
:1094300030003000300037803FC038C030E030E0CE
:1094400030E030E038C03FC037800000000000004E
:10945000000000000000000000000000000000000C
:109460000000000000000F803FC038C030007000D6
:109470007000300038403FC00F8000000000000046
:1094800000000000000000000000000000000000DC
:1094900000C000C000C01EC03FC031C070C070C05E
:1094A00070C070C031C03FC01EC00000000000008E
:1094B00000000000000000000000000000000000AC
:1094C0000000000000000F803FC030C030C07FC0EF
:1094D0007FC0300030403FC00F800000000000001F
:1094E000000000000000000000000000000000007C
:1094F00003E007C00E000C000C007FE03FC00C0032
:109500000C000C000C000C000C000000000000001F
:10951000000000000000000000000000000000004B
:109520000000000000001EC03FC031C070C070C00D
:1095300070C070C031C03FC01EC000C030C039C054
:109540003F80060000000000000000000000000056
:1095500030003000300037803FC038C030C030C0ED
:1095600030C030C030C030C030C00000000000004B
:1095700000000000000000000000000000000600E5
:109580000700060000001C003F000700070007005E
:109590000700070007003FE03FE000000000000078
:1095A000000000000000000000000000000001803A
:1095B0000380018000001F003F8003800180018044
:1095C00001800180018001800180018063807780BB
:1095D0003F00080000000000000000000000000044
:1095E00030003000300030C031C0338037003F00E1
:1095F0003B00338031C030C030E00000000000008C
:10960000000000000000000000000000000000005A
:109610007C007E000E000E000E000E000E000E00FC
:109620000E000E000E0007E007E000000000000042
:10963000000000000000000000000000000000002A
:109640000000000000007DC07FE06660666066602C
:10965000666066606660666066600000000000002C
:1096600000000000000000000000000000000000FA
:1096700000000000000037803FC038C030C030C05C
:1096800030C030C030C030C030C00000000000002A
:1096900000000000000000000000000000000000CA
:1096A0000000000000000F003FC030C070E070E01C
:1096B00070E070E030C03FC01F800000000000007C
:1096C000000000000000000000000000000000009A
:1096D00000000000000037803FC038C030E030E0BC
:1096E00030E030E038C03FC037803000300030001C
:1096F000000000000000000000000000000000006A
:109700000000000000001EC03FC031C070C070C02B
:1097100070C070C031C03FC01EC000C000C000C0DB
:109720000000000000000000000000000000000039
:1097300000000000000037C03FE038E030603060DB
:109740003000300030003000300000000000000029
:109750000000000000000000000000000000000009
:109760000000000000001F803FC030C038001F0014
:109770000FC000C030E03FC01F80000000000000AC
:1097800000000000000000000000000000000000D9
:109790000C000C000C007FC07FE00C000C000C00E3
:1097A0000C000C000E000FE007E0000000000000BD
:1097B00000000000000000000000000000000000A9
:1097C00000000000000030C030C030C030C030C0E9
:1097D00030C030C031C03FC01EC0000000000000DB
:1097E0000000000000000000000000000000000079
:1097F000000000000000606070E030C039C01980D7
:1098000019801F800F000F000600000000000000FC
:109810000000000000000000000000000000000048
:1098200000000000000060606060666066606F605D
:109830006F606F6079E039C039C00000000000003F
:109840000000000000000000000000000000000018
:1098500000000000000030C039C01F800F000F0062
:109860000F001F00198039C070E0000000000000E8
:1098700000000000000000000000000000000000E8
:10988000000000000000206070E030C038C019C047
:1098900019800F800F000F00070006000E003C002B
:1098A0007800000000000000000000000000000040
:1098B0000000000000003FC03FC001C0038007005F
:1098C0000E001C0038003FC03FC000000000000038
:1098D0000000000000000000000001C007C00700F9
:1098E000060006000600060006003E0038003E00A6
:1098F00006000600060006000600060007C003C0BA
:10990000000000000000000000000000060006004B
:109910000600060006000600060006000600060017
:10992000060006000600060006000600060000000D
:109930000000000000000000000038003E000E00A3
:109940000600060006000600060007C001C007C0AA
:109950000600060006000600060006003E003C0069
:1099600000000000000000000000000000000000F7
:10997000000000000000000000003C607E6067E026
:1099800063C00000000000000000000000000000B4
:10999000000000002CB90708FC82050854B907082C
:1099A000448305084CB907088C83050850B907089B
:1099B000D483050858B907081C84050838B9070876
:1099C0006484050834B90708AC84050840B9070861
:1099D000F48405083CB907083C85050830B9070838
:1099E0008485050828B90708CC85050848B9070803
:1099F0001486050824B907085C86050860B90708BD
:109A0000A48605085CB90708EC86050844B9070870
:109A10003487050828B907087C870508000000007E
:109A200000000000C48705080000000094990508A4
:109A3000180000000000000000000000000000000E
:109A400000000000000000000181C0000181C00092
:109A50000183FFF00183FFF0018700000FF7000092
:109A60000FEFFFE00381FFE003C198E003E39CE018
:109A700003E38CE007B7FFF007BFFFF00F8390E030
:109A80000D8338E01D831CE00987FFE00187FFF0AC
:109A90000183FFE0018001C001800FC001800780C9
:109AA00000000000000000000000000000000000B6
:109AB00000000000000000000000000000000000A6
:109AC000000000000000000000381C0000381C00EE
:109AD0000FFFFFF00FFFFFF000381C0000381C00E4
:109AE00000000000003860000078E00000F0E1C0F5
:109AF00000E0E7E003E0FF8007E0FE0007E1F80098
:109B000006E7E00000E7E00000E0E03000E0E030E1
:109B100000E0E07000E07FF000E07FF000E03FC098
:109B20000000000000000000000000000000000035
:109B30000000000000000000000000000000000025
:109B40000000000000000000000000000001FFC055
:109B50000FFBFFE007F00000018000000180000023
:109B600001800000018000000183FFF00FF7FFF08B
:109B7000018067000180E7000180E7000180C700E5
:109B80000180C7000198C70001F9C7000FC1871005
:109B90000C038718000F0730001E03F0001803F0B5
:109BA00000000000000000000000000000000000B5
:109BB00000000000000000000000000000000000A5
:109BC000000000000000000000C00C0000C00E00FB
:109BD00001C00C000FFDFFE001801800018018009B
:109BE000032018000363FFF00663FFF006603000F7
:109BF0000FFC700007F8604000607FE0006000C06C
:109C0000006401C001FE03800FF077000C603E008D
:109C100000601E000060070000600380006001001B
:109C20000000000000000000000000000000000034
:109C30000000000000000000000000000000000024
:109C40000000000000000000020180400703C0E0A7
:109C50000703C0E007FFFFE003FFFFE00000000094
:109C6000030C3000030E380007FF3FF00FFF7FF0BA
:109C70000FFF7070030EE670030EE66003FE4E40A9
:109C800003FE0E00030E0F00030E1F00030E1F80C5
:109C900003FE39C003FE79E0030EF0F00304402018
:109CA00000000000000000000000000000000000B4
:109CB00000000000000000000000000000000000A4
:109CC000000000000000000000080000001C000070
:109CD000001E0000000F0000000780000003C0000D
:109CE0000003C0000003E0000007F0000007F000E0
:109CF00000077800000F3800000E3C00001E1E0018
:109D0000003C0F00007C0F0000F8078001F003E02A
:109D100003E001F007C000F0070000700000000041
:109D20000000000000000000000000000000000033
:109D30000000000000000000000000000000000023
:109D4000000000000000000000007180000071C0F1
:109D5000000070E0000070000FFFFFF00FFFFFF049
:109D600000003800000038000000380003FF380011
:109D700007FFB80007FF38000070380000703C0093
:109D800000701C0000701C0000701E30007F8E38B8
:109D900003FF8F3007FE07F00FC007F0000001E05F
:109DA00000000000000000000000000000000000B3
:109DB00000000000000000000000000000000000A3
:109DC00000000000000000000000000003FFFFC0D2
:109DD00007FFFFE003FFFFC00003800000038000D7
:109DE0000003800000038000000380000FFFFFF0ED
:109DF00007FFFFF00003C0000007E0000007E000DD
:109E0000000F7000001E7800003C3C0000F81F00AE
:109E100001F00FC007E007E00F8001F006000060CE
:109E20000000000000000000000000000000000032
:109E30000000000000000000000000000000000022
:109E400000000000000000000060000000F00000C2
:109E500000FFFFE001FFFFE001C000000380000001
:109E600007BFFF800F3FFF800E00000001FFFE00D4
:109E700001FFFF00000007000000070000000700CE
:109E800000000700000007000000070000000710A6
:109E9000000003B8000003F0000001F0000000F033
:109EA00000000000000000000000000000000000B2
:109EB00000000000000000000000000000000000A2
:109EC000000000000000000000000180000001C050
:109ED00007F801C00FFC01C00E1DFFF00E1DFFF8BA
:109EE0000E1DFFF00E1C01C00FFC01C00FFCC1C015
:109EF0000FFCE1C00E1CF1C00E1C79C00E1C39C055
:109F00000E1C11C00FFC01C00FFC01C00FF801C0F6
:109F1000060001C004003FC000003F8000001E009A
:109F20000000000000000000000000000000000031
:109F30000000000000000000000000000000000021
:109F4000000000000000000001800C0003800E00F3
:109F500003F80E0007FC0E000FF8FFE00E01FFF003
:109F60000C03FFF003FB8E7003FB8E7000C38E703A
:109F700000C38E7007FB8E700FFFFFF007FBFFF032
:109F800000C38E7000C18E2000C00E0000DC0E00E9
:109F900000FC0E0001F80E0001E00E0000000C00B5
:109FA00000000000000000000000000000000000B1
:109FB00000000000000000000000000000000000A1
:109FC0000000000000000000000000000000000091
:109FD0000000000000000000000000000000000081
:109FE0000000000000000000000000000000000071
:109FF0000000000000000000000000000000000061
:10A000000000018003C003C003C003C003C003C03D
:10A0100003C003C003C003C0018000000000018032
:10A0200003C003C003C000000000000000000000E7
:10A030000000000000000000000000000000000020
:10A0400000000E700E700E700E700E700E700E709E
:10A050000C300000000000000000000000000000C4
:10A0600000000000000000000000000000000000F0
:10A0700000000000000000000000000000000000E0
:10A08000000006180E380E380E380E387FFE7FFEA0
:10A090000E380E300C700C707FFE7FFE7FFE1C7041
:10A0A0001C701C701C60000000000000000000001C
:10A0B000000000000000000000000000000001801F
:10A0C000018009A01998399C399C718C7180388065
:10A0D0003F001FE007F8007C011E018E318E718E5B
:10A0E000399C399C099001800180018000000000AA
:10A0F0000000000000000000000000000000000060
:10A1000000001C003F067F0E739E639CE3B873B88B
:10A110007F703E0000380CFC0FFE1DC63DC639C7DF
:10A1200071CE70FE007C0000000000000000000006
:10A13000000000000000000000000000000000001F
:10A14000000007801FE01FF03C7038703C001E00CC
:10A150000E000700278E33CE39CE30DC301C383865
:10A160003CFC1FF20FCF00000000000000000000C8
:10A1700000000000000000000000000000000000DF
:10A180000000018003C003C003C003C003C003C0BC
:10A19000018000000000000000000000000000003E
:10A1A00000000000000000000000000000000000AF
:10A1B000000000000000000000000000002000700F
:10A1C00000F001E003C0078007000F000E000E0042
:10A1D0000E000E000E000E000E000E000E000F000E
:10A1E0000700078003C003E001F000F000700000EA
:10A1F00000000000000000000000000004000E004D
:10A200001F00078003C001E001E000F000F00070D3
:10A21000007000700070007000700070007000F03E
:10A2200000E001E003C007800F801F000C00000069
:10A23000000000000000000000000000000000001E
:10A2400000000000000000000000018003C033CCCB
:10A250003DFC3FFC0FF00FF03FFC3DFC33CC03C056
:10A26000018000000000000000000000000000006D
:10A2700000000000000000000000000000000000DE
:10A2800000000000000000000000018003C003C0C7
:10A2900003C003C03FFC3FFC03C003C003C003C0B6
:10A2A000018000000000000000000000000000002D
:10A2B000000000000000000000000000000000009E
:10A2C000000000000000000000000000000000008E
:10A2D000000000000000000000000000000003C0BB
:10A2E00007E007E003E000E000C001C007801F00B6
:10A2F000100000000000000000000000000000004E
:10A30000000000000000000000000000000000004D
:10A31000000000003FFC3FFC0000000000000000C7
:10A32000000000000000000000000000000000002D
:10A33000000000000000000000000000000000001D
:10A34000000000000000000000000000000000000D
:10A35000000000000000000000000000000003C03A
:10A3600003C003C003C000000000000000000000A4
:10A370000000000000000000000000000000001CC1
:10A38000001C003800380078007000F000E000E0A9
:10A3900001C001C003C003800380070007000F0055
:10A3A0000E000E001C001C003C00380000000000E5
:10A3B000000000000000000000000000000000009D
:10A3C000000003C00FF01FF81C38381C383C387CE4
:10A3D00038FC79FE7FDE3F9C3E1C3C1C381C3C3C1C
:10A3E0001E780FF007E000000000000000000000F1
:10A3F000000000000000000000000000000000005D
:10A40000000003C007C01FC03FC03DC031C001C035
:10A4100001C001C001C001C001C001C001C001C034
:10A420001FFC3FFE3FFE0000000000000000000097
:10A43000000000000000000000000000000000001C
:10A44000000007C01FF03FF8183C001C001C001C57
:10A45000003C007800F001E003C007800F001E0000
:10A460003FFC3FFE3FFC0000000000000000000039
:10A4700000000000000000000000000000000000DC
:10A4800000000F801FF03FF8107800380038007887
:10A4900001F00FE00FF8007C001C001C001C003CC9
:10A4A0003C783FF81FE000000000000000000000C2
:10A4B000000000000000000000000000000000009C
:10A4C0000000007000F000F001F003F003F00770EE
:10A4D0000F700E701C703C7038707FFE3FFE007075
:10A4E000007000700070000000000000000000001C
:10A4F000000000000000000000000000000000005C
:10A50000000007F81FFC1FFC1C001C001C001C00A6
:10A510001FC01FF00FF8003C001C001C001C003C7A
:10A520003C783FF81FE00000000000000000000041
:10A53000000000000000000000000000000000001B
:10A540000000006001E003C007000E001E001C00B8
:10A5500039E03FF83E7C381C381C381C381C381C4D
:10A560003E7C1FF80FF0000000000000000000001B
:10A5700000000000000000000000000000000000DB
:10A5800000001FF07FFC3FFC001C003C00380078FE
:10A59000007000F000E000E001C001C00380038013
:10A5A0000780070007000000000000000000000016
:10A5B000000000000000000000000000000000009B
:10A5C000000003C00FF01FF83C3C381C381C3C3C1A
:10A5D0001FF807E01FF83C3C381C381C381C381C9E
:10A5E0003E7C1FF80FF0000000000000000000009B
:10A5F000000000000000000000000000000000005B
:10A60000000003C00FF01FF83C3C381C381C381CFD
:10A61000381C3C3C1FFC0FDC00380038007000F098
:10A6200001E003C00700000000000000000000007F
:10A63000000000000000000000000000000000001A
:10A64000000000000000000000000000018003C0C6
:10A6500003C003C00180000000000000000003C030
:10A6600003C003C003C000000000000000000000A1
:10A6700000000000000000000000000000000000DA
:10A68000000000000000000000000000018003C086
:10A6900003C003C00180000000000000000003C0F0
:10A6A00007E007E003E000E000C001C007801F00F2
:10A6B000100000000000000000000000000000008A
:10A6C000000000000000000000000008007C01FC09
:10A6D00007F01FC03E003E001F800FF001FC007C11
:10A6E000001C00000000000000000000000000004E
:10A6F000000000000000000000000000000000005A
:10A7000000000000000000000000000000003FFC0E
:10A710003FFC00000000000000003FFC3FFC000088
:10A720000000000000000000000000000000000029
:10A730000000000000000000000000000000000019
:10A740000000000000000000000010003E003F80FC
:10A750000FE003F8007C007C01F80FF03F803E0022
:10A7600038000000000000000000000000000000B1
:10A7700000000000000000000000000000000000D9
:10A78000000003E00FF81FFC1C1C1C1C001C003CFC
:10A79000007801F001C003C00180000000000180CA
:10A7A00003C003C003C00000000000000000000060
:10A7B0000000000000000000000000000000000099
:10A7C000000000000F807FF0FFF8F03C001C001E2E
:10A7D0001F0E3F8E3BCE71CE71CE71C671C071C05F
:10A7E00071F07CFE3C7E00000000000000000000D4
:10A7F0000000000000000000000000000000000059
:10A800000000018003C007E007E007E00E700E7053
:10A810000E700E701C381C381FF83FFC3FFC381CB3
:10A82000381C700E700E00000000000000000000D8
:10A830000000000000000000000000000000000018
:10A8400000000F803FF03FF8383C381C381C381CA3
:10A8500038783FF03FF8383C381C381C381C381C1E
:10A860003FFC3FF81FE00000000000000000000077
:10A8700000000000000000000000000000000000D8
:10A88000000001F007FC0FFC1E0E3C0438003800ED
:10A890003800380078003800380038003C001C00D0
:10A8A0001F1E0FFC03F80000000000000000000065
:10A8B0000000000000000000000000000000000098
:10A8C00000000F003FE03FF83878383C381C381C57
:10A8D000380C380C380C380C381C381C381C383CF8
:10A8E0003FF83FF01FC00000000000000000000023
:10A8F0000000000000000000000000000000000058
:10A9000000000FF81FFC3FFC3C003C003C003C00FA
:10A910003C003FF83FF83C003C003C003C003C0061
:10A920003FF81FFC1FFC00000000000000000000BA
:10A930000000000000000000000000000000000017
:10A9400000000FF83FFC3FFC3800380038003800AA
:10A9500038003FF83FF83800380038003800380039
:10A96000380038003800000000000000000000003F
:10A9700000000000000000000000000000000000D7
:10A98000000003C00FF01FF83C3C381C380070007A
:10A99000700070F071FC70FC701C701C381C381C4E
:10A9A0001E7C1FF807F000000000000000000000FF
:10A9B0000000000000000000000000000000000097
:10A9C00000001818381C381C381C381C381C381C5F
:10A9D000381C3FFC3FFC381C381C381C381C381C09
:10A9E000381C381C381C000000000000000000006B
:10A9F0000000000000000000000000000000000057
:10AA000000000FF01FF83FFC03C003C003C003C0E9
:10AA100003C003C003C003C003C003C003C003C01E
:10AA20001FF81FF83FFC00000000000000000000BD
:10AA30000000000000000000000000000000000016
:10AA4000000003E00FF80FF8003C003C003C003C25
:10AA5000003C003C003C003C003C003C703870383E
:10AA60003C783FF00FE00000000000000000000014
:10AA700000000000000000000000000000000000D6
:10AA8000000018183838387838F039E039C03B8081
:10AA90003F803F003F803FC039E038E038F03878F1
:10AAA0003838383C381C000000000000000000006E
:10AAB0000000000000000000000000000000000096
:10AAC00000000C001C001C001C001C001C001C00D2
:10AAD0001C001C001C001C001C001C001C001C0096
:10AAE0001FFC1FFE0FFE0000000000000000000021
:10AAF0000000000000000000000000000000000056
:10AB00000000181C3C3C7C3E7E7E766E766E77EEB6
:10AB100077EE73CE73CE73CE718E700E700E700E94
:10AB2000700E700E700E00000000000000000000AB
:10AB30000000000000000000000000000000000015
:10AB40000000180C3C1C3E1C3E1C3E1C3F1C3B1CC9
:10AB50003B9C3B9C399C39DC38DC38FC38FC387C2D
:10AB6000387C383C383C0000000000000000000049
:10AB700000000000000000000000000000000000D5
:10AB8000000003C00FF01FF81C38381C381C381C9C
:10AB9000381C781E781E381C381C381C381C3C3C6D
:10ABA0001E780FF007E00000000000000000000029
:10ABB0000000000000000000000000000000000095
:10ABC00000000F803FF83FFC381C380E380E380E5E
:10ABD000381E3FFC3FF83FC03800380038003800CE
:10ABE00038003800380000000000000000000000BD
:10ABF0000000000000000000000000000000000055
:10AC0000000003C00FF01FF81C38381C381C381C1B
:10AC1000381C781E781E381C381C381C381C3C3CEC
:10AC20001E780FF007E00000008001F801FC003CF6
:10AC30000000000000000000000000000000000014
:10AC400000000F803FF83FFC381C380E380E380EDD
:10AC5000381E3FFC3FF83FE038F03870387838381D
:10AC6000383C381C381E00000000000000000000C6
:10AC700000000000000000000000000000000000D4
:10AC8000000003C00FF01FF83C3C381C38003C00AB
:10AC90001F000FE007F8007C001C001C381C381C4B
:10ACA0003E7C1FF80FF000000000000000000000D4
:10ACB0000000000000000000000000000000000094
:10ACC00000003FFC7FFE7FFE03C003C003C003C043
:10ACD00003C003C003C003C003C003C003C003C05C
:10ACE00003C003C00180000000000000000000005D
:10ACF0000000000000000000000000000000000054
:10AD000000001008381C381C381C381C381C381C33
:10AD1000381C381C381C381C381C381C381C3C3C6F
:10AD20001E781FF807E0000000000000000000008F
:10AD30000000000000000000000000000000000013
:10AD40000000300C700E381C381C381C1C381C38A5
:10AD50001C381C380E700E700E70066007E007E09D
:10AD600003C003C003C0000000000000000000009A
:10AD700000000000000000000000000000000000D3
:10AD800000006006700E700E700E700E73CE73CEE3
:10AD900073CE73CE73CC37EC366C366C3E7C3E7C17
:10ADA0003E7C3E7C3C3800000000000000000000BB
:10ADB0000000000000000000000000000000000093
:10ADC0000000300C381C3C3C1C380E700FF007E0C3
:10ADD00007E003C003C007E007E00FF00E701C3867
:10ADE0003C3C381C381C0000000000000000000043
:10ADF0000000000000000000000000000000000053
:10AE00000000300C700E381C381C1C381C380E70BA
:10AE10000E7007E007E003C003C003C003C003C017
:10AE200003C003C00180000000000000000000001B
:10AE30000000000000000000000000000000000012
:10AE400000001FF03FF81FFC00380078007000E0A1
:10AE500001E001C00380078007000E001E001C00F7
:10AE60003FF83FFC1FFC0000000000000000000055
:10AE70000000000000000000000000000FF00FF0D4
:10AE80000FF00E000E000E000E000E000E000E0061
:10AE90000E000E000E000E000E000E000E000E0042
:10AEA0000E000E000E000E000F000FF00FF000005D
:10AEB000000000000000000000000000000018007A
:10AEC00038001C001C000E000E000E0007000700DA
:10AED00003800380038001C001C000E000E0006047
:10AEE0000070007000380038001C001C00000000DA
:10AEF0000000000000000000000000000FF00FF054
:10AF00000FF0007000700070007000700070007032
:10AF100000700070007000700070007000700070B1
:10AF2000007000700070007000F00FF00FF0000073
:10AF30000000000000000000000000000000000011
:10AF400000000000000003C003C007E007E00E702F
:10AF50001E781C383C3C000000000000000000008F
:10AF600000000000000000000000000000000000E1
:10AF700000000000000000000000000000000000D1
:10AF800000000000000000000000000000000000C1
:10AF900000000000000000000000000000000000B1
:10AFA000000000000000000000003FFC3FFC00002B
:10AFB000000000000000000000000000000004008D
:10AFC0000F000F8003C001E000F0007000000000DF
:10AFD0000000000000000000000000000000000071
:10AFE0000000000000000000000000000000000061
:10AFF0000000000000000000000000000000000051
:10B000000000000000000000000000000FDC1FFC3A
:10B010001E783C3838383838383838383838387846
:10B020003CFC1FDC0F9C0000000000000000000042
:10B030000000000000000000000000000000000010
:10B040000000180038003800380038003BF03FF8A6
:10B050003E3C3C1C381C381C381C381C381C3C1C22
:10B060003F7C3BF839F000000000000000000000C9
:10B0700000000000000000000000000000000000D0
:10B0800000000000000000000000000007F01FFCAE
:10B090001E3C3C08380038003800380038003C00BE
:10B0A0001F3C0FF807F00000000000000000000047
:10B0B0000000000000000000000000000000000090
:10B0C00000000018001C001C001C001C0FDC1FFCF2
:10B0D0003C7C383C381C381C381C381C381C383C2C
:10B0E0003EFC1FDC0F9C0000000000000000000080
:10B0F0000000000000000000000000000000000050
:10B1000000000000000000000000000007F01FF831
:10B110001E38381C381C3FFC3FFC380038003C0807
:10B120001E3C0FF807F000000000000000000000C7
:10B13000000000000000000000000000000000000F
:10B140000000003801FC03FC0380038003800380BF
:10B150007FFC7FFE038003800380038003800380E5
:10B160000380038003800000000000000000000056
:10B1700000000000000000000000000000000000CF
:10B180000000000000000000000000000FDC1FFCB9
:10B190003C7C383C381C381C381C381C381C3C3C67
:10B1A0001FFC1FDC079C001C101C383C3FF81FF0E4
:10B1B00007E00000000000000000000000000000A8
:10B1C0000000180038003800380038003BF03FF825
:10B1D0003E3C3C3C381C381C381C381C381C381C85
:10B1E000381C381C381C0000000000000000000063
:10B1F000000000000000000000000000000000004F
:10B20000000001C003E001C0000000001F801FC05B
:10B210001FC001C001C001C001C001C001C001C008
:10B220001FFC3FFE3FFE0000000000000000000089
:10B23000000000000000000000000000000000000E
:10B24000000000F000F00070000000000FE01FF0B0
:10B250001FF00070007000700070007000700070CF
:10B260000070007000700070207070F07FE03FE0B0
:10B270000F8000000000000000000000000000003F
:10B28000000018003800380038003800383C3878A2
:10B2900038F039E03BC03FC03FE03EE03CF038785A
:10B2A0003838383C381C0000000000000000000066
:10B2B000000000000000000000000000000000008E
:10B2C00000001E003F007F80038003800380038016
:10B2D0000380038003800380038003800380038056
:10B2E00003CC01FE00FC0000000000000000000094
:10B2F000000000000000000000000000000000004E
:10B3000000000000000000000000000077BC7FFE8D
:10B3100073CE718E718E718E718E718E718E718EF3
:10B32000718E718E718E0000000000000000000020
:10B33000000000000000000000000000000000000D
:10B340000000000000000000000000003BF03FF89B
:10B350003E3C3C3C381C381C381C381C381C381C03
:10B36000381C381C381C00000000000000000000E1
:10B3700000000000000000000000000000000000CD
:10B380000000000000000000000000000FF01FF8A7
:10B390001C38381C381C381C381C381C381C3C3CE9
:10B3A0001E780FF807E00000000000000000000019
:10B3B000000000000000000000000000000000008D
:10B3C0000000000000000000000000003BF03BF81F
:10B3D0003E3C3C1C381C381C381C381C381C3C3C7F
:10B3E0003E783FF83BF03800380038003800100055
:10B3F000000000000000000000000000000000004D
:10B400000000000000000000000000000FDC1FDC56
:10B410003C7C383C381C381C381C381C381C3C3CE4
:10B420001E7C1FFC0FDC001C001C001C001C000804
:10B43000000000000000000000000000000000000C
:10B440000000000000000000000000001DF81FFCCC
:10B450001F1C1C1C1C1E1C0C1C001C001C001C00A7
:10B460001C001C001C000000000000000000000088
:10B4700000000000000000000000000000000000CC
:10B480000000000000000000000000000FF01FF8A6
:10B490001C3C1C081C001FC007F800FC001C381CCA
:10B4A0003E3C1FF80FF0000000000000000000000C
:10B4B000000000000000000000000000000000008C
:10B4C0000000000007000700070007003FFC7FFCAA
:10B4D0007FFC070007000700070007000700078040
:10B4E00003DC03FC01FC0000000000000000000081
:10B4F000000000000000000000000000000000004C
:10B50000000000000000000000000000381C381C93
:10B51000381C381C381C381C381C381C381C3C3C67
:10B520001E7C1FDC0FDC000000000000000000009B
:10B53000000000000000000000000000000000000B
:10B54000000000000000000000000000381C381C53
:10B55000381C1C381C381E780E700E7007E007E08F
:10B5600007E003C003C0000000000000000000006E
:10B5700000000000000000000000000000000000CB
:10B58000000000000000000000000000700E700EBF
:10B59000718E73CE73CE73CE73CE37EC3E7C3E7C11
:10B5A0003E7C3E7C3C3800000000000000000000B3
:10B5B000000000000000000000000000000000008B
:10B5C0000000000000000000000000003C3C1C38AF
:10B5D0001E700FF007E003C003C007E007E00E7025
:10B5E0001E783C3C381C00000000000000000000F9
:10B5F000000000000000000000000000000000004B
:10B60000000000000000000000000000380C381CA2
:10B61000381C1C3C1C380E380E700E7007F007E00A
:10B6200003E003C001C003C0038007803F003E0069
:10B630003C000000000000000000000000000000CE
:10B640000000000000000000000000001FF83FFCA8
:10B650000078007000E001C0038007000F001E00AA
:10B660003FF83FFC1FFC000000000000000000004D
:10B67000000000000000000000000000007C01FC51
:10B6800003F803C0038003800380038001C003C06C
:10B6900003803F803E001F80038001C003C0038001
:10B6A00003800380038003C003F801FC00FC00005A
:10B6B0000000000000000000000000000000010089
:10B6C00003C003C003C003C003C003C003C003C062
:10B6D00003C003C003C003C003C003C003C003C052
:10B6E00003C003C003C003C003C00180000000000A
:10B6F0000000000000000000000000003E003F804D
:10B700001FC003C001C001C001C001C003C003C00D
:10B7100001C001FC007C01F801C003C003C001C0EE
:10B7200001C001C001C003C01FC03F803F00000036
:10B730000000000000000000000000000000000009
:10B7400000000000000000000000000000000000F9
:10B750001E0C3F8C3FDC31FC30FC20200000000040
:10B7600000000000000000000000000000000000D9
:10B770000000000074B90708349A050864B9070886
:10B78000B49A050880B90708349B050868B907080A
:10B79000B49B050870B90708349C050884B90708EC
:10B7A000B49C050878B90708349D050888B90708CE
:10B7B000B49D05088CB90708349E05086CB90708C4
:10B7C000B49E05087CB90708349F050800000000F6
:10B7D00000000000B49F05080000000074B70508D1
:10B7E000200000000000000000000000000FFF002B
:10B7F0000C03000FFF000C03000FFF000400000EFD
:10B8000060000FFF0018600007FF000060001FFFCE
:10B81000801FFF800000000000000000000000000A
:10B82000000000000000088000089F801FD9803FB2
:10B83000F980089F800F9F800899800F9980089F4A
:10B84000803FD9801FD9800D918018F180103380FE
:10B8500000000000000000000000000000000000E8
:10B8600000000000000000000000000000000000D8
:10B87000000000001FFF803FFFC00000000000002C
:10B8800000000000000000000000000000000000B8
:10B8900000000000000000000000000000000000A8
:10B8A000000000000FFF000FFF000000000000007C
:10B8B0000000000000000000000000000000001F69
:10B8C000FF801FFF8000000000000000000000005B
:10B8D0000000000000000000000000000000000068
:10B8E0000FFF000000000000000000000000000743
:10B8F000FE000000000000000000000000001FFF2C
:10B9000080000000000000000000000000000000B7
:10B910000000000000000000000000001FFF801970
:10B9200099801999801999801999801999801B1FFC
:10B93000801E01801801801FFF801FFF801801807A
:10B9400000000000000000000000000000000000F7
:10B9500000000000000000000FFF0000C00000C059
:10B960000000C00007FE000FFE00018600018400F9
:10B97000018C00018C001FFF801FFFC00000000031
:10B980000000000000000000000000000000004077
:10B99000000060000060000020001FFF803FFFC02B
:10B9A000000000010800030C00070E000607000C51
:10B9B00003001C018018018000000000000000004E
:10B9C000000000000000000000000000000FFF0069
:10B9D0001FFF800060000060000060001FFF801FEC
:10B9E000FF8000F00001F800019C00070E001E0718
:10B9F000801801800000000000000000000000002E
:10BA000000000000000000000007FF000FFF000C16
:10BA100003000C03000C03000FFF000FFF000C03DA
:10BA2000000C03000C03000FFF000FFF000C0300CD
:10BA30000000000000000000000000000000000006
:10BA400000000060000060001FFF8018018007FEFA
:10BA500000018900030E0007FF0000620000600083
:10BA60000FFF000060001FFF801FFF80000000002C
:10BA70000000000000000000000000000000006066
:10BA8000000060000060001FFF8018618018618066
:10BA900018618018F18019D9801B8D801B078018D0
:10BAA00001801801801807800000000000000000DD
:10BAB000000000000000000000000000003EFF80C9
:10BAC0001EFFC00C0C000C18001C1A003E3F000C9E
:10BAD0007B800CF9800CD8800E18003E18000018EE
:10BAE000000018000000000000000000000000003E
:10BAF0000000000000000808000CFF800C7F000C14
:10BB000022003EFF800C00000C7F000CC1000CFFE7
:10BB1000000EFF001F26003C360000E6C001C78073
:10BB20000000000000000000000000000000000015
:10BB3000000000200000600000F000039C00070FE0
:10BB4000001FFF801BFC8000000007FE0007FF00B5
:10BB500006030006030007FF0007FF0000000000C7
:10BB600000000000000000000000000000000000D5
:10BB7000001F7F80196D80196D801F6D801F6D8083
:10BB8000197F80197F801F60801960001960801103
:10BB900060C0317FC0373F8000000000000000001F
:10BBA00000000000000000000000000000019800FC
:10BBB0000198000199801F9B801F9F00019C00013C
:10BBC00098000198000398001F98C03998C0019F01
:10BBD000C0019F8000000000000000000000000085
:10BBE0000000000000000040000060001FFF801FF8
:10BBF000FF8007FE0007FF0004030004030007FFA7
:10BC0000000060000466000E630018618011E1000E
:10BC10000000000000000000000000000000000024
:10BC2000000000400000C00000C00000C00000C0D4
:10BC30000000FF0000FF0000C00000C00000C000C6
:10BC400000C00000C0003FFFC01FFF8000000000D8
:10BC500000000000000000000000000000000040A4
:10BC6000000CC00006FF8001800001FF0018FF806B
:10BC70001CC98001FF8003FFC004D9000C89000C9F
:10BC8000FF80180300100F000000000000000000FB
:10BC900000000000000000000000006000006000E4
:10BCA0001FFF800060000FFF001FFF8019998018A0
:10BCB00099801BFD801861801BFD801BFD80186131
:10BCC00080186780000000000000000000000000F5
:10BCD0000000000000000040000060001FFF801F07
:10BCE000FF8007FE0007FF0004030004030007FFB6
:10BCF000000060000466000E630018618011E1001E
:10BD00000000000000000000000000000000000033
:10BD10000000000000000000000000000000000023
:10BD20000000000000000000000000000000000013
:10BD30000000000000000000000000000C000C00EB
:10BD40000C000C000C000C000C00000000000C00AB
:10BD50000C000000000000000000000000000000D7
:10BD600000000000330033003300330012000000F5
:10BD700000000000000000000000000000000000C3
:10BD80000000000000000000000000001B00130085
:10BD90001300FFC0330033003300FFC03200320015
:10BDA000360000000000000000000000000000005D
:10BDB00008000C002D006D806D80640078001F006D
:10BDC00003800D806D806D802D000C000C00000044
:10BDD000000000000000000000000000788079C032
:10BDE000CD80CF007B00320037803CC06CC06780C4
:10BDF000C7800000000000000000000000000000FC
:10BE0000000000003C003E006300300038005C8011
:10BE10006D806780638077803EC000000000000076
:10BE20000000000000000000000000000C000C00FA
:10BE30000C000C00080000000000000000000000E2
:10BE400000000000000000000000000000000000F2
:10BE5000020007000C001C00180030003000300009
:10BE600030003000180018001C000E00070002000F
:10BE70000000000000000000300038000C000E0040
:10BE8000060006000300030003000300060006008E
:10BE90000C001C0038001000000000000000000032
:10BEA00000000000000000000C000C007F803F003C
:10BEB0003F007F804D000C000000000000000000EB
:10BEC0000000000000000000000000000000000072
:10BED00008000C000C007F807F800C000C000C0020
:10BEE0000000000000000000000000000000000052
:10BEF0000000000000000000000000000000000042
:10BF0000000000000C001E000E0006000C003800AF
:10BF10002000000000000000000000000000000001
:10BF20000000000000007F807F8000000000000013
:10BF30000000000000000000000000000000000001
:10BF400000000000000000000000000000000000F1
:10BF5000000000000C001E000C00000000000000AB
:10BF6000000000000000000000000180030003004A
:10BF70000600060006000C000C0018001800300037
:10BF800030003000600000000000000000000000F1
:10BF9000000000001E003F006180638067806D80AC
:10BFA0007980718061803F001E0000000000000069
:10BFB0000000000000000000000000001C003E0027
:10BFC00076000600060006000600060006003F8018
:10BFD0007F80000000000000000000000000000062
:10BFE000000000003E007F00018001800300070088
:10BFF0000E001C0038007F807F80000000000000E1
:10C000000000000000000000000000003E007F0073
:10C01000030003001F001F000380018001807700E0
:10C020007E00000000000000000000000000000092
:10C0300000000000070007000F001B001B0033007A
:10C0400063007F807F800300030000000000000089
:10C050000000000000000000000000003F803F00E2
:10C06000300030003C003F000380018001807700F9
:10C070007E00000000000000000000000000000042
:10C080000000000006001C00180030002E007F0099
:10C0900061806180618073803F00000000000000CB
:10C0A0000000000000000000000000007F807F8092
:10C0B000038003000300060006000C000C001800BB
:10C0C0001800000000000000000000000000000058
:10C0D000000000001E003F00618061803F003F00C3
:10C0E0006180618061807F803F000000000000006F
:10C0F0000000000000000000000000001E007F00A3
:10C100006180618061803F801D80030006000E0019
:10C110001800000000000000000000000000000007
:10C12000000000000000000000000C001E000C00D9
:10C13000000000000C001E000C00000000000000C9
:10C1400000000000000000000000000000000000EF
:10C1500000000C001E000C00000000000C001E007F
:10C160000E0006000C003800200000000000000057
:10C170000000000000000000010007801E007800A1
:10C1800078001E0007800100000000000000000091
:10C19000000000000000000000000000000000009F
:10C1A00000003F007F80000000007F807F80000053
:10C1B000000000000000000000000000000000007F
:10C1C0000000000000000000200078001E00078032
:10C1D00007801E0078002000000000000000000022
:10C1E0000000000000000000000000001F003F8071
:10C1F0003180018007000E000C00000000000C00E0
:10C200000C00000000000000000000000000000022
:10C210000000000000007F00C380018039807CC0E6
:10C220006CC04CC04C00670077C0000000000000EC
:10C230000000000000000000000000000C001E00D4
:10C240001E001E003300330033003F006180618018
:10C2500061800000000000000000000000000000FD
:10C26000000000003E007F00618061807F007F0051
:10C270006380618061807F803E00000000000000DC
:10C280000000000000000000000000001F003F80D0
:10C2900030806000600060006000600070003F80DF
:10C2A0001F800000000000000000000000000000EF
:10C2B000000000003E007F0063806180618061803B
:10C2C0006180618063807F003E000000000000000C
:10C2D0000000000000000000000000003F803F0060
:10C2E000200020003E003F002000200020003F00F2
:10C2F0003F8000000000000000000000000000007F
:10C30000000000003F807F806000600060007F00D0
:10C31000600060006000600060000000000000003D
:10C320000000000000000000000000001E003F00B0
:10C3300061806000600067806780618061803F008D
:10C340001F000000000000000000000000000000CE
:10C350000000000061806180618061807F807F805B
:10C360006180618061806180618000000000000068
:10C370000000000000000000000000003F003F003F
:10C380000C000C000C000C000C000C000C003F001A
:10C390003F0000000000000000000000000000005E
:10C3A000000000001F001F00030003000300030043
:10C3B00003000300630077003E000000000000005F
:10C3C00000000000000000000000000063006700A3
:10C3D00066006C0078007C007C00660067006300EB
:10C3E000618000000000000000000000000000006C
:10C3F000000000003000300030003000300030001D
:10C400003000300030003F803F800000000000001E
:10C410000000000000000000000000007380738036
:10C4200073807F807F806D806D806180618061809E
:10C43000618000000000000000000000000000001B
:10C4400000000000718071807980798069806D8042
:10C450006580678067806380638000000000000063
:10C460000000000000000000000000001E003F006F
:10C4700061806180618061806180618061803F0056
:10C480001E0000000000000000000000000000008E
:10C49000000000003F007F806180618061807F003C
:10C4A00060006000600060006000000000000000AC
:10C4B0000000000000000000000000001E003F001F
:10C4C0006180618061806180618061806180330012
:10C4D0001E0000000F0007800000000000000000A8
:10C4E000000000003F007F806180618061807F00EC
:10C4F000660067006300618061800000000000004A
:10C500000000000000000000000000001E003F00CE
:10C510006180600038001F000380018061807F809F
:10C520003F000000000000000000000000000000CC
:10C53000000000007F807F800C000C000C000C00CD
:10C540000C000C000C000C000C00000000000000AF
:10C550000000000000000000000000006180618019
:10C5600061806180618061806180618061803F0065
:10C570001E0000000000000000000000000000009D
:10C58000000000006180618061803300330033006F
:10C5900012001E001E000C000C0000000000000035
:10C5A0000000000000000000000000004080C0C04B
:10C5B00040806D806D806D807F807F807380738010
:10C5C0007380000000000000000000000000000078
:10C5D000000000006180330033001E001E000C00CC
:10C5E0001E001E0033003380618000000000000048
:10C5F0000000000000000000000000006180618079
:10C60000330033001E001E000C000C000C000C0058
:10C610000C0000000000000000000000000000000E
:10C62000000000003F007F00030006000E000C0029
:10C630001800180030007F003F800000000000005C
:10C6400000000000000000003F003E00300030000D
:10C65000300030003000300030003000300030005A
:10C66000300030003F001E0000000000000000000D
:10C6700000006000300030001800180008000C00B6
:10C680000C00060006000200030003000180000009
:10C6900000000000000000003E001F000300030037
:10C6A0000300030003000300030003000300030072
:10C6B000030003003F001E00000000000000000017
:10C6C0000000000000000C001E001E0033003300BC
:10C6D000000000000000000000000000000000005A
:10C6E000000000000000000000000000000000004A
:10C6F000000000000000000000000000000000003A
:10C70000000000007F807F8000000000000000002B
:10C71000000018001C000E000600000000000000D1
:10C720000000000000000000000000000000000009
:10C7300000000000000000000000000000000000F9
:10C7400000003F80330063006300630063007F806C
:10C750003D8000000000000000000000000000001C
:10C76000000000006000600060007F0073006180D6
:10C770006180618061807B806F00000000000000AC
:10C7800000000000000000000000000000000000A9
:10C7900000003F00318060006000600060003B806E
:10C7A0001F0000000000000000000000000000006A
:10C7B000000000000180018001803F8033806180A3
:10C7C00061806180618077803D8000000000000012
:10C7D0000000000000000000000000000000000059
:10C7E00000003F00330061807F80600060003B00FC
:10C7F0001F0000000000000000000000000000001A
:10C800000000000007800F80180018007F807F80E4
:10C8100018001800180018000800000000000000B0
:10C820000000000000000000000000000000000008
:10C8300000003D80738061806180618063803F8003
:10C840001D80018063003F001E000000000000000A
:10C85000000000006000600060006F0073006180F5
:10C860006180618061806180618000000000000063
:10C870000000000000000000000000000E000400A6
:10C8800000003C003C000C000C000C000C003F8041
:10C890007F80000000000000000000000000000099
:10C8A000000000000700020000003E003F000300FF
:10C8B00003000300030003000300020066007E0083
:10C8C0003C000000000000000000000020006000AC
:10C8D0006000630066006C007C0076006700630007
:10C8E00021800000000000000000000000000000A7
:10C8F0000000000078007800080008000800080028
:10C90000080008000C000F800F80000000000000ED
:10C910000000000000000000000000000000000017
:10C9200000007F806D806D806D806D806D806D807A
:10C930006D8000000000000000000000000000000A
:10C94000000000000000000000006F007300618024
:10C950006180618061806180618000000000000072
:10C9600000000000000000000000000000000000C7
:10C9700000003F003300618061806180618033008E
:10C980001E00000000000000000000000000000089
:10C99000000000000000000000006F007380618054
:10C9A0006180618071807F006F00600060006000C6
:10C9B0000000000000000000000000000000000077
:10C9C00000003D80738061806180618063803F8072
:10C9D0003D80018001800180000000000000000017
:10C9E000000000000000000000003F80398031801E
:10C9F00031803000300030003000000000000000C6
:10CA00000000000000000000000000000000000026
:10CA100000003F00338030003E000700218073801B
:10CA20003F000000000000000000000000000000C7
:10CA3000000000000800180018007F807F801800A8
:10CA40001800180018000D800F8000000000000082
:10CA500000000000000000000000000000000000D6
:10CA600000006180618061806180618063803780C7
:10CA70003D800000000000000000000000000000F9
:10CA800000000000000000000000618061803300B1
:10CA900033001E001E001E000C00000000000000FD
:10CAA0000000000000000000000000000000000086
:10CAB0000000C0C04C806D806D807F807F8073805F
:10CAC0007380000000000000000000000000000073
:10CAD00000000000000000000000738033001E0012
:10CAE0000C001E001E0033006180000000000000EA
:10CAF0000000000000000000000000000000000036
:10CB0000000061802180330033001B001E000E00F6
:10CB10000C000C001800780060000000000000000D
:10CB2000000000000000000000003F00430006007D
:10CB30000C00180030007F007F8000000000000023
:10CB4000000000000000000007800F000C000C0037
:10CB50000C000C000C0078001C000C000C000C00F9
:10CB60000C000C000F80030000000000000000001B
:10CB700000000C000C000C000C000C000C000C0061
:10CB80000C000C000C000C000C000C000C00000051
:10CB9000000000000000000078003C000C000C00C9
:10CBA0000C000C000C0007800E000C000C000C00A8
:10CBB0000C000C007C0030000000000000000000B1
:10CBC00000000000000000000000000039807D80AF
:10CBD0006F80420000000000000000000000000024
:10CBE0000000000098B90708E4B70508A0B90708D5
:10CBF00020B8050890B907085CB80508B0B907085F
:10CC000098B80508ACB90708D4B8050894B907085E
:10CC100010B90508A4B907084CB90508A8B9070850
:10CC200088B9050888B90708C4B905089CB9070878
:10CC300000BA050850B907083CBA050858B90708F2
:10CC400078BA050838B90708B4BA050834B907082E
:10CC5000F0BA050840B907082CBB05083CB907081D
:10CC600068BB050830B90708A4BB050828B9070840
:10CC7000E0BB050848B907081CBC050824B907082B
:10CC800058BC050844B9070894BC050828B907082A
:10CC9000D0BC050800000000000000000CBD050825
:10CCA00000000000E4CB05081400000000000000B4
:10CCB000000000000000000000000000000000185C
:10CCC0001818181818001818000000000000002498
:10CCD00024242400000000000000000000000034B4
:10CCE000247EFF2424FF242C000000000000183CB8
:10CCF0007E58603C261A5A3C180000000000007064
:10CD000053D674202E6B4B8E0000000000000038BC
:10CD10006C4020504A4A447B00000000000000188C
:10CD200018181800000000000000000000000C1897
:10CD3000103020202020301008040000000030189F
:10CD4000080C040404040C1810200000000000006B
:10CD500000185A3C3C5A1800000000000000000077
:10CD60000018187E7E181800000000000000000067
:10CD70000000000000001818081860000000000003
:10CD80000000003C7E0000000000000000000000E9
:10CD9000000000000000181800000000000002045D
:10CDA000040C081810103020604000000000003C07
:10CDB00026424E5A7262663C0000000000000018D5
:10CDC000684808080808087E000000000000003CD1
:10CDD000460206040810607E0000000000000038D3
:10CDE0004406043C0602067C00000000000000042B
:10CDF0000C143424647E0404000000000000003E93
:10CE00006060603C0602067C000000000000000834
:10CE10001020607E4242663C000000000000007E60
:10CE20000204040C08181030000000000000003C50
:10CE30006642663C4242423C000000000000003C6A
:10CE4000664242663A04081000000000000000003C
:10CE50000000181800001818000000000000000072
:10CE600000001818000018180818600000000000E2
:10CE700000061C70701C060000000000000000008E
:10CE800000007E00007E00000000000000000000A6
:10CE90000060380E0E386000000000000000003C0A
:10CEA00026420608180018180000000000000000C4
:10CEB0007C86227A4B48486F000000000000001872
:10CEC00018182424247E4242000000000000007C48
:10CED0006642467C4242467C000000000000001C86
:10CEE000224040404040203E00000000000000780A
:10CEF000644242424242447C000000000000003E86
:10CF00006060607E6060607E000000000000007E67
:10CF10006040407E40404040000000000000003C77
:10CF20006642404E4242663C000000000000004263
:10CF30004242427E42424242000000000000007E27
:10CF4000181818181818187E000000000000003C7F
:10CF5000060606060646443C0000000000000046A7
:10CF600044485070784C444200000000000000200B
:10CF7000202020202020203E00000000000000662D
:10CF800066665A5A5A42424200000000000000629F
:10CF90006252525A4A4A4646000000000000003CD5
:10CFA000644242424242663C000000000000007CB5
:10CFB0006642427C40404040000000000000003CCF
:10CFC000644242424242663C000E00000000007C87
:10CFD0006642427C48444642000000000000003C9B
:10CFE0006640601C0602623C000000000000007EFB
:10CFF000181818181818181800000000000000422F
:10D00000424242424242663C0000000000000042B0
:10D010004266242424181818000000000000004272
:10D02000C35A5A5A5A6A666600000000000000425D
:10D030002424181818242442000000000000004294
:10D040004224241818181818000000000000007E60
:10D05000060408181020607E0000000000003C203C
:10D060002020202020202020203C00000000402004
:10D070002030101808080C040602000000003C04D0
:10D080000404040404040404043C00000000000040
:10D0900018182466000000000000000000000000D6
:10D0A0000000000000000000007E000000002010D2
:10D0B0000C0800000000000000000000000000005C
:10D0C000001A26644446463A000000000000004072
:10D0D000405864624242665C0000000000000000AC
:10D0E000001C36404040603E00000000000000028E
:10D0F000021A26464242663A000000000000000084
:10D10000001824427E40643E000000000000000E33
:10D1100010107E1010101010000000000000000021
:10D12000001A26464242663A02643C000000004073
:10D13000405866664242424200000000000000186B
:10D14000000078080808087E000000000000000CBD
:10D1500000003C0404040404044C38000000006097
:10D1600060626C78786C64620000000000000070FF
:10D17000101010101010100E000000000000000031
:10D1800000765A5A5A5A5A5A00000000000000000D
:10D190000058666642424242000000000000000063
:10D1A000001824424242663C0000000000000000DB
:10D1B000005C76424242665C404000000000000095
:10D1C000003A6E424242663A02020000000000004D
:10D1D000002C7662606060600000000000000000CB
:10D1E000001866603C06423C0000000000000000A1
:10D1F00010107E101010101E000000000000000033
:10D20000004242424242663A000000000000000034
:10D2100000424224243C18180000000000000000D6
:10D220000042C35A5A5A666600000000000000001F
:10D230000042243C18182466000000000000000092
:10D2400000426226243C18181830600000000000DC
:10D25000003C460C1810207E0000000000000E105C
:10D260001010187010181010180E00000000181878
:10D27000181818181818181818100000000070084E
:10D280000808180E081808081870000000000000B0
:10D29000000000724E00000000000000ACCC050849
:10D2A000000000000000000010000000000000006E
:10D2B00000000000000000000018000FFFF01FFF3A
:10D2C000F81800180BFFD007FFE000E1800181C0D3
:10D2D00003FFE002182000180007FFE003FFC00072
:10D2E00018000FFFF01FFFF8000000000000000012
:10D2F000000000000000000000000000000000002E
:10D300000018000018000018000FFFF00FFFF00CCD
:10D3100018300C18300C3C300C3E300C67300CE3ED
:10D32000B00DC1F00D00300C00300C00300C01F0DD
:10D330000800800000000000000000000000000065
:10D3400000000000000000000000001FBFF81F1FC9
:10D35000F00603000603000607001F0FC01F0F6042
:10D36000061B70063B380633180703000F83001EA8
:10D3700003000003000003000002000000000000A2
:10D38000000000000000000000000000000000009D
:10D39000060300063FF00600000608401FBFF01F0E
:10D3A0007FF8060000063FF0063030063FF00630FA
:10D3B0003007BFE01F0C80180C9000388800F0F890
:10D3C000000000000000000000000000000000005D
:10D3D0000000000000000000000800001C00003EEB
:10D3E0000000E70003C1C00F00F01FFFB8000000FD
:10D3F00000000003FFC003FFE00300E00300E003C0
:10D4000000E003FFE003FFE0020000000000000076
:10D41000000000000000000000000000000000000C
:10D420000FC0000FDFF00CD9900CD9900FD9900FDE
:10D43000D9900CD9900CDFF00CDFF00FD8100CD87D
:10D440000008D80008D81818D81818DC381BCFF0F6
:10D4500000000000000000000000000000000000CC
:10D46000000000000000000000C60000C60000C66A
:10D470000000C6101FC6781FC6E000C78000C600A7
:10D4800000C60000C60000C60003C6081FC60C1870
:10D49000C61800C7F800C3F8000000000000000034
:10D4A000000000000000000000000000000000007C
:10D4B0000018000018001FFFF80FFFF00000000325
:10D4C000FFE003006003006003006003FFE000185A
:10D4D000000018000318C00618600C183018F81067
:10D4E00000600000000000000000000000000000DC
:10D4F000000000000000000000300000300000309C
:10D5000000003000003000003FE0003FF00030003D
:10D51000003000003000003000003000003000001B
:10D5200030001FFFF81FFFF800000000000000009F
:10D5300000000000000000000000000000000000EB
:10D540000430000F3000037FF800600000C00010BE
:10D55000FFF01C323006333000FFF800FFF802669F
:10D5600030066330067FF00C7FF80C00600801E0A5
:10D5700000000000000000000000000000000000AB
:10D5800000000000000000000C00000E7FF802C048
:10D59000180048900018C01830601E603006060061
:10D5A000007FF000FFF8020F80061EC0063EE00C70
:10D5B00076701CC63808060000000000000000005D
:10D5C000000000000000000000000000000000005B
:10D5D0000210100619180619980619981F99981F15
:10D5E000D9980619980619980619980619980611D7
:10D5F0009807F1981F3198183118006018006018CA
:10D60000000000000000000000000000000000001A
:10D6100000000000000000000018000FFFF01FFFD6
:10D62000F80018000018000FFFF00C00300C6230FA
:10D630000C66300DFFB00C18300C18300DFFB00C1C
:10D6400018300C18300C19F0080100000000000020
:10D6500000000000000000000000000000000000CA
:10D660000018000018001FFFF80FFFF00000000373
:10D67000FFE003006003006003006003FFE00018A8
:10D68000000018000318C00618600C183018F810B5
:10D69000006000000000000000000000000000002A
:10D6A00000000000000000000C09000719800310B2
:10D6B00080003FF80071801871800CF18006BFF087
:10D6C000003180003180033FF0063FF00631800CCE
:10D6D00031800C3FF808300000000000000000001E
:10D6E0000000000050B90708ACD2050858B9070877
:10D6F000F4D2050838B907083CD3050834B907083F
:10D7000084D3050840B90708CCD305083CB90708FD
:10D7100014D4050830B907085CD4050828B90708EF
:10D72000A4D4050848B90708ECD4050824B90708AB
:10D7300034D5050860B907087CD505085CB9070829
:10D74000C4D5050844B907080CD6050828B9070848
:10D7500054D60508B4B907089CD605080000000097
:10D76000000000000000000000000000E4D60508F2
:10D770001800000000000000000000000000000091
:10D780000000000000000000000000000000000099
:10D790000000000000000000000000000000000089
:10D7A0000000000000000000000000000000000079
:10D7B0000000000000000000000000000000000069
:10D7C0000000000000000000000000000000000059
:10D7D0000000000000000000000000000FFFFE003D
:10D7E0001FFFFF001FFFFF001FFFFF000FFFFE00D6
:10D7F0000000000000000000000000000000000029
:10D800000000000000000000000000000000000018
:10D810000000000000000000000000000000000008
:10D8200000000000000000000000000000000000F8
:10D8300000000000000000000000000000000000E8
:10D8400000000000000000000000000000000000D8
:10D8500000000000000000000000000000000000C8
:10D8600000000000000000000000000000000000B8
:10D87000000000000000000000000000007FC00069
:10D8800001FFF00003FFF80007FFFC0007F1FC00B8
:10D890000FC07E000F803E001F803F001F803F00B2
:10D8A0001F007F001F01FF001F03FF001F07FF0075
:10D8B0001F0FFF803F3FDF803F7F9F801FFF1F00C4
:10D8C0001FFC1F001FF81F001FF01F001FE01F009C
:10D8D0001F803F001F803F000F803E000FC07E0072
:10D8E00007E0FC0007FFFC0003FFF80001FFF00069
:10D8F000007FC000000000000000000000000000E9
:10D900000000000000000000000000000000000017
:10D910000000000000000000000000000000000007
:10D9200000000000000000000000000000000000F7
:10D9300000000000000000000000000000000000E7
:10D9400000000000000000000000000000000000D7
:10D9500000000000003F8000007F800001FFC00049
:10D9600003FFC00007FFC0000FEFC0000FC7C000DB
:10D970000F87C0000E07C0000007C0000007C000EE
:10D980000007C0000007C0000007C0000007C0007B
:10D990000007C0000007C0000007C0000007C0006B
:10D9A0000007C0000007C0000007C0000007C0005B
:10D9B0000007C0000007C00007FFFE000FFFFF8048
:10D9C0001FFFFF800FFFFF800FFFFF000000000020
:10D9D0000000000000000000000000000000000047
:10D9E0000000000000000000000000000000000037
:10D9F0000000000000000000000000000000000027
:10DA00000000000000000000000000000000000016
:10DA10000000000000000000000000000000000006
:10DA200000000000000000000000000001FFE00016
:10DA300007FFF8000FFFFC000FFFFC000FC0FE0007
:10DA400006007E0000003F0000003F0000003F0095
:10DA500000003F0000003E0000003E0000007E008D
:10DA60000000FC000001F8000003F8000007F000CF
:10DA7000000FE000001FC000003F8000007F00009A
:10DA800000FE000003F8000007F000000FE00000B7
:10DA90001FE000001FFFFF001FFFFF801FFFFF00B0
:10DAA0000FFFFF0000000000000000000000000069
:10DAB0000000000000000000000000000000000066
:10DAC0000000000000000000000000000000000056
:10DAD0000000000000000000000000000000000046
:10DAE0000000000000000000000000000000000036
:10DAF0000000000000000000000000000000000026
:10DB00000000000003FF800007FFE0000FFFF000AF
:10DB10000FFFF8000783FC000000FC0000007C0001
:10DB200000007C0000007C0000007C000000FC0085
:10DB30000003F80000FFF00001FFE00001FFF0002B
:10DB400001FFF800007FFC000000FE0000003E0026
:10DB500000003F0000001F0000001F0000003F0009
:10DB600000003F0000007E000F81FE001FFFFC0050
:10DB70001FFFF8000FFFF00003FFC00000000000CF
:10DB80000000000000000000000000000000000095
:10DB90000000000000000000000000000000000085
:10DBA0000000000000000000000000000000000075
:10DBB0000000000000000000000000000000000065
:10DBC0000000000000000000000000000000000055
:10DBD0000000000000000000000000000001F00054
:10DBE0000003F8000003F8000007F800000FF80039
:10DBF000000FF800001FF800003FF800003FF80099
:10DC0000007EF80000FCF80000F8F80001F8F800C9
:10DC100003F0F80003E0F80007E0F8000FC0F80098
:10DC20000F80F8001F80F8003FFFFF003FFFFF80DC
:10DC30003FFFFF801FFFFF8007FFFF000000F8008D
:10DC40000000F8000000F8000000F8000000F800F4
:10DC50000000F800000000000000000000000000CC
:10DC600000000000000000000000000000000000B4
:10DC700000000000000000000000000000000000A4
:10DC80000000000000000000000000000000000094
:10DC90000000000000000000000000000000000084
:10DCA0000000000000000000000000000000000074
:10DCB0000000000003FFFC0007FFFE0007FFFE005E
:10DCC00007FFFE0007FFF80007C0000007C00000C4
:10DCD00007C0000007C0000007C0000007C0000028
:10DCE00007E0000007FFC00007FFF00007FFF80093
:10DCF00003FFFC000001FE0000007E0000003F006A
:10DD000000003F0000001F0000001F0000003F0057
:10DD100000003F0000007E000F81FE001FFFFC009E
:10DD20001FFFF8000FFFF00003FFC000000000001D
:10DD300000000000000000000000000000000000E3
:10DD400000000000000000000000000000000000D3
:10DD500000000000000000000000000000000000C3
:10DD600000000000000000000000000000000000B3
:10DD700000000000000000000000000000000000A3
:10DD80000000000000000000000000000003C000D0
:10DD9000000FE000001FC000003F0000007E0000F8
:10DDA00000FC000001F8000003F0000003E00000A8
:10DDB00007C0000007C000000F8000000F9FF000A8
:10DDC0000F7FFC001FFFFC001FF1FE001FC07F0043
:10DDD0001F803F001F001F001F001F001F001F00AB
:10DDE0001F001F001F001F001F001F001F803F009B
:10DDF0000FE0FE000FFFFE0007FFFC0003FFF8002E
:10DE000000FFE00000000000000000000000000033
:10DE10000000000000000000000000000000000002
:10DE200000000000000000000000000000000000F2
:10DE300000000000000000000000000000000000E2
:10DE400000000000000000000000000000000000D2
:10DE500000000000000000000000000000000000C2
:10DE6000000000001FFFFE003FFFFF003FFFFF001C
:10DE70001FFFFF000FFFFF0000003F0000003E00FB
:10DE800000007E0000007C000000FC000000F800A4
:10DE90000001F8000001F0000003F0000003F000B2
:10DEA0000007E0000007E0000007C000000FC0000E
:10DEB000000F8000001F8000001F0000003F0000D6
:10DEC000003E0000007E0000007E000000FC00001C
:10DED00000FC000000F8000000F800000000000056
:10DEE0000000000000000000000000000000000032
:10DEF0000000000000000000000000000000000022
:10DF00000000000000000000000000000000000011
:10DF10000000000000000000000000000000000001
:10DF200000000000000000000000000000000000F1
:10DF3000000000000000000000000000007FC000A2
:10DF400001FFF00003FFF80007FFFC000FE0FE00F8
:10DF50000FC07E000F803E001F803F000F803E00FC
:10DF60000F803E000F803E0007E0FC0003FFF8003A
:10DF700001FFF00000FFE00003FFF80007FBFC00DA
:10DF80000FC07E001F803F001F001F001F001F00EA
:10DF90001F001F001F001F001F001F001F803F00E9
:10DFA0000FE0FF000FFFFE0007FFFC0003FFF8007B
:10DFB00000FFE00000000000000000000000000082
:10DFC0000000000000000000000000000000000051
:10DFD0000000000000000000000000000000000041
:10DFE0000000000000000000000000000000000031
:10DFF0000000000000000000000000000000000021
:10E000000000000000000000000000000000000010
:10E010000000000000FFC00001FFF00007FFFC004F
:10E020000FFFFE000FE0FE001F803F001F001F00DB
:10E030001F001F001F001F001F001F001F001F00E8
:10E040001F001F001F803F001FC07F000FF1FF0057
:10E050000FFFFF0007FFDE0001FF3E0000383E001B
:10E0600000007C0000007C000000F8000001F800C7
:10E070000003F0000007E000000FC000001F800058
:10E08000007F000000FE0000007C00000000000097
:10E090000000000000000000000000000000000080
:10E0A0000000000000000000000000000000000070
:10E0B0000000000000000000000000000000000060
:10E0C0000000000000000000000000000000000050
:10E0D0000000000000000000000000000000000040
:10E0E0000000000000000000000000000000000030
:10E0F0000000000000000000000000000000000020
:10E10000000000000000000000000000000000000F
:10E1100000000000000000000000000000000000FF
:10E1200000000000000000000000000000000000EF
:10E1300000000000000000000000000000000000DF
:10E140000000000000000000001F0000003F8000F1
:10E15000007FC000007FC000007FC000003F800043
:10E16000001F000000000000000000000000000090
:10E17000000000000000000000000000000000009F
:10E18000000000000000000000000000000000008F
:10E19000000000000000000000000000000000007F
:10E1A000000000000000000000000000000000006F
:10E1B000000000000000000000000000000000005F
:10E1C000000000000000000000000000000000004F
:10E1D000000000000000000000000000000000003F
:10E1E000000000000000000000000000000000002F
:10E1F000000000000000000000000000000000001F
:10E20000000000000000000000000000000000000E
:10E2100000000000000000000000000000000000FE
:10E2200000000000000000000000000000000000EE
:10E2300000000000000000000000000000000000DE
:10E2400000000000000000000000000000000000CE
:10E2500000000000000000000000000000000000BE
:10E2600000000000000000000000000074D7050856
:10E27000B8B90708000000003600000000000000E8
:10E28000000000000000000000000000000000008E
:10E29000000000000000000000000000000000007E
:10E2A000000000000000000000000000000000006E
:10E2B000000000000000000000000000000000005E
:10E2C000000000000000000000000000000000004E
:10E2D000000000000000000000000000000000003E
:10E2E0000000000007FFFC001FFFFF001FFFFF00F2
:10E2F0001FFFFF0000000000000000000000000001
:10E30000000000000000000000000000000000000D
:10E3100000000000000000000000000000000000FD
:10E3200000000000000000000000000000000000ED
:10E3300000000000000000000000000000000000DD
:10E3400000000000000000000000000000000000CD
:10E3500000000000000000000000000000000000BD
:10E3600000000000000000000000000000000000AD
:10E37000000000000000000000000000000000009D
:10E3800000000000007FC00000FFF00003FFF80065
:10E3900003FFFC0007E0FC000FC07E000F803E0082
:10E3A0000F803E001F003F001F007F001F01FF0085
:10E3B0001F03FF001E07FF001E0FEF001E3FCF00D0
:10E3C0001E7F8F001EFE0F001FFC0F001FF81F0096
:10E3D0001FF01F001FC01F001F801F000F803E0086
:10E3E0000F803E000FC07E0007E0FC0007FFF80032
:10E3F00003FFF80001FFF000007FC00000000000F4
:10E40000000000000000000000000000000000000C
:10E4100000000000000000000000000000000000FC
:10E4200000000000000000000000000000000000EC
:10E4300000000000000000000000000000000000DC
:10E4400000000000000000000000000000000000CC
:10E45000000000000000000000000000003F00007D
:10E46000007F800001FF800003FF800007FF800025
:10E470000FE780000F8780000F0780000C078000E7
:10E480000007800000078000000780000007800070
:10E490000007800000078000000780000007800060
:10E4A0000007800000078000000780000007800050
:10E4B0000007800000078000000780000007800040
:10E4C000000780000FFFFF800FFFFF800FFFFF801E
:10E4D0000FFFFF000000000000000000000000002F
:10E4E000000000000000000000000000000000002C
:10E4F000000000000000000000000000000000001C
:10E50000000000000000000000000000000000000B
:10E5100000000000000000000000000000000000FB
:10E5200000000000000000000000000000000000EB
:10E530000000000001FFE00007FFF0000FFFFC00FB
:10E540000FFFFC0007807E0000003E0000003E0040
:10E5500000001E0000001E0000001E0000003E0023
:10E5600000003E0000007C000000FC000001F800FC
:10E570000003F0000007E000000FC000001F800053
:10E58000003F0000007E000000FC000001F80000D9
:10E5900003F0000007E000000FC000001FFFFF00B5
:10E5A0001FFFFF001FFFFF000FFFFF000000000024
:10E5B000000000000000000000000000000000005B
:10E5C000000000000000000000000000000000004B
:10E5D000000000000000000000000000000000003B
:10E5E000000000000000000000000000000000002B
:10E5F000000000000000000000000000000000001B
:10E6000000000000000000000000000003FF800088
:10E6100007FFE0000FFFF0000FFFF8000701FC000C
:10E6200000007C0000007C0000007C0000007C00FA
:10E6300000007C000000F8000003F80000FFF0007C
:10E6400001FFE00001FFF00001FFF8000007FC00FF
:10E6500000007E0000003E0000001E0000001F00C1
:10E6600000001F0000001F0000003E0000003E00F0
:10E670000E00FE001FFFFC001FFFF8000FFFF00060
:10E6800003FFC000000000000000000000000000C8
:10E69000000000000000000000000000000000007A
:10E6A000000000000000000000000000000000006A
:10E6B000000000000000000000000000000000005A
:10E6C000000000000000000000000000000000004A
:10E6D000000000000000000000000000000000003A
:10E6E000000000000001F0000001F0000003F8004D
:10E6F0000007F8000007F800000FF800001FF800FE
:10E70000001FF800003EF800007CF800007CF800D4
:10E7100000F8F80001F0F80001F0F80003E0F8005C
:10E7200007C0F80007C0F8000F80F8001F80F8004D
:10E730001FFFFF001FFFFF801FFFFF801FFFFF80E5
:10E740000000F8000000F8000000F8000000F800E9
:10E750000000F8000000F8000000F00000000000D9
:10E7600000000000000000000000000000000000A9
:10E770000000000000000000000000000000000099
:10E780000000000000000000000000000000000089
:10E790000000000000000000000000000000000079
:10E7A0000000000000000000000000000000000069
:10E7B00000000000000000000000000003FFFC005B
:10E7C00007FFFE0007FFFE0007FFFE0007C0000076
:10E7D00007C0000007C0000007C0000007C000001D
:10E7E00007C0000007C0000007C0000007FFC0000E
:10E7F00007FFF00007FFF80001FFFC000001FE002A
:10E8000000007E0000003E0000001E0000001F000F
:10E8100000001F0000001F0000003E0000003E003E
:10E820000E00FE001FFFFC001FFFF8000FFFF000AE
:10E8300003FFC00000000000000000000000000016
:10E8400000000000000000000000000000000000C8
:10E8500000000000000000000000000000000000B8
:10E8600000000000000000000000000000000000A8
:10E870000000000000000000000000000000000098
:10E880000000000000000000000000000000000088
:10E89000000000000003C000000FC000001F800047
:10E8A000003F0000007E000000FC000001F80000B6
:10E8B00001F0000003E0000003C00000078000003A
:10E8C000078000000F1FF0000F7FF8001FFFFC0003
:10E8D0001FE0FE001F803E001F001F001F001F00E2
:10E8E0001E000F001E000F001E000F001F001F0063
:10E8F0001F001F001F803F000FC07E000FFFFE00A3
:10E9000007FFFC0001FFF00000FFE0000000000036
:10E9100000000000000000000000000000000000F7
:10E9200000000000000000000000000000000000E7
:10E9300000000000000000000000000000000000D7
:10E9400000000000000000000000000000000000C7
:10E9500000000000000000000000000000000000B7
:10E960000000000000000000000000001FFFFE008B
:10E970001FFFFF001FFFFF001FFFFF0000003F0001
:10E9800000003E0000003E0000007C0000007C0013
:10E99000000078000000F8000000F8000001F0001E
:10E9A0000001F0000003E0000003E0000007C000E9
:10E9B0000007C000000F8000000F8000000F8000E3
:10E9C000001F0000001F0000003E0000003E00008D
:10E9D000007C0000007C000000FC000000F800004B
:10E9E00000F800000000000000000000000000002F
:10E9F0000000000000000000000000000000000017
:10EA00000000000000000000000000000000000006
:10EA100000000000000000000000000000000000F6
:10EA200000000000000000000000000000000000E6
:10EA300000000000000000000000000000000000D6
:10EA400000000000007FC00001FFF00003FFF8009D
:10EA500007FFFC000FC07E000F803E000F803E00CD
:10EA60000F001E000F001E000F803E000F803E00B2
:10EA700007C07C0003FFF80001FFF00000FFE0008A
:10EA800003FFF80007E0FC000F803E001F001F009E
:10EA90001F001F001E000F001E000F001F001F00A0
:10EAA0001F001F001F803F000FC07E000FFFFE00F1
:10EAB00007FFFC0003FFF80000FFE000000000007B
:10EAC0000000000000000000000000000000000046
:10EAD0000000000000000000000000000000000036
:10EAE0000000000000000000000000000000000026
:10EAF0000000000000000000000000000000000016
:10EB00000000000000000000000000000000000005
:10EB1000000000000000000000000000007FC000B6
:10EB200001FFF00007FFFC0007FFFC000FC07E00A4
:10EB30001F803F001F001F001F001F001E000F004E
:10EB40001E000F001E000F001F001F001F001F00EF
:10EB50001F803F000FE0FF0007FFFF0003FFDE0004
:10EB600001FF9E0000383E0000003C0000007C00D9
:10EB70000000F8000001F0000001F0000007E000D4
:10EB8000000FC000001F8000003F0000007E00005A
:10EB900000780000000000000000000000000000FD
:10EBA0000000000000000000000000000000000065
:10EBB0000000000000000000000000000000000055
:10EBC0000000000000000000000000000000000045
:10EBD0000000000000000000000000000000000035
:10EBE0000000000000000000000000000000000025
:10EBF0000000000000000000000000000000000015
:10EC00000000000000000000000000000000000004
:10EC100000000000000000000000000000000000F4
:10EC200000000000000000000000000000000000E4
:10EC300000000000000000000000000000000000D4
:10EC400000000000000000000000000000000000C4
:10EC5000000E0000003F8000003F8000003F800069
:10EC6000003F8000003F8000001F00000000000007
:10EC70000000000000000000000000000000000094
:10EC80000000000000000000000000000000000084
:10EC90000000000000000000000000000000000074
:10ECA0000000000000000000000000000000000064
:10ECB0000000000000000000000000000000000054
:10ECC0000000000000000000000000000000000044
:10ECD0000000000000000000000000000000000034
:10ECE0000000000000000000000000000000000024
:10ECF0000000000000000000000000000000000014
:10ED00000000000000000000000000000000000003
:10ED100000000000000000000000000000000000F3
:10ED200000000000000000000000000000000000E3
:10ED300000000000000000000000000000000000D3
:10ED400000000000000000000000000000000000C3
:10ED500000000000000000000000000000000000B3
:10ED600000000000000000000000000000000000A3
:10ED7000000000007CE20508B8B9070800000000A8
:10ED8000360000000000000000000000000000004D
:10ED90000000000000000000000000000000000073
:10EDA0000000000000000000000000000000000063
:10EDB0000000000000000000000000000000000053
:10EDC0000000000000000000000000000000000043
:10EDD0000000000000000000000000000000000033
:10EDE0000000000000000000000000000000000023
:10EDF0000000000000000000000000000FFFFFF016
:10EE00001FFFFFF81FFFFFF81FFFFFF81FFFFFF8AE
:10EE10000FFFFFF0000000000000000000000000F5
:10EE200000000000000000000000000000000000E2
:10EE300000000000000000000000000000000000D2
:10EE400000000000000000000000000000000000C2
:10EE500000000000000000000000000000000000B2
:10EE600000000000000000000000000000000000A2
:10EE70000000000000000000000000000000000092
:10EE80000000000000000000000000000000000082
:10EE90000000000000000000000000000000000072
:10EEA0000000000000000000000000000000000062
:10EEB000000000000000000000018000003FFC0096
:10EEC000007FFF0001FFFF8003FFFFC003FFFFE0A3
:10EED00007FFFFE00FFC3FF00FF81FF00FF00FF0FF
:10EEE0001FF00FF81FE01FF81FE03FF81FE07FF84A
:10EEF0001FE0FFF81FE3FFF83FC7FFFC3FCFFFFC19
:10EF00003FDFFBFC3FFFF3FC3FFFE3FC1FFF87F805
:10EF10001FFF07F81FFE07F81FFC07F81FF007F890
:10EF20001FF00FF80FF00FF00FF81FF00FFC3FE08D
:10EF300007FFFFE003FFFFC003FFFFC001FFFF80EB
:10EF4000007FFE00003FF80000000000000000000D
:10EF500000000000000000000000000000000000B1
:10EF600000000000000000000000000000000000A1
:10EF70000000000000000000000000000000000091
:10EF80000000000000000000000000000000000081
:10EF90000000000000000000000000000000000071
:10EFA0000000000000000000000000000000000061
:10EFB000000000000000000000008000000FF800CA
:10EFC000003FF800007FFC0001FFFC0003FFFC0095
:10EFD00007FFFC000FFFFC000FFFFC000FFFFC0011
:10EFE0000FF3FC000FC3FC000783FC000003FC00D0
:10EFF0000003FC000003FC000003FC000003FC0015
:10F000000003FC000003FC000003FC000003FC0004
:10F010000003FC000003FC000003FC000003FC00F4
:10F020000003FC000003FC000003FC0003FFFFF0F2
:10F030000FFFFFFC0FFFFFFC0FFFFFFC0FFFFFFCAC
:10F040000FFFFFFC07FFFFF80000000000000000BA
:10F0500000000000000000000000000000000000B0
:10F0600000000000000000000000000000000000A0
:10F070000000000000000000000000000000000090
:10F080000000000000000000000000000000000080
:10F090000000000000000000000000000000000070
:10F0A0000000000000000000000000000000000060
:10F0B00000000000000000000003000000FFFC0052
:10F0C00003FFFF0007FFFFC00FFFFFE00FFFFFE0A0
:10F0D0000FFFFFF00FE01FF003800FF000000FF8AC
:10F0E000000007F8000007F8000007F800000FF024
:10F0F00000000FF000001FF000003FE000007FE084
:10F100000000FFC00001FF800003FF00000FFE00B1
:10F11000001FFC00003FF800007FF00000FFE0004F
:10F1200001FFC00003FF000007FE00000FFE00000B
:10F130001FFFFFF81FFFFFF81FFFFFFC0FFFFFFC83
:10F140000FFFFFF803FFFFF00000000000000000C9
:10F1500000000000000000000000000000000000AF
:10F16000000000000000000000000000000000009F
:10F17000000000000000000000000000000000008F
:10F18000000000000000000000000000000000007F
:10F19000000000000000000000000000000000006F
:10F1A000000000000000000000000000000000005F
:10F1B00000000000000000000006000001FFF80051
:10F1C00003FFFE0007FFFF0007FFFF8007FFFFC0F0
:10F1D00007FFFFC003E07FE000003FE000001FE00A
:10F1E00000001FE000001FE000003FE000007FC0C3
:10F1F000001FFFC000FFFF8000FFFF0000FFFC00BA
:10F2000000FFFF8000FFFFC0007FFFE000007FF0F5
:10F2100000001FF000000FF8000007F8000007F8DA
:10F22000000007F800000FF000001FF007C03FF0DB
:10F230000FFFFFE01FFFFFE01FFFFFC00FFFFF807A
:10F2400007FFFE0000FFF8000000000000000000C3
:10F2500000000000000000000000000000000000AE
:10F26000000000000000000000000000000000009E
:10F27000000000000000000000000000000000008E
:10F28000000000000000000000000000000000007E
:10F29000000000000000000000000000000000006E
:10F2A000000000000000000000000000000000005E
:10F2B00000000000000000000000000000007F00CF
:10F2C0000000FF800000FFC00001FFC00003FFC07E
:10F2D0000003FFC00007FFC0000FFFC0000FFFC00A
:10F2E000001FFFC0003FFFC0003FFFC0007FFFC006
:10F2F00000FFBFC001FF3FC001FE3FC003FE3FC093
:10F3000007FC3FC007F83FC00FF83FC01FF03FC0E9
:10F310001FF03FC03FFFFFF83FFFFFFC3FFFFFFE36
:10F320003FFFFFFE1FFFFFFC0FFFFFFC00003FC081
:10F3300000003FC000003FC000003FC000003FC0D1
:10F3400000003FC000001F8000000000000000001F
:10F3500000000000000000000000000000000000AD
:10F36000000000000000000000000000000000009D
:10F37000000000000000000000000000000000008D
:10F38000000000000000000000000000000000007D
:10F39000000000000000000000000000000000006D
:10F3A000000000000000000000000000000000005D
:10F3B00000000000000000000000000000FFFFE06F
:10F3C00003FFFFF003FFFFF007FFFFF007FFFFF071
:10F3D00007FFFFE007FE000007FC000007F8000041
:10F3E00007F8000007F8000007F8000007FC00001D
:10F3F00007FFF80007FFFE0007FFFF8003FFFFC0C5
:10F4000003FFFFE000FFFFE00000FFF000001FF03F
:10F4100000000FF000000FF8000007F8000007F8E8
:10F42000000007F800000FF000001FF007C03FF0D9
:10F430000FFFFFE01FFFFFE01FFFFFC00FFFFF8078
:10F4400007FFFE0000FFF8000000000000000000C1
:10F4500000000000000000000000000000000000AC
:10F46000000000000000000000000000000000009C
:10F47000000000000000000000000000000000008C
:10F48000000000000000000000000000000000007C
:10F49000000000000000000000000000000000006C
:10F4A000000000000000000000000000000000005C
:10F4B0000000000000000000000010000001FC003F
:10F4C0000003FE00000FFC00001FFC00003FF000E6
:10F4D000007FE00000FFC00000FF000001FE000010
:10F4E00003FE000003FC000007F8000007F800001E
:10F4F0000FF0FC000FF7FF000FEFFFC00FFFFFE062
:10F500001FFFFFF01FFFFFF01FF81FF81FE007F8B5
:10F510001FE007F81FC003F81FC003F81FC003F85F
:10F520001FC003F81FE007F81FE007F80FF00FF8FF
:10F530000FFFFFF007FFFFF007FFFFE003FFFFC033
:10F5400000FFFF00003FFC00000000000000000082
:10F5500000000000000000000000000000000000AB
:10F56000000000000000000000000000000000009B
:10F57000000000000000000000000000000000008B
:10F58000000000000000000000000000000000007B
:10F59000000000000000000000000000000000006B
:10F5A000000000000000000000000000000000005B
:10F5B0000000000000000000000000001FFFFFE04E
:10F5C0003FFFFFF03FFFFFF83FFFFFF83FFFFFF86F
:10F5D0001FFFFFF800001FF800000FF800000FF0F9
:10F5E00000001FF000001FE000003FE000003FC0EF
:10F5F00000007FC000007F800000FF800000FF004F
:10F600000001FF000001FE000003FE000003FC00FB
:10F610000007FC000007F800000FF800000FF000E2
:10F62000001FF000001FE000003FE000003FC000AE
:10F63000007FC000007F800000FF800000FF00000E
:10F6400000FF000000FE00000000000000000000BD
:10F6500000000000000000000000000000000000AA
:10F66000000000000000000000000000000000009A
:10F67000000000000000000000000000000000008A
:10F68000000000000000000000000000000000007A
:10F69000000000000000000000000000000000006A
:10F6A000000000000000000000000000000000005A
:10F6B000000000000000000000018000003FFC008E
:10F6C00000FFFF0003FFFFC007FFFFE007FFFFE0B1
:10F6D0000FFFFFF00FF81FF00FF00FF01FF00FF803
:10F6E0001FE007F80FF007F00FF00FF00FF81FF012
:10F6F00007FFFFE003FFFFC001FFFF80007FFE0068
:10F7000001FFFF8007FFFFE00FFFFFF00FF81FF082
:10F710001FE007F81FE007F83FC003FC3FC003FCF1
:10F720003FC003FC3FE007FC1FF00FF81FF81FF875
:10F730001FFFFFF80FFFFFF007FFFFE003FFFFC011
:10F7400000FFFF00003FFC00000000000000000080
:10F7500000000000000000000000000000000000A9
:10F760000000000000000000000000000000000099
:10F770000000000000000000000000000000000089
:10F780000000000000000000000000000000000079
:10F790000000000000000000000000000000000069
:10F7A0000000000000000000000000000000000059
:10F7B00000000000000000000003C000003FFC004B
:10F7C00000FFFF0003FFFFC007FFFFE00FFFFFE0A8
:10F7D0000FFE7FF01FF00FF01FE007F81FE007F8A3
:10F7E0001FC003F81FC003F81FC003F81FC003F8B1
:10F7F0001FE007F81FF00FF81FF81FF80FFFFFF8C2
:10F8000007FFFFF807FFFFF003FFF7F000FFCFF05F
:10F81000001E0FF000001FE000001FE000003FC0CE
:10F8200000007FC000007F800001FF000003FF0098
:10F830000007FE00000FFC00003FF800003FF00052
:10F84000007FC000003F80000000000000000000BA
:10F8500000000000000000000000000000000000A8
:10F860000000000000000000000000000000000098
:10F870000000000000000000000000000000000088
:10F880000000000000000000000000000000000078
:10F890000000000000000000000000000000000068
:10F8A0000000000000000000000000000000000058
:10F8B0000000000000000000000000000000000048
:10F8C0000000000000000000000000000000000038
:10F8D0000000000000000000000000000000000028
:10F8E0000000000000000000000000000000000018
:10F8F0000000000000000000000000000000000008
:10F9000000000000000000000000000000000000F7
:10F9100000000000000000000000000000000000E7
:10F9200000018000000FF000001FF800001FF80029
:10F93000003FFC00003FFC00003FFC00001FF800FF
:10F94000001FF800000FF0000000000000000000A1
:10F9500000000000000000000000000000000000A7
:10F960000000000000000000000000000000000097
:10F970000000000000000000000000000000000087
:10F980000000000000000000000000000000000077
:10F990000000000000000000000000000000000067
:10F9A0000000000000000000000000000000000057
:10F9B0000000000000000000000000000000000047
:10F9C0000000000000000000000000000000000037
:10F9D0000000000000000000000000000000000027
:10F9E0000000000000000000000000000000000017
:10F9F0000000000000000000000000000000000007
:10FA000000000000000000000000000000000000F6
:10FA100000000000000000000000000000000000E6
:10FA200000000000000000000000000000000000D6
:10FA300000000000000000000000000000000000C6
:10FA400000000000000000000000000000000000B6
:10FA500000000000000000000000000000000000A6
:10FA60000000000000000000000000000000000096
:10FA70000000000000000000000000000000000086
:10FA80000000000084ED0508B8B907080000000078
:10FA90004000000000000000000000000000000026
:10FAA0000000000000000000000000000000000056
:10FAB0000000000000000000000000000000000046
:10FAC0000000000000000000000000000000000036
:10FAD0000000000000000000000000000000000026
:10FAE000000000000001FE0000000FFFC000003F0A
:10FAF000FFF000007FFFF80000FFFFFC0001FFFFA8
:10FB0000FE0003FFFFFF0003FFFFFF0007FF87FF6B
:10FB10008007FE01FF800FFE01FFC00FFC00FFC049
:10FB20000FFC00FFC00FF801FFC01FF803FFE01F2C
:10FB3000F807FFE01FF81FFFE01FF83FFFE01FF08E
:10FB40007FFFE01FF0FFFFE01FF3FFFFE01FF7FF65
:10FB5000FFE01FFFFF3FE01FFFFE3FE01FFFFC3FF6
:10FB6000E01FFFF83FE01FFFE07FE01FFFC07FE0E6
:10FB70001FFF807FE00FFF007FC00FFC007FC00FE2
:10FB8000FC00FFC00FFC00FFC007FE01FF8007FF65
:10FB900003FF8007FF87FF0003FFFFFF0001FFFF58
:10FBA000FE0001FFFFFE0000FFFFFC00007FFFF8EA
:10FBB00000001FFFE0000007FF8000000078000049
:10FBC0000000000000000000000000000000000035
:10FBD0000000000000000000000000000000000025
:10FBE0000000000000000000000000000000000015
:10FBF0000000000000000000000000000000000005
:10FC000000000000000000000000000000000000F4
:10FC100000000000000000000000000000000000E4
:10FC200000000000000000000000000000000000D4
:10FC300000000000000000000000000000000000C4
:10FC400000000000000000000000000000000000B4
:10FC500000000000000000000000000000000000A4
:10FC60000000FE00000003FF8000000FFF80000086
:10FC70001FFFC000007FFFC00000FFFFC00001FFAA
:10FC8000FFC00003FFFFC00007FFFFC00007FFFF2A
:10FC9000C00007FFFFC00007FEFFC00007F87FC0DD
:10FCA0000007F07FC00003E07FC00000007FC000BD
:10FCB00000007FC00000007FC00000007FC0000087
:10FCC000007FC00000007FC00000007FC000000077
:10FCD0007FC00000007FC00000007FC00000007FE8
:10FCE000C00000007FC00000007FC00000007FC097
:10FCF0000000007FC00000007FC00000007FC00047
:10FD000000007FC00000007FC00000007FC0000333
:10FD1000FFFFFFE007FFFFFFF007FFFFFFF00FFF10
:10FD2000FFFFF00FFFFFFFF007FFFFFFF007FFFFF0
:10FD3000FFE003FFFFFFC000000000000000000024
:10FD400000000000000000000000000000000000B3
:10FD500000000000000000000000000000000000A3
:10FD60000000000000000000000000000000000093
:10FD70000000000000000000000000000000000083
:10FD80000000000000000000000000000000000073
:10FD90000000000000000000000000000000000063
:10FDA0000000000000000000000000000000000053
:10FDB0000000000000000000000000000000000043
:10FDC0000000000000000000000000000000000033
:10FDD000000000000000000000000000000FFE0016
:10FDE00000007FFFE00001FFFFF80003FFFFFC00C1
:10FDF00007FFFFFE000FFFFFFF000FFFFFFF800761
:10FE0000FFFFFF8007F803FF8003E001FFC0000051
:10FE100000FFC0000000FFC0000000FFC0000000A5
:10FE20007FC0000000FFC0000000FFC0000000FF16
:10FE300080000001FF80000003FF80000007FF003A
:10FE400000000FFF0000001FFE0000003FFC00004C
:10FE5000007FFC000000FFF8000001FFF00000033D
:10FE6000FFC0000007FF8000001FFF0000003FFEF2
:10FE70000000007FFC000000FFF8000001FFF00020
:10FE80000003FFE0000007FFC000000FFFFFFF803E
:10FE90000FFFFFFFC00FFFFFFFE00FFFFFFFE00FAF
:10FEA000FFFFFFE00FFFFFFFE007FFFFFFE001FFA5
:10FEB000FFFF8000000000000000000000000000C4
:10FEC0000000000000000000000000000000000032
:10FED0000000000000000000000000000000000022
:10FEE0000000000000000000000000000000000012
:10FEF0000000000000000000000000000000000002
:10FF000000000000000000000000000000000000F1
:10FF100000000000000000000000000000000000E1
:10FF200000000000000000000000000000000000D1
:10FF300000000000000000000000000000000000C1
:10FF400000000000000000000000000000000000B1
:10FF50000000000000000000000FF8000000FFFF9C
:10FF6000800001FFFFE00003FFFFF80007FFFFFC38
:10FF70000007FFFFFC0003FFFFFE0003FFFFFE0082
:10FF800001F80FFF00004007FF00000003FF000022
:10FF90000001FF00000001FF00000003FF0000005F
:10FFA00003FF00000007FE0000003FFE00001FFFEF
:10FFB000FC00003FFFF800007FFFF000007FFFC063
:10FFC00000007FFFF800003FFFFC00003FFFFF0044
:10FFD000000FFFFF00000007FF80000001FF80000E
:10FFE0000000FFC0000000FFC00000007FC0000054
:10FFF000007FC0000000FFC0000000FFC000000044
:020000040806EC
:10000000FFC001C003FF8007FC0FFF800FFFFFFF51
:10001000000FFFFFFF000FFFFFFE000FFFFFFC00C0
:1000200007FFFFF80001FFFFE000007FFF800000F6
:1000300001F00000000000000000000000000000CF
:1000400000000000000000000000000000000000B0
:1000500000000000000000000000000000000000A0
:100060000000000000000000000000000000000090
:100070000000000000000000000000000000000080
:100080000000000000000000000000000000000070
:100090000000000000000000000000000000000060
:1000A0000000000000000000000000000000000050
:1000B0000000000000000000000000000000000040
:1000C0000000000000000000000000000000000030
:1000D00000000000000003E00000000FF800000036
:1000E0000FFC0000001FFC0000003FFE0000003F6E
:1000F000FE0000007FFE000000FFFE000001FFFE8A
:10010000000001FFFE000003FFFE000007FFFE00ED
:100110000007FFFE00000FFFFE00001FFFFE0000B3
:100120001FFFFE00003FFFFE00007FF7FE00007F84
:10013000E7FE0000FFC7FE0001FFC7FE0001FF87CA
:10014000FE0003FF07FE0007FF07FE0007FE07FE95
:10015000000FFC07FE001FFC07FE001FFFFFFF80D3
:100160001FFFFFFFF01FFFFFFFF01FFFFFFFF01F4C
:10017000FFFFFFF01FFFFFFFF00FFFFFFFF003FF88
:10018000FFFFC0000007FE00000007FE00000007A0
:10019000FE00000007FE00000007FE00000007FE52
:1001A00000000003FC00000003F8000000006000F5
:1001B000000000000000000000000000000000003F
:1001C000000000000000000000000000000000002F
:1001D000000000000000000000000000000000001F
:1001E000000000000000000000000000000000000F
:1001F00000000000000000000000000000000000FF
:1002000000000000000000000000000000000000EE
:1002100000000000000000000000000000000000DE
:1002200000000000000000000000000000000000CE
:1002300000000000000000000000000000000000BE
:1002400000000000000000000000000000000000AE
:100250000000000000007FFFFF0001FFFFFF8001A2
:10026000FFFFFF8001FFFFFF8003FFFFFF8003FF11
:10027000FFFF8003FFFFFF0003FFE0000003FF001C
:10028000000003FF00000003FF00000003FF000068
:100290000003FF00000003FF00000003FF00000058
:1002A00003FFF8000003FFFFC00003FFFFF000039F
:1002B000FFFFFC0001FFFFFE0001FFFFFF0000FF4A
:1002C000FFFF00001FFFFF8000000FFF8000000302
:1002D000FFC0000001FFC0000000FFC0000000FFE1
:1002E000C00000007FC00000007FC0000000FFC011
:1002F000000000FFC0000000FFC001C003FF800736
:10030000FC0FFF800FFFFFFF000FFFFFFF000FFF3D
:10031000FFFE000FFFFFFC0007FFFFF80001FFFFDB
:10032000E000007FFF80000001F0000000000000FE
:1003300000000000000000000000000000000000BD
:1003400000000000000000000000000000000000AD
:10035000000000000000000000000000000000009D
:10036000000000000000000000000000000000008D
:10037000000000000000000000000000000000007D
:10038000000000000000000000000000000000006D
:10039000000000000000000000000000000000005D
:1003A000000000000000000000000000000000004D
:1003B000000000000000000000000000000000003D
:1003C00000000000000000000000000000000F809E
:1003D0000000003FE0000000FFE0000001FFE0003F
:1003E0000003FFC0000007FF8000000FFF000000B7
:1003F0001FFC0000003FF80000007FF0000000FF3D
:10040000E0000000FFC0000001FF80000001FF00CD
:10041000000003FF00000003FE00000007FE0000D4
:100420000007FC3FE00007FDFFF8000FFBFFFE00A8
:100430000FFFFFFF000FFFFFFF000FFFFFFF800F09
:10044000FF87FFC01FFE01FFC01FFC00FFC01FF899
:10045000007FE01FF0003FE01FF0003FE01FF000D2
:100460003FE01FF0003FE01FF0003FE01FF8007F7B
:10047000E00FF8007FC00FFC00FFC00FFE01FFC0BF
:1004800007FFFFFF8007FFFFFF8003FFFFFF000163
:10049000FFFFFE0000FFFFFC00003FFFF000000F29
:1004A000FFC0000000780000000000000000000015
:1004B000000000000000000000000000000000003C
:1004C000000000000000000000000000000000002C
:1004D000000000000000000000000000000000001C
:1004E000000000000000000000000000000000000C
:1004F00000000000000000000000000000000000FC
:1005000000000000000000000000000000000000EB
:1005100000000000000000000000000000000000DB
:1005200000000000000000000000000000000000CB
:1005300000000000000000000000000000000000BB
:10054000000000000000000000000000000FFFFF9E
:10055000FF001FFFFFFFC01FFFFFFFC01FFFFFFFC8
:10056000E01FFFFFFFE01FFFFFFFE00FFFFFFFE0C7
:10057000000007FFE0000001FFC0000001FFC00015
:100580000001FF80000001FF80000003FF00000069
:1005900003FF00000007FE00000007FE0000000F40
:1005A000FC0000000FFC0000001FF80000001FF816
:1005B0000000003FF00000003FF00000007FE0007E
:1005C00000007FE0000000FFC0000000FFC000004E
:1005D00001FF80000001FF80000003FF8000000396
:1005E000FF00000007FF00000007FE0000000FFEF4
:1005F0000000000FFC0000001FFC0000001FF800BE
:1006000000003FF80000003FF00000003FF0000055
:10061000007FE00000007FE00000003FC00000001D
:100620000E000000000000000000000000000000BC
:1006300000000000000000000000000000000000BA
:1006400000000000000000000000000000000000AA
:10065000000000000000000000000000000000009A
:10066000000000000000000000000000000000008A
:10067000000000000000000000000000000000007A
:10068000000000000000000000000000000000006A
:10069000000000000000000000000000000000005A
:1006A000000000000000000000000000000000004A
:1006B000000000000000000000000000000000003A
:1006C000000000000001FE0000001FFFE000007FAE
:1006D000FFF80000FFFFFC0001FFFFFE0003FFFF2B
:1006E000FF0007FFFFFF8007FFFFFF8007FF03FFFB
:1006F000C00FFE00FFC00FFC00FFC00FFC00FFC0DA
:100700000FFC00FFC00FFC00FFC007FC00FFC0078C
:10071000FE01FF8007FF87FF8003FFFFFF0001FF4F
:10072000FFFE00007FFFF800001FFFE000007FFFDA
:10073000F80001FFFFFE0003FFFFFF0007FFFFFFC0
:10074000800FFE01FFC00FFC00FFC01FF8007FE01C
:100750001FF8007FE01FF0003FE01FF0003FE01FA8
:10076000F0003FE01FF8007FE01FF8007FE01FFC73
:1007700000FFE00FFF87FFC00FFFFFFFC007FFFF75
:10078000FF8003FFFFFF0001FFFFFE0000FFFFFCF3
:1007900000003FFFF000000FFFC0000000780000E5
:1007A0000000000000000000000000000000000049
:1007B0000000000000000000000000000000000039
:1007C0000000000000000000000000000000000029
:1007D0000000000000000000000000000000000019
:1007E0000000000000000000000000000000000009
:1007F00000000000000000000000000000000000F9
:1008000000000000000000000000000000000000E8
:1008100000000000000000000000000000000000D8
:1008200000000000000000000000000000000000C8
:1008300000000000000000000000000000000000B8
:100840000003FF0000001FFFE000007FFFF8000032
:10085000FFFFFC0001FFFFFE0003FFFFFF0007FF9B
:10086000FFFF800FFF87FF800FFE01FFC00FFC001E
:10087000FFC01FF8007FC01FF0003FE01FF0003FE7
:10088000E01FF0003FE01FF0003FE01FF0003FE0FE
:100890001FF8007FE00FF8007FE00FFC00FFE00F83
:1008A000FE01FFC007FFFFFFC007FFFFFFC003FF00
:1008B000FFFFC001FFFFFFC000FFFE7F80007FFC45
:1008C000FF80000FE0FF80000001FF00000001FF3B
:1008D00000000003FE00000007FE00000007FC000F
:1008E00000000FFC0000001FF80000003FF80000AF
:1008F000007FF0000001FFE0000003FFC000000FD8
:10090000FF8000000FFF0000001FFE0000001FF826
:100910000000000FE00000000200000000000000E6
:1009200000000000000000000000000000000000C7
:1009300000000000000000000000000000000000B7
:1009400000000000000000000000000000000000A7
:100950000000000000000000000000000000000097
:100960000000000000000000000000000000000087
:100970000000000000000000000000000000000077
:100980000000000000000000000000000000000067
:100990000000000000000000000000000000000057
:1009A0000000000000000000000000000000000047
:1009B0000000000000000000000000000000000037
:1009C0000000000000000000000000000000000027
:1009D0000000000000000000000000000000000017
:1009E0000000000000000000000000000000000007
:1009F00000000000000000000000FC00000003FFF9
:100A000000000007FF80000007FF8000000FFFC00C
:100A100000000FFFC000000FFFC000000FFFC0006C
:100A20000007FF80000007FF80000003FF000000B8
:100A300000FC0000000000000000000000000000BA
:100A400000000000000000000000000000000000A6
:100A50000000000000000000003000000001FE0067
:100A6000000003FF00000007FF80000007FF800078
:100A7000000FFFC000000FFFC000000FFFC000000C
:100A800007FF80000007FF80000003FF0000000157
:100A9000FE00000000300000000000000000000028
:100AA0000000000000000000000000000000000046
:100AB0000000000000000000000000000000000036
:100AC0000000000000000000000000000000000026
:100AD0000000000000000000000000000000000016
:100AE0000000000000000000000000000000000006
:100AF00000000000000000000000000000000000F6
:100B000000000000000000000000000000000000E5
:100B100000000000000000000000000000000000D5
:100B200000000000000000000000000000000000C5
:100B300000000000000000000000000000000000B5
:100B400000000000000000000000000000000000A5
:100B50000000000000000000000000000000000095
:100B60000000000000000000000000000000000085
:100B70000000000000000000000000000000000075
:100B80000000000000000000000000000000000065
:100B90000000000000000000000000000000000055
:100BA0000000000000000000000000000000000045
:100BB0000000000000000000000000000000000035
:100BC0000000000000000000000000000000000025
:100BD0000000000000000000000000000000000015
:100BE0000000000000000000000000000000000005
:100BF00000000000000000000000000000000000F5
:100C000000000000000000000000000000000000E4
:100C100000000000000000000000000000000000D4
:100C200000000000000000000000000000000000C4
:100C300000000000000000000000000000000000B4
:100C400000000000000000000000000000000000A4
:100C50000000000000000000000000000000000094
:100C60000000000000000000000000000000000084
:100C70000000000000000000000000000000000074
:100C80000000000000000000000000000000000064
:100C90000000000000000000000000000000000054
:100CA0000000000000000000000000000000000044
:100CB0000000000000000000000000000000000034
:100CC0000000000000000000000000000000000024
:100CD0000000000000000000000000000000000014
:100CE0000000000000000000000000000000000004
:100CF00000000000000000000000000000000000F4
:100D000000000000000000000000000000000000E3
:100D1000000000000000000007FFFFFF800FFFFF42
:100D2000FFC00FFFFFFFC01FFFFFFFE00FFFFFFF30
:100D3000C00FFFFFFFC00FFFFFFFC003FFFFFF005B
:100D400000000000000000000000000000000000A3
:100D50000000000000000000000000000000000093
:100D60000000000000000000000000000000000083
:100D70000000000000000000000000000000000073
:100D80000000000000000000000000000000000063
:100D90000000000000000000000000000000000053
:100DA0000000000000000000000000000000000043
:100DB0000000000000000000000000000000000033
:100DC0000000000000000000000000000000000023
:100DD0000000000000000000000000000000000013
:100DE00094FA0508C8B90708000000004C0000008C
:100DF00029FC29FC29FC49FC29FC29FC2AFC0AFCC9
:100E00000AFC2AFC29FC49FC49FC29FC29FC29FC98
:100E100029FC29FC29FC29FC29FC48FC48FC48FC4D
:100E200029FC29FC29FC4AFC0AFC0AFC29FC29FCB7
:100E300029FC2AFC49FC28FC49FC08FC49FC29FC4B
:100E400029FC29FC48FC48FC49FC49FC48FC28FCDE
:100E500029FC29FC29FC29FC29FC29FC29FC29FC6A
:100E600049FC49FC49FC49FC29FC29FC29FC29FCDA
:100E700029FC49FC49FC29FC29FC29FC29FC29FC0A
:100E800029FC29FC29FC49FC48FC48FC49FC49FC9C
:100E900049FC4AFCE9FB2AFC49FC29FC4AFC29FCE8
:100EA00029FC29FC29FC49FC29FC29FC29FC29FCFA
:100EB00049FC29FC49FC49FC29FC28FC29FC29FCAB
:100EC00029FC29FC29FC29FC29FC29FC49FC49F4C2
:100ED00049F449F449FC29FC29FC29FC49FC49FC5A
:100EE00029FC29FC29FC29FC29FC29FC29FC2AFCD9
:100EF00029FC29FC49FC49FC09FC29FC28FC48FC8C
:100F000029FC49FC28FC49FC49FC49FC49FC29FC1A
:100F100009FC29FC28FC28FC49FC49FC29FC29FC8B
:100F200029FC29FC2AFC29FC29FC29FC29FC29FC98
:100F300029FC29FC28FC29FC49FC49FC49F449FC12
:100F400049FC28FC28FC28FC48FC48FC49FC29FCFE
:100F500029FC29FC29FC29FC29FC29FC29FC29FC69
:100F600029FC29FC4AFC29FC29FC28FC68FC47FCDC
:100F700028FC48FC28FC28FC28FC29FC6AFC29FCED
:100F800047FC05F428FC49FC29FC2AFC29FC29FC27
:100F90002AFC2AFC29FC49FC29FC29FC29FC29FC07
:100FA00029FC29FC29FC29FC29FC29FC29FC29FC19
:100FB00028FC28FC48FC48FC48FC48FC29FC29FC8F
:100FC00028FC28FC48FC28FC29FC29FC29FC29FCDD
:100FD00028FC08F469FC28FC66FC46F448FC48FC44
:100FE00028FC49FC29FC29FC49FC47FC05FD87FD40
:100FF00026F428FC29FC2AFC29FC29FC29FC29FCD4
:1010000049FC48FC49FC49FC29FC29FC29FC29FC39
:1010100029FC29FC29FC29FC29FC29FC29FC28FCA9
:1010200048FC48FC48FC48FC29FC29FC28FC28FC1E
:1010300048FC48FC0AFC0AFC29FC49FC69FC29FC28
:1010400008F448FC69FD27FD67F448FC49FC28FCCE
:1010500028FC29FC29F467F4C3FC23FD25F428FCB3
:1010600029FC29FC29FC29FC29FC49FC48FC48FCFA
:1010700048FC48FC49FC29FC29FC29FC29FC29FCEA
:1010800029FC29FC29FC29FC29FC29FC29FC29FC38
:1010900029FC29FC29FC29FC29FC29FC29FC29FC28
:1010A0000AFC0AFC29FC49FC08F449FC49FC68FCE0
:1010B00026FDE4FC24EC47F428FC29FC49FC69FCEF
:1010C00049F405EC65FDE4FC46F429FC49FC29FCE7
:1010D00029FC29FC49FC49FC48FC48FC48FC48FC2C
:1010E00049FC49FC2AFC2AFC29FC29FC29FC49FC76
:1010F00029FC29FC29FC29FC29FC29FC29FC29FCC8
:1011000029FC29FC29FC29FC29FC29FC2AFC2AFCB5
:1011100029FC49FC49FC29FC49FC27F423EC46FD49
:1011200007FD66F448FC29FC48FC48F468F462D3E7
:1011300067FDE1DB67FC49FC29FC29FC29FC49FC33
:1011400048FC48FC48FC48FC48FC48FC49FC49FC7D
:101150002AFC29FC29FC49FC48FC48FC48FC48FCCA
:1011600029FC29FC2AFC29FC2AFC2AFC2AFC4AFC32
:1011700009FC4AFC29FC49FC29FC29FC49FC29FC06
:1011800029FC29FC29FC49FC66FCE6FC06FD24EC54
:1011900047FC48FC47FC46F467F425EC29FD04E4D1
:1011A00047F469FC29FC29FC4AFC28FC67F426F476
:1011B00006F428FC48FC48FC29FC49FC29FC29FCD5
:1011C00029FC28FC48FC48FC48FC48FC29FC29FC7C
:1011D0002AFC4AFC2AFC4AFC4AFC29F46AFC09F471
:1011E00008FC28F469FC49F429FC49FC49FC49FC49
:1011F00029FC49FC47FC04F447FD43EC24F425F4A6
:1012000081DBA5FCC6FC81D385F404E466F447F4D5
:1012100028F449FC28F468FC44EC48FDACFD48FC8B
:1012200007F469FC28FC28FC49FC29FC29FC28FC63
:1012300028FC28FC28FC29FC29FC4AFC29FC09FC88
:1012400008FC49FC28FC28FC28FC29FC69FC48FC1B
:1012500049FC49FC49FC28FC28FC48FC69FC28F4B2
:1012600027FC66FC64FC82FC45FDC3FCE3FCC2F485
:10127000C2F403FDC2F465FD25FD02E466FC47F4FB
:1012800088FC25EC25FD05FD26F448FC49FC28FCDE
:1012900049FC29FC49FC49FC29FC29FC09FC09FC06
:1012A00029FC29FC29FC29FC29FC49FC49FC28FCD7
:1012B00028FC49FC28FC49FC28FC27FC48FCE6EB00
:1012C00048FC48FC27FC48FC27F467FC66FCE6FC6D
:1012D000C4FCC2FCA1FCC1FCC0FCC0FCC0F4E1FC2D
:1012E000C0F4C1FCA1FC04FD27FD65F403EC48FD3E
:1012F00025FD83F467FC49FC28FC28FC49FC49FCDB
:1013000048FC48FC29FC29FC0AFC2AFC2AFC29FC94
:1013100049FC28F449FC49FC29FC09FC29FC09FC8E
:1013200029FC08FC48FC68FCC4EB8BFDE7FC24F4BA
:1013300067FC27F467FC25F405FDA2FCA1FCC1FCB9
:10134000C0FCC0FCC1FCC0FCC0FCC0FCC0FCC1FCBB
:1013500081F4C2FCA3FC05FD42ECE6FC65F466F4F6
:1013600048FC08F429FC69FC28FC08FC48FC28FC23
:1013700029FC29FC2AFC2AFC2AFC49FC28F449FC0B
:1013800049FC29FC6AFC4BF44BEC8CEC8CEC6CE4D7
:101390008CDC8BDCAADC88DCA7DC29F5A9F447EC23
:1013A00045F447FDA2FCC1FCE1FCA0F4A0FCA0FCBC
:1013B000C1FCA0FCA0FCA0FCE1FCA0FCC1FCC2FCA8
:1013C000A1F481F465FDA4FC87FC48F449FC69FCA8
:1013D00049FC08FC49FC49FC28FC29FC29FC29FCA7
:1013E0002AFC29FC29FC28FC48FC48FC08F44AF4A7
:1013F0006CE48DD48EBC11BDD2A4DADEDAD6FAD676
:1014000098C651A512CE4DC50BDD46D484F4A2FC7E
:10141000A1FCC0FC80F4C1FCE2FCA0F4C1FCA0FC77
:10142000A1FCA0FCA0FCC1FCC1FC80F4E2FCC1FC5E
:10143000A1F425FD46F428F428FC28FC29FC49FCED
:1014400049FC29FC29FC29FC29FC29FC29FC49FC34
:1014500049FC28FC28FC29FC4BECAEDC8EBC97E652
:101460007CEF3CD73EC7DDAEFDA6FDA6FDA63DB791
:10147000FABED7CE53D6CFDDA7D4A4E4C2F4C1FCC4
:10148000C1FCA1FCA1FCC1FCA0FCA0FCC1FCC1FCF6
:10149000A0FCA0FCA1FCC1FCA1FCC1FCC1FC24FD82
:1014A00024EC48FC49FC49FC29FC29FC29FC49FCAA
:1014B00029FC29FC49FC29FC29FC29FC29FC49FCC4
:1014C00029FC4BE4AFC4DBE65EDFBCB6DDB6DDAEC7
:1014D000FFA6FFA6FFA61EA71EA71EA71DA7FDAE5F
:1014E000DCAEFBBE97C66EC5A5DCC2F4A1FCA0FCB9
:1014F000C0FCC1FCA0FCA0FCA0FCC0FC80FCC1FCAA
:10150000A1FCA2FCA2FCA1FCC1FCA2F406FD66F4B5
:1015100048FC29FC09FC29FC29FC29FC29FC49FC84
:1015200049FC29FC4AFC29FC49FC29EC6BE430D538
:101530005DEFDCBEFEA6FF9EFF9E3FA7FF9EFF9EC7
:101540001F9F1F9F1F9F1F9F1F9F1F9F3F9FDE9ECD
:10155000DCA6D8CEAED5A5D4E3F4A1FCA0FCC0FC9B
:10156000C1FCC1FCA0FCA0FCA0FCA0FCC1FCA1FC37
:10157000A1FCC1FCA1F4C2FC46FD23EC46F446F4F8
:1015800067FC06F406EC48FC29FC08F449FC49FC1D
:10159000E8FB29FC29F48CE451C59DEF7BAEFEAE3F
:1015A0001FA7FF9E3FA7FF9EFF9E1F9F1F9F1F9F7E
:1015B0001FA71FA71F9F1F9FFF9E1FA7FEA6FCB66A
:1015C000F9C6F0C5C6D4A3F4A1FCA1FCA1F4E2FCC9
:1015D000A1FCA1FCC1FCC0FCC0FCA0FCA0FCC1FCA7
:1015E000C1FCA1F404FD42EC42EC41E424FD25FDE4
:1015F000C9FD23E449FC49FC29FC09FC49FC2AFCFF
:101600004BE4EFCC9CE7DCAE1EAF3FA73F9F1F9F94
:10161000FF9EFF9EFFA6FF9E1F9F1F9F1F9F1FA74E
:101620001FA71F9FFF9E1FA71FA7DD9E1DA7F9C60F
:10163000AECD85D4A3FCA1FCA1F4C1F4A2FCC1FCF5
:10164000C1FCA0FCA0FCC0FCA0FCA0FCC1FCA1F45F
:10165000C3FC21E4E4F466FD65FD66FDC5F423E406
:1016600048FC29FC09FC2AFC2AFC2BE4CFC47CEFB3
:10167000BBAEFEA61F9FFF9EFF9E1F9F3FA7FF9E24
:10168000FFA6FFA61F9F1F9F1F9F1F9F1F9F1F9F9C
:101690001F9F1F9FFF9E1FA7FE9E1CAFD8C66EC533
:1016A00084E4A1FCC1FCC1F4C1FCC1FCC1FCC1FCCF
:1016B000A0FCA0FCC1FCA1FCA1F4E2FC03FD80CBDA
:1016C00066F4C5E306EC27EC68FC67F449FC49FCCA
:1016D0004AFC2AFC2AF4AEE4F6CD3DC71EA73F9F84
:1016E0001F9F1F9F3FA71F9FFF9EFF9EFFA6FFA656
:1016F0001F9F1F9F1F9F1F9FFF9EFFA6FF9E1F9F55
:101700001F9F1F9F1F9FFE9EFCAE96CEA7D482F404
:10171000C2FCC1F4C0FCC0FCA0FCC1FCA1FCA1FC4B
:10172000A1FCA1FCA1FCE2FC04FDA1D368FC09F42E
:101730004AFC4AFC29FC28FC48FC48FC29FC29F40A
:101740006BF46EC47EE7DEA6FF9E1F9FDF9EFF9EAA
:10175000FF9E1FA7FF9E1FA7FFA6FFA61F9F1F9FFD
:101760001F9F1F9F1F9FFFA61FA7DF9E1F9F1F9FDB
:10177000FF9E1FA71F9FFABE6DD5A5E4A3FCA1FC89
:10178000A0FCA0FCA0FCC1FCA1FCA1FCA0FCA0FC56
:10179000C1FCA1FCE3FC23EC27FC4AFC08FC29FC6F
:1017A00029FC28FC49FC28FC28FC4AF46CE493DD65
:1017B0001EC7FFA61F9F1F9F1F9FFF9EFFA6FFA67E
:1017C000FF9E1FA71FA7FFA61F9F1F9F1F9F1F9F53
:1017D000FFA6FFA6FFA61FA7FF9EFF9E1FA7FF9EB7
:1017E0003F9FFCB653D6C8D4A4ECA2FC81FCC1FC3C
:1017F000C0FCA0FCA1FCA0FCA0FCC1FCA0FCA1FCC6
:1018000004FDC2E348FC29FC28FC28FC29FC49FC17
:1018100069FC08F448FC4AEC8DCC3BFFDDBEFFA61A
:101820001F9F1F9F1F9FFFA6FFA6FFA6FFA6FFA645
:10183000FFA61FA71F9FFF9EFF9EFFA61FA7FFA635
:10184000FFA61FA71F9F1F9F1FA71FA7FF9EFCAEDE
:10185000D7CE6DC5A5DCA3F483F482F4A1FCC0FC53
:10186000C1FCA1FCC1FCA0FCA0FCA2FC47FD25F42E
:1018700048FC29FC08FC49FC29FC09FC08F469FC2B
:1018800029FC6BE48FBC3CE7DDB61FA71F9F1F9FA1
:10189000FF9EFF9EFFA6FFA6FFA61FA71FA7FF9EF6
:1018A000FF9E1F9F1FA71FA7FF9E1FA71FA7FF9E8B
:1018B000FF9EFF9EFFA6FFA61FA73EA71BB7F3AD87
:1018C0002CBD2ACD4BD52AD528D5C6D4C5D4C4E441
:1018D000E3F4C2F4A1FCC2FC63F466F447F468FCD0
:1018E00048FC29FC29FC4AFC29FC29FC49FC8CDC2D
:1018F00074C51DC7FEA61F971F9FFFA61FA71FA782
:101900001FA7FFA61F9FFF9EFF9E1FA71FA71FA722
:10191000FF9E1F9F1F9F1FA71F9F1F9F1FA7FFA601
:10192000FFA61FA71F9FBF8E9D865B865A8E598E6E
:10193000398E3996179E15A6D1B52BBDA6D4C3EC0A
:10194000A1F423FDA4F443EC24EC66F448FC49FC28
:1019500049FC49FC09FC4AFC49FC6CD474B53EBF07
:101960001F9F3F9F3F9F3FA73F9F3F9F3F9F3F9F9F
:101970003F9F3F9F1FA7FF9EFF9E1F9F1F9F1F9F71
:10198000FF9E1F9FFF9E3F9F1F9FFF9E1FA7BE960C
:101990003E7E7F7E5E767F769F769F6E9F769F7679
:1019A0007F765C86389635AEAFBD09CD06E522DC84
:1019B00023DC89FD06FD27FD26EC48F428F449FCCC
:1019C0002AFC09FC29FC8CE494B55EBFFF9E3F9F76
:1019D000FF8EDF8E9F865F7E5F7E7F7EBF86FF8E5F
:1019E0001F971F9F1F9FFF9EFF9E1F9F1FA7FF9E6A
:1019F0001F9FFF963F9F1F9F7E7E3E767F7E5F7E6E
:101A00007F7E7F7E5F765F767F7E7F7E5F7E5E7687
:101A10005D865C865A8E16A6D1D5AAD489E446EC9A
:101A2000E6FCC5FCA9FD04EC48F448F408FC29FCDC
:101A300069FC8CDC95AD5FBFDF967E7E5E765E7660
:101A40007F7E7F7E7F7E7F7E5F765E765E7EBF8ED0
:101A50001F9F1F9FFF9EFF9EFFA61F9FFF9E3F9FF2
:101A6000FF965E7E5F767F767F7E7F7E5F7E7F7E67
:101A70007F7E7F7E5F7E5F7E7F7E9F7E7F7E7F76A6
:101A80009F765C8679BE30BD6BD469ECA6F485FC8C
:101A9000C6FCE4EB27F449FC28FC48FC28F48DDC68
:101AA00056A59E9E1E7E7F7E7F7E5F7E5F7E5F7ED2
:101AB0005F7E5F7E7F7E7F767F7E3E765F7EDF9677
:101AC0001FA7FFA6DF9E1F9F3FA7DF965E7E5F7664
:101AD0009F7E7F7E5F767F7E7F7E5F7E5F7E5F7E86
:101AE0005F7E5F7E5F7E5F7E5F7E7F7E5F7E5E7EEF
:101AF0003C86FBC6CEC48AE467F446F468FC48FC26
:101B000049FC29FC48FC49F46BE48FC43AB65E8E6C
:101B10005F7E7F7E5F7E5F7E5F7E5F7E5F7E5F7EBD
:101B20005F7E7F767F7E7F7E5F7E5E7E9F961FA735
:101B30003FA7FF9EFF9E9E8E3E7E5F767F767F76DE
:101B40007F767F767F7E5F7E7F7E7F7E7F767F76ED
:101B50007F7E5F7E7F7E3F7E5F7E7F7E7F763B8E59
:101B6000D9E68DCC6AEC48FC29FC29FC29FC29FC2F
:101B700049FC6BECD0C4DBD63C8E7F7E5F7E7F7EE3
:101B80007F7E7F7E7F7E5F7E5F7E5F7E5F7E5F7E0D
:101B90007F7E7F7E5F7E5F7E3E7EDF8E3F9F1F9FCC
:101BA000BF8E5E7E5E7E7F7E7F7E5F765F7E7F7E87
:101BB0005F7E5F7E7F7E7F767F767F767F7E5F7EB5
:101BC0007F7E5F7E7F7E5F7E7F7E5D869CAED2A4C1
:101BD0008CDC49FC29FC49FC49FC48FC29F4ADDCBF
:101BE00038C63B967E865F767F7E5F7E7F7E7F7E79
:101BF0007F7E7F7E7F7E7F7E7F7E5F7E7F7E5F7645
:101C00007F7E7F7E5F7E7F7EFF963F9F7F7E5E7EB4
:101C10005F7E7F7E7F7E5F7E7F7E5F7E5F7E5F7E7C
:101C20007F767F767F767F767F7E5F7E5F767F7E34
:101C30005F7E5F7E7F7E5F7E5D86DCC68ECC4AF4F3
:101C400029FC28FC48FC48FC8CEC8EBCFCBE7D8644
:101C50005E767F7E3F767F7E5F7E5F7E7F767F765D
:101C60007F767F767F7E5F7E7F7E5F767F7E7F7EE4
:101C70005F7E3E76BF861F973E765F7E7F7E5F7E6D
:101C80007F7E7F7E7F7E5F7E5F7E5F7E7F767F76DC
:101C90007F767F767F767F767F767F7E7F7E7F7E84
:101CA0005F767F7E3D761EBF6EB44BE44AFC29FC16
:101CB00028FC48FC8ECCF5CD7C967F765F769F869F
:101CC0005F7E5F7E5F7E5F7E7F767F767F767F76CC
:101CD0007F7E7F7E7F7E7F7E5F7E7F7E5F7E7F7E5C
:101CE0007F7E9F863F767F7E7F7E5F7E5F7E7F7E6C
:101CF0007F7E7F7E5F7E5F7E7F767F767F767F765C
:101D00007F767F767F7E5F767F7E7F7E5F767F7E4B
:101D10007F7E5B9694C5CDDC4BF409FC29FC49FC25
:101D2000F1ACDBCE1C865F767F7E5F769F7E7F7612
:101D30005F7E5F7E5F7E7F767F767F767F767F7643
:101D40005F7E7F7E5F7E7F7E7F7E7F7E5F7E5F7E2B
:101D50007F7E7F7E7F7E5F7E7F7E7F7E5F7E7F7EDB
:101D60007F7E7F7E5F7E7F7E7F767F767F767F76CB
:101D70007F7E5F7E5F767F7E7F7E5F767F765C8E06
:101D8000B5AD8EC44CEC2AFC29FC08FCD28CBBB649
:101D90005E867F7E7F763F767F767F765F7E5F7E14
:101DA0005F7E7F7E7F7E7F767F767F765F7E5F7EC3
:101DB0007F7E5F767F7E5F7E5F7E7F7E5F7E5F7EE3
:101DC0005F7E7F7E7F7E7F7E5F7E7F7E7F767F7E73
:101DD0005F7E5F7E7F7E7F767F767F7E5F7E5F7EAB
:101DE0007F7E7F7E7F7E7F767F767D8EDACEEFC4AC
:101DF0004BE409FC29FC29FC526CDDB63D865F7E74
:101E00007F7E7F7E7F7E7F767F7E7F7E5F7E5F7E32
:101E10007F767F767F7E5F7E7F7E5F767F7E5F7E52
:101E20007F7E5F765F7E7F7E5F7E5F7E5F7E7F7E72
:101E30007F7E7F7E7F767F767F767F7E5F7E5F7E12
:101E40007F7E7F767F767F7E5F7E5F7E7F7E7F7EFA
:101E50005F767F7E7F7E1C86DBC6AFB46CE44AFC77
:101E600029FC09FC367D7C9E5E867F7E5F7E7F7EC0
:101E70007F7E7F767F767F7E5F7E5F7E7F767F76DA
:101E80005F7E5F7E7F7E7F7E7F7E7F7E5F767F7ED2
:101E90005F7E5F7E7F7E5F7E7F7E7F7E5F767F7EE2
:101EA0007F7E7F767F767F7E5F7E5F7E5F7E7F76C2
:101EB0007F767F7E5F7E5F7E5F7E7F7E7F7E5E76CB
:101EC0007F7E3C8E1CD7AFBC6BE429FC29FC29FC2F
:101ED00077855C9E5D865F7E7F7E7F7E5F767F7E80
:101EE0007F767F7E5F7E5F7E7F767F765F7E5F7EA2
:101EF0007F7E7F767F767F767F7E7F7E5F7E5F7E52
:101F00005F7E7F7E7F7E7F7E7F767F767F767F7629
:101F10007F767F7E5F7E5F7E5F7E7F7E7F767F7651
:101F20007F7E7F7E5F7E7F7E7F7E5F769F7E5D8E03
:101F300038C6AEC46BEC49FC28FC49FC3164FEB6E3
:101F40005D869F7E5F7E5F767F7E7F767F7E7F7EF3
:101F50005F7E5F7E7F767F767F7E5F7E7F7E7F7611
:101F60007F767F767F7E7F7E5F7E5F7E5F7E5F7E19
:101F70007F7E7F7E7F767F767F767F767F767F7EA1
:101F80005F7E5F7E5F7E5F7E7F767F765F769F7E01
:101F90007F7E5F7E9F7E5F767F763C8EB5C5AED4BA
:101FA0006AEC49FC49FC49FCF38C9BAE5E8E3F76A3
:101FB0007F767F767F767F765F7E5F7E5F7E7F7EB9
:101FC0007F7E7F767F767F767F7E7F7E7F7E7F7E41
:101FD0007F7E7F7E7F7E7F7E7F7E7F7E7F7E7F7E19
:101FE0007F7E7F7E7F7E7F7E7F7E7F767F767F7E19
:101FF0005F7E5F7E7F767F769F767F767F7E7F8631
:102000003F767F7E7F769EA6F1BC8CE469F448F42F
:1020100048F449FCF1ACBACE3D8E7F7E7F7E7F7E58
:102020005F767F765F7E5F7E5F7E7F767F767F7670
:102030007F767F767F7E7F7E7F7E7F7E7F7E7F7EC8
:102040007F7E7F7E7F7E7F7E7F7E7F7E7F7E7F7EA8
:102050007F7E7F7E7F7E7F767F767F765F7E5F7EF0
:102060007F767F769F769F765F765F7E7F7E5F7ED0
:102070003E7EFDBE6FC46BEC49F448FC48F448F466
:10208000AFCC16D61A8E9F765F767F7E7F7E7F7E60
:102090005F7E5F7E7F767F767F767F767F7E7F7EB8
:1020A0007F7E7F7E7F7E7F7E7F7E7F7E7F7E7F7E48
:1020B0007F7E7F7E7F7E7F7E7F7E7F7E7F7E7F7E38
:1020C0005F7E7F7E7F767F765F7E5F7E7F767F76A8
:1020D0007F767F767F7E5F7E5F7E5E865B9E17C6A5
:1020E0006DD44AF449FC48FC48FC48F46CE48EBCCE
:1020F000FDBE7D867F7E3F767F7E7F7E5F7E5F7EBC
:102100007F767F767F767F767F7E5F7E7F7E7F7E27
:102110007F7E7F7E7F7E7F7E7F7E7F7E7F7E7F7ED7
:102120007F7E7F7E7F7E7F7E7F7E7F7E5F7E7F7EE7
:102130007F767F765F7E5F7E7F767F767F765F7647
:102140007F7E5F7E7F7E1B8EDBCEB0B46CE429FC8D
:1021500028FC48FC48FC48FC4AF4ADDC17C63B961A
:102160007E869F7E7F7E5F767F7E7F7E7F7E7F7E88
:102170007F7E7F7E7F7E5F7E7F7E7F7E7F7E7F7E97
:102180007F7E7F7E7F7E7F7E7F7E7F7E7F7E7F7E67
:102190007F7E7F7E7F7E7F7E7F7E7F7E7F767F7E5F
:1021A0005F7E5F7E7F767F765F7E7F7E7F7E5E76E0
:1021B0005C7EFCB631BDADDC4AF408FC29FC28FC91
:1021C00028FC48FC28FC6BECD0C4DBD63B965D8633
:1021D0007E7E7F767F7E7F7E7F7E7F7E7F767F7630
:1021E0007F7E5F7E7F7E7F7E7F7E7F7E7F7E7F7E27
:1021F0007F7E7F7E7F7E7F7E7F7E7F7E7F7E7F7EF7
:102200007F7E7F7E7F767F767F7E5F7E7F7E7F7E16
:102210007F767F763F7E7F863E7E5C86DCA6F6B547
:10222000CED44AEC29FC29FC29FC29FC49FC49FCB8
:1022300027FC29F44CE4B0CCFBDE5A9E7C867E76EB
:102240005F7E5F7E5F7E7F7E9F769F765F765F7E1E
:102250005F7E7F7E7F7E7F7E7F7E7F7E7F7E7F7EB6
:102260007F7E7F7E7F7E7F7E7F7E7F7E7F7E7F768E
:102270007F767F765F7E5F867F7E7F767F767F76D6
:102280007F7E7E7E3B86FCB6D5BDAFCC6BEC29FC59
:1022900029FC29FC29FC29FC29FC29FC48FC28FCF8
:1022A0002AFC4CE4D0C4D5BD1CBF7B963D8E1E8657
:1022B0003F867F7E5F767F767F867F865F7E5F7ECE
:1022C0005F7E5F7E5F7E5F7E5F7E5F7E5F7E5F7E26
:1022D0005F7E5F7E5F7E5F7E5F7E5F7E7F7E5F7EF6
:1022E0005F7E3F7E7F7E7F7E5E863D861B86BCA6B0
:1022F000DAC652B5CECC6BE44AFC08FC29FC29FCBA
:1023000029FC29FC29FC29FC49FC09F449FC29F495
:102310004AECEDE48DB4F5C5FBCEFDB65C8E7E8E49
:102320007E869F8E7E8E5D867E8E7E8E7E8E7E8E5D
:102330007E8E7E8E7E8E7E8E7E8E7E8E7E8E7E8E3D
:102340007E8E7E8E7E8E7E8E7E8E7E869E86BF86E4
:102350007E863C8E9CA6FCBEDAD6F0B4AECC8CDC7D
:102360006AE449F429FC29FC29FC29FC29FC29FC04
:1023700029FC29FC29FC4AFC49FC69FC08FC29F4DD
:102380006BDCCDCCAFAC6F94D6B596A5979D979DE1
:10239000979DB7A5979D979D979D979D979D979D75
:1023A000979D979D979D979D979D979D979D979D8D
:1023B000979D979D769D97A5B795B79597A596AD4F
:1023C00033AD8FA4AECC8DDC2AEC49FC49FC49FC32
:1023D000E8F329FC29FC29FC29FC29FC29FC29FC1F
:1023E00049FC29FC49FC29F449FC49FC4AF48BECE2
:1023F0008BDC8CDC8DDC6DDC6DDC8EDC6DD48EDCFE
:102400008DDC8DDC8DDC8DDC8DDC8DDC8DDC8DDC84
:102410008DDC8DDC8DDC8DDC8DDC8DDC8DDC8DDC74
:102420008EE48DDC8DD4ADDC8DE46DE46CE46CE485
:102430006BEC4AF409FC2AFC29FC29FC4AFC29FC27
:1024400029FC29FC29FC29FC29FC29FC29FC29FC64
:1024500049FC49FC29FC29FC4AFC08F46AFC28ECEC
:1024600049FC29FC09FC29FC4AFC29FC29FC29FC23
:1024700029FC29FC29FC29FC29FC29FC29FC29FC34
:1024800029FC29FC29FC29FC29FC29FC09FC29FC44
:1024900049FC29FC09FC29FC29FC29FC2AFC09FC33
:1024A0000AFC2AFC29FC29FC29FC29FC29FC29FC22
:1024B00029FC29FC29FC29FC36003600F00D060811
:1024C00049F449FC2AFC29FC28FC28FC29FC29FCAD
:1024D00049F449FC09FC29FC0AFC09FC49FC48F4C4
:1024E0006AEC6BE48DD4AED4AECCAECCAFD46ED4AB
:1024F0006DE44BEC6AF428FC48FC28FC49FC49F4E8
:1025000029FC29FC29FC4AFC29FC29FC28FC28FC84
:1025100048FC49FC29FC29FC48FC48FC29FC29FC16
:1025200029FC29FC29FC29FC29FC29FC49FC49FC43
:1025300029FC29FC29FC28FC29FC29FC28F469FC3D
:1025400009FC09FC2AFC4BF48BE4ACDC6DCCAEC47A
:10255000D0BC15DEF9F6B8EE17E6B1BC32D58EC4A4
:10256000ADDC8BE42AEC4AF46AFC28F449FC49FC13
:1025700029FC29FC29FC29FC28FC48FC28FC29FC16
:1025800029FC29FC48FC48FC29FC29FC29FC29FCE5
:1025900029FC29FC29FC29FC28FC29FC29FC29FC14
:1025A00029FC29FC28FC48FC49F429F44AFC09F4DC
:1025B0006BEC8DD4D0BC37CE9DE77DCF5EC71DB709
:1025C000BCAEDDB61EBF3EC71DC79DDF3ADF11B5ED
:1025D000CFCC4CDC29F428FCE8FB29FC49FC29FC85
:1025E00028FC49FC29FC29FC09FC09FC29FC29FCE4
:1025F00029FC29FC29FC29FC29FC29FC29FC29FCB3
:1026000029FC29FC28FC29FC29FC29FC29FC29FCA3
:1026100028FC48FC49F44AF42AF46CE4ADCCB7EE4B
:102620007DDFFDB6FEA61F9FFF9E3F9F1F9FFF9E63
:102630003F9F1F9F1F9FFD9EFCAE5DCF3CF7F1CCDF
:102640006CDC6BF46AFC29FC28FC29FC49FC49FC85
:1026500008F429FC09FC09FC29FC49FC29FC29FC9B
:1026600029FC29FC29FC29FC29FC29FC29FC29FC42
:1026700028FC29FC29FC29FC29FC29FC29FC29FC33
:1026800049FC2AEC6CE410CD9CEFBBB61EB7BD9E96
:10269000FFA61FA7FFA61FA71FA7FF9E1F9FFF9EA6
:1026A0001F9F1F9F1FA7FFAE7CB67EEFF5CDAECC60
:1026B0004AEC28FC49FC29FC29F449FC49FC49FC6A
:1026C00029FC29FC4AF449F429FC29FC2AFC29FCB0
:1026D00029FC29FC29FC29FC29FC29FC28FC29FCD3
:1026E00029FC29FC29FC28FC29FC29FC4AF46CE47F
:1026F00031D57CEFBBAEFE9E1F9F1FA7FFA6DF9EBE
:10270000FFA6FFA6FFA61FA7FF9E1FA71F9F1F9F35
:102710003FA7DF9E1FAF9DAE1CCF3AEFADD44AEC72
:102720004AFC29FC29F44AFC49FC29FC29FC29FC27
:1027300049F449F449FC29FC29FC29FC29FC29FC21
:1027400029FC29FC29FC29FC48FC49FC29FC29FC22
:1027500029FC29FC29FC4AF46BE410D59DEF9CA6CA
:10276000FEA63FA71F9F1F9F1F9F1FA7DFA6FFA6B5
:102770001FA7FF9E1F9FFF9E1F9FFF9EFF9E1FA7DD
:10278000FFA6FEA61DAFDABEB7E6EED40AEC29FC22
:102790004AFC29FC08FC29FC29FC29FC49FC48FCD2
:1027A00048FC48FC28FC29FC29FC29FC29FC29FCC4
:1027B00029FC29FC48F449FC29FC29FC29FC29FCBA
:1027C00029FC6BECAECC7CF79BAE1FA71FA7FF9E2E
:1027D0001F9F1F9F1F9FFF9EFFA6DFA6FFA61FA78D
:1027E000FF9E3F9F1F9F1FA71FA7FF9EFF9E1FA724
:1027F000DE9EFDAE5CD793CD8CE429FC09FC29FC60
:1028000029FC29FC29FC29FC29FC28FC48FC48FC63
:1028100048FC29FC29FC29FC29FC29FC29FC29FC71
:1028200048FC29FC4AFC2AFC29FC4AFC49F48CDCC3
:10283000B9E6BCB6DDA61FA7FF9EFF9E1F9F1F9F88
:102840001F9F1F9FFFA6FFA6FFA6FFA61F9FFF9E1D
:10285000FF9E1FA71FA7FFA61FA71F9FFF9EFFA6E4
:10286000BDAE9EEF6DCC6AEC49F448FC49FC29FCF6
:1028700029FC29FC29FC09FC28FC48FC49FC29FC12
:1028800029FC29FC29FC29FC29FC29FC49FC29FC00
:1028900009F429FC4AFC4AF44AEC8DC45DD71FAF09
:1028A000FEA61FA7FFA61FA71FA7FF9E1F9F1F9F74
:1028B000FFA6FFA6FFA6FF9E1F9F1F9F1FA7FFA6A5
:1028C000FFA6FF9E1FA7FF9EFF9EFFA6FFA6FDC6B9
:1028D000F4DDACDC69EC28FC48FC49FC08FC49FC54
:1028E00009FC2AFC4AFC29F429FC49FC29FC29FCA6
:1028F00029FC29FC29FC29FC2AFC4AFC49FC28FC6F
:1029000049FC4AF4ACDC77EEDCBEFFA61F9F1FA794
:10291000FF9EFFA61FA7FFA6FF9EFF9EFFA6FFA686
:10292000FF9E1F9F1F9F1F9F1F9F1F9F1F9F1F9FD8
:10293000FF9EFF9EFFA61FA7FF9EFDAE9CEFAEBCB5
:102940006BE429FC49FC29FC29FC4AFC09FC29FC14
:1029500009FC4AFC49FC29FC29FC29FC29FC29FC2E
:1029600029FC29FCE9FB29FC29FC28FC49FC4AEC50
:102970008EC47CEFDDAEFF9E1F9F1FA7FFA61FA783
:102980001FA71FA7FF9EFF9EFF9E1FA71FA71FA792
:102990001F9F1F9F1F9F1F9F1F9F1F9FFF9EFF9E89
:1029A000FFA6FF9E1F9FFDA6FCBEB4BD8DCCACEC68
:1029B0002AE46BEC8CEC2AEC4AFC09FC4AFC09FC8E
:1029C00029FC29FC29FC29FC29FC29FC29FC29FCDF
:1029D0002AFC4AFC29FC49FC08FC6BEC31C51BCFE6
:1029E0001EA71F9F1F9FFF9EDF9EFFA61F9FFF9E8C
:1029F0001F9F1F9F1F9F1F9FFFA6FFA6FFA6FFA64B
:102A00001FA7FF9EFF9EFF9EFF9E1F9F1F9FFF9E73
:102A1000FFA6FFA63FB7DCC612B58EB4CFC4CEC4A6
:102A2000AFCC8ED44BE46BF429FC49FC49FC29FC67
:102A300029FC29FC29FC29FC29FC29FC4AFC09FC6D
:102A400029FC08FC28FC8BE4D0A47ECFFFA61F9FA6
:102A50001FA7FF9EFF9EFFA61F9F1FA71FA71F9FC9
:102A60001F9FFF9EFFA6FFA6FFA6FFA61FA7FF9E14
:102A7000FFA61EA7FDA6FDA61FA73FA71FA7FF9E97
:102A80009E96BEA619A6BAC6FAD6BAD696B5B5C54A
:102A90008FB46DC48DDC6BE429EC49FC29FC29FC66
:102AA00029FC29FC29FC29FC29FC49FC28FC69FC9F
:102AB00028F4ACDCDADEBDAEFFA61F9FFF9E1F9F91
:102AC0003FA73FA71FA7FF9EFF9EFFA61FA7FF9E32
:102AD000FF9EFF9E1F9F1FA7FF9EFFA6FDAEDBAEC2
:102AE000B9A6FBA61EA71F9FBF8E5F7E3F7E1E7EE0
:102AF0007E8E3C8E3C8E3D8E5D961B8EFDAEFBBE6B
:102B000016B6AFB48DE42AF429FC29FC29FC29FC73
:102B100029FC29FC49FC28FC29FC29FC49FC8CD413
:102B2000DAD6FEAEFFA61F9F1F9FFF96BF8E9F8E19
:102B30009F8EDF96DF96FF9E1FA71FA71F9F1F9FD9
:102B4000FF9E1F9F1F9F1EAFB9B676B698A61BA704
:102B5000FE9E5D7E5E765F765F7E7F7E7F767F7691
:102B60007F7E5F7E7F7E7F7E9E7E5C7E9B96DBC6C9
:102B700012C58EDC6BEC49F449FC29FC29FC29FCCC
:102B800028FC49FC09FC29FC28FC8CDC1AD71EA770
:102B9000FF96BF867F7E3F7E3F7E3E7E3E765E76A0
:102BA0005E7E5E7E7F86DF961F9F1F9F1F9F1F9FFB
:102BB0001F9FFBAEB3D6AFB5F9B6BC8E5D7E5E7E11
:102BC0005F7E5F7E7F7E7F767F767F767F765F7E9D
:102BD0005F7E7F867F7E5F7E3D7E7D969BA617C64D
:102BE000ADD44AEC49F449FC49FC29FC48FC49FCB9
:102BF00029FC2AFC6AF48DCCDAC6BE965E7E5F762E
:102C00003F765F7E5F7E7F7E7F769F767F767F7E5C
:102C10003F7E3E7E9F861F971FA7FF9EFDA6F8BEA4
:102C20000CD6CCCD77A67C7E5E7E5F7E5F7E5F7E9F
:102C30007F7E7F767F767F767F765F7E5F7E5F7E2C
:102C40005F7E7F7E7F7E5E7E5D7E9BA6B4C5CDDC93
:102C50004AEC49FC29FC6AFC08FC49FC49FC6BF481
:102C60004BE4D0C4FDBE3D7E7F7E5F7E5F7E5F7E97
:102C70007F7E7F767F767F765F767F7E5F7E3F7E0C
:102C80003F767F7EDF963FA7FBB693C687DDEADD02
:102C9000169E3D767F7E7F767F767F767F767F7607
:102CA0007F767F767F767F767F7E5F765F7E7F7EA4
:102CB0007F765F765E7E5C8E1DC7D0AC8CE429F497
:102CC00009FC09FC49FC29FC49FC4BE4CFCC99DE0A
:102CD000FB955E7E7F7E7F7E7F7E5F7E5F7E5F7602
:102CE0007F767F769F7E5F765F767F7E7F7E3E7685
:102CF0007E86DC9EB6C6EDD585EDC9DD379E7F7E2E
:102D00007F7E7F767F767F767F767F767F767F7613
:102D10007F767F767F767F767F7E5F7E5F767F7E33
:102D20009F7E3D7E1B861CCF8ECC6BF44BFC09FC3A
:102D300029FC49FC49F4ADDCF6C53BA65E965F86EE
:102D40005F7E7F767F7E7F7E7F7E7F7E7F7E7F76CB
:102D50007F7E7F767F767F7E7F7E7E7E5E7E18960C
:102D60002EDE86ED85F5CAD538969F7E5F767F7616
:102D70007F765F7E7F7E5F7E5F7E5F7E5F7E7F7E13
:102D80005F769F7E7F7E5F7E5F7E5F7E5F767F7EEB
:102D90007F7E9DA6F2B48EDC2AEC29FC29FC4AFC3D
:102DA0006BE4CFC4DCBE3D863F863F7E7F7E7F7E68
:102DB0007F7E7F767F767F765F7E5F765F767F7EB3
:102DC0009F7E7F767E765D7E5A8EF3ADA8E583FD8D
:102DD00085F5ECD5388E9F767F767F7E5F7E5F7E31
:102DE0005F7E5F7E5F7E5F7E5F7E7F7E7F767F76AB
:102DF0007F765F7E5F7E5F7E5F7E7F767F763D86BD
:102E0000FBD68FBC8CEC29FC08FC4AF4CECC37C630
:102E10003C967F865F7E7F7E7F7E7F7E7F7E5F7635
:102E20007F767F767F7E7F7E7F7E5F7E5F767F761A
:102E30009E767A8614AECDCDA6EDC4FDA5ED0ECE60
:102E4000398E7F767F767F7E5F7E5F7E5F7E7F7E40
:102E50007F767F767F767F769F7E5F767F765F7EDA
:102E60003F7E5F867F863F7E5F7E5E8EFDB6B0A42E
:102E70008CE448FC29FC4BEC8FACFCBE5E865F7694
:102E80007F7E5F765F767F767F7E7F767F767F76CA
:102E90005F7E5F7E3F7E5F7E7F7E7F767D76578E14
:102EA000EEBDA7DDC4F5A4F5A6E50DC6388E9F7668
:102EB0007F767F767F7E7F7E7F767F767F767F765A
:102EC0007F767F767F767F767F7E7F7E7F7E5F7E5A
:102ED0003F7E5F865F7E5E863B8ED5AD8CDC48FC98
:102EE00029FC8CE4D29CBDA65E7E7F767F767F76C1
:102EF0007F767F767F767F765F7E5F7E5F7E5F7E8A
:102F00005F7E5F7E7F7E7D7E5A8614A6C9DDA4F536
:102F1000A3FDC4F5A6E50DC6168E7C7E5D767F7694
:102F20007F767F769F769F767F767F765F7E5F7EE9
:102F30007F7E7F767F767F765F7E5F7E5F7E5F7E41
:102F40005F7E5E865C86B5A5ACDC48FC29FC6DDC4A
:102F5000B7AD7D8E7F7E3F6E7F767F7E7F767F767C
:102F60007F767F765F7E5F7E5F7E7F7E5F7E7F7E09
:102F70007F765B86369E0EBEC6EDA2FDA2FDC3F532
:102F8000C5EDE9D510B655A6379E589E388E388EB9
:102F9000598E598E5B865D865E865F7E7F7E7F76EC
:102FA0007F767F767F7E7F7E7F7E7F7E7F7E5F7E69
:102FB0007D86B79D8CD448FC29FC8EDCD89D7E860E
:102FC0005F7E7F7E5F767F7E7F767F767F767F7E79
:102FD0005F7E5F7E7F7E7F767F767F767F76598687
:102FE000EFBDC8DDC4F5A2FDA1FDA2FDA3FDA4EDCA
:102FF000C6E5A7E5C9E5C9DDEBD50CCEEEC50FBE2C
:1030000011B615A65B8E5F7E7F767F767F7E5F7EB4
:103010007F767F767F767F767F765F7EBF86979599
:103020008DDC48FC09FC8EDC97959F7E7F7E7F7E41
:103030005F7E5F7E7F7E7F767F767F767F7E7F7E00
:103040007F7E7F7E9F7E7F767D7E3696EBCDC5ED43
:10305000C3F5A2FDA2FDA2FDA2FDA2FDA1FDA1FD61
:1030600082FDA3FDC3F5C4EDC6E5C9DDCDC5F3AD55
:103070003A8E5E7E7F767F765F7E5F7E7F767F761E
:103080007F767F765F767F7E7F86989DADDC28FC9D
:1030900029FC8DDC979D9F865E7E5F7E5F7E7F7EB6
:1030A0005F7E5F7E7F767F767F767F765F7E5F7ED8
:1030B0005F7E5D7E398E13A6CBCDA6E5A3F582FD9E
:1030C00082FD82FD82FDA2FDA1FDC1FDA2FDA2FD4A
:1030D000A3F5A3F5A3F5A7E5EFBD169E3C865F7E9D
:1030E0007F767F767F7E7F7E7F7E7F767F767F7620
:1030F0007F767F863E8E97A58DDC28FC29FC8DDCB3
:1031000096A57D8E3D7E7F7E7F7E7F7E5F7E5F7E0D
:103110007F7E7F767F767F765F7E5F7E7F7E5E8638
:103120005A9636A610BEEDCDEBD5EADDA9DDA9E5B0
:10313000A8E5C6E5A3EDC2F5A2FDA2FDA2FDA3FD93
:10314000C5EDEBD513AE3A8E5E867F7E7F767F76B9
:103150007F7E7F7E7F7E7F7E7F767F767F7E3E86D0
:10316000BDAEF3A46CE429FC2AFC4CDC54AD7B9E80
:103170007E865F769F7E5F767F7E5F7E5F7E7F7ED0
:103180007F767F767F7E5F7E5F765F7E3D7E3C864C
:103190003A86398E38961796379E369E54A62FB6A5
:1031A000E8DDC4EDA3FDA2FDA1FDA4EDEBCD12AEC3
:1031B000398E5D7E5F7E5F767F767F767F7E7F7ED7
:1031C0005F7E5F7E5F7E5F7E5F7E3D86DCCE6EAC27
:1031D0006BEC29FC2AFC8CE48FACFCC65D8E7F7600
:1031E0007F7E5F7E5F7E5F7E5F7E5F7E7F767F76A7
:1031F0007F765F7E7F7E7F7E7F7E7F767F767F7627
:103200007F767F7E5E7E5C7E7B7E339609D683ED05
:10321000A3FDA3FDA4F5C9D512A6388E5D7E7F7EE1
:103220007F767F767F767F767F7E7F7E5F7E5F7E16
:103230005F7E7F7E5F7E3C9678D6ADCC6BF429FCBA
:103240002AFC4BECAED417CE3B8E7F7E7F7E7F7EFA
:103250005F7E5F7E5F7E5F7E5F769F7E7F765F7E36
:103260005F7E5F7E7F7E9F767F767F767F765F76DE
:103270005F7E7F867C7E3596E8D5A1FDA2FDA5F513
:10328000CBD512AE398E7D7E7F767F767F767F7648
:103290007F767F7E5F7E7F7E7F7E7F767F7E5F769E
:1032A0007E7EBCAECFBC6BE429F449FC2AFC4AF418
:1032B0006CE48FB41DC75D867E7E5F7E7F7E3F7E21
:1032C0007F7E7F7E9F7E5F765F767F7E5F7E5F7E86
:1032D0007F7E7F7E7F767F767F765F7E7F7E5D7E60
:1032E0005A8633AEE6DDA2FDA5F5A9D5F2AD389636
:1032F0005D7E5F767F767F767F767F767F7E5F7678
:103300005F7E7F7E7F7E5F767F767E867C96B9CE7F
:103310008DD429F44AFC09FC29FC49FC29F46CD41D
:1033200058C67C9E5D865F7E5F7E3F7E7F7E5F7639
:103330007F767F767F7E7F7E7F7E7F7E7F7E7F7EB5
:103340007F7E5F7E5F7E5F7E5F767C86159E0EC68B
:10335000A5E5C5F5AACD32BE38965D867E867F7E10
:103360007F767F767F767F765F7E7F7E7F7E7E7EB6
:103370007F7E7F7E5E761C8EDACE8FBC4BE44AFC6D
:1033800049FC6AFC49FC28F449FC8BECAFBC9AC6AA
:103390007C9E5E867F7E7F7E7F7E9F7E7F767F7E29
:1033A0003F7E7F7E7E7E7F7E5F7E5F7E7F7E5F7ED6
:1033B0005F7E5F7E7F763A8631BEA9CDC7E5C9DDE7
:1033C00012B6F78D5D865F7E7F7E5F7E5F7E7F7E3D
:1033D0007F7E7F7E5F7E5F7E7F7E5E765E7E5D86A9
:1033E0003C961DCFD0C4ACE44AF409FC29FC09FC8E
:1033F00049FC49FC29FC29EC8BECAECC78C67B9EC1
:103400005D7E7F765F765F765F767F7E5F7E5F7EB6
:103410007F7E7F7E5F7E5F7E7F767F767F7E7F7E14
:103420007F76588ECBC5C7E5CBD5F1B5388E9E7E5D
:103430007F7E7F767F767F7E5F7E5F7E5F7E5F7E34
:103440005F7E5F7E7F7EBF863D767B9699CEAFBCEA
:103450008CE4E8EB29FC49FC29FC4AFC28FC49FCEB
:1034600029FC4AFC29FC4AE4CFC416C61DBF7C9641
:103470003D865E867F8E5E863E7E5F865E7E5E7E5B
:103480005E7E5E865E7E7E7E5E865E863C7E569E2E
:10349000EAD5A8DDEFBD159E7C865F767F7E5F7ED8
:1034A0005E7E5E7E3E863E8E5E865E863E863D8685
:1034B0003D8E3C96FDBE58C68EBC8CE449F428FC7B
:1034C00029FC49FC29FC49FC28FC29FC4AFCE9FBB5
:1034D0002AFC6BF44AEC8CD48DB4D4C5DBCEBBB6DD
:1034E0007CA69D9EDEA6DE9EDF9EDF9EDF9EDE9E8C
:1034F000DEA6DEA6BEA6BCAE37A6D2B5ACCDB0E683
:1035000096BEBAA6FEA6BE9EBE9EBE9EBF9EBE9E96
:10351000BEA6BEA6DD9EDD9EBCAEBCBEDCCE74BD2E
:103520006EBC8DDC4BE44AF429FC49FC29FC29F4EF
:1035300049FC28FC49FC28FC29FC2AFC2AFC4AFC02
:1035400008FC4AFC8BECACD4CEBCF1ACB19CB29480
:10355000718C928C938C928492849284728C728CF3
:10356000718C4F8CCDA450E66CDD29AC8E94918487
:10357000928C7284928C928C938C728C718C718CE4
:103580009184918CD19CB0ACAFBCAED46BEC2AFCD6
:103590002AFC29FC29FC09FC4AFC29FC28FC48FCE3
:1035A00029FC29FC2AFC2AFC2AFC2AFC2AFC2AFCED
:1035B00029F46AF46BEC6BE48CE46CDC8DE46DE470
:1035C0006DE46DDC8DDC8CDC8DDC8DDCACDCAADCB0
:1035D000E8DCECFD68EC6AEC8CDC8DDC6DDC8DDC11
:1035E0008CDC8CDC6DDC6CDC8CDCACDC8CDCACDC9A
:1035F0008CDC8CE48BE44AEC2AFC09FC49FC29FCB9
:103600002AFC2AFC2AFC29FC48FC48FC29FC29FC51
:103610004AFC2AFC29FC29FC29FC29FC29FC49FC40
:1036200029F44AEC8BE48BEC09F409FC29FC29FC15
:1036300028FC49F44AF48BF44AEC27DC69FD65EC7C
:1036400048FC29FC49FC4AF46BEC4AE46AEC6AF455
:103650004AFC08FC69FC28F449FC29F46BE46BE49F
:103660006AF449F429FC4AFC08F429FC2AFC2AFCE7
:103670002AFC29FC48FC48FC28FC28FC49FC49FCA5
:1036800029FC28FC28FC48FC28FC29F46CEC6DCCB7
:1036900019F7AFB48BEC49FC29FC28FC28FC69F431
:1036A0008CDCEFD475FEADD469E469FC28FC29FC00
:1036B00069FC4AE4CED435EECECC8CDC4AEC4AFC34
:1036C00049FC29FC29FC6BECAFC459FF4BD46AECD4
:1036D00049FC08FC09FC4AFC29FC29FC29FC29FCC2
:1036E00048FC48F428FC28FC49FC49FC29FC28FC3F
:1036F00047FC48FC49FC4AEC8ED478E638AE78BEEC
:103700008DCC29EC08FC28FC48FC4AE4AFC49CFFA3
:103710001BEFF1BC8DE409EC29FC49FC29F46CDCBD
:1037200012AD99CE1AE7CFBC6CE42AFC29FC4AFC06
:103730002AF48DDC58D6FBDED8FEADDC29F408FC7B
:1037400029FC29FC29FC28FC28FC29FC49F448F424
:1037500029FC29FC29FC49FC48FC48FC48FC28FCC5
:1037600049FC8CE413AD9BAE3B8E9BAED0BC8CE48D
:103770006AFC49FC28F4ADE499DEBCBEBCB67EEF21
:103780006ECC4AEC4AFC49FC4BF48ECC1CC75B86E1
:103790005A8E78BEADDC2AFC49FC2AFC4CECD0CC1D
:1037A0007EDF9BAE3CCF72C54BEC29FC49FC49FC4B
:1037B00048FC48FC28FC49FC49FC49F429FC29FC4C
:1037C00029FC49FC49F448FC28FC29FC29F4AECC2E
:1037D0001CCF3C7E9E865C9679D6AECC4AEC29F412
:1037E0006BEC8EC47EDFDEA61FAFFDC693D58CE4E6
:1037F00049F44AF46DDC33BD7C9E7E769E7EFCB639
:103800006EBC6BF429FC4AF4AED4FAEEBCAE1EA733
:10381000FDA65CDF8DDC2AFC28F449FC48FC48FC52
:1038200029FC29FC29FC29FC28FC29FC29FC29FC71
:1038300049FC49FC2AFC2BFC8DEC90BC7BA67E7ECF
:103840007F7E3C86DCBE709C6CE46BF4ADDC97E65E
:10385000DCB61FA7DFA6BDB65BF7CDC46AE48BE478
:103860008EB41CD73C8E7F7E5F763C9617CE8DCC77
:103870008BF48BE490AC5DDFFDAE1EA71EA73CCFA2
:1038800011CD6CEC4AF429FC29FC29FC29FC29FC0B
:1038900029FC29FC28FC49FC29FC2AFC29FC2AFCDF
:1038A0000AFC2BF46DDC90AC9DA65E767F7E5E8676
:1038B0003B96D6BD6DE44BEC6EC4B9DEDCB61FA7FB
:1038C0001FA7DDB65BE76CB48AE48BE46E9CBBBEDD
:1038D0005D8E5F7E7F7E1C8E18C6AEC46AE48CDC73
:1038E00057D6DCBEFEAE1E9F1E9F3DC7D0BC6DDC12
:1038F0004AF429FC2AFC2AFC29FC29FC29FC29FC85
:1039000029FC29FC29FC29FC2AFC2AFC2AFC2BF492
:103910008DDCF1B45B9E7E7E5F765F86BCA6909C5C
:103920008CE44BEC6ECCB9E6DCB6FEA61FA7DDAE90
:103930005BEF6DBC6AEC8BE46DA4FBC63C8E5F7ED6
:103940007F7E3C8E37C6ADCC4AE48BE4D1AC5DCFF4
:10395000DEAE1FA7FEA61CC752CD8CE429F429FCBD
:1039600029FC29FC29FC29FC29FC29FC29FC29FC2F
:1039700029FC29FC29FC29FC29FC4AF46BE48EBCB7
:103980001CD71B8E3D86FB8D3CD7D0BC6BE44AF424
:103990008EE4F6E5FBD6DCB6BCA6BBBE5AFF8DD4E2
:1039A0004AF44AECCDC4F9DE3A9E3C8E3C8E7BAEA6
:1039B000D4D58CDC6AF46BECD0C47DEF9CB6DDB65C
:1039C000BBB69CEF8EC44BE449FC28FC29FC29FCC7
:1039D00029FC29FC29FC29FC29FC29FC29FC29FCBF
:1039E00029FC29FC28FC29FC4AF48DE4F1C4FADE08
:1039F000FAC6FADEAFBC8DDC29EC49FC2BF46DDC99
:103A000057EE7CF79BE759F76DD44CEC4AFC2AF44F
:103A10006CEC4CC4B9DEFBCEFBCED5C5AEDC4AF4B3
:103A200028F44AF46CDCF0CC5CFF5CEF9CFF30D5F2
:103A30008DE44AF428F448FC29FC29FC29FC29FCE3
:103A400029FC29FC29FC49FC49FC29FC29FC29FC0E
:103A500028FC28FC29FC2AEC8DDC8EC46DACEEC45D
:103A60006BDC29F449FC28FC29FC6BF48DD48DBC5B
:103A70008CB4CDCC4BEC2AFC09F44AFC2AFC4BE478
:103A80008DC48EAC8EB4CED42AEC09FC69FC49FC02
:103A90002AEC8DE48FCC6EBC4CCC8CE44AEC29F43F
:103AA00049FC48FC29FC29FC29FC29FC29FC29FCAF
:103AB00029FC49FC49FC49FC29FC29FC29FC28FC7F
:103AC00049FC49F46BF44BE44ADC8BEC49F428FCE8
:103AD00028FC28FC29FC4AFC2AEC6AEC6BEC6BEC19
:103AE0004AFC2AFC49FC49FC4AFC4AF46BF46BECA6
:103AF0006BEC4BEC49FC28FC08FC08FC49FC2AF464
:103B00006CEC4BE46BF44AF44AF44AFC29FC28FCC4
:103B100029FC29FC29FC29FC29FC29FC29FC49FC5D
:103B200049FC48FC29FC29FC29FC28FC49FC28F418
:103B300029F44AFC6AFC29FC28FC27FC28FC48FCE8
:103B400029FC49FC49FC28FC49FC29FC09FC09FC2E
:103B500028FC49FC29F429FC49FC08FC4AFC08FC27
:103B600028FC28FC49FC28FC29FC29FC2AFC2AFC0E
:103B700049FC29FC49FC29F449FC49FC29FC29FCA5
:103B800029FC29FC29FC29FC36003600C024060843
:103B900049FC49FC29FC29FC29FC29FC29FC49FC9D
:103BA00049FC49FC49FC49FC29FC49FC49FC49FC0D
:103BB00029FC29FC49FC48FC48FC48FC29FC29FC60
:103BC00029FC29FC49FC49FC49FC48FC29FC29FC4E
:103BD00029FC29FC29FC29FC49FC49FC29FC29FC7D
:103BE00029FC29FC29FC29FC49FC49FC49FC49FC2D
:103BF00049FC49FC49FC49FC49FC49FC29FC29FCDD
:103C000029FC29FC29FC29FC49FC49FC49FC49FC0C
:103C100049FC29FC49FC49FC49FC49FC29FC29FCDC
:103C200049FC49FC49FC49FC29FC29FC29FC29FCEC
:103C300049FC49FC49FC49FC49FC49FC49FC29FC7C
:103C400029FC29FC49FC49FC49FC29FC29FC29FCEC
:103C500029FC29FC49FC49FC49FC49FC49FC49FC7C
:103C600049FC49FC49FC49FC29FC29FC29FC29FCAC
:103C700049FC29FC49FC29FC29FC29FC29FC29FCDC
:103C800049FC49FC49FC29FC29FC29FC49FC49FC6C
:103C900049FC49FC49FC49FC29FC29FC48FC28FC5E
:103CA00049FC49FC49FC49FC49FC49FC29FC49FC0C
:103CB00049FC49FC49FC49FC2AFC2AFC2AFC29FC59
:103CC00049FC49FC29FC29FC49FC49FC49FC49FC0C
:103CD00049FC49FC29FC29FC29FC49FC49FC49FC1C
:103CE0004AFC2AFC29FC29FC29FC49FC49FC49FC2A
:103CF00029FC29FC29FC49FC49FC49FC49FC49FCFC
:103D000049FC49FC49FC49FC28FC28FC29FC2AFC0C
:103D10004AFC49FC49FC49FC29FC49FC49FC48FC9B
:103D200048FC49FC49FC2AFC29FC29FC49FC49FCCB
:103D300029FC29FC29FC49FC49FC49FC49FC49FCBB
:103D40002BFC2AFC29FC49FC49FC49FC4AFC49FCA7
:103D500049FC49FC49FC49FC49FC29FC29FC29FC9B
:103D600049FC49FC29FC29FC29FC29FC49FC49FCAB
:103D700049FC49FC29FC29FC29FC29FC29FC29FCDB
:103D800029FC29FC29FC29FC29FC48FC48FC48FCAE
:103D900049FC49FC49FC49FC48FC49FC49FC49FCFC
:103DA00049FC49FC49FC49FC49FC49FC2BFC2AFC28
:103DB00029FC29FC49FC49FC49FC49FC49FC49FC1B
:103DC00049FC49FC29FC29FC29FC29FC49FC48FC4C
:103DD00029FC29FC29FC29FC29FC49FC49FC49FC5B
:103DE00029FC29FC29FC29FC29FC29FC29FC29FCAB
:103DF00029FC29FC29FC48FC48FC48FC49FC49FCFE
:103E000049FC49FC49FC49FC49FC49FC49FC49FC8A
:103E100049FC49FC49FC49FC4AFC49FC29FC29FCB9
:103E200029FC29FC29FC49FC29FC29FC29FC29FC4A
:103E300029FC29FC29FC49FC48FC48FC29FC2AFCFB
:103E400029FC29FC29FC49FC49FC49FC2AFC49FCC9
:103E500049FC49FC49FC49FC49FC4AFC49FC49FC39
:103E600049FC49FC49FC49FC49FC49FC49FC49FC2A
:103E700049FC29FC29FC29FC49FC49FC49FC49FC7A
:103E800049FC49FC49FC49FC29FC29FC29FC29FC8A
:103E900029FC29FC29FC29FC29FC29FC29FC29FCFA
:103EA00049FC49FC48FC49FC29FC2AFC2AFC29FC69
:103EB00049FC49FC49FC49FC4AF44AF449FC49FCE8
:103EC00049FC49FC49FC49FC49FC49FC49FC49FCCA
:103ED00049FC49FC29FC29FC29FC29FC29FC29FC7A
:103EE00029FC29FC49FC49FC49FC49FC49FC49FCEA
:103EF00028FC48FC49FC4AFC4AFC29FC29FC29FC1A
:103F000029FC29FC09FC29FC49FC29FC49FC49FC49
:103F100049FC49FC4AFC2AFC09FC29FC49FC48FCF8
:103F200069FC49F48CEC8CE44AEC49F449FC29FC2A
:103F300049FC29FC29FC09FC29FC29FC49FC49FC19
:103F40002AFC2AFC2AFC29FC49FC49FC29FC29FC06
:103F500029FC49FC49FC49FC49FC49FC48FC48FC5B
:103F600049FC29FC29FC49FC29FC49FC29FC29FCC9
:103F700029FC29FC29FC29FC49FC49FC49FC29FCB9
:103F800029FC29FC4AFC29FC49FC49F46AF44BDC75
:103F9000CBB3AAB36BDC8BF409F46AFC49FC28FCB4
:103FA00029FC29FC29FC29FC29FC29FC2AFC2AFCE7
:103FB0004AFC4AFC29FC28FC29FC49FC29FC49FC58
:103FC00049FC49FC49FC49FC29FC29FC49FC49FC09
:103FD00049FC69FC49FC49FC49FC29FC49FC49FCB9
:103FE00029FC49FC49FC49FC49FC49FC2AFC29FC08
:103FF0004AFC49FC49FC6AEC8DDCCCA32E9C2EA427
:10400000CBAB4CDC6CFC2AFC29FC49FC2AFC2AFCCE
:1040100009FC49FC49FC49FC2AFC2AFC29FC49FC16
:1040200069FC68FC49FC29FC49FC49FC49FC49FC49
:1040300049FC49FC4AFC49FC49FC48FC48FC69FC39
:1040400029FC29FC49FC29FC49FC49FC49FC49FCA8
:1040500029FC29FC29FC29FC4AFC49FC29FC49FCD7
:1040600049FC6AEC8ECC0E9C50942F8C0DA46DD420
:104070002BEC2AFC49FC29FC29FC4AFC29FC08FC05
:1040800008FC49FC4AFC4AFC4AF449F448FC48FC58
:1040900049FC49FC49FC49FC49FC49FC49FC49FCF8
:1040A0006AFC29FC48FC48FC49FC6AFC4AF44BF4D5
:1040B0004AFC29FC48FC48FC49FC49FC28FC28FC3B
:1040C0006AFC4AF44AF46AFC49FC29FC28FC6AF4BC
:1040D000AECC0D9450942F94EDA38DD44AF429FCCA
:1040E00028FC28FC49FC29FC49FC4AFC6AF46AF4D7
:1040F0006AEC6AEC8AF46AF449F469FC49FC29FC2C
:1041000049FC49FC49FC49FC49FC49FC4AF429FCAE
:1041100028FC69FC6AF44BE44CD42CD46BEC6AF4B4
:1041200048FC48FC49FC29FC29FC4AFC8BE44BD4A4
:104130002BD46CE46AF428FC28FC4AF48ECCED9372
:1041400050945094CC9B8DD44AF449FC49FC49FCD2
:1041500049FC29F46BEC8CE48DDC4CCC2BCC2BCCC7
:104160002BCC4BD44CDC6CE46BF44AF449FC49FC9A
:1041700049FC49FC49FC49FC4AFC49FC28FC6AFC16
:104180004CDCEDB3EE9BED9B2CBCACE449F428FC7D
:1041900049FC29FC4AFC6CEC0DAC0E940E9C0CB452
:1041A0004BEC29FC29FC6BF48ECCEE9B308C5194AB
:1041B000EE9B8ED46AEC48FC69FC29F429FC6BF474
:1041C0006DDC0DB4EE930F940E9C0E9C0E9C0E9C19
:1041D0000E9C0DAC4DCC6CEC4AF449FC49FC49FCFE
:1041E00049FC49FC49FC49FC08FC6BF44DCCEE9BB6
:1041F000518C508CED9BADD44AEC28FC4AFC29FC38
:104200004AFC4CDC0E945184518CCD9B6CE429FC0F
:1042100029FC4BF46ECC0E9C308C518CEE9B8ECCDA
:104220006AEC69FC28F46AFC4BF42BDCECAB0F94D1
:1042300051847284518C308C5184718C5184108CD7
:104240000EA42DC46CEC4AF449FC29FC49FC49FC41
:1042500029FC29FC29FC4BEC2EC40F9C508C508C63
:104260002F942DAC8CE44AFC29FC4AFC4AF46CDC0B
:104270000E9451845184EE9B6CDC2AFC49FC4BF477
:104280008ED4ED9B50945094ED9B8DCC6AEC48FC01
:1042900049FC4AF46DDCCDAB2F9C508C528C3184A0
:1042A000528C318C718C5184728C51845094CD9B82
:1042B0004DCC8CEC29F428FC49FC49FC29FC29FC58
:1042C00049FC4BEC4EBC2F9C508C7184508C0E9C46
:1042D0006DDC4BEC4AFC09F46AFC6CDC0E945184F6
:1042E00051840E946CDC4AF44AFC6BF48ED4ED9B42
:1042F00050945094ED9B8DCC6BF428FC49FC6BECF6
:104300002DBC0F94308C718C308C2F9CEE9BEE9BCF
:104310000D9C2F9C308C518C518C309C0DAC8DE4BD
:1043200049FC28FC28FC49FC29FC49FC49FC4BECD5
:104330004EBC2F9C508C518C508C0E940DC48DEC27
:104340004AF449FC49F46CDC0E94518451840E9477
:104350006CDC4AF44AFC6BF48ED4ED9B5094509480
:10436000ED9B8DCC6BF429FC48FC8BECEC9B508CCA
:10437000518C50942DA46CC4ACE4ACEC6BEC8DDC93
:104380004EB42F94318C3094ACA36DD46AF448FCB5
:1043900049FC49FC29FC49FC49FC4BEC4EBC0F9CF8
:1043A000508C518C508C2F94CDAB8EDC4AF469FC30
:1043B00029F46CDC0E94518451840E946CDC4AF424
:1043C0004AFC6BF48ED4ED9B50945094ED9B8ECCB4
:1043D0006BF449FC29FC6BE40D947084728C0F948F
:1043E0006DC48BE449F428FC29FC4AF48DCC0E9C66
:1043F00051945194EEA34DCC4AEC49FC49FC49FC44
:1044000049FC49FC49FC4BEC4EBC2F9C308C518C38
:10441000518C30940E9C2DBC8BEC49FC49F46CDC27
:104420000E9C518451840E946CDC4AF44AFC6BF46B
:104430008ED4ED9B50945094ED9B8ECC6BF429FC64
:1044400029FC6CDC2D947184528CCE938DD46AEC53
:1044500049F449FC4AFC4BF4CED40D9C3094309482
:104460002FA44DC44BEC49FC4AFC29FC49FC49FCF7
:1044700049FC4BEC4EBC2F9C308C518C318C308CD9
:104480003094ED9B6CDC4AF46AF46CDC0E9C518435
:1044900051840E946CDC4AF44AFC6BF48ECCED9B98
:1044A00050945094ED9B8ECC6BF429FC4AFC6CDC50
:1044B0000D94718C5184EE9B6DDC29F449FC49FC10
:1044C00029FC4BF4AEDCEDA32F94308C0E9C6EBC1B
:1044D0006CEC49FC4AFC2AFC49FC49FC49FC6BECAD
:1044E0004EBC2F9C308C518C318C518C50842F942D
:1044F0000CBC8CE44AEC6CDC0E9C51845184EE9331
:104500006CDC4AF44AFC6BF48ECCED9B50945094D6
:10451000ED9B8ECC6BF429FC4AF46CDCEE93518C51
:10452000528CEF9B6DDC2AF429FC49FC28FC4AF4F0
:104530008DDCEDAB3094508C0E946EBC8CEC4AFC50
:104540002AFC2AFC29FC49FC49FC6BEC4EBC2F9C44
:10455000308C518C318C518C51845094EDA38ED47D
:104560006BE46CDC0E9C51845184EE936CDC4AF459
:1045700049FC6BEC8ECCED9B50945094ED9B8ECC13
:104580006BF429FC29F46DDC0E9C3184728CCE9383
:104590006ED46CEC4BEC6BF46AF46BE48ED4CDA36C
:1045A0003094508C2F944EB46CEC29FC4AFC29FCBE
:1045B00029FC28FC49FC6BEC4EBC2F9C3094518CA0
:1045C000308C518C318C518C2F942DAC6DDC6DD492
:1045D0000E9451845184EE936CDC4AF449FC6BECEC
:1045E0008DCCED9B50943094ED9B8ECC6BF449FCBC
:1045F0004AF46CD40E945184518C309470BC6FCCBE
:104600008ECC6ECC6DCC8FCC90C40FA430945094D3
:104610000E946EBC6BEC49FC29FC29FC29FC28FC9F
:1046200049FC6BEC4EBC2F943194518C509C3094CF
:10463000318C518C708C0E94AED46ECC0F9451840E
:1046400051840E946CDC4AF449FC6BEC8DCCED9BF0
:1046500050943094ED9B8ECC6BF449FC4AF46CD4AE
:104660000D94718C518C308C0F9CCE9BEE9B0E9CCC
:104670000EA4EE9B0F9C1094509450940E946EBC1C
:104680006BEC29FC29FC29FC29FC28FC48FC6BEC80
:104690004EBC2F94518C50940E9CB1B41094518CFC
:1046A00071842F8C4EBCB0C40F94518C51840E94E5
:1046B0006CDC4AF449FC6BEC8DCCED9B509430944F
:1046C000ED9B8ECC6BF449FC4AF48CDC0D94508C41
:1046D000508C518C50945094509450943094308C11
:1046E000318C518C518C508C2E946EBC6BEC29FC0F
:1046F00029FC29FC29FC29FC48FC6BEC4EBC2F94BE
:10470000518C3094CDA3F1CC0F9C3094508C5094AC
:10471000ED9BB0B4308C518C51840E946CDC49F418
:1047200049FC6BEC8DCCED9B50943094ED9B8ED47A
:104730006BF429FC49F48CDC0E9C508C518C518C10
:104740000F8C30945094508C50945094518C718CA8
:104750005184708C2E946EBC6BEC29FC29FC29FCD6
:1047600029FC29FC29FC6BEC4EBC2F94508C309416
:10477000EDABAFCC8FBCEE9B509450942F94509CDB
:10478000308C518C51840E946CDC4AF449FC6BECF7
:104790008DCCED9B50943094ED9B8ED46BF429FC22
:1047A0004AF46DDCEE935184718C518C0E9C0E9CFE
:1047B000EE9B0E9C0D9CED9B0E944F942F8C4F8C7A
:1047C0000E946EBC6BEC29FC29FC29FC2AFC29FC0C
:1047D00029FC6BEC4EBC2F94508C2F94EDABAFD4D6
:1047E000CFD4ECA34F9C508C508C508C508C718C3F
:1047F00051840E946CDC4AF449FC6BEC8DCCED9B3F
:1048000050943094ED9B8ED46BF429FC4AF46DDC0B
:10481000EE933184728450948FB48ECC8ECC8ECC37
:104820008ECC8EC4AFBC4F9C509470940E946EBCD2
:104830006BEC49FC29FC29FC4AFC29FC29FC4BECCB
:104840004DBC2E944F942F94CCA3CFDC8DE42CC47C
:104850002E9C518C5084718C518C718C51840E948F
:104860006CDC4AF449FC6BEC8DCCED9B509430949D
:10487000ED9B8ED46BF429FC29FC6CDC0E9C5184DE
:10488000728C0E948DCC8BEC6BEC4BEC4BF48CEC73
:10489000CED4EDA30F94308C0F944EBC6BEC29FC5E
:1048A00029FC49FC2AFC29FC29FC6BEC4DBC2E940C
:1048B00050942F9CEDAB8ED46BECADE4ED9B308C23
:1048C000718C5184518C718C51840E946CDC4AF43F
:1048D00049FC6BF48ECCED9B50943094EE9B8ECCC7
:1048E0006BF429FC49FC6BDCEE935184728CEE93E3
:1048F0008CDC69F449FC49FC29FC4AF48DDCECA30E
:10490000519C31940F944EBC4BEC29FC49FC49FC62
:1049100029FC29FC29FC6BEC6EBC2F94308C2F9465
:10492000CCABAEE44AF46BEC8EC40E945194518C33
:10493000518C518C51840E948CDC4AF449FC4BF41C
:104940006ECCEE9B5094308CEE9B8ECC6BEC49FC85
:1049500049F46CDCEE93518452840E946CDC49F47F
:1049600049FC29FC29FC4BF48EDCCDA330945194F6
:104970000E944DBC6BF429FC29FC69FC29FC29FC34
:1049800029FC6BEC6EB42F943194309CECAB8DDC35
:104990006BF44AF48DDC0DAC0F94518C518C518C1E
:1049A00051840E948CD449F429FC4BF46ECCCE9BEC
:1049B00050943094EE9B8ECC6BF449FC49F46CDC43
:1049C000EE9B518452840F946CDC49FC49FC29FC19
:1049D00029FC6BF4AEDCECA33094508C0F944DBCEE
:1049E0006BF429FC48FC69FC29FC29FC48FC6AECB6
:1049F0006EB42F8C508C2F94EDAB8EDC4AF469FC96
:104A00006AEC6CCCEE93518C518C718C71840E9449
:104A10008CD449F429FC4BF46FCCEE9B309C2F9442
:104A2000EE9B8ECC4AF428FC49F46CDC0E9C51843D
:104A300051840F946CDC4AF42AFC29FC29FC4AF4CA
:104A4000ADDCECAB3094518C2F944EBC6BEC49FC3C
:104A500028FC48FC29FC49FC48FC6AEC6DB42F8C0E
:104A6000508C3094EDA3AEDC4AEC49FC48F48BE466
:104A70000DA43094518C718C51840E946CDC49F4EB
:104A800049FC4BF48ECCEE9B2F9C2F94ED9B8ECC4F
:104A90004AF428FC49F46CDCEE9B518C52840E9451
:104AA0006CDC4AF42AFC29FC29FC4AF48DDCECABD2
:104AB0003094518C30944EB46BEC49FC28FC48FC8B
:104AC0004AF449FC48FC4AEC6EBC0F94518C30947B
:104AD000EDAB8EDC6BF429FC48FC6AF44EC4CE9B33
:104AE00030945194518CEE9B6CDC49F449FC6BF48E
:104AF0008DCCEC9B4E9C2E94ED9B8ECC6BEC49FCAC
:104B000049F46CDCEE9B728C728C0E948BDC69F435
:104B100049FC49FC49FC6AF48DDCECAB3094518CC7
:104B200030944FBC4CEC49FC28FC47FC4AFC49FC47
:104B300048FC4AEC6DBC0E9451943094CDAB8EDCA5
:104B40006BF449FC48FC49F48DE4EDB30F9C518CA7
:104B5000318CEE9B6CDC49F449FC6BEC8DCCEC9B0E
:104B60004F944F94ED9B8ECC6BEC29FC49F46BDC9D
:104B7000EE93528C528C0E946BDC69F448FC49FC29
:104B800049FC6AEC8DDCECAB3094518C0F944EBC3C
:104B90004BEC29FC28FC28FC49FC29FC48FC6AEC6D
:104BA0008DC40D94508C3094CCAB8DE44BEC4AFC0E
:104BB00049FC69FC6BEC4DCC2F945184518CEE9BDD
:104BC0006CE449F449FC6BEC8ECCED9B5094509412
:104BD000EE9B8ECC4BF429FC49FC8CDC0E9451846A
:104BE000518CEE9B6CE449FC49FC48FC49FC6AECA6
:104BF000ADDCECAB2F94308CEE9B6ECC4BEC29FCF7
:104C000028FC48FC49FC29FC49FC6AF46CD4CBAB79
:104C10000D9CCDA30BC48CEC4AF429FC49FC28F470
:104C200049F48CE40CAC2E940E9CECAB6BEC49FC80
:104C300049FC6BEC8ECCEE9B518C518CEE9B8ECC58
:104C40004BF429FC49FC8BECECAB0E9C0E9CECABC2
:104C50006CEC49FC49FC49FC49FC6AF4ACECEBBB4C
:104C60000DACEDA3CBAB6CDC4AF428FC49FC48FC52
:104C700029FC29FC4AFC4AFC6BF44BE44CD40BD4D1
:104C80006BF449FC49FC49FC49FC49FC29FC4AF409
:104C90008BE44AD42BD46BE46AF449FC48FC6AECFC
:104CA0006DC40E9C3084718CEE9B6ED44BF429FC49
:104CB00029FC6AF44CEC2CDC2BD46BE46AF449FC40
:104CC00049FC29FC29FC29FC4AF44BEC2BDC0BD4D5
:104CD0006CE46BEC4AFC49FC49FC49FC29FC29FCCE
:104CE0002AFC2AFC29FC49FC4AF449F449FC29FC29
:104CF00029FC29FC29FC29FC29FC29FC69FC48F435
:104D000029F44AFC49FC49FC48FC6AF48DCC0E9C11
:104D1000508C508CCD9B6ED42AF429FC29FC4AFC83
:104D20004AFC29F429F449F449FC49FC2AFC2AFCF0
:104D300029FC29FC49FC49FC2AFC2AF44AF44AF4DF
:104D400049FC49FC49FC49FC29FC29FC29FC29FCBB
:104D500029FC49FC69FC49F449FC29FC49FC49FC53
:104D600048FC48FC29FC49FC49FC49FC49FC29FC5D
:104D700029FC29FC29FC4AF48DD4ED9B50945094D5
:104D80000DA4AED44AEC28FC29FC29FC49FC49FCC2
:104D900049FC29FC29FC29FC2AFC2AFC29FC29FCC9
:104DA00049FC49FC4AFC49FC49FC49FC29FC49FCFA
:104DB00049FC4AFC29FC29FC29FC29FC29FC48FC6B
:104DC00048FC49FC29FC29FC49FC49FC49FC48FCFD
:104DD00048FC49FC29FC29FC29FC29FC29FC29FC6C
:104DE00029FC4AF46CDCABAB2FA42F9CAAA36BD498
:104DF0008BF449FC29FC29FC49FC49FC49FC29FCB1
:104E000009FC29FC29FC29FC49FC49FC29FC29FC5A
:104E100029FC29FC28FC28FC29FC49FC49FC4AFC0B
:104E20002AFC29FC29FC29FC29FC29FC49FC49FC19
:104E300029FC29FC49FC49FC49FC49FC29FC29FCCA
:104E400028FC29FC29FC29FC4AFC49FC49FC49F4C2
:104E50006BF44BDCCBB3CBB36CD4ACEC4AF449FC75
:104E600049FC49FC49FC49FC49FC29FC29FC29FC7A
:104E700029FC49FC49FC49FC49FC49FC49FC49FC2A
:104E800028FC28FC29FC49FC49FC49FC49FC49FC5C
:104E900029FC29FC29FC29FC49FC49FC29FC29FCAA
:104EA00049FC49FC49FC49FC29FC29FC49FC49FC1A
:104EB00029FC29FC4AFC49FC29FC49FC49F46BF417
:104EC0006CE48CE46BEC4AF46AFC29FC29FC49FC98
:104ED0004AFC49FC49FC49FC49FC28FC49FC49FCCA
:104EE00049FC49FC49FC49FC29FC49FC29FC29FCFA
:104EF00049FC49FC49FC29FC49FC49FC49FC29FCCA
:104F00002AFC2AFC49FC29FC29FC29FC49FC49FC17
:104F100049FC49FC29FC29FC28FC49FC29FC29FC0A
:104F20004AFC49FC28FC49FC49FC4AFC4AFC4AFC76
:104F300029F428FC49FC29FC29FC29FC49FC49FCF2
:104F400049FC29FC29FC29FC29FC29FC29FC48FCFA
:104F500028FC28FC29FC29FC29FC49FC49FC49FCCB
:104F600029FC29FC49FC49FC49FC49FC4AFC49FC58
:104F700049FC49FC29FC29FC29FC49FC49FC49FC69
:104F800029FC29FC28FC49FC49FC29FC4AFC4AFC78
:104F900049FC49FC49FC29FC29FC29FC28FC29FC8A
:104FA00049FC29FC29FC29FC49FC49FC49FC29FC59
:104FB00029FC29FC29FC29FC49FC49FC48FC29FC6A
:104FC00029FC4AFC49FC49FC49FC49FC29FC29FC18
:104FD00049FC49FC49FC49FC49FC49FC49FC49FCA9
:104FE00029FC29FC49FC49FC49FC49FC49FC49FCD9
:104FF00049FC49FC49FC49FC29FC49FC49FC49FCA9
:1050000049FC49FC29FC29FC49FC49FC49FC29FCD8
:1050100029FC49FC49FC49FC49FC49FC49FC49FC88
:1050200029FC49FC49FC49FC49FC49FC49FC29FC98
:1050300029FC49FC49FC49FC29FC29FC49FC49FCA8
:1050400049FC49FC49FC49FC49FC49FC49FC49FC38
:1050500049FC49FC49FC49FC49FC49FC49FC49FC28
:1050600049FC49FC49FC49FC49FC49FC49FC49FC18
:1050700049FC49FC49FC49FC49FC49FC49FC49FC08
:1050800049FC49FC49FC49FC49FC49FC49FC49FCF8
:1050900049FC49FC49FC49FC49FC49FC49FC49FCE8
:1050A00049FC49FC49FC49FC49FC49FC49FC49FCD8
:1050B00049FC49FC49FC49FC49FC49FC49FC49FCC8
:1050C00049FC49FC49FC49FC49FC49FC49FC49FCB8
:1050D00049FC49FC49FC49FC49FC49FC49FC49FCA8
:1050E00049FC49FC49FC49FC49FC49FC49FC49FC98
:1050F00049FC49FC49FC49FC49FC49FC49FC49FC88
:1051000049FC49FC49FC49FC49FC49FC49FC49FC77
:1051100049FC49FC49FC49FC49FC49FC49FC49FC67
:1051200049FC49FC49FC49FC49FC49FC49FC49FC57
:1051300049FC49FC49FC49FC49FC49FC49FC49FC47
:1051400049FC49FC49FC49FC49FC49FC49FC49FC37
:1051500049FC49FC49FC49FC49FC49FC49FC49FC27
:1051600049FC49FC49FC49FC49FC49FC49FC49FC17
:1051700049FC49FC49FC49FC49FC49FC49FC49FC07
:1051800049FC49FC49FC49FC49FC49FC49FC49FCF7
:1051900049FC49FC49FC49FC49FC49FC49FC49FCE7
:1051A00049FC49FC49FC49FC49FC49FC49FC49FCD7
:1051B00049FC49FC49FC49FC49FC49FC49FC49FCC7
:1051C00049FC49FC49FC49FC49FC49FC49FC49FCB7
:1051D00049FC49FC49FC49FC49FC49FC49FC49FCA7
:1051E00049FC49FC49FC49FC49FC49FC49FC49FC97
:1051F00049FC49FC49FC49FC49FC49FC49FC49FC87
:1052000049FC49FC49FC49FC49FC49FC49FC49FC76
:1052100049FC49FC49FC49FC49FC49FC49FC49FC66
:1052200049FC49FC49FC49FC49FC49FC49FC49FC56
:1052300049FC49FC49FC49FC49FC49FC49FC49FC46
:1052400049FC49FC49FC49FC49FC49FC49FC49FC36
:1052500049FC49FC49FC49FC36003600903B0608F5
:1052600048FC48FC29FC29FC49FC49F449FC29FC80
:1052700049FC28FC28FC29FC2AFC0AFC29FC29FC06
:1052800029FC29FC29FC08FC49FC48FC29FC29FCD8
:1052900029FC28FC28FC49FC29FC49FC28F488F45A
:1052A000A7EC87EC28F409FC2AFC29FC29FC08FC63
:1052B00029FC49FC49FC49FC29FC49FC48FC48FC08
:1052C00049FC29FC29FC29FC29FC29FC48FC28FC78
:1052D00029FC29FC49FC49FC29FC29FC09FC49FC66
:1052E00049FC08FC09FC29FC49FC48FC68F468FC02
:1052F00008FC49FC29FC49FC49FC29FC29FC29FC47
:1053000049FC28FC49FC48FC88F4A6E48CFE85E4B2
:1053100068FC29FC09FC29FC08FC49FC29FC29FC47
:1053200049FC29FC29FC29FC49FC49FC29FC29FCF5
:1053300029FC29FC29FC29FC29FC29FC29FC29FC45
:1053400029FC29FC29FC29FC2AFC29FC29FC29FC34
:1053500049FC29FC28F487F464E485E448F44AFC19
:1053600029FC29F429FC49FC49FC29FC29FC29FCDD
:1053700029FC68F4E5E46CFF09FF07FE67F408FC0C
:105380004AFC29FC29FC29FC29FC29FC29FC29FCD4
:1053900029FC29FC2AFC29FC29FC29FC29FC29FCE4
:1053A00029FC29FC49FC49FC29FC29FC29FC29FC95
:1053B00029FC29FC09FC4AFC29FC29F449FC48FC8D
:1053C00048FCA7F42CFF2CFF87EC28F428F449FCB8
:1053D00049FC29FC29FC29FC49FC29FC09FC87F42F
:1053E00003DD49FF28FF85E567F449FC49FC49FCDA
:1053F00029FC29FC29FC29FC29FC29FC29FC2AFC84
:105400000AFC29FC29FC29FC29FC29FC29FC29FC93
:1054100049FC49FC29FC29FC29FC29FC29FC48FC05
:1054200049FC49FC49FC49FC48FC27F488FCCAFDBE
:10543000E8FE28FFE8FD86EC68FC49FC28FC29FC16
:105440002AFC09FC29FC09FC29FC87F4C7FE06FF9D
:105450008BFF62CC88F428FC48FC48FC28FC49FC03
:1054600029FC29FC49FC49FC29FC2AFC29FC29FCD3
:1054700029FC29FC29FC29FC29FC29FC49FC29FCE4
:1054800029FC29FC29FC29FC29FC48FC28F449FCBE
:1054900049FC28F469FC68FC27F444DC6AFF06F741
:1054A0008BFFA3DC67F448FC28F44AFC2AFC09FCC7
:1054B00029FC49FC28FC65E428FF26F74AFFC5DCE7
:1054C00068F408F469FC48FC48FC29FC2AFC2AFC26
:1054D00048FC48FC49FC49FC29FC29FC29FC29FC26
:1054E00029FC29FC29FC29FC0AFC2AFC29FC29FCB2
:1054F00029FC29FC29FC29FC49FC49FC29FC49FC24
:1055000048FC48FC49FC87F4E6F528FF28FFE6F54F
:1055100066EC29FC29FC29FC49FC49FC29FC29F4FE
:1055200048F4C6E468FF67FFC9FEA5E468F46AFCB6
:1055300029FC29FC29FC29FC0AFC0AFC29FC48FC62
:1055400048FC49FC49FC29FC29FC29FC29FC29FCD4
:1055500029FC29FC0AFC2AFC29FC29FC29FC29FC41
:1055600029FC29FC49FC29FC29FC29FC28FC29FCF4
:1055700029FC67F483DC8BFF06F729FFA7F428FCDE
:1055800029FC29FC28F469F449F469F488F464D40A
:105590006AFF08FF08FE86EC68FC09FC2AFC2AFC6E
:1055A0004AFC29FC2AFC0AFC29FC28FC48F468F483
:1055B00048F448FC49FC29FC29FC29FC29FC29FC6D
:1055C00049FC29FC29FC29FC29FC09FC49FC29FC93
:1055D00008F429FC49FC09FC29FC49FC08FC48F4B6
:1055E00086E4CAFE46FF48FF06ED48FC29FC29FC7C
:1055F00049F468EC88F468F448F466E48AFE2CFF09
:1056000065E448F449FC29FC2AFC4AFC09FC29FC15
:1056100048FC49FC2AFC49FC86EC44E467F448F465
:1056200048FC29FC29FC29FC29FC29FC68FC69FCB4
:1056300029FC29FC29FC29FC29FC29FC69FC29FC02
:1056400029FC29FC29FC29FC49FC48FC68F4A5E458
:1056500069FFAAFFC3DCA6EC66EC25E4E7EC27EDC6
:10566000C5DCE5E447FD63D481CCE3DC85E487F465
:1056700027F428FC2AFC09FC4AFC28FC68FC47ECBF
:1056800068F446EC6BFE0DFFCAFD87F448FC29FC6C
:1056900029FC29FC29FC29FC67F448F429FC29FC95
:1056A00049FC29FC09FC29FC29FC29FC48FC49FC93
:1056B00029FC09FC29FC49FC28FC87F483D4E2D4AA
:1056C000C2D4A5E509FF69FF69FF48FFA9FF88FF6C
:1056D00048FF89FFA9FFA7FEA5EDC4DC85E4A8F477
:1056E00028FC29FC29FC48FC28FC67F4A3DC0AFF01
:1056F00028FFC8FE0DFF86EC48F429FC29FC29FC94
:1057000029FC29FC47F428F449FC69FC48F468FCAE
:1057100049FC29FC29FC49FC48FC28FC09FC49FC03
:1057200069FC28F468FC66ECE4DC47FE4AFF68FF8D
:1057300066F765F745F765F764EF64EF64F724F7FC
:1057400004F726FF48FF4AFFCAFEE5E486EC88F42A
:1057500048FC27F488F464DC49FF68FFC6F66AFF5A
:1057600083D4A7EC48F429FC29FC29FC29FC29FC5A
:105770004AFC09FC49FC28F487EC66E447F449FC40
:1057800049FCE7F368FC68FC09FC29FC48F487EC59
:10579000C5E4CAFE69FF27FF26F746F725F745F758
:1057A00024EF64F784F764EF45F766FF45F745F7A4
:1057B00025FF46FF06F7AAFF67FEA3D467F488F427
:1057C000E4DC6BFF26FFC5F66BFFC4DCA7F427F40F
:1057D00048FC29FC29FC29FC29FC29FC09FCE9FBE3
:1057E00009FC88F488FD6AFEC9FDA5E467EC88FC25
:1057F00047F428F42AFC29FC66ECE5E44BFF48FF5B
:1058000025F745F745F745F725F766FF65F744F7B0
:1058100044F744F725F745FF45F745F744F724F7E4
:1058200045F725F767FF8BFFC6ECA5E4EAFE08FF06
:10583000C6FE6AFFC5E4A7EC27F449FC29FC29FC55
:1058400029FC29FC29FC29FC49FC4AFC4AFC26ECE1
:105850002CFF28FF27FF8AFF85E5C5E488F428FC94
:1058600009FC48F445ED8AFF06FF25FF25F745F7BB
:1058700044F745F745FF24F745FF24F744FF65FF4C
:1058800045F744EF45F745F765F745F725F746FF38
:1058900046F706F76BFF03DD44E52CFF0CFFC5E47C
:1058A00067F449FC28F449FC29FC29FC29FC29FC63
:1058B00029FC29FC29F449FC29FC87F4A7F569FF98
:1058C00046FFE5EE69FFEBFEA6EC88F448F4C7EC72
:1058D0006AFFE4F624F765FF45F745F765F724F717
:1058E00045F745F745F745FF24FF24F765F744F7EB
:1058F00045F745F724F765FF45FF25F765F746F7B8
:10590000C6F66AFF02D5C3DC85E487F428FC29FCCF
:105910004AFC49FC29FC29FC29FC29FC29FC29FC1E
:1059200049FC49FC29FC28FC67F484DC0AFF49FF98
:10593000E7FEC8FE4CFF82CC24DD4BFFE6FE25FFD0
:1059400045F745F745F745F745F745F745F745F777
:1059500045F745F745F745F745F745F745F745F767
:1059600045F745F745F745F744F745F726FF07FFA5
:105970006AFFE3DC86F448FC49FC29FC49FC49FC4D
:1059800029FC49FC49FC29FC29FC49FC49FC28FC70
:1059900029FC49FC29FC47F406ED45E54BFF09FFCE
:1059A0004CFFA1C404E668FF46FF25F745F745F71D
:1059B00045F745F745F745F745F745F745F745F707
:1059C00045F745F745F745F745F745F745F745F7F7
:1059D00045F765F744F744F745F726FF47FF88FE8C
:1059E00086EC27F449FC6AFC09FC49FC29FC29FCEB
:1059F00029FC29FC29FC49FC48FC28FC29FC2AFC40
:105A000029FC69F427E487EC85E468F5C4E403DD48
:105A1000A9FF25F745F745F745F745F745F745F75A
:105A200045F745F745F745F745F745F745F745F796
:105A300045F745F745F745F745F745F745F745F786
:105A400045F745F745F745F725F76AFF05E567ECA4
:105A500049FC09F449FC29FC28FC49FC29FC49FCC7
:105A600008FC28FC27FC48FC29FC0AFC4AFC49F4F9
:105A700049F469FC68F487ECA5E4A9FE27FF24F744
:105A800045F765F745F745F745F745F745F745F716
:105A900045F745F745F745F745F745F745F745F726
:105AA00045F745F765F765EF45F745F745F745F7DE
:105AB00045F745F765F706FFCAFEA6E469F429FC39
:105AC00029FC28FC28FC28FC08FC49FC49FC69FC52
:105AD00049FC49FC2AFC2AFC49FC28F449FC28FC26
:105AE00049F4A8ECA4D46BFF26FF45F745F745F72A
:105AF00045F745F745F745F745F745F745F745F7C6
:105B000045F745F745F745F745F745F745F745F7B5
:105B100065F765F745F745F745FF45FF45FF45F74D
:105B200065F705F7ABFFA3D448F44AFC28F449FC19
:105B300049FC29FC49FC29FC08FC29FC49FC29FCFE
:105B40002AFC2AFC29FC49FC49FC29FC6AFC66EC7D
:105B500085E548FF45F745F745F745F745F745F72C
:105B600045F745F745F745F745F745F745F745F755
:105B700045F745F745F745F745F745F745F745F745
:105B800044F744F745F745F745F745F745F745F737
:105B900027FFA5ED67F408FC69FC48F448F448F4D5
:105BA00048F448F448FC49FC09FC29FC2AFC49FC5F
:105BB00029FC29FC09FC09FC28FC86EC49FF45F777
:105BC00024F764F764F744F745F745F745F745F7D9
:105BD00045F745F745F745F745F745F745F745F7E5
:105BE00045F745F745F745F745F745F745F745F7D5
:105BF00045F745F745F745F765F724F766FF29FFB1
:105C000086EC29FC88F487ECA6E4C6EC85E465E420
:105C1000A7F447EC0AFC2AFC09FC08FC49FC29FC17
:105C20002AFC29FC29FC65E469FF24EF65F744F7A9
:105C300044F764F745F745F745F745F745F745F766
:105C400045F745F745F745F745F745F745F745F774
:105C500045F745F725FF25FF45F745F745F745F794
:105C600045F745F745F745F724F769FF43DC46EC70
:105C700068FD87F544DDA9FE2BFF0CFF4CFEA6EC6A
:105C800009FC2AFC29FC28FC48FC49FC2AFC2AFCCB
:105C900028F484E449FF45FF45F745F744F765F7E5
:105CA00045F745F745F745F745F745F745F745F714
:105CB00045F745F745F745F745F745F745F745F704
:105CC00025FF25F745F745F744F744FF45FF45F71E
:105CD00045F745F765F788FF82CCA6F549FF67FFD2
:105CE00066FF67FFE6FEC7FE2CFF83D44AFC29FC53
:105CF00029FC28FC68F468F429F449F488F406EDDA
:105D000068FF45F745F746F745F744F745F745F788
:105D100045F745F745F745F745F745F745F745F7A3
:105D200045F745F745F745F745F745F745F745F793
:105D300045F765F745FF44FF44FF45F746FF25F764
:105D400045F767FFE3D4A6ED69FFA8FFA9FF89FF28
:105D500049FF4BFFE8FDC5DC09FC29FC28FC68FC79
:105D600088F488EC88EC88EC67EC26ED68FF64F733
:105D700045F745F745F745F745F745F745F745F743
:105D800045F745F745F745F745F745F745F745F733
:105D900045F745F745F745F745F745F765EF65EFF3
:105DA00045F745F745F765F745EF45F745F789FFAF
:105DB000E5DC86E4C5DC84DCA6E445DC65E466EC71
:105DC00067EC47EC48F467F486F443DC64D405E5FB
:105DD00083D4E6E4A7E4E5DC67FF84F745F725F71D
:105DE00025F765F745F745F745F745F745F745F7D3
:105DF00045F745F745F745F745F745F745F745F7C3
:105E000045F745F745F745F765EF65EF45F745F782
:105E100065F765EF65F765F744EF48FF07ED69F44F
:105E200068EC48F449FC49FC69FC29FC49FC29FC64
:105E3000C6EC88FD2AFF69FFA9FF87FFA8FF69FF5D
:105E400087EDC3D487FF63F745F745F744F765F758
:105E500045F745F745F745F745F745F745F745F762
:105E600045F745F745F745F745F745F745F745F752
:105E700045F745F745F745F745F745F745F745F742
:105E800045F744F764F748FF06ED68F44AFC29FC3F
:105E900029FC29FC08FC49FC29FC4AFC84DC2DFF78
:105EA000E7FE05FF26FF66FF67FF29FF47EDA3D446
:105EB00088FF43F744F745F765F744F745F745F79B
:105EC00045F745F745F745F745F745F745F745F7F2
:105ED00045F745F745F745F745F745F745F745F7E2
:105EE00045F745F745F745F745F745F744F765F7B3
:105EF00044F769FF64E448F409FC0AFC29FC29FC26
:105F000049FC29FC29FC28FCA6EC6BFE2CFF0AFFAF
:105F10000BFFA6ED66ED89FD68EC65DC89FF44F7B3
:105F200044F745F745F745F745F745F745F745F792
:105F300045F745F745F745F745F745F745F745F781
:105F400045F745F745F745F744F744F745F745F773
:105F500045F745F744F744F744F765FF24F769FF31
:105F600043D468FC29FC4AFC28FC49FC29FC29FC98
:105F700008FC49FC67ECA7F464DCA5E4A6E486E42D
:105F800088F469F449F486E449FF45FF45F745F78D
:105F900045F745F745F745F745F745F745F745F721
:105FA00045F745F745F745F745F745F745F745F711
:105FB00045F745F744F744F745F745F745F745F703
:105FC00045F744F744F745F746FF29FFA6EC68FC80
:105FD00049FC29FC69FC28F449FC49FC29FC49FCE2
:105FE00049FC48F468F467F468F448FC29FC29FC8F
:105FF00029F4A7EC67FE26FF46FF45F745F745F76E
:1060000046F745F745F744F744F744F744F745F7B3
:1060100045F745F765EF65EF45F745F745F745F770
:1060200045F744F764F744F745F745F746FF25F78A
:1060300045F746FF27FFA5ED66F429FC49FC29FC3E
:1060400048FC69FC28FC29FC49FC09FC29FC29FCCA
:1060500049FC49FC28FC29FC09FC0AFC49FC87ECAA
:10606000E3DC49FF26FF25F765F744F745F745F7D9
:1060700064F744F744F744FF45F745F725F745F73C
:1060800065F764EF65F745F745F745F725F765FFD1
:1060900044EF44F745FF25F725F766FF45F725F759
:1060A0008AFFA3D467F429FC29FC29FC29FC28F4E5
:1060B00029FC29FC09FC29FC48FC48FC29FC29FC9A
:1060C00028FC29FC09FC29FC29FC27F4A5ECEBFEA3
:1060D00006FF24F785FF64F764F764F765F745F773
:1060E00045F745F745FF45FF25FF25FF45F764F7D1
:1060F00065F745F745F745F746FF25F765F744F798
:1061000024F765FF65F723EF64EF67FFAAFEA6E4B7
:1061100087EC48F428FC29FC49FC29FC49FC49FC93
:1061200009FC29FC48FC48FC29FC29FC29FC29FC29
:1061300029FC29FC29FC28FC68FC85E449FF45F77B
:1061400044F764F764F764F745F745F745F745F713
:1061500045F745F725FF25FF45F745F745F745F78F
:1061600045F746F726F725F745F744F745FF44F787
:1061700044F785FF45EF89FF24D564D4A9FDA6E443
:1061800066EC68FC28FC29FC09FC09FC49FC49FC7C
:1061900029FC29FC09FC29FC29FC49FC48FC48FC99
:1061A00008FC29FC29FC67ECCAFE27FF25F744F709
:1061B00044F744F745F745F745F765F765F745F7C1
:1061C00045F745FF45FF45F745F745F725FF25FF0F
:1061D00026F765F744EF85F745FF24F765F724F7C1
:1061E00048FF25E6E2CC6CFF09FF4AFFC6F5C4EC88
:1061F00087F469FC49FC09F429FC49FC2AFC29FCC8
:1062000009FC29FC2AFC49FC48F448FC49FC29FC0F
:10621000E8F388F4C4D46AFF06FF45F745F745F76D
:1062200025FF45F745F765F744F745F744F744F789
:1062300045F744F744F745F725FF25FF46F745F7AF
:1062400044EF85F704F765FF24EF26FF4BFFE4DCFE
:1062500063CC4DFF28FFE6F648FF2AFF05ED66E414
:1062600048F469FC29FC29FC49FC49FC29FC29FC6F
:106270002AFC2AFC29FC49FC28F469F488F466E429
:1062800063DC23DD69FF06F725F745F745F746F799
:1062900045F745F745F745F744F764F764F764F7C2
:1062A00064F765F745F746F745F765F744F744F7B0
:1062B00065F745F704EF6AFFE6EC68F468FC46E42E
:1062C000EAFE89FFE5F606FF49FF28FE66EC48FC7A
:1062D00029FC09FC48F448F429FC29FC29FC29FC88
:1062E00029FC49F448F487ECC5E40CFF0CFF44EDAD
:1062F00003D56BFF07FF26F746F745F745F745F748
:1063000045F745F744F764F764F764EF64EF65F722
:1063100045F745F745F765F744F745FF25F7E6F6F6
:10632000AAFF24E547F429FC09FC48FCC4EC23DD62
:1063300049FF68FF07FF4BFF65EC48FC2AFC09FC9E
:1063400048F448FC49FC49FC29FC28FC48FC47F47B
:1063500087ECE5E46AFFC6FE08FF89FE85E4E6EC0B
:106360004BFF27FF25F765FF44EF65F745FF25F74E
:1063700045F725F745F765F744F744F745F744F740
:1063800064F764F744F725F747FF4AFFE5EC67EC4D
:1063900028F449FC29FC28FC87F466ECC6E4A8F53F
:1063A000AAFE87ED47EC29FC2AFC0AFC48FC28FCE5
:1063B00029FC09FC08FC69FC88FC86ECC4DC2BFF8A
:1063C000C5F688FF4AFF63DC68F467F4C4E488FE1E
:1063D00089FFE5F646FF25F725F746FF25F745F740
:1063E00045F744F745F745F745F745F745F725F7EE
:1063F00006FF8AFF68FEC4E467F449FC49FC49FCD7
:1064000028FC28FC49FC48F448F4C8F4C6E4A6E497
:1064100049F42AFC0BFC0AFC09FC29FC29FC4AFC77
:106420002AFC28FC46EC67F589FF05F748FF2AFFA0
:1064300085DC88F448FC28FC47FC86ECE4E40AFF91
:1064400069FF26FF45F745F745FF45FF44F744F749
:1064500065F745F724EF46F728FF6BFF49FEC5DCDB
:1064600086E488F428F409FC29FC29FC29FC29FC91
:1064700049FC49FC28FC27F467F468F429FC0AFC71
:10648000EAFB0AFC09FC2AFC09FC29FC2AFC28F48A
:10649000A8F40DFFA6F647FFE9FEC5E488EC29F451
:1064A00008FC49FC08FC68FC86ECA4E404DD67FEFB
:1064B00048FF47FF28FF28FF88FF88FF28FF89FF44
:1064C000AAFF29FFC6EDA3D4A3D4A5DC87EC69FC01
:1064D00029FC4AFC29FC29FC29FC29FC2AFC4AFC51
:1064E00029FC29FC49FC29FC09FC0AFC2AFC29FCA2
:1064F0000AFC4AFC29FC4AFC49FC49FC47ECAAFD81
:106500004DFFAAFEA5E467EC49FC49FC49FC28FCC8
:1065100069FC49FC28F468F467ECA6E404D5C2CC15
:1065200006E506EDE5E405E527ED65DC04D4A6EC1B
:1065300085E4E4E46AFF8AFFE5E447EC48FC29FCD3
:1065400028FC29FC4AFC2AFC0AFC29FC49FC49FCE1
:106550000AFCE9FB0AFC2AFC29FC29FC29FC08FCB2
:1065600029FC49FC09F449FC48F487EC45DC86EC3D
:1065700047F449FC08FC29FC49FC28F428F429FCD0
:1065800029FC49FC48F4A7EC4DFF0CFF66E467ECDE
:1065900088EC88F468F448F449F448F468F406EDAB
:1065A00048FF26FFA9FEA5E468FC08FC48FC29FC7E
:1065B00029FC2AFC2AFC29FC49FC29FC4AFC2AFC6F
:1065C0002AFC29FC29FC29FC69FC28FC49FC49FC23
:1065D00029FC29FC49FC48FC48FC48FC69FC08FCF7
:1065E00029FC29FC49FC29FC49FC29FC09FC49FC43
:1065F00087F409FE07FF8AFF44DC48F469F449F494
:1066000029FC29FC28FC48FC48FC86E46AFFE6F6E5
:106610006AFF24E566F449FC29FC29FC29FC29FCD5
:1066200049FC49FC29FC29FC29FC28FC29FC29FC03
:1066300029FC49FC48F469FC49FC08FC2AFC29FCBB
:1066400029FC29FC09FC29FCE8FB29FC29FC09FCA4
:1066500008FC49FC29FC29FC29FC48F4A5ECC9FEEE
:1066600026FFA9FF64DC69FC49FC09F429FC49FC0C
:1066700028FC49FC49FC67EC44E569FFE6FEC8FEDE
:1066800086EC48FC29FC49FC28FC28FC28FC28FC5A
:1066900029FC29FC49FC48FC49FC49FC29FC29FC53
:1066A00049FC49FC29FC29FC29FC29FC29FC29FC82
:1066B00029FC29FC29FC29FC29FC29FC29FC29FCB2
:1066C00029FC29FC2AFC47ECC2D469FF26FFE8FE1E
:1066D000A6EC48F429FC29FC48FC48FC29FC29FCD0
:1066E00028FC88F464DC4CFFE6FE89FFA5E448FC46
:1066F00048FC28FC48FC48FC48FC28FC29FC29FCF8
:1067000049FC49FC29FC29FC29FC29FC29FC29FC21
:1067100029FC29FC29FC29FC29FC29FC29FC29FC51
:1067200029FC29FC29FC29FC29FC29FC29FC29FC41
:1067300029FC87F403DD49FF48FF47FEA6EC48FC2F
:1067400029FC29FC48FC48FC29FC29FC49FC48F4AC
:1067500066ECE9FD49FF08FF69FD48F448FC48FC88
:1067600048FC48FC48FC29FC29FC29FC29FC29FCA4
:1067700029FC29FC29FC29FC29FC29FC29FC29FCF1
:1067800029FC29FC29FC29FC29FC29FC29FC29FCE1
:1067900029FC29FC29FC29FC29FC29FC49FC67F47B
:1067A00066ED0AFF2AFFA2D487F448FC29FC29FCE5
:1067B00048FC48FC29FC29FC49FC69FC88F465E498
:1067C0002CFF0BFF46EC49FC49FC49FC49FC49FC09
:1067D00029FC29FC29FC29FC29FC29FC29FC29FC91
:1067E00029FC29FC29FC29FC29FC29FC29FC29FC81
:1067F00029FC29FC29FC29FC29FC29FC29FC29FC71
:1068000029FC29FC49FC29FC28F488F4A9FDECFEAC
:106810004DFFC5E467F428FC29FC29FC49FC49FC30
:1068200029FC29FC29FC28FC28F488F4A5E4A5E42B
:1068300068F429FC49FC49FC49FC29FC29FC2AFC98
:106840002AFC29FC29FC29FC29FC29FC29FC29FC1F
:1068500029FC29FC29FC29FC29FC29FC29FC29FC10
:1068600029FC29FC29FC29FC29FC29FC29FC29FC00
:1068700049FC48FC69FC48F424DC6CFE68F5A7EC94
:1068800048FC28FC29FC29FC29FC29FC29FC29FCC2
:1068900049FC49FC29FC29FC88F487F408F429FC0C
:1068A00049FC49FC29FC29FC2AFC2AFC2AFC29FC7D
:1068B00029FC29FC29FC29FC29FC29FC29FC29FCB0
:1068C00029FC29FC29FC29FC29FC29FC29FC29FCA0
:1068D00029FC29FC29FC29FC29FC49FC48FC07F47B
:1068E00049FC47F4A7ECA6E4A7EC67EC48FC28FCBD
:1068F00029FC29FC29FC29FC29FC29FC49FC29FC50
:106900000AFC2AFC48F448F44AFC09FC49FC49FC0E
:1069100029FC29FC2AFC2AFC2AFC29FC29FC29FC4C
:1069200029FC29FC29FC29FC3600360060520608A7
:1069300029FC28FC48FC69FC28F409FC09FC0AEC49
:106940004BD4EFD431D5EFCC4BCC4ADC29F428FC26
:1069500028FC49FC28FC49FC28FC08FC28FC28F4FD
:1069600028F46AFC2AF4EAE3B2FD79FFBBFFBBFF1F
:10697000BBFF7AFFD2FD09E429F449FC49FC28FC5D
:1069800028FC29FC28FC28FC49FC29F46BF40BD4D6
:10699000D8FEBDFFDDFFFEFFDEFFBEFFDFFF9CFF79
:1069A00096FE2BDC29F449FC29FC28FC29FC49FC37
:1069B00008FC08FC2AFC2BDCD3F5DDFFDEFFFFFF23
:1069C000DFFFDFFFDFFFFFFFDFFFBDFFB2F50AE400
:1069D00029FC49FC29FC29FC28FC29FC08FC29FC91
:1069E0004CD4BBFFDEFFFFFFFFFFFFFFFFFFFFFFFA
:1069F000FFFFDFFFDEFF7BFF2AE428F429FC29FCF0
:106A000029FC29FC29FCE8FB29F430E5DCFFFEFF2A
:106A1000DEF7FFFFDEF7FFFFFFFFFFFFFFFFFFFFD8
:106A2000BCFF8CEC29FC29FC29FC29FC09F449FC5D
:106A300008FC09EC51E5BCFFFFFFFFFFFFFFFFFF74
:106A4000FFFFFFFFFFFFFFFFFFFFBCFFEEF449FC6E
:106A500029FC29FC29FC29FC29FC09FC2AEC71E50C
:106A6000DCFFFEFF59CE35AD55AD96B5FFFFFFFFFC
:106A7000FEFFFFFFDDFFEEEC29F429F449FC28FCC2
:106A800008FC29FC09FC2AEC70EDBBFFFEFF10841A
:106A90006A526A52AA52FFFFFFF7FFFFFFFFBDFFD6
:106AA000EEEC09F429FC29FC29FC29FC08FC09FC72
:106AB0000AEC70EDDBFFBDFFFFFFDFFFDFFFFFFF35
:106AC000DEF7FFFFFFF7FFFFBDFFEEEC09F429F44F
:106AD00029FC29FC29FC08FCE8FB29F450EDDCFF2B
:106AE000FEFF3CEF59D639CE1CE7FFFFFFFFFEFF4C
:106AF000FFFFBDFFEEF429F429FC29FC29FC49FC29
:106B000049FC28FC09F471ED9CFFFEFF2C638631E3
:106B1000E841E839FFFFFFFFFFFFFFFFDDFFEEF475
:106B200029F429FC29FC29FC28F408F428FC09E4B0
:106B300051E5BDFFDFFFDFFF9FF7BFF7DFFFDFFF9F
:106B4000FFFFFFFFDEFFDCFF0EF529F449FC29FC07
:106B500029FC49FC49FC28FC2AEC31E5BDFFBEFFBD
:106B6000FFFF9EF79EF7DFFFFFFFFFFFFEF7FFFF30
:106B7000DCFFEEF429F429FC29FC29FC08FC29FCA3
:106B800008FC2AEC92F5BCFFFEFFAA52A531853124
:106B90008631FFFFFFFFFFFFDFFFBDFFEEF429F4AB
:106BA00029FC29FC29FC29FC09FC08FC2AEC51E5FC
:106BB000BCFFFEFF7CEFB9D6D9DEFBE6FFFFFFF797
:106BC000DFF7FFFFBEFFCEEC29F429F429FC29FCF6
:106BD00029FC08FC08FC2AEC51EDBDFFFEFFFFFF7D
:106BE000FEFFFFFFFFFFFFFFFFFFFFF7FFFFDDFFE0
:106BF000EEEC29F429FC29FC29FC09FC29FC08FC01
:106C00002AEC72EDDDFFFFFFFFFFFFF7FFF7FFF755
:106C1000FFF7FFF7FFF7FFFF9CFFEFEC2AF429FCDB
:106C200029FC29FC49FC28FC28FC4AEC71E5BDFF45
:106C3000FFFFDFE7FFDFFFDFFFDFFFDFFFD7FFDF64
:106C4000FFF7DDFF0FED2AF429FC29FC29FC29FCC4
:106C500029FC29FC29E451E5DDFFFFF75AA6987DC0
:106C6000B975BA75B975D9755A9EDFEFDDFF0FEDAD
:106C700029F429FC29FC29FC09FC29FC08FC09EC65
:106C800071EDDDFFFFF75C9E1C765D6E5E6E5D6EE6
:106C90003C76BD9EFFF7DDFF0FF529F429FC29FCAA
:106CA00029FC2AFC09FC28FC29EC71EDBDFFFFEF53
:106CB0007D96FD5D5F567F567F5E5D5E9D8EFFF724
:106CC0009CFF0FF529F429FC28FC28FC29FC29FC51
:106CD00049FC29E450E5FDFFFFE7395DB91CFB0CD9
:106CE000FA0CD90CD8149955FFE7DDFF2FF529F4DC
:106CF00029FC29FC28FC29FC29FC48FC29E491ED0D
:106D0000DDFFFFE79A5DD9141C053C053B0D1A1504
:106D1000DB55FFE7DDFF2FF529F429FC28FC28FCD3
:106D200009FC29FC29FC2AEC71EDDDFFFFE79A5DE7
:106D3000DA143C055C055B051A0DFC55FFE7DDFF29
:106D40000FED29F429FC29FC28FC09FC29FC09FC8D
:106D50002AEC51EDDDFFFFEF9A65DA143C055C0586
:106D60005C0D1B0DFC55FFE7DDFF0FF529F429FC39
:106D700029FC28FC09FC09FC08FC2AEC51E5DEFF93
:106D8000FFEF9965F9143C055C055B0D1A0DFC5588
:106D9000FFE7DDFF2FF529F429FC29FC28FC29FC5D
:106DA00008FC29FC2AEC51E5DDFFFFEF9965F91499
:106DB0003C055C0D5B0D1A0DFC55FFE7DDFF2FED6B
:106DC00029F429FC29FC29FC29FC29FC29FC2AECB2
:106DD00051E5FEFFFFE79965F9143C053C053B0DC5
:106DE0001A15FC55FFE7DDFF2FED29EC29FC29FCE6
:106DF00029FC29FC29FC08FC2AEC51E5FEFFFFE7F1
:106E0000B965F9143C053C053B0D1A15FB55FFE728
:106E1000DCFF2FED29EC29FC29FC29FC28FC28FCAF
:106E200008FC09EC72EDFEFFFFE7B965F9145C059B
:106E30005D053C0D1A15FB55FFE7DCFF2FED29EC36
:106E400029FC29FC29FC29FC28FC49FCE9D3D4EDC8
:106E5000FEFFFFE7BA5DF9143C055D053C0D1B150F
:106E6000DC55FFE7DDFF50E54BE42AF429FC29FC63
:106E700028FC6AFCEAD314FEDDFFFFF7FFD7DB55E1
:106E8000F9143C0D5C0D5C0DFB0CFD55FFE7DEFFBE
:106E9000DDFF92ED0AE429FC49FC49FCE9DBB2F58F
:106EA000BDFFDEFFFFE7FFBF971C3B155C0D1B0519
:106EB0001B053C15FA2CFFD7FFF7FEFFBCFF0FEDBB
:106EC0002AEC49F44AECADE4BCFFDEFFFFF7FFD744
:106ED000B8243C155C0D5C0D5C153B0D3B053A1D63
:106EE000F73CFFD7FFF7DEFFBBFF4CD44AEC0ACCE0
:106EF00058FFBDFFFFFFFFDF973C1B1D5D0D7D0DA4
:106F00005C0D5C0D1B0D5C0D3A0DF81C5855FFE730
:106F1000FFFFDEFF97FE0AE410D5BBFFDDFFFFEFAA
:106F2000BF86981C3B155B0D5C0D3B053C0D5D0D54
:106F30005D051B051A1597243FAFFFEFFFFF9CFF70
:106F40006CE4F4DDDCFFFEFFFFE7B82CFB145C15FE
:106F50003B0D5C0D1C0D5D0D3C055D055C0D5C0D78
:106F6000D81C1755FFE7FFEFDEFF10EDD9EEFEFF4F
:106F7000DEFFDFCF771C3C151C0D1C0D1C0D7D1595
:106F80001C055C0D5D053C053C0D1A1D762CFFCFE4
:106F9000FFEFDFFF15F63BF7DEFFFFFF5FBF981C3B
:106FA0003C0D3D0D3D0D1D0D3C0D3C0D3C055D0D9D
:106FB0003D0D3C051B15962CFFC7FFEFDFFF56F676
:106FC000FAEEDEFFFFFF7FC7981C1C0D3C0D3C0D49
:106FD0003C0D3C0D5C055C055C0D1C0D3C0D1B1D4A
:106FE000762CFFC7FFEFDEFF35F698EEDEFFDFFF02
:106FF000FFDF771C3C155C0D1B053C0D1B057C055C
:107000005B053B0D3C0D3C0DFA1CD63CFFDFFFF74A
:10701000DDFFF3F5B3D5DCFFDEFFFFE79B55DA14A8
:107020001B0D7D0D7C0D5C055C0D5B0D3B055C0D4A
:107030003C0DD91C1B7EFFE7FFFF9CFF0FED8DCCA5
:10704000BBFFDDFFFFF7FFC7361C3B1D3B0D3C05BB
:107050007D0D3C0D1B055C0D1A0D1A1D972CFFDFD5
:10706000DFF7FFFF9CFF0ADC0ADC55FEBDFFDFF700
:10707000FFEF9FBF351C3A1D5C153C053C0D3D0DD7
:107080003C0D1A1D3424FFC7FFEFDFFFBDFFD4F511
:107090002AEC29F40ADC9BFFBEFFFFFFFFEFFFBFD6
:1070A000594D771CB91CDA1CB91C9824BB5DFFCF65
:1070B000FFEFDFFFDDFF5AFFEBCB4AF408FC09ECE2
:1070C000CEE4BCFFDEFFFFF7FFEFFFE7FFD7FFAE29
:1070D000DEA65FB7FFDFFFE7FFF7FFFFDEFFBBFFC7
:1070E0006CE46BFC49FC28FC29F40AE4AEDCBCFF30
:1070F000DDFFBCFFFEFFDFF7FFF7FFF7FFF7FFFF46
:10710000FEFFBEFFBDFF9BFFADD44AF428FC28FC68
:1071100029FC29FC49F42AEC0BD475FE9BFFBCFF2B
:10712000FEFFDFFFFFFFFFFFDDFFDCFF9BFF55FEE4
:107130002BDC4AEC49FC29FC29FC08FC29FC08FC56
:1071400029FC2AF4EAE34CDCF3FDB7FE5AFF5BFFAF
:107150003AFFD7FE91ED6CD40ADC29F429FC29FC16
:1071600029FC29FC29FC29FC49FC08FC29FC29FCF8
:1071700029F409EC09E429E4E9DBE9DB4AEC29EC30
:1071800009EC4AFC29FC29FC29FC28FC29FC00000C
:107190001500330030690608FFFFFFFFFFFFFFFF08
:1071A000FFFFFFFFFFFFFFFFFFFFFFFFFFFFFFFFEF
:1071B000FFFFFFFFFFFFFFFFFFFFFFFFFFFFFFFFDF
:1071C000FFFFFFFFFFFFFFFFFFFFDFFFFFFFFFFFEF
:1071D000FFFFFFFFFFFFFFFFFFFFFFFFFFFFFFFFBF
:1071E000FFFFFFFFFFFFFFFFFFFFFFFFFFFFFFFFAF
:1071F000FFFFFFFFFFFFFFFFFFFFFFFFFFFFFFFF9F
:10720000FFFFFFFFFFFFFFFFFFFFFFFFFFFFFFFF8E
:10721000FFFFFFFFFFFFFFFFFFFFFFFFFFFFFFFF7E
:10722000FFFFFFFFFFFFFFFFFFFFFFFFFFFFFFFF6E
:10723000FFFFFFFFFFFFFFFFFFFFFFFFFFFFFFFF5E
:10724000FFFFFFFFFFFFFFFFFFFFFFFFFFFFFFFF4E
:10725000FFFFFFFFFFFFFFFFFFFFFFFFFFFFFFFF3E
:10726000FFFFFFFFFFFFBAD6D39C34A555AD96B5FF
:1072700096B555AD34A5D39CBAD6FFFFFFFFFFFFEF
:10728000FFFFFFFFFFFFFFFFFFFFFFFFFFFFFFFF0E
:10729000FFFF38C6B6B534A5718C55AD96B575AD42
:1072A00075AD96B555AD718C55ADB6B559CEFFFFE0
:1072B000FFFFFFFFFFFFFFFFFFFFFFFFDFFF9EF767
:1072C00096B5D39C14A555AD96B5FBDEDFFFFFFF49
:1072D000FFFFDFFFFBDE96B575AD14A5D39CB6B5F9
:1072E0009EF7FFFFFFFFFFFFFFFFFFFF9AD618C6C5
:1072F000518CD7BD9AD6FFFFFFFFFFFFFFFFFFFFB7
:10730000FFFFFFFFFFFFFFFFFFFF79CED7BD518CCF
:1073100018C69AD6FFFFFFFFFFFFFFFFFBDE55AD4C
:1073200055ADFFFFFFFFFFFF79CEF39C55AD75AD67
:1073300075AD55ADF39C9AD6FFFFFFFFFFFFB6B5C5
:1073400014A53CE7FFFFFFFFFFFFDFFFBAD638C6FB
:10735000FFFFDFFF3CE7D7BDF39C929496B596B54F
:1073600075AD75AD929414A5B6B53CE7DFFFDFFFB0
:107370009AD679CEDFFFFFFFFFFFFFFFFFFFDFFFA2
:10738000FFFF79CED7BD718C96B5F7BD9EF7FFFF95
:10739000FFFF9EF7F7BDB6B59294D7BDBAD6FFFFF3
:1073A000FFFFFFFFFFFFFFFFFFFFFFFFFFFFFFFFED
:1073B000FFFF3CE796B596B5FFFFFFFFFFFFFFFF1E
:1073C000FFFFFFFFFFFFFFFFF7BD34A51CE7FFFF37
:1073D000FFFFFFFFFFFFFFFFFFFFFFFFFFFFFFFFBD
:1073E000FFFF59CE79CEFFFFFFFFD7BD55AD55AD9D
:1073F00055AD55ADD7BDFFFFFFFF9AD679CEFFFF44
:10740000FFFFFFFFFFFFFFFFFFFFFFFFFFFFFFFF8C
:10741000FFFFFFFFDFFFFFFFF7BDD39CF39CB6B577
:1074200096B5D39CD39C18C6FFFFFFFFFFFFFFFF5D
:10743000FFFFFFFFFFFFFFFFFFFFFFFFFFFFFFFF5C
:10744000FFFFDFFFFFFF55AD929496B5DBDEFFFF38
:10745000DFFFBAD696B5B29475ADFFFFFFFFFFFF11
:10746000FFFFFFFFFFFFFFFFFFFFFFFFFFFFFFFF2C
:10747000FFFFFFFFDFFFFFFF55ADFFFFDFFFFFFF58
:10748000FFFFFFFFFFFF34A5FFFFFFFFFFFFFFFF31
:10749000FFFFFFFFFFFFFFFFFFFFFFFFFFFFFFFFFC
:1074A000FFFFFFFFFFFFFFFFFFFFFFFFBEF759CE0C
:1074B00059CEBEF7FFFFFFFFFFFFFFFFFFFFFFFFFC
:1074C000FFFFFFFFFFFFFFFFFFFFFFFFFFFFFFFFCC
:1074D000FFFFFFFFFFFFFFFFFFFFFFFF34A5718CE2
:1074E000718C34A5FFFFFFFFFFFFFFFFFFFFFFFFD2
:1074F000FFFFFFFFFFFFFFFFFFFFFFFFFFFFFFFF9C
:10750000FFFFFFFFFFFFFFFFFFFFFFFFDFFF38C6AB
:1075100038C6BEF7FFFFFFFFFFFFFFFFFFFFFFFFC4
:10752000FFFFFFFFFFFFFFFFFFFFFFFFFFFFFFFF6B
:10753000FFFFFFFFFFFFFFFFFFFFFFFFFFFFFFFF5B
:10754000FFFFDFFFFFFFFFFFFFFFFFFFFFFFFFFF6B
:10755000FFFFFFFFFFFFFFFFFFFFFFFFFFFFFFFF3B
:10756000FFFFFFFFFFFFFFFFFFFFFFFFFFFFFFFF2B
:10757000FFFFFFFFFFFFFFFFFFFFFFFFFFFFFFFF1B
:10758000FFFFFFFFFFFFFFFFFFFFFFFFFFFFFFFF0B
:10759000FFFFFFFFFFFFFFFFFFFFFFFFFFFFFFFFFB
:1075A000FFFFDFFFFFFFFFFFFFFFFFFFFFFFFFFF0B
:1075B000FFFFFFFFFFFFFFFFFFFFFFFFFFFFFFFFDB
:1075C000FFFFFFFFFFFFFFFFFFFFFFFFFFFFFFFFCB
:1075D000FFFFFFFFFFFFFFFFFFFFFFFFFFFFFFFFBB
:1075E000FFFFFFFFFFFFFFFFFFFFFFFFFFFFFFFFAB
:1075F000FFFFFFFFFFFFFFFFFFFFFFFFFFFFFFFF9B
:10760000FFFFFFFFFFFFFFFFFFFFFFFFFFFFFFFF8A
:10761000FFFFFFFFFFFFFFFF18001800987106082B
:1076200029FC29FC29FC29FC29FC28FC48FC48FCF5
:1076300048FC28FC29FC29FC29FC29FC49F429FCEC
:107640000AFC0AFC29FC48FC48FC48FC29FC29FCF3
:1076500009FC29FC28FC48FC48FC49F449FC49FC8D
:1076600029FC49FC29FC29FC29FC29FC29FC29FCD2
:1076700029FC29FC29FC29FC29FC29FC29FC29FCE2
:1076800029FC29FC29FC29FC29FC29FC29FC29FCD2
:1076900029FC29FC29FC29FC48FC48FC48FC28FC66
:1076A00029FC29FC29FC29FC49FC49FC29FC29FC72
:1076B00029FC48FC48FC48FC29FC29FC29FC29FC45
:1076C00029FC48FC48FC49FC49FC29FC29FC49FCF4
:1076D00029FC29FC29FC29FC29FC29FC29FC29FC82
:1076E00029FC29FC29FC29FC29FC29FC29FC29FC72
:1076F00029FC29FC29FC29FC48FC48FC49FC29FC04
:1077000029FC29FC28FC28FC28FC29FC29FC29FC54
:1077100029FC29FC29FC29FC29FC48FC48FC48FCE4
:1077200048FC29FC29FC2AFC2AFC29FC29FC28FC11
:1077300028FC29FC29FC29FC29FC29FC29FC29FC22
:1077400029FC29FC29FC29FC29FC29FC29FC29FC11
:1077500029FC29FC29FC29FC29FC29FC29FC29FC01
:1077600029FC29FC48FC48FC29FC29FC29FC29FCB3
:1077700029FC29FC29FC29FC29FC29FC29FC29FCE1
:1077800029FC48FC49FC49FC48FC48FC28FC29FC35
:1077900029FC2AFC2AFC29FC29FC29FC28FC28FCC1
:1077A00029FC29FC29FC29FC29FC29FC29FC29FCB1
:1077B00029FC29FC29FC29FC29FC29FC29FC29FCA1
:1077C00029FC29FC29FC29FC29FC29FC29FC29FC91
:1077D00029FC29FC29FC29FC29FC49FC29FC2AFC60
:1077E0002AFC2AFC2AFC29FC29FC28FC48FC48F439
:1077F00029FC2AFC29FC29FC48FC48FC29FC29FC22
:1078000029FC29FC29FC29FC28FC28FC28FC49FC33
:1078100029FC29FC29FC29FC29FC29FC29FC29FC40
:1078200029FC29FC29FC29FC29FC29FC29FC29FC30
:1078300029FC29FC29FC29FC29FC29FC2AFC2AFC1E
:1078400029FC29FC29FC29FC49FC4AFC2AFC2AFCCD
:1078500029FC29FC28FC48FC48FC48FC29FC2AFCA3
:1078600029FC29FC28FC48FC49FC29FC29FC29FCB2
:1078700029FC29FC29FC28FC29FC29FC29FC29FCE1
:1078800029FC29FC29FC29FC29FC29FC29FC29FCD0
:1078900029FC29FC29FC29FC29FC29FC29FC29FCC0
:1078A00029FC29FC29FC29FC0AFC29FC29FC29FCCF
:1078B00029FC29FC49FC49F449F449F429FC29FC38
:1078C00029FC29FC29FC29FC29FC29FC29FC29FC90
:1078D00029FC49FC49FC49FC49FC29FC29FC29FC00
:1078E00029FC29FC29FC29FC29FC29FC29FC29FC70
:1078F00029FC29FC29FC29FC29FC29FC29FC29FC60
:1079000029FC29FC29FC29FC29FC29FC29FC29FC4F
:1079100029FC29FC29FC29FC29FC29FC29FC29FC3F
:1079200029FC49FC49F449FC49FC29FC29FC29FCB7
:107930000AFC0AFC29FC29FC29FC29FC29FC29FC5D
:1079400029FC29FC29FC49FC29FC29FC29FC29FCEF
:107950000AFC29FC29FC29FC29FC29FC29FC29FC1E
:1079600029FC29FC29FC29FC29FC29FC29FC29FCEF
:1079700029FC29FC29FC29FC29FC29FC29FC29FCDF
:1079800029FC29FC29FC29FC29FC28FC29FC29FCD0
:1079900029FC29FC28FC49FC29FC08FC49FC29FCA1
:1079A00029FC29FC29FC29FC49FC29FC09FC29FCAF
:1079B00049FC08FC49FC29FC49FC49FC29FC29FC40
:1079C00029FC29FC29FC29FC29FC29FC29FC08FCB0
:1079D00029FC29FC29FC29FC29FC29FC29FC29FC7F
:1079E00029FC29FC29FC29FC29FC29FC49F449FC37
:1079F00029FC29FC28FC29FC29FC29FC29FC49FC40
:107A000049FC08F429FC29FC4AFC2AF44AEC6BECFA
:107A10006BE46BE46CE46CE46BEC8BEC2AEC8AFCBE
:107A200049F449FC29F449FC29FC29FC49FC49FC9E
:107A300049FC29FC29FC29FC29FC49FC29FC29FCDE
:107A400029FC29FC29FC29FC29FC29FC29FC29FC0E
:107A500029FC29FC29FC29FC69F449F449FC28FC8F
:107A600049FC29FC29FC29FC09FC28FC28FC49FCD0
:107A700049FC6AFC0AE4ADE4CDCCCDBC6DAC2D9CD8
:107A80000D9C2E9C6EA48EB48DC4ADDC6BE44AECD0
:107A900049F469FC28F489FC29FC29FC29FC29FC0F
:107AA00049FC29FC29FC29FC29FC29FC29FC29FC8E
:107AB00029FC29FC29FC29FC29FC29FC29FC29FC9E
:107AC00029FC29FC49F449F449FC48FC49FC29FCFF
:107AD00029FC2AFC49FC49FC49FC49F44AE46CDCD9
:107AE000AFCC32C519EF5BE77CDF9DDF9EDF9ED711
:107AF0007DDF7CE71AEF97E610CDADD48CDC6AEC25
:107B000049F428F429FC49FC29FC29FC49FC49FCDE
:107B100029FC29FC29FC29FC29FC29FC29FC29FC3D
:107B200029FC29FC29FC29FC29FC29FC29FC29FC2D
:107B300029FC29FC49FC49FC29FC29FC29FC29FCDD
:107B400009FC29F44AF48BE4AEBCB7DE7DDF3DC707
:107B5000BDB6DDB6FEAEFEA61EA7FEA6DEAEDEB646
:107B6000DEB6BCB63DCF7CE7F4D5AED46BEC29F4E1
:107B700049FC4AFC49FC29FC29FC29FC49FC29FC5C
:107B800029FC29FC29FC29FC29FC29FC29FC29FCCD
:107B900029FC29FC29FC29FC29FC29FC09FC29FCDD
:107BA00029FC49FC29FC29FC29FC29FC4AF46BEC42
:107BB0008DDC72D59CEFFCBEDD9EFF9EDFA6FFA68E
:107BC000FF9E1F9F1F9F1F9FFFA6FFA6FFA61FA729
:107BD0001FA7FDAEFBCE3AF78ECC8DEC2AEC29F434
:107BE00049FC49FC29FC29FC49FC29FC29FC29FC0D
:107BF00029FC29FC29FC29FC29FC29FC29FC29FC5D
:107C000029FC29FC29FC29FC29FC29FC29FC29FC4C
:107C100029FC29FC29FC2AFC6CE4AECCD9E65CD713
:107C20009CA6FEA6FF9E1FA71FA71FA71F9F1F9F03
:107C30001F9F1FA7FFA6FFA61FA7FF9E1F9F1FA78F
:107C4000FDAEDCBE9EEFD1BC8CE409F429F44AFC05
:107C500049FC29FC49FC29FC29FC29FC29FC29FCBC
:107C600029FC29FC49FC49FC29FC29FC29FC29FCAC
:107C700029FC29FC28FC28FC29FC2AFC2AFC29FCDC
:107C800029FC4BECAECC1AEFFBC6DDA61FA71F9F4D
:107C90001FA7FFA6FF9E1FA71F9F1F9F1FA71FA70E
:107CA000FFA6FFA6FF9E1F9F1F971F9F1FA7DEA671
:107CB0009CA67EE793E58CE42AEC49FC49FC29FC70
:107CC00049FC29FC29FC29FC29FC29FC29FC29FC6C
:107CD00049FC49FC29FC29FC29FC29FC29FC49FC1C
:107CE00028FC48FC28FC29FC2AFC4AFC2AF48DDCF0
:107CF000FAE6FCBEBDAEDFAEFFA6FF9EFFA61FA745
:107D00001F9F1F9F1F9F1F9F1F9F1F9F1F9F1F9F83
:107D10001F9F1F9F1F9F1F9FFFA6FFA6FEA6DCAEF3
:107D20007DDFF1BC6CE429FC48FC48FC08FC29FC24
:107D30002AFC4AF429FC29FC28FC28FC29FC29FC03
:107D400028FC29FC29FC29FC29FC48FC28FC49FCCE
:107D500028FC49FC2AFC2AF46CE492D51CC71FA716
:107D6000FFA6FFA6FFA6FFA6FFA6FFA61F9F1F9FB9
:107D70001F9F1F9F1F9F1F9F1F9F1F9F1F9F1F9F13
:107D80001F9F1F9F1F9FFFA6FF9EFEA6BCA67DE70D
:107D9000AED44BEC49F448FC49FC09FC2AFC4AF4FB
:107DA00029FC29FC29FC28FC29FC29FC28FC28FCAE
:107DB00029FC29FC49FC49F449FC29F449FC49FC0B
:107DC00009FC6CECF0BC9DE71DAF1F9FFF9EFFA65A
:107DD0001F9F1F9F1F9F1FA71F9F1F9F1F9F1F9FAB
:107DE0001F9FFFA6FFA6FFA6FFA6FFA61F9F1F9F20
:107DF0001F9F1F9F1F9FFF9E1FAFDCBE57DEADD48E
:107E000029EC08FC29FC29FC29FC49FC29FC29FC5B
:107E100029FC29FC28FC28FC28FC28FC29FC2AFC3D
:107E200049F449F429FC6AFC29FC29FC09FC6CDCB6
:107E300057CE1CB7FE9E1F971F9FFF9E1F9F1F9F21
:107E40001F9F1F9F1F9F1F9F1F9F1F9FFFA6FFA674
:107E5000FFA6FFA6FFA6FFA6FFA61F9F1F9F1F9FAF
:107E60001F9F1F9FDF9EBDAE7DE78EB46BEC49FC6C
:107E700008FC29FC29FC49FC29FC29FC29FC29FCDB
:107E800028FC28FC28FC29FC29FC2AFC49F449F49C
:107E900028FC08FC49FC29FC4BFC6DD49EEFDDAEB0
:107EA000FEA61F9F1F9F1F9FFF9E1FA71F9F1F9F15
:107EB0001F9F1F9F1F9F1F9FFFA6FFA6FFA6FFA636
:107EC000FFA6FFA6FFA61F9F1F9F1F9F1F9F1F9F0D
:107ED0001FA7FEA6DCB698D68CE429FC29FC49FC39
:107EE00029FC49FC29FC29FC29FC49FC49FC29FC0A
:107EF00029FC49FC29FC29FC49FC48FC29FC49FCDB
:107F000029FC4AFC4BE4AFC41DCFFEA6FFA61FA769
:107F1000FF9EFF9EFF9E1F9F1F9F1F9F1F9F1F9FD4
:107F20001F9F1F9F1F9FFFA6FFA6FFA6FFA6FFA6DE
:107F30001F9F1F9F1F9F1F9F1F9F1F9FFF9E1FA76A
:107F4000DD9EBEE76EC48CF44BEC6BEC4BEC6BEC43
:107F50004AF429FC49FC49FC29FC29FC49FC49FC60
:107F600029FC29FC28FC28FC09FC29FC4AFC4AECD9
:107F70008DD4F9EEBCAE1FA7FF9EFFA6FFA6FF9E05
:107F80001F9F1F9FFF9EFF9EFFA61FA7FFA61F9F6D
:107F90001F9F1F9F1F9F1F9F1FA7FF9E1F9F1F9F0A
:107FA0001F9F1F9F1F9F1F9FFF9E1F9F1F9F7EC77B
:107FB00032B5AFCCB0CC8FCC8FCC8EDC6CEC4AF42D
:107FC00029FC29FC2AFC29FC29FC29FC28FC28FC8A
:107FD00028FC28FC4AFC29FC29FC6BECAEC47BEF96
:107FE000FDAE1F9F1FA7FFA6FFA61FA71F9F1F9FD6
:107FF000FF9EFFA6FFA6FFA6FFA61F9F1F9F1F9F16
:108000001F9F1F9F1F9F1F9F1F9F1F9FFFA6FFA6B2
:10801000FFA61F9F1F9F3FA71F97FEA6D8A5F49CF2
:10802000F4A4F4A4D4ACD3B4B0C48ECC8DD46CE49A
:108030004BEC2AF449FC29FC28FC28FC29FC29FCEF
:1080400029FC29FC49FC6BEC4DB49CE7FDAE1F9F5D
:10805000FFA6FFA6FFAE1FA71F9F1F9FFF9EDFA6C5
:10806000FFA6FFA6FF9EFF9E1F9F1F9F1F9F1F9F94
:10807000FF9E1FA7FF9EFF9E1FA7DF9E1FA71F9F9C
:108080001F97BF8E5F7E3E7E5D8E7D969E967D960F
:108090005D9E7D9E7BA61DC79ABE32ADCECC8CE484
:1080A0004AEC49FC49FC29FC2AFC4AFC29FC29FC35
:1080B00028FC6AE42CA49DE7FDA63F9F1FA7FFA60E
:1080C000FFA6FF9E1F971F971F9F1FA71FA71FA7F2
:1080D0001F9F1F9F1F9FFF9EFF9E1F9F1F9FFF9E13
:1080E000FFA61FA7DF9E5FA7FF9EBF8E5E7E5F7EFF
:1080F0005F7E5F7E7F7E7F767F767F767F7E5F7618
:108100007E7E7D7E5C86DCAE98CE8FB4ADD44BE4B3
:1081100049FC28FC4AFC2AF429FC49FC28FC6BECAD
:108120000D9C5DDF1FAF3F9FDF96BF8E7F865F7E1A
:108130005F765E765E7E5E7E9E86DF961F9F1F9FC9
:108140001F9FFF9EFF9EFFA6FFA6FFA61FA7DF9E05
:108150001F9F1F9F9F865F7E3F765F767F7E7F7E1D
:108160007F7E5F7E7F7E7F765F7E7F7E7F767E7680
:108170009F7E3D7E1C8EDDC6B5C5CFCC6AE449FC32
:108180002AFC2AF449FC29FC08FC8CEC2E9CBFDF5D
:10819000DE9E7F865E7E5F7E5F765F765F767F7631
:1081A0007F7E7F7E5F7E3E7E5E7EBF8E1F9F1F9F97
:1081B0001F9FFFA6FFA6FFA6FFA6FF9E1F9F7E860E
:1081C0005F7E5F767F7E7F7E7F767F765F7E5F7E5F
:1081D0007F7E7F7E7F7E7F769F7E7F765F767F7ECF
:1081E0007F7E5D8E7BAE16CECDD44AEC4AF44AFC3F
:1081F00028FC29FC09FC4CE4709C9FCF3D863E7610
:108200005F7E7F7E7F7E7F7E7F7E5F7E5F765F7616
:108210005F767F7E5F7E3E767F861F973FA7FF9EBD
:10822000FFA6DF9EFF9E3FA77E863E767F7E7F76FF
:108230007F7E5F7E5F767F765F7E7F7E7F7E7F7EC6
:108240005F767F7E7F7E7F7E7F7E7F7E5F7E3E76D7
:108250007D86DCB652BD6CD48BF409FC28FC49FC4D
:108260004BECAFD4B7AD7C963D7E9F7E7F7E7F7E0C
:108270007F767F767F7E7F7E7F7E7F7E7F7E5F764E
:108280007F767F7E5F7E5E7EBF8E5FA7FF9EFF9EB6
:108290001FA7BF963E7E7F7E7F7E7F767F767F762E
:1082A0007F7E7F7E7F7E5F7E7F7E7F7E7F7E7F7E06
:1082B0005F765F7E7F7E5F767F7E9F7E5E763C868A
:1082C000FBCED0B46CE46AFC28F46AECAECCD6C524
:1082D000DEB61D7E7F7E7F765F7E5F7E7F767F76D9
:1082E0005F7E5F7E5F7E7F7E7F7E5F765F767F7E56
:1082F0007F7E5F7E7F86DF8E1F9F3FA7FF9E3D7E36
:108300005F7E7F7E7F767F767F767F765F7E5F7E05
:108310005F765F765F7E5F7E5F767F7E5F7E5F7E6D
:108320007F7E5F7E5F7E5E7E9F7E5E7E5C8EFCCE0D
:108330008ED44BF449F4ACDC73B5BCB63C867F7E7E
:108340007F767F765F7E5F7E7F769F767F7E7F7E85
:108350005F7E7F7E5F767F767F7E7F7E7F765F76B5
:108360005F7E5E7E1F9F3F9F9F867F7E5F7E5F7EDC
:108370007F7E7F767F767F7E5F7E5F7E7F7E7F7E65
:108380005F7E5F7E7F7E5F767F7E5F7E5F767F7EB5
:108390007F7E7F7E5F767F7E5F76BDAEB0BC8DE4F4
:1083A0004BECAECC1CC77D7E7E7E5F767F7E7F7E73
:1083B0005F7E5F7E7F767F765F7E5F7E5F7E5F7EA5
:1083C0007F7E7F767F7E7F7E7F7E7F7E5F7E5F7615
:1083D000BF863F975F7E7F7E5F7E7F7E7F7E7F7ED4
:1083E0007F767F7E5F7E5F7E7F7E7F7E5F7E7F7E0D
:1083F0007F7E7F7E7F7E7F7E7F7E7F7E7F7E7F7E95
:108400007F7E5F767F7E3C8E59D6D0C48DDC12BDD8
:108410007C969E769F7E9F7E5F765F767F7E7F7E58
:108420007F767F765F7E5F7E5F7E5F7E7F7E7F7EF4
:108430007F7E7F7E7F7E7F7E5F7E5F767F7EDF8634
:108440005F767F7E5F767F7E5F7E5F767F7E7F7EDC
:108450007F7E7F7E7F7E7F7E7F7E7F7E7F7E7F7E34
:108460007F7E7F7E7F7E7F7E7F7E7F7E7F7E7F762C
:108470005F7E3D8E9BC6B19CD1B4BAD65C8E5E76D3
:108480005F7E5F7E5F7E7F7E7F767F767F767F7E7C
:108490005F7E5F7E7F7E7F7E7F7E7F7E7F7E7F7E34
:1084A0007F7E7F7E7F7E5F7E5F767F7E5F767F7E54
:1084B0007F7E7F7E7F7E5F7E7F7E7F7E7F7E7F7EF4
:1084C0007F7E7F7E7F7E7F7E7F7E7F7E7F7E7F7EC4
:1084D0007F7E7F7E7F7E7F765F6E9F7E5F7E5E8EFD
:1084E0009BB6D38CD2949BB63D869F7E5F7E7F8663
:1084F0005F7E5F7E7F767F767F7E7F7E7F7E7F76EC
:108500007F7E7F7E7F7E7F7E7F7E7F7E7F7E7F7E83
:108510007F7E7F7E7F7E5F7E7F7E7F7E7F7E7F7E93
:108520007F7E7F7E7F7E7F7E7F7E7F7E7F7E7F7E63
:108530007F7E7F7E7F7E7F7E7F7E7F7E7F7E7F7E53
:108540007F7E7F769F7E5F767F7E5E8E9DA6936C1C
:10855000526CDDAE7F865F7E5F7E3F7E7F7E7F7E5C
:108560007F765F7E7F7E7F7E7F767F767F767F7E63
:108570007F7E7F7E7F7E7F7E7F7E7F7E7F7E7F7E13
:108580007F7E5F767F7E7F7E7F7E7F7E7F7E7F7E2B
:108590007F7E7F7E7F7E7F7E7F7E7F7E7F7E7F7EF3
:1085A0007F7E7F7E7F7E7F7E7F7E7F7E7F7E7F7EE3
:1085B0005F7E7F7E5F7E5E861C8EFB95F98D3C8E96
:1085C0005F865F7E5F7E7F7E7F7E5F7E5F7E5F7E7B
:1085D0005F7E7F767F767F767F767F7E7F7E7F7EF3
:1085E0007F7E7F7E7F7E7F7E7F7E7F7E7F7E5F76CB
:1085F0007F7E7F7E7F7E7F7E7F7E7F7E7F7E7F7E93
:108600007F7E7F7E7F7E7F7E7F7E7F7E7F7E7F7E82
:108610007F7E7F7E7F7E7F7E7F7E7F7E5F7E5F7EB2
:108620007F7E7E863D8EFC8DFA8D5C8E7E7E5F76B3
:108630007F7E5F7E7F7E7F765F7E5F7E5F7E7F76E2
:108640007F767F767F7E5F7E7F7E7F7E7F7E7F7E72
:108650007F7E7F7E7F7E7F7E5F7E7F7E5F7E7F7E72
:108660007F7E7F7E7F7E7F7E7F7E7F7E7F7E7F7E22
:108670007F7E7F7E7F7E7F7E7F7E7F7E7F7E7F7E12
:108680007F7E7F7E7F7E7F7E5F7E9F7E5F765E7E4B
:108690003D8E1B8E3B96FB8D7E867F7E5F7E7F862A
:1086A0005F7E7F7E7F7E7F7E7F7E7F7E7F767F7612
:1086B0007F7E5F7E7F7E7F7E7F7E7F7E7F7E7F7EF2
:1086C0007F7E7F7E5F7E7F7E5F767F7E5F7E5F7E4A
:1086D0007F7E7F7E7F7E7F7E7F7E7F7E7F7E7F7EB2
:1086E0007F7E7F7E7F7E7F7E7F7E7F7E7F7E7F7EA2
:1086F0007F7E7F7E7F7E5F767F7E7E7EBD9EF56CF9
:1087000037757D9E5D867F7E7F7E5F7E5F7E7F7E0E
:108710007F767F767F7E7F7E7F7E7F7E5F7E5F7EC1
:108720007F7E7F7E7F7E7F7E7F7E7F7E7F7E7F7E61
:108730007F7E7F7E7F7E7F7E7F7E7F7E7F7E7F7E51
:108740007F7E7F7E7F7E7F7E7F7E7F7E7F7E7F7E41
:108750007F7E7F7E7F7E7F7E7F7E7F7E7F7E7F7E31
:108760007F767F765F7E5D86DCB6F284B374BCAEC6
:108770005D867F7E5F7E5F7E7F7E5F767F767F76A3
:108780007F7E7F7E7F7E5F7E5F7E5F7E7F7E7F7E61
:108790007F7E7F7E7F7E7F7E7F7E7F7E7F7E7F7EF1
:1087A0007F7E7F7E7F7E7F7E7F7E7F7E7F7E7F7EE1
:1087B0007F7E7F7E7F7E7F7E7F7E7F7E7F7E7F7ED1
:1087C0007F7E7F7E7F7E7F7E7F7E7F7E7F769F7EA9
:1087D0003F763D8EDAC6F09CF294DBBE3D865F7636
:1087E0005F767F7E5F767F7E7F7E7F7E5F7E5F7E31
:1087F0005F7E5F7E7F767F767F767F7E7F7E7F7EE9
:108800007F7E7F7E7F7E7F7E7F7E7F7E7F7E7F7E80
:108810007F7E7F7E7F7E7F7E7F7E7F7E7F7E7F7E70
:108820007F7E7F7E7F7E7F7E7F7E7F7E7F7E7F7E60
:108830007F7E7F7E7F7E7F7E5F7E3F769F863C96BB
:10884000B5BDEFC4CFB458CE1C8E9F7E7F767F7EA1
:108850007F7E5F767F7E7F7E5F7E5F7E5F7E7F7EB8
:108860007F767F767F767F7E7F7E7F7E7F7E7F7E38
:108870007F7E7F7E7F7E7F7E7F7E7F7E7F7E7F7E10
:108880007F7E7F7E7F7E7F7E7F7E7F7E7F7E7F7E00
:108890007F7E7F7E7F7E7F7E7F7E7F7E7F7E7F7EF0
:1088A0007F7E5F7E5F7E7F865D7EBCAED0BCADDCB2
:1088B0008DE4B0BCBCAE7E7E7F7E5F7E5F7E7F7EC1
:1088C0007F767F7E5F7E5F7E5F7E7F7E7F767F7638
:1088D0007F767F7E7F7E7F7E7F7E7F7E7F7E7F7EB8
:1088E0007F7E7F7E7F7E7F7E7F7E7F7E7F7E7F7EA0
:1088F0007F7E7F7E7F7E7F7E7F7E7F7E7F7E7F7E90
:108900007F7E7F7E7F7E7F7E7F7E7F7E7F7E5F7E9F
:108910007F7E3D7E5B8EBAC68ECC4BEC2AF46DCC4E
:10892000FBD6FA855E7E7F7E7F7E7F7E7F767F7E32
:108930005F7E5F7E5F7E7F7E7F767F767F7E7F7EBF
:108940007F7E7F7E7F7E7F7E7F7E7F7E7F7E7F7E3F
:108950007F7E7F7E7F7E7F7E7F7E7F7E7F7E7F7E2F
:108960007F7E7F7E7F7E7F7E7F7E7F7E7F7E7F7E1F
:108970007F7E7F7E7F7E7F7E7F7E5F7E5E7E1B86AC
:108980003CCFF0B48CE42AFC4BFC4BE4CFBC3CD78E
:108990003B867F765F765F7E7F7E7F7E7F7E7F7683
:1089A0007F767F765F7E5F7E5F7E7F7E7F7E7F7E4F
:1089B0007F7E7F7E7F7E7F7E7F7E7F7E7F7E7F7ECF
:1089C0007F7E7F7E7F7E7F7E7F7E7F7E7F7E7F7EBF
:1089D0007F7E7F7E7F7E7F7E7F7E7F7E7F7E7F7EAF
:1089E0007F7E7F7E5F7E5F7E1C763EBF32BD6CD415
:1089F00029EC29FC09FC4AF46CDC8FB43DCF1C7EC9
:108A00005E7E7F7E7F7E7F7E7F7E7F7E7F767F76AF
:108A10005F7E5F7E5F7E7F7E7F7E7F7E7F7E7F7ECE
:108A20007F7E7F7E7F7E7F7E7F7E7F7E7F7E7F7E5E
:108A30007F7E7F7E7F767F767F7E7F7E7F7E7F7E5E
:108A40007F7E7F767F767F767F767F7E7F7E5F7E7E
:108A50005E7E3D8E3EC712AD8DD46BF429FC49FC81
:108A60004AFC29F42AFC6DE4B0B41CCF5C8E5E761F
:108A70007F7E5F7E7F865E7E5E767E769F7E5F7681
:108A80005F7E7F7E7F7E7F7E7F7E7F7E7F7E7F7E1E
:108A90007F7E7F7E7F7E7F7E7F7E7F7E7F7E7F76F6
:108AA0007F767F767F767F7E7F7E7F7E7F7E7F76FE
:108AB0009F767F767F767F7E5E7E7D863C863DC715
:108AC000D0BC8DDC6BEC4AF429FC29FC29FC49FC68
:108AD00009FC2AF48DDCD0BC9AC61EB71C8E1D86FC
:108AE0003D8E5E8E9E867E7E5F7E7F7E5F7E5F7E1B
:108AF0005F7E5F7E5F7E5F7E5F7E5F7E5F7E5F7E8E
:108B00005F7E5F7E5F7E5F7E5F7E5F7E7F7E7F7E3D
:108B10005F7E5F7E5E865F865F7E7F7E5E767F7E27
:108B20005E7E3C8E3B96BBB6BBC6B1AC6CE44AF4F1
:108B30004AFC49FC29FC29FC29FC29FC29FC4AFCAB
:108B400029F46BEC8DD46EB478CEFCC6BDAE3C8EF1
:108B50005D8E9F8E7E867E7E7E867E8E7E8E7E8ED5
:108B60007E8E7E8E7E8E7E8E7E8E7E8E7E8E7E8EA5
:108B70007E8E7E8E7E8E7E8E7E867E8E7E8E7E8E9D
:108B80007E8E7E8E7E8E7E8E9E8E3B8E1EB7DBC64A
:108B900017CEB0BC8ED46DE44BF44AFC2AFC29FC01
:108BA00029FC29FC29FC49FC49FC49FC08FC49FC3E
:108BB0004AF46BE4ADCC8EA4F2A4B7AD77A5789D52
:108BC000B89DB89D979D979D979D979D979D979DC3
:108BD000979D979D979D979D979D979D979D979DF5
:108BE000979D979D979D979D77A577A577A577A545
:108BF000779D979DB7A5B6AD4F94AFB4AED46CE456
:108C00004AF409F42AFC49FC29FC49FC29FC29FC0A
:108C100029FC29FC28F449FC6AFC08F449FC49F4C5
:108C20006AEC8BE46BDC6DDC6DE46EE46DDC8EDC99
:108C30008EDC8DDC8DDC8DDC8DDC8DDC8DDC8DDCEB
:108C40008DDC8DDC8DDC8DDC8DDC8DDC8DDC8DDCDC
:108C50008EDC8EDC8EDC8EDC8EDC8EDC8EDC8EDCC4
:108C60008DDC8DDC6CE46BE46BEC6AF449F449FC5C
:108C700049FC29FC29FC29FC29FC29FC08FC49FCAD
:108C800049FC49FC29F449FC28F469FC48F448FCF7
:108C900029FC29FC09FC2AFC2AFC29FC29FC29FCCA
:108CA00029FC29FC29FC29FC29FC29FC29FC29FC9C
:108CB00029FC29FC29FC29FC29FC29FC29FC2AFC8B
:108CC00029FC29FC29FC29FC2AFC2AFC29FC29FC7A
:108CD00029FC49FC28FC48FC27F448FC49FC29FCF9
:108CE00029FC29FC29FC29FC3600360020760608E0
:108CF00029FC29FC49FC49FC29FC29FC29FC28FC0D
:108D000048FC49FC29FC29FC49FC28FC48FC48FC9F
:108D100029FC29FC48FC69FC29FC2AFC2AFC29FCCA
:108D20002AFC2AFC09FC29FC49FC28FC29FC29FC1A
:108D300049FC48FC49FC49FC29FC29FC29FC29FC8C
:108D400049FC49FC49FC49FC29FC29FC29FC29FC7B
:108D500029FC29FC29FC29FC29FC29FC29FC29FCEB
:108D600029FC29FC29FC29FC29FC28FC28FC29FCDD
:108D700049FC49FC29FC49FC28FC49FCE8FB49FC6E
:108D800048FC48FC49FC09FC4AFC29FC29FC29FC5C
:108D900009FC29FC49FC28FC29FC29FC29FC49FC8C
:108DA00049FC29FC29FC29FC29FC29FC29FC49FC5B
:108DB00049FC49FC29FC29FC29FC29FC29FC29FC4B
:108DC00029FC29FC29FC29FC48FC48FC29FC2AFC3C
:108DD00029FC48FC29FC29FC29FC29FC29FC49FC2C
:108DE00029FC29FC29FC29FC2AFC29FC28FC49FC3B
:108DF00028F449FC29FC49FC48FC48FC28FC29FCD7
:108E000049FC29FC29FC29FC29FC29FC29FC29FC1A
:108E100029FC29FC29FC29FC29FC29FC49FC49FCEA
:108E200029FC29FC29FC29FC29FC29FC29FC29FC1A
:108E300029FC29FC48FC48FC2AFC2AFC49FC48FC8B
:108E400029FC29FC29FC29FC29FC29FC4AFCE9FB1A
:108E500029FCE9FB2AFC08FC68FC48F468FC28FCB7
:108E600029FC29FC48FC48FC29FC29FC49FC29FC7C
:108E700029FC29FC29FC29FC29FC29FC29FC29FCCA
:108E800029FC29FC29FC29FC49FC49FC29FC29FC7A
:108E900029FC29FC29FC29FC29FC29FC29FC29FCAA
:108EA00048FC29FC29FC29FC49FC48FC49FC29FC1C
:108EB00029FC49FC29FC09FC2AFC09FC29FC69FC69
:108EC00029FC89FCA7EC45DC07EC29FC29FC09FC02
:108ED00029FC29FC29FC29FC29FC29FC49F449FC32
:108EE00029FC29FC29FC29FC0AFC29FC29FC29FC79
:108EF00029FC29FC49FC49FC29FC29FC29FC29FC0A
:108F000029FC29FC29FC29FC29FC29FC28FC29FC3A
:108F100029FC29FC49FC48FC49FC29FC29FC29FCCA
:108F200029FC29FC09FC4AFC26EC66ECA7EC65DC74
:108F30002BFE0BFE48F409FC29FC2AFC29FC29FC29
:108F400029FC29FC29FC49FC49F449F429FC29FCA9
:108F500029FC29FC29FC29FC29FC29FC29FC29FCE9
:108F600049FC49FC29FC29FC29FC29FC29FC29FC99
:108F700029FC29FC29FC29FC29FC29FC2AFC29FCC8
:108F800049FC48FC49FC29FC29FC08FC48FC48FC3D
:108F900049FC48F4E6EC03D54AFF2AFF8BFE66EC59
:108FA00068FC49FC28FC28FC29FC29FC29FC29FC3C
:108FB00049FC69FC49FC49FC29FC29FC29FC29FCE9
:108FC00029FC29FC29FC29FC29FC29FC29FC29FC79
:108FD00029FC29FC29FC29FC29FC29FC29FC29FC69
:108FE00029FC29FC29FC29FC0AFC29FC49FC48FC39
:108FF00029FC29FC29FC48FC68FC47EC87F484E444
:109000000AFF49FF06F76AFFA5E467F448FC49FC3C
:1090100068FC48F449FC29FC29FC48FC88F4A8F4C5
:1090200068F448F448FC48FC49FC29FC29FC29FC6C
:1090300029FC29FC29FC29FC29FC29FC29FC29FC08
:1090400029FC29FC29FC29FC29FC29FC29FC29FCF8
:1090500029FC29FC29FC29FC29FC29FC29FC08FC09
:1090600048FC48F467F486ECA6F56AFFC6F627FFCD
:109070006AFFE3DC87F449FC29FC29FC68F468F406
:1090800048FC29FC2AFC48F4A6ECE9FD86EC87F4B0
:1090900068F448F448FC48FC28FC29FC29FC29FC1D
:1090A00029FC29FC29FC29FC29FC29FC29FC29FC98
:1090B00029FC29FC29FC29FC29FC29FC28FC49FC69
:1090C00009FC29FC4AFC2AFC09FC49FC68FC66EC0A
:1090D000C6EC28FE48FF25FF46F707FF48FEC6EC12
:1090E00048F429FC0AFC09FC68FC68F448FC49FCCB
:1090F00048F466EC04DD2BFF09FEC5E466EC68F479
:1091000048F468FC48FC48FC29FC29FC29FC29FCA3
:1091100029FC29FC29FC29FC29FC29FC29FC29FC27
:1091200029FC29FC29FC29FC29FC29FC49FC29FCF7
:10913000E9FB09FC49FC28F447F4A5E4E9FE47FFF4
:1091400005F746F746F769FF84DC47F448FC29FC3D
:109150002AFC09FC49FC69FC49FC68F4A6E4E3D458
:10916000A4DD28FF6AFF24DD86EC68F427F448FCC0
:1091700048FC49FC29FC49FC49FC49FC29FC29FC28
:1091800029FC29FC29FC29FC29FC29FC29FC29FCB7
:1091900029FC29FC29FC28FC28FC29FC4AFC4AFC67
:1091A00029FC68F4A6ECAAFE06FF44F786F725F72B
:1091B00006F7E9FE65E469FC08F429FC2AFC2AFCB0
:1091C00029FC29FC29FC48F4EEFE2DFF4AFFC7F6D6
:1091D000C7FE4CFFEFFE0EFE89FC28F428F449FC84
:1091E00049FC49FC49FC49FC29FC29FC29FC29FCD7
:1091F00029FC29FC29FC29FC29FC29FC29FC29FC47
:1092000029FC28FC69FC49FCE8FB29FC69FC86EC8C
:10921000E7F528FF25F764F745EF46F748FFA2D4A6
:10922000A7F469FC29FC29FC29FC4AFC09FC09FC7F
:109230000AFC09FC49FC66E4E3DC2BFF2BFFA3DC02
:1092400046EC68FC07F449FC49FC29FC29FC49FC74
:1092500029FC29FC29FC29FC29FC29FC29FC29FCE6
:1092600029FC29FC29FC29FC29FC29FC29FC08FCF7
:1092700049FC49FC29FC49FC67ECE5E469FF45F73A
:1092800045F765FF45F705F76BFFC5E447EC08FCBC
:1092900029FC49FC09FC29FC09FC29FC09FC4AFCC5
:1092A00029FC48F4C5E4CCFEE9FDA6EC88F469FC91
:1092B00028F449FC49FC29FC29FC29FC29FC29FC4F
:1092C00029FC29FC29FC29FC29FC29FC29FC29FC76
:1092D00029FC29FC29FC29FC29FC49FC28FC08FC68
:1092E0002AFC07ECE5E46BFF06F724EF65FF04F7C3
:1092F00045FF27FF08FEA6E489FC29FC29FC29FC80
:1093000009FC29FC29FC29FC49FC08F448FC87F4E9
:10931000A7ECAAFD66E487EC48F429FC29FC29FCAB
:1093200009FC09FC09FC2AFC29FC29FC29FC29FC74
:1093300049FC49FC29FC29FC29FC29FC29FC29FCC5
:1093400029FC29FC49FC08FC49FC29FC09FCA8F47F
:10935000E6F527FF45F765F745F766FF25FF08FFA8
:10936000A4DC87EC28F449FC49FC49FC29FC29FCD5
:1093700029FC28FC28FC69FC27F488F467ECE9FC4C
:1093800027EC48F449FC29FC49FC29FC2AFC2AFC6E
:1093900009FC09FC29FC29FC49FC49FC49FC49FC65
:1093A00029FC29FC49FC49FC49FC49FC29FC29FC15
:1093B00029FC29FC49FC49FC48F485E469FF24F7B1
:1093C00045F745F745F724F745F789FF44DC68F48E
:1093D00049FC29FC49FC49FC29FC29FC49FC49FCC5
:1093E00049FC49FC48FC48FC48FC48FC49FC49FC59
:1093F00049FC29FC49FC29FC2AFC2AFC29FC29FC03
:1094000029FC48F448F469F448FC49FC29FC49FC6F
:1094100048F448F448FC48FC29FC29FC29FC49FC98
:1094200008FC48F467ECA8F526FF64F745F745F714
:1094300045F724F765F769FF65E449FC49FC49FCF9
:1094400049FC49FC49FC49FC49FC49FC49FC49FCF4
:1094500029FC29FC29FC29FC29FC29FC29FC29FCE4
:1094600029FC29FC29FC29FC29FC29FC48FC47ECA7
:109470000AFD67EC48FC49FC49FC29FC48FC48FC17
:1094800048FC49FC29FC29FC09F46AFC29FC68FC1D
:10949000A6E40BFF06FF44F745F745F745F745F708
:1094A00045FF49FF86EC49FC29FC29FC29FC29FCE5
:1094B00029FC29FC29FC29FC29FC29FC29FC29FC84
:1094C00029FC29FC29FC29FC29FC29FC2AFC2AFC72
:1094D00029FC29FC29FC29FC48FC67F4ADFEA6EC1C
:1094E00048FC08FC29FC29FC29FC29FC29FC29FC56
:1094F00029FC29FC29FC49FC29FC67F4E4DC4AFF2F
:1095000026FF45F745F745F745F745F745F728FFA7
:10951000A6EC49FC29FC29FC29FC29FC29FC29FC96
:1095200029FC29FC29FC29FC29FC29FC29FC29FC13
:1095300029FC29FC29FC29FC2AFC29FC28FC28FC04
:1095400029FC49FC48F466EC2DFF83DC68FC29FC0F
:1095500029FC29FC29FC29FC2AFC29FC29FC29FCE2
:109560006AFC29F429FC86F406F606FF25FF45FF70
:1095700065F744EF45F745F745F728FFA6EC29FCCA
:1095800029FC29FC29FC29FC29FC29FC29FC29FCB3
:1095900029FC29FC29FC29FC29FC29FC29FC29FCA3
:1095A00029FC29FC29FC49FC48FC48FC48FC48F4FF
:1095B00087F448F5EAFEC3DC67F429FC49FC29FC82
:1095C00029FC29FC29FC29FC29FC29FC29FC49FC53
:1095D00048FCA6EC49FF25F725FF45F765EF65EF49
:1095E00045F745F744F728FF86EC29FC29FC29FCC0
:1095F00029FC29FC29FC29FC29FC29FC29FC29FC43
:1096000029FC29FC29FC29FC29FC29FC29FC29FC32
:1096100029FC49FC28FC48FC48FC68F4A7ECCBFE7C
:1096200009FF47FE87F409FC49FC49FC29FC29FC99
:1096300029FC29FC29FC29FC29F449FC48FC64DCB0
:1096400088FF44F745FF45F765EF65F745F745FFA8
:1096500044F749FF86EC29FC29FC29FC29FC29FC5C
:1096600029FC29FC29FC29FC29FC29FC29FC29FCD2
:1096700029FC29FC49FC29FC29FC29FC29FC29FCA2
:1096800029FC29FC29FC68F4A4DC4BFF26FF49FFD8
:10969000A7EC49FC49FC49FC29FC29FC29FC29FCD4
:1096A00029FC29FC4AFC49FC68F4A4E468FF64F73F
:1096B00025F745F765EF65F744F745FF44F769FF80
:1096C00086EC49FC29FC29FC29FC29FC29FC29FC05
:1096D00029FC29FC29FC29FC29FC29FC29FC29FC62
:1096E00049FC49FC29FC29FC29FC29FC29FC48FCF3
:1096F00068F4A6ECC2CC48FF45F788FFA4DC67EC11
:1097000067F468F448FC49FC29FC29FC29FC29FC85
:109710002AFC49FC67F442D468FF64F745F765F713
:1097200044EF65F745F724F744F789FF44DC48F434
:1097300049FC29FC29FC49FC29FC09FC29FC29FCE1
:1097400029FC29FC29FC29FC29FC29FC49FC49FCB1
:1097500029FC49FC49FC49FC68F487ECA6ECA3D43D
:1097600086FE26FF85F745F7A4E5C3DCA5E486EC75
:1097700067F448F448FC48FC49FC28FC29FC28FC18
:1097800087F487F506FF45F765F745EF65F765F759
:1097900044F744F744F748FFA4DC68EC48FC49FC74
:1097A00028FC29FC29FC29FC29FC09FC29FC29FCB2
:1097B00029FC29FC29FC29FC49FC49FC49FC49FC01
:1097C00027F447EC25DCA8F5EBFE6AFF47FF24F7FA
:1097D00044EF44F768FF49FFE9FEA7FD65E488F41C
:1097E00047F448F449FC28FC4AFC49FC87ECA7F5FF
:1097F00007FF45F765F745EF65F745F744FF44FF79
:1098000044F726FF08FEA7EC68F469FC49FC49FC14
:1098100049FC29FC29FC29FC29FC29FC29FC29FC00
:1098200029FC29FC49FC49FC49FC48F429FD0EFFB0
:109830002CFF0AFFE6FE25FF24F765F745F746F7FC
:1098400026FF26FFE6FEE9FE0EFF8FFEE9FC47F449
:1098500048F448FC09FC28FC87F487F507FF25F746
:1098600045F745EF45F745F745FF44F744F726FF31
:109870004BFFA5DC67F448FC28FC49FC49FC29FCAB
:1098800029FC49FC29FC29FC29FC29FC29FC29FC90
:1098900049FC49FC29FC27F487ECA5E4A3CCC6EDE0
:1098A0004AFF89FF05F745F725F726FF27FF8AFFBF
:1098B00008FF64E544DCA7F447EC48F448FC28FCC6
:1098C0004AFC49FC68F423CC89FF45F745F765F766
:1098D00065F745F744F744F765F726F749FFE3D402
:1098E000A7F448FC28F428FC49FC49FC29FC29FC85
:1098F00029FC29FC29FC29FC29FC29FC49FC49FC00
:1099000029FC49FC68FC47F469F468F487EC84DCC2
:10991000A7FE26FF66F727FF08FE65DCA7EC87ECAD
:1099200088F448F448FC29FC49FC29FC29FC28FC63
:1099300069FC85DC28FF64F745F745F745F745F7EF
:1099400025F745FF45F745F706F767FE86EC48FC27
:1099500069FC49FC29FC49FC29FC28FC29FC29FC60
:1099600029FC29FC29FC29FC49FC49FC49FC28F478
:1099700028FC49FC2AFC09FC4AFC67ECC2D428FFFD
:1099800025F789FF24D469F449FC29FC49FC08F433
:1099900049FC29FC29FC29FC49FC49FC49F444DC2C
:1099A00088FF64F765F745F745F745F745F745FF45
:1099B00044F745F725F76AFFA6EC27F448FC68FC56
:1099C00028F449FC49FC49FC29FC29FC29FC29FC18
:1099D00029FC29FC49FC49FC28FC69FC49FC08FCE1
:1099E00029FC29FC49FC87F4C4E44AFF46FF48FFF0
:1099F000A6EC49FC29FC49FC69FC29FC49FC29FC32
:109A000009FC29FC28FC49FC29F4A7EC89FF44F750
:109A100045F725F745F745F745F745F745F745F786
:109A200065F7E6FE09FEA7F447F448FC29FC29FC8B
:109A300029FC29FC29FC29FC29FC29FC29FC29FCFE
:109A400049FC48FC49FC08FC29FC49FC49FC08FC91
:109A500049FC67F4A6ECCAFEE6FE66FE86EC28FC2E
:109A600029FC29FC29FC49FC29FC49FC09FC29FCAE
:109A700027FC68FC29FCA7F4C8FE26F725F745F764
:109A800045F765F745F745F745F745F744F725FFEF
:109A90004AFFC4DC66EC48FC29FC29FC29FC49FC93
:109AA00029FC29FC29FC29FC29FC49FC49FC48FC2F
:109AB00028FC28FC29FC29FC29FC49FC49FC68F409
:109AC00067EC68F50AFFC2CC86EC48FC08FC29FC70
:109AD00029FC29FC29FC29FC29FC29FC48FC48FC20
:109AE00029FC26EC24DD48FF26F745F745F765F706
:109AF00045F745F745F745F744F745F7E5F64AFFDB
:109B0000A5E467F429FC09FC29FC49FC49FC29FC73
:109B100029FC29FC29FC29FC49FC48FC28FC28FCE0
:109B200029FC29FC29FC29FC49FC49F469F446E498
:109B30002DFF62CC87F449FC29FCE9FB29FC29FCB8
:109B400029FC29FC29FC29FC28F449FC29FC88FC77
:109B500084DC4AFF27FF45F745F744F744F744F70D
:109B600064F744F745F746F746F707FF48FE85ECEC
:109B700048FC29FC29FC49FC48F448F449FC29FC30
:109B800029FC29FC29FC29FC29FC49FC48FC48FC4F
:109B900029FC49FC49FC49FC2AFC28F4EEFEE6E4D9
:109BA00067EC29FC2AFC2AFC29FC29FC29FC29FC5D
:109BB00029FC29FC29FC4AFC29FC07F487EC6AFEF5
:109BC00006FF45F745F745F744F744F764F764F7B0
:109BD00045F746F745F705F728FF86F586EC48FC7C
:109BE00028FC29FC48F448F449FC49FC29FC29FCE0
:109BF00029FC29FC29FC49FC49FC49FC29FC29FCDD
:109C000029FC29FC0AFC29FC87EC87EC48F449FC78
:109C10002AFCE9FB29FC29FC29FC29FC29FC29FC5C
:109C200029FC09FC29FC49FC49F465DC68FF64F760
:109C300025FF25FF45FF45F745F745F745F745F76C
:109C400025F746FF05FF49FF46ED86EC48FC49FC39
:109C500049FC49FC49FC49FC29FC29FC48FC48FC1E
:109C600029FC2AFC2AFC2AFC29FC29FC29FC29FCC9
:109C700049FC08F449FC28F409FC4AFC09FC6AFC8C
:109C800029FC29FC29FC29FC29FC29FC09FC49FCAC
:109C900028F449FC29F487EC09FF05F725FF25FF87
:109CA00025FF25FF45F745F745F745F745FF04F73D
:109CB00045F705F74AFFA7F5A7F447F449FC29FC47
:109CC00029FC29FC29FC29FC28FC29FC29FC29FC6D
:109CD0002AFC2AFC29FC29FC29FC29FC48FC48FC1C
:109CE00029FC09FC09FC08FC49FC09F429FC29FCB5
:109CF00029FC29FC29FC29FC09FC29FC49FC49F424
:109D000049FC68F4A3D46AFF46FF45F745FF25FFE9
:109D100025FF45F745F745F745F765F724F745F77C
:109D200025F748FFE7F5A6EC48F429FC29FC29FCB7
:109D300029FC29FC29FC29FC29FC49FC29FC29FCDB
:109D400029FC29FC29FC28FC28FC28FC29FC2AFCED
:109D500029FC29FC49FC29FC29FC29FC29FC29FCBB
:109D600029FC29FC49FC28FC49FC49FC29FC48F455
:109D7000A7ECC7F527FF45F745FF25FF45F725F772
:109D800025F745F744F744F765F764F764F725F7D7
:109D900008FFAAFEA6E467F447FC48FC49FC29FC3E
:109DA0000AFC29FC49FC48FC48FC48FC29FC29FC2D
:109DB00049FC48FC69FC28FC29FC09FC49FC49FCDD
:109DC00028FC29FC29FC29FC29FC29FC29FC29FC6C
:109DD00049FC49FC49FC29FC29FC29FC48F4A5E480
:109DE00028FF25F746FF45F745F745F765F745F79F
:109DF00045F745F765F764EF44F745F726FFE7FEBB
:109E00006AFFA5EDC5E4A6EC48F449FC49FC48FC12
:109E100028FC69FC28FC49FC29FC29FC49FC29F4A4
:109E200049FC29FC0AFC0AFC29FC68FC48FC28F4D3
:109E300049FC29FC29FC29FC29FC29FC49FC49FC9A
:109E400029FC29FC29FC29FC29FC67F4E3DC8AFFB6
:109E5000C5F626F766FF24EF64F744F745FF45F79C
:109E600045F765F765F744F745F725FF05FF68FFF8
:109E700029FFC6F5A5E4A6EC87EC67F467F447F480
:109E800048F468FC49FC69FC48F468F488F468F418
:109E90002AFC2AFC29FC48F448FC69FC49FC29FC02
:109EA00029FC29FC29FC29FC2AFC29FC28FC28FC8B
:109EB00029FC29FC29FC48FC87ECC5DC6BFFE7FE8C
:109EC00026FF65F763EF84EF25EF46F746FF25F79A
:109ED00044F744F744F745F745FF26FF05F726FF0B
:109EE00089FFA7FEE4DC84DCC5ECA5EC86ECA7F4D6
:109EF00066EC67EC87ECA7ECC6E465DCE8EB09FCF4
:109F000049FC48FC28FC28FC29FC29FC29FC29FCEC
:109F100029FC29FC2AFC29FC28FC28FC29FC29FC1A
:109F200029FC29FC49FC87F4A4DC2BFFC7FE46FF73
:109F300044EF64EF86FF45F725F725FF45FF45F71A
:109F400044F744F745FF25F766FF65F724EF25F74B
:109F500028FF2BFFEAFE69FEA7FD87F5A7FDC8FDD8
:109F6000A8FDA8FD8CFE89FD89FC2AFC29FC28FCA3
:109F700029FC29FC29FC29FC29FC29FC29FC29FCB9
:109F800029FC29FC29FC29FC49FC49FC29FC29FC69
:109F900009FC49FC88F4A6E4AAFE29FF05F765F749
:109FA00024EF45EF45F745FF45F745F764F764F7BC
:109FB00065FF45F725F725F745F745F725F726FF10
:109FC00007FF07FF27FF26FF47FFE7FEA8FE4CFF1E
:109FD00027F587F408FC09FC29FC29FC29FC49FC2D
:109FE00029FC29FC29FC29FC29FC29FC29FC29FC49
:109FF00029FC29FC49FC49FC29FC29FC2AFC29FCF8
:10A0000049FC68F4E6EC86F54AFFC6FE46FF65F7B4
:10A0100045F745F745F765F764F744F745F725F742
:10A0200025F745F725F765F765F744F745F725F771
:10A0300025F704F706F748FF2AFFC3DCA6F448F427
:10A0400029FC2AFC29FC29FC28FC28FC29FC29FCE9
:10A0500029FC29FC29FC29FC29FC49FC49FC49FC78
:10A0600049FC29FC29FC29FC49FC08FC28FC48FC8B
:10A0700047EC87ECA5E46AFE29FF26FF25F765F784
:10A0800085F764F725F746F725F745F744F765F7B1
:10A0900066FF24F724EF65F764EF65F706F749FFDD
:10A0A0002CFF05ED85EC67F468F428FC29FC29FCFD
:10A0B00029FC49FC49FC29FC29FC29FC29FC29FC38
:10A0C00029FC29FC29FC49FC49FC49FC29FC29FC08
:10A0D00029FC29FC29FC49FC48FC48FC49FC49FCBA
:10A0E00047ECA7ECA3DC47FE6AFF68FF06F726FFF4
:10A0F00027FF07FF26FF26FF46FF25FF06F726FF5F
:10A1000046FF06FF26FF89FF2AFFE4DCA5E487F46B
:10A1100048FC29FC49FC49FC29FC29FC29FC49FC98
:10A1200049FC29F429FC29FC29FC29FC29FC29FCEF
:10A1300029FC29FC29FC29FC29FC29FC29FC29FCF7
:10A1400029FC29FC29FC29FC29FC49FC49FC48F490
:10A1500067F487F465E4A4DCE8FD0BFF4BFF4AFFDE
:10A160006AFF08FF69FF6AFF4AFF2AFF6BFFCAFE0A
:10A1700027ED65E486EC87F447F448F429FC49FCB4
:10A1800029FC29FC29FC29FC29FC29FC29FC29FCA7
:10A1900029FC29FC29FC29FC29FC29FC29FC29FC97
:10A1A00029FC29FC29FC29FC29FC29FC29FC29FC87
:10A1B00029FC29FC29FC29FC29FC29FC29FC49FC57
:10A1C00048F447ECA7ECA6E484DCA3D441C486EDB4
:10A1D00061CC01C483D4C4DCA4DC86E489FC08F42B
:10A1E00049FC49FC29FC49FC29FC29FC29FC29FCE7
:10A1F00029FC29FC29FC29FC29FC29FC29FC29FC37
:10A2000029FC29FC29FC29FC29FC29FC29FC29FC26
:10A2100029FC29FC29FC29FC29FC29FC29FC29FC16
:10A2200029FC29FC29FC29FC49FC49FC49FC48FC87
:10A2300068FC68F467EC87F487F487F467EC88F4CB
:10A2400067F468F488F468FC49F428F449FC49FC94
:10A2500029FC49FC29FC29FC29FC29FC29FC29FCB6
:10A2600029FC29FC29FC29FC29FC29FC29FC29FCC6
:10A2700029FC29FC29FC29FC29FC29FC29FC29FCB6
:10A2800029FC29FC29FC29FC29FC29FC29FC29FCA6
:10A2900029FC29FC49FC49FC29FC28FC49FC49FC17
:10A2A00029FC29FC49FC09FC4AFC09FC6AFC08FC65
:10A2B00008FC29FC29FC49FC49FC29FC29FC49FC37
:10A2C00029FC49FC29FC29FC29FC29FC29FC29FC46
:10A2D00029FC29FC29FC29FC29FC29FC29FC29FC56
:10A2E00029FC29FC29FC29FC29FC29FC29FC29FC46
:10A2F00029FC29FC29FC29FC29FC29FC29FC49FC16
:10A3000028F449FC49FC29FC29FC29FC29FC09FC0E
:10A3100009FC2AFC09FC2AFC09FC29FC6AFC29FC32
:10A3200049FC49FC29FC29FC29FC29FC29FC49FCA5
:10A3300029FC29FC29FC29FC29FC29FC29FC29FCF5
:10A3400029FC29FC29FC29FC29FC29FC29FC29FCE5
:10A3500029FC29FC29FC29FC29FC29FC29FC29FCD5
:10A3600029FC29FC29FC29FC29FC49FC69FC68FC26
:10A3700049FC29FC29FC09FC0AFC0AFC0AFC0AFC31
:10A38000E9FB2AFC29FC49FC29FC49FC49FC49FC65
:10A3900029FC29FC49FC29FC29FC29FC29FC29FC75
:10A3A00029FC29FC29FC29FC29FC29FC29FC29FC85
:10A3B00029FC29FC29FC29FC36003600F08C060813
:10A3C00049F449FC2AFC29FC28FC28FC29FC29FC2E
:10A3D00049F449FC09FC29FC0AFC09FC49FC48F445
:10A3E0006AF46BE4ADD4EECCCFBCEFBCEFCC8DD433
:10A3F0006CE44BF44AFC29FC4AFC29FC29FC29FCAE
:10A4000029FC29FC29FC4AFC29FC29FC28FC28FC05
:10A4100048FC49FC29FC29FC48FC48FC29FC29FC97
:10A4200029FC29FC29FC29FC29FC29FC49FC49FCC4
:10A4300029FC29FC29FC28FC29FC29FC28F469FCBE
:10A4400009FC09FC2AFC4BF48BE4ACDC6CCCAEC4FC
:10A45000D0BC36D61AE7F9E637DED0BC31D56DCCA4
:10A460008DDC6CE42AE46AF44AFC08FC49FC49FCF3
:10A4700029FC29FC29FC29FC28FC48FC28FC29FC97
:10A4800029FC29FC48FC48FC29FC29FC29FC29FC66
:10A4900029FC29FC29FC29FC28FC29FC29FC29FC95
:10A4A00029FC29FC28FC48FC49F429F44AFC09F45D
:10A4B0006BEC8DD4D0BC37CE7DE75DD73EC7FDB603
:10A4C000BCAEDDB61EBF3DC71CC79DDF3AE711B568
:10A4D000CFD46CDC29F429FCE8FB29FC49FC29FCDD
:10A4E00028FC49FC29FC29FC09FC09FC29FC29FC65
:10A4F00029FC29FC29FC29FC29FC29FC29FC29FC34
:10A5000029FC29FC28FC29FC29FC29FC29FC29FC24
:10A5100028FC48FC49F44AF42AF46CE4ADCCB7EECC
:10A520007DDFFDBEDEAEFFA6FF9E1F9FFF9EFF9E4E
:10A530003FA7FF9E1F9FFD9EFCAE5CD73BF710CD53
:10A540006CDC6BF46AFC29FC28FC29FC49FC49FC06
:10A5500008F429FC09FC09FC29FC49FC29FC29FC1C
:10A5600029FC29FC29FC29FC29FC29FC29FC29FCC3
:10A5700028FC29FC29FC29FC29FC29FC29FC29FCB4
:10A5800049FC2AEC6CE410CD9CEFBBB61EB7BD9E17
:10A59000FFA61FA7FFA61FA71FA7FF9E1FA7FFA617
:10A5A000FFA61FA71EA7FDAE9AAE9DE7F5CDAFCCC7
:10A5B0004AEC28FC49FC29FC29F449FC49FC49FCEB
:10A5C00029FC29FC4AF449F429FC29FC2AFC29FC31
:10A5D00029FC29FC29FC29FC29FC29FC28FC29FC54
:10A5E00029FC29FC29FC28FC29FC29FC4AF46CE400
:10A5F00031D57CEFBBAEFE9E1F9F1FA71F9FDF9E26
:10A600001FA7FFA6FFA61FA7FFA61FA71FA7FF9EA6
:10A610003FA7FE9E3FAFBCAE1DC71BEFADD44AECBB
:10A620004AFC29FC29F44AFC49FC29FC29FC29FCA8
:10A6300049F449F449FC29FC29FC29FC29FC29FCA2
:10A6400029FC29FC29FC29FC48FC49FC29FC29FCA3
:10A6500029FC29FC29FC4AF46BE410D59DEF9CA64B
:10A66000FEA63FA71F9F1F9F1F9F1FA7FF9E1F9F05
:10A670001FA7FF9EFFA6DF9EFFA6FF9EFF9E1F9FB8
:10A680001F9FFFA6FEAEDBBEB7E6EED40AEC29FCA8
:10A690004AFC29FC08FC29FC29FC29FC49FC48FC53
:10A6A00048FC48FC28FC29FC29FC29FC29FC29FC45
:10A6B00029FC29FC48F449FC29FC29FC29FC29FC3B
:10A6C00029FC6BECAECC7CF79BAE1FA71FA7FF9EAF
:10A6D0001F9F1F9F1F9F1F9F3F9F1F9F1F9F1FA762
:10A6E000DF9E1FA7FFA6FF9E3F9F1F9F1F9F1F9FCD
:10A6F000DF9EFEAE5CD793CD8CE429FC09FC29FCDF
:10A7000029FC29FC29FC29FC29FC28FC48FC48FCE4
:10A7100048FC29FC29FC29FC29FC29FC29FC29FCF2
:10A7200048FC29FC4AFC2AFC29FC4AFC49F48CDC44
:10A73000B9E6BCB6DDA61FA7FF9EFF9E1F9F1F9F09
:10A740001F9F1F9F1F9F1F9F1F9F1F9FFFA6FF9E53
:10A750001FA7FF9EFF9EFF9E1F9F1F9F1F9F1FA75C
:10A76000BDAE9EEF6DCC6AEC49F448FC49FC29FC77
:10A7700029FC29FC29FC09FC28FC48FC49FC29FC93
:10A7800029FC29FC29FC29FC29FC29FC49FC29FC81
:10A7900009F429FC4AFC4AF44AEC8DC45DD71FAF8A
:10A7A000FEA61FA7FFA61FA71FA7DF9EFFA61FA726
:10A7B0001F9F1F9F1F9F1F9F1F9F1FA7FF9EFF9EE3
:10A7C0001FA71F9F1F9F1F9FFF9EFF9EFFA6FDC6E7
:10A7D000F4DDACDC69EC28FC48FC49FC08FC49FCD5
:10A7E00009FC2AFC4AFC29F429FC49FC29FC29FC27
:10A7F00029FC29FC29FC29FC2AFC4AFC49FC28FCF0
:10A8000049FC4AF4ACDC77EEDCBEFFA61F9F1FA715
:10A81000FF9EFFA61FA7FFA6FFA6FFA6FFA6FFA6F7
:10A820001F9F1F9F1F9F1F9FFF9E1FA71FA7FF9E6A
:10A83000FF9E1FA7FFA6FFA6FF9EFDAE9CEFAEBC2E
:10A840006BE429FC49FC29FC29FC4AFC09FC29FC95
:10A8500009FC4AFC49FC29FC29FC29FC29FC29FCAF
:10A8600029FC29FCE9FB29FC29FC28FC49FC4AECD1
:10A870008EC47CEFDDAEFF9E1F9F1FA7FFA61FA704
:10A880001FA71FA7FFA6FFA6FFA61FA71FA71F9F03
:10A890001F9F1F9F1FA7FF9EFF9EFF9E1FA71FA713
:10A8A000FFA6FFA61FA7FDA6FCBEB4BD8DCCACECD9
:10A8B0002AE46BEC8CEC2AEC4AFC09FC4AFC09FC0F
:10A8C00029FC29FC29FC29FC29FC29FC29FC29FC60
:10A8D0002AFC4AFC29FC49FC08FC6BEC31C51BCF67
:10A8E0001EA71F9F1F9FFF9EDF9EFFA61F9FFF9E0D
:10A8F0001F9F1F9F1F9F1F9FFFA61FA7FFA6FFA6AB
:10A90000FF9EFF9E1F9F1FA71FA7FFA6DF9EFFA6FC
:10A91000FFA6FFA63FB7DCC612B58EB4CFC4CEC427
:10A92000AFCC8ED44BE46BF429FC49FC49FC29FCE8
:10A9300029FC29FC29FC29FC29FC29FC4AFC09FCEE
:10A9400029FC08FC28FC8BE4D0A47ECFFFA61F9F27
:10A950001FA7FF9EFF9EFFA61F9F3F9F1F9F1F9F3A
:10A960001F9F1F9FFFA6FFA6FFA6FFA6FF9EFF9E9D
:10A970001F9F1FA71FA7FF9EFF9E1FA71FA7FF9E2A
:10A980009E96BEA619A6BAC6FAD6BAD696B5B5C5CB
:10A990008FB46DC48DDC6BE429EC49FC29FC29FCE7
:10A9A00029FC29FC29FC29FC29FC49FC28FC69FC20
:10A9B00028F4ACDCDADEBDAEFFA61F9FFF9E1F9F12
:10A9C0003FA73FA71FA7FF9EFF9E1F9F1FA7FFA692
:10A9D000FFA6FFA6FFA61FA7FFA61FA71F9FFF9EFC
:10A9E0001F9F1F9F1F9FFF96BF8E5F7E3F7E1E7E15
:10A9F0007E8E3C8E3C8E3D8E5D961B8EFDAEFBBEEC
:10AA000016B6AFB48DE42AF429FC29FC29FC29FCF4
:10AA100029FC29FC49FC28FC29FC29FC49FC8CD494
:10AA2000DAD6FEAEFFA61F9F1F9FFF96BF8E9F8E9A
:10AA30009F8EDF96DF96FF9E1FA71FA71F9FFF9E7B
:10AA4000FF9EFF9EFFA61FA7FFA6FF9E3F9F3F9F63
:10AA5000DF8E5E7E5E765F765F7E5F7E5F765F76A0
:10AA60005F7E5F7E7F7E7F769E7E5C7E9B96DBC672
:10AA700012C58EDC6BEC49F449FC29FC29FC29FC4D
:10AA800028FC49FC09FC29FC28FC8CDC1AD71EA7F1
:10AA9000FF96BF867F7E3F7E3F7E3E7E3E765E7621
:10AAA0003E7E3F7E7F86DF961F9F1F9FFF9E1FA7D4
:10AAB000FFA6FFA6FF9EFF9E3F9FBF863E767F7E3E
:10AAC0007F7E7F7E7F7E7F7E7F7E7F7E7F7E7F7E9E
:10AAD0005F7E7F7E9F7E5E7E3D7E7D969CA618C6B5
:10AAE000AED44AEC49F449FC49FC29FC48FC49FC39
:10AAF00029FC2AFC6AF48DCCDAC6BE965E7E5F76AF
:10AB00003F765F7E5F7E7F7E7F767F767F7E5F7E15
:10AB10005F7E3F769F861F971F9FFF9EFF9E1FA70A
:10AB2000FFA61FA7BF8E5F7E5F765F767F7E7F7EEC
:10AB30007F7E7F7E7F7E7F7E5F7E7F7E5F7E7F7E6D
:10AB40005F7E7F7E7F865E7E5E7E9CA6B4C5CDDC0A
:10AB50004AEC49FC29FC6AFC08FC49FC49FC6BF402
:10AB60004BE4D0C4FDBE3D7E7F7E5F7E5F7E5F7E18
:10AB70007F7E7F767F767F765F7E7F7E7F7E5F7E45
:10AB80003E765E86DF963FA7FF9EFF9E1FA7FF9E35
:10AB90003E7E5F7E7F7E7F767F7E5F7E7F7E7F7E56
:10ABA0007F7E7F7E7F767F767F7E5F765F7E7F7E15
:10ABB0007F7E5E7E5E7E5D8E1DC7D0AC8CE429F408
:10ABC00009FC09FC49FC29FC49FC4BE4CFCC99DE8B
:10ABD000FB955E7E7F7E7F7E7F7E5F7E5F7E5F7683
:10ABE0007F767F767F7E5F765F7E7F7E5F7E3E763E
:10ABF0007E86DF961F9FFF9E1F9F7E863E7E7F7E06
:10AC00007F7E7F7E7F7E5F7E7F7E7F7E7F7E7F7E7C
:10AC10007F767F767F7E5F7E7F7E5F7E5F7E7F7EBC
:10AC20007F863D7E1B861CCF8ECC6BF44BFC09FCD3
:10AC300029FC49FC49F4ADDCF6C53BA65E965F866F
:10AC40005F7E7F767F7E7F7E7F7E7F7E7F7E7F764C
:10AC50007F7E5F765F767F7E7F7E5F7E5F7E3E7EDD
:10AC60001F975F9FBF8E3E7E5F7E7F7E5F767F7683
:10AC70007F7E5F7E7F7E7F7E7F7E7F7E7F767F761C
:10AC80005F769F7E7F7E7F7E7F7E7F7E5F7E7F7E04
:10AC90007F7E9DA6F2B48EDC2AEC29FC29FC4AFCBE
:10ACA0006BE4CFC4DCBE3D863F863F7E7F7E7F7EE9
:10ACB0007F7E7F767F767F765F7E5F765F7E7F7E2C
:10ACC0007F7E7F765F7E5F7E5F7E5F7E9F865F9FFB
:10ACD0005E7E5F7E7F7E7F7E7F767F765F7E5F7E1D
:10ACE0007F7E7F7E7F7E7F7E7F767F767F767F769C
:10ACF0007F7E7F7E7F7E7F7E7F7E7F7E5F763D86CE
:10AD0000FBD68FBC8CEC29FC08FC4AF4CECC37C6B1
:10AD10003C967F865F7E7F7E7F7E7F7E7F7E5F76B6
:10AD20007F767F767F7E7F7E7F7E7F7E5F767F767B
:10AD30007F7E7F7E7F7E7F7E5F7EDF8E3E767F7E24
:10AD40005F7E7F7E7F767F7E5F7E5F7E7F7E7F7E83
:10AD50007F7E7F7E7F767F767F7E5F767F767F7653
:10AD60005F767F7E9F7E3F765F7E5E8EFDB6B0A46F
:10AD70008CE448FC29FC4BEC8FACFCBE5E865F7615
:10AD80007F7E5F765F767F767F7E7F767F767F764B
:10AD90005F7E5F7E5F7E7F7E7F7E7F767F767F7E3B
:10ADA0007F7E5F7E5F7E5F7E5F7E7F7E5F767F7E63
:10ADB0005F767F767F7E5F7E7F7E7F7E7F7E7F7EFB
:10ADC0007F767F765F767F7E7F7E7F7E7F7E5F76FB
:10ADD0005F767F7E5F7E5E863B8ED5AD8CDC48FCE9
:10ADE00029FC8CE4D29CBDA65E7E7F767F767F7642
:10ADF0007F767F767F767F765F7E5F7E5F7E7F7EEB
:10AE00005F7E7F7E7F7E7F7E7F767F767F7E7F7E8A
:10AE10007F7E7F7E5F7E5F7E7F7E7F7E7F7E7F7E8A
:10AE20005F7E5F7E7F7E7F7E7F7E7F7E7F767F768A
:10AE30007F767F767F767F767F767F765F7E5F7E9A
:10AE40005F7E5E865C86B5A5ACDC48FC29FC6DDCCB
:10AE5000B7AD7D8E7F7E3F6E7F767F7E7F767F76FD
:10AE60007F767F765F7E5F7E5F7E7F7E7F7E7F7E6A
:10AE70007F7E7F7E7F7E7F7E7F7E7F7E7F7E7F7EEA
:10AE80005F7E5F7E7F7E7F7E7F7E7F7E5F7E5F7E5A
:10AE90007F7E7F7E7F7E7F7E7F767F767F767F76EA
:10AEA0007F767F767F767F765F7E5F7E7F7E5F7E3A
:10AEB0007D86B79D8CD448FC29FC8EDCD89D7E868F
:10AEC0005F7E7F7E5F767F7E7F767F767F767F7EFA
:10AED0005F7E5F7E7F7E7F7E7F7E7F7E7F7E7F7ECA
:10AEE0005F7E7F7E7F7E7F7E7F7E7F7E7F7E7F7E9A
:10AEF0005F7E5F7E5F7E5F7E7F7E7F7E7F7E7F7EEA
:10AF00007F7E7F7E7F7E7F7E7F7E7F7E7F7E7F7E59
:10AF10007F7E7F7E7F7E5F7E7F765F7EBF8697951A
:10AF20008DDC48FC09FC8EDC97959F7E7F7E7F7EC2
:10AF30005F7E5F7E7F7E7F767F767F767F7E7F7E81
:10AF40007F7E7F7E7F7E7F7E7F7E7F7E5F7E5F7E59
:10AF50007F7E7F7E7F7E7F7E7F7E7F7E5F7E5F7E49
:10AF60007F7E7F7E7F7E7F7E7F7E7F7E7F7E7F7EF9
:10AF70007F7E7F7E7F7E7F7E7F7E7F7E7F7E7F7EE9
:10AF80007F7E7F765F767F7E7F86989DADDC28FC16
:10AF900029FC8DDC979D9F865E7E5F7E5F7E7F7E37
:10AFA0005F7E5F7E7F767F767F767F765F7E5F7E59
:10AFB0007F7E7F7E7F7E7F7E5F7E5F7E5F7E5F7E29
:10AFC0007F7E7F7E7F7E7F7E7F7E7F7E7F7E7F7E99
:10AFD0007F7E7F7E7F7E7F7E7F7E7F7E7F7E7F7E89
:10AFE0007F7E7F7E7F7E7F7E7F7E7F7E7F7E7F7E79
:10AFF0007F7E7F863E8E97A58DDC28FC29FC8DDC2C
:10B0000096A57D8E3D7E7F7E7F7E7F7E5F7E5F7E8E
:10B010007F7E7F767F767F765F7E5F7E5F7E7F7EC0
:10B020007F7E7F7E5F7E5F7E5F7E5F7E7F7E7F7EB8
:10B030007F7E7F7E7F7E7F7E7F7E7F7E7F7E7F7E28
:10B040007F7E7F7E7F7E7F7E7F7E7F7E7F7E7F7E18
:10B050007F7E7F7E7F7E7F7E7F7E7F7E7F7E3E8641
:10B06000BDAEF3A46CE429FC2AFC4CDC54AD7B9E01
:10B070007E865F769F7E5F767F7E5F7E5F7E7F7E51
:10B080007F767F767F7E5F7E5F7E7F767F7E7F7E30
:10B090005F7E5F7E5F7E5F7E7F7E7F7E7F767F7658
:10B0A0007F767F767F767F767F7E7F7E7F7E7F7ED8
:10B0B0007F7E7F7E5F7E5F7E5F7E5F7E5F7E5F7E68
:10B0C0005F7E5F7E7F7E5F7E5F7E3D86DCCE6EAC88
:10B0D0006BEC29FC2AFC8CE48FA41CC75C867F7671
:10B0E0007F7E5F7E5F7E7F7E5F7E5F7E7F767F7608
:10B0F0005F7E5F7E5F7E7F7E7F767F765F7E7F7EF8
:10B100005F7E7F7E7F767F767F767F7E7F7E7F7697
:10B110007F767F767F767F7E7F7E7F7E7F7E7F7E5F
:10B120007F7E5F7E7F7E5F7E5F7E5F7E7F7E7F7EB7
:10B130005F7E7F7E5F7E3C9678D6ADCC6BF429FC3B
:10B1400049FC6BECAECC37C65C8E7E767F7E7F7E14
:10B150005F7E7F7E5F7E5F767F767F7E5F7E5F7EB7
:10B160005F7E7F7E7F767F767F7E5F7E5F7E7F7E67
:10B170007F769F767F767F7E5F7E5F769F7E7F760F
:10B180009F767F767F7E5F7E5F7E9F7E5F767F7617
:10B190007F765F765F7E7F7E5F767F7E5F7E7F7E5F
:10B1A0007E7EBCAECFBC6BE429F449FC49FC49F47B
:10B1B0008CE48FB41DBF7D7E5F7E5F7E5F7E5F7E91
:10B1C0007F7E7F7E7F7E7F7E5F7E5F7E5F7E5F761F
:10B1D0007F767F765F767F7E7F7E7F767F767F7ECF
:10B1E0005F7E5F7E7F7E5F7E7F767F767F765F7617
:10B1F0007F7E7F7E7F7E7F7E7F767F769F7E7F7E57
:10B200005F7E5F7E5F7E7F7E7F7E3D7E7C96B9CE59
:10B210008DD429F44AFC09FC28FC29FC4AFC6DD495
:10B2200078C6BB9E5E865F865F865F7E7F7E7F760A
:10B230005F767F767F767F765F7E5F7E7F7E7F7EA6
:10B240007F7E7F763F767F7E7F7E3F7E3F7E5F7E06
:10B250007F7E7F765F767F7E7F7E7F7E7F767F7646
:10B260005F765F765F767F7E5F763F765F7E7F7EFE
:10B270005F769F7E5E765C8EDACE8FBC4BE44AFCB6
:10B2800049FC6AFC28FC08FC29FC8CECCFB499C66C
:10B290007DA63E865E865E7E3F76BF7E5F767F764B
:10B2A0007F767F767F765F7E7F7E5F7E5F769F7E16
:10B2B000BF7E5F763F7E5F867F865F7E5F767F7E26
:10B2C0005F767F7E5F7E5F7E7F767F767F7E7F7E0E
:10B2D0007F7E7F7E5F7E7F867F7E3F767F7E3E7E27
:10B2E0005C8E1CCFF0C4ACE44AF409FC29FC09FCD8
:10B2F00008FC49FC28FC29F48CECAEC479CE5B9E9A
:10B300003C865E7EBF869F7E9F865F7E3F767F7E89
:10B310005F767F7E5F767F7E7F7E5E765F765F760E
:10B320007F7E3E7EBF86BF8E7F7E5F7E5F767F7E26
:10B330005F7E5F865F7E5F765F765F767F7E5F761D
:10B340005F7E9F869F7E9F7E7E7E3C8E39C6B0C488
:10B350008CE4E8EB29FC49FC29FC4AFC29FC28FC8C
:10B3600048FC49FC09FC4BE4F0C437C63DBF5C9681
:10B370007D8E1F9F5E869F969F8E5E865E867E86F2
:10B380005D7E5E867E865E7E7E7EBF8E9F8E9F8E7B
:10B39000DF96BF8E9E8E9F8E7F8E3F7E3E865F861F
:10B3A0005F865F867E867E869F867F869F965E8E80
:10B3B0001F9F7C8E3B8E5DDFB0C46CE429FC28FCB3
:10B3C00029FC49FC29FC49FC09FC09FC69FCE8F35F
:10B3D00029FC6BFC4BE4AED46EAC9DEF9BAE3B8E78
:10B3E0001B963FB7DF9EBE96BE9E9D9EDEA6BEA666
:10B3F000BD9EFE9EBD967C8E3FB73FAF3C863C8691
:10B400003FAFFEAE3C96DFA6BE9EDE9EBD9EDDA695
:10B41000BDA69D9EBD9EBEA63FBF1A9E1A9E59AE5A
:10B420007CF7AFC44BDC4AF428FC49FC29FC29F426
:10B4300049FC28FC09FC29FC29FC4AFC4AFC4AFC82
:10B4400029F46BEC2FDDF0B494A55DD7DCCE31741C
:10B4500039B635957284B28C7284117CD38C928407
:10B46000517C9AC6517CB3849FCFBFD7927C1495F0
:10B470009ACE5184B28C9184717C9184918C928CFF
:10B48000359DB7AD918478CE3BDF73B5F0BCCEDC93
:10B490006AF429FC29FC09FC4AFC29FC28FC48FC2C
:10B4A00028FC29FC29FC29FC2AFC4AFC49FC6BE409
:10B4B000D2E555DED0BC8FB4AFBCD4E512CDB0CC54
:10B4C0008DD4ADD4AFCC8FC4AED46DD4AEDC8ED41D
:10B4D000B4DD8FA4F0B411B590A436E68ECCADD413
:10B4E000ADD4AECCAFC4CFCCADDC8DD4D0CCD4E514
:10B4F000D4E56EB44DACCEBC34E692E54CEC2AFCFF
:10B500000AFC2AFC2AFC29FC48FC48FC29FC49FCD2
:10B5100049FC49FC29FC29FC28FC29E4EEDC92E5E5
:10B52000AFD4D7FE6CD48CDC4CDC2BDCACEC4AD436
:10B530002CCC51F52BD46BEC4BF4CADB91FD6DC4D4
:10B540000ED50ED56DC471EDE9D36BEC8CE44BD404
:10B5500050F52BCC2ADC8CEC2BDC8DDCADDC8CD4D8
:10B5600053FECED491E50FE5EAE30AFC2AFC2AFC5F
:10B570002AFC29FC48FC48FC2AFC29FC49FC48FC24
:10B5800049FC29FC28FC08F46AF44BEC2DD492FD0C
:10B590000EF549E44AEC4ADC2BB4EFBCAFC472E5CB
:10B5A000AEC48ECC4CDC4BEC6CEC8DE4D2FD12FEC8
:10B5B000CCE48BE46BE44CD48ECC8FC492E56EC4A7
:10B5C0000FC54BBC4BDC6BEC4AE40EF52BD4EACB3D
:10B5D0004BDC4BEC2BF42AFC29FC29FC29FC29FC34
:10B5E00048FC48F40AFC29FC48FC48FC48FC49FC9F
:10B5F00029FC28FC29FCE9F34CEC0BDC4AEC29EC97
:10B6000069F44ADC34EEB7E6B0B4B0BC8FB417FFCF
:10B610002BCC6CEC2BF44CF46CDC6BD449EC69EC6B
:10B620008CEC2CCCF9FE6FB4B0BCD0BC97E634EEF9
:10B630004BDC4AF44AEC8BF4E9DB6BEC4AF44AFC51
:10B640002AFC29FC29FC28FC28FC29FC49F448F4A4
:10B6500029FC28FC28FC28FC29FC29FC48FC48FC87
:10B6600028FC29FC4AF44BF42AFC6AFC29F4C9CBD7
:10B670004DBCF1BC98E6B7EEAEB4CECC4BCC4BECA7
:10B680002BFCEAFB6BF46BF429F44AF44BE44CCC4E
:10B69000CFCCD0BCB8EED5CDD1BC4DC4C9D36AF4A3
:10B6A00029F46AFC29F429FC4AFC09F429F449FC30
:10B6B00048FC48FC28FC49FC49FC49F428FC28FCCF
:10B6C00029FC29FC29FC29FC28FC48FC28FC49FC15
:10B6D0004AFC09F42AFC09FC4AF44BE414FED0BCF1
:10B6E0006FA4D0AC8DB4F1F50EED6CEC2AF42AF415
:10B6F0002AE40AE42AF46BFC6CEC0FED13FE8EBC1A
:10B70000F1AC909CB0C414FE4BEC09EC6AFC08F45C
:10B7100029FC29FC09FC4AFC69FC28F448FC48FC8B
:10B7200029FC29FC29FC29FC48FC29FC29FC2AFCD1
:10B730002AFC2AFC49FC49FC29FC08F46AFC49FC67
:10B7400029FC49FC29F42AE4EACB8EC42EA436E66F
:10B75000ADCC6FF52BDC4BE44BEC8CE4CECCEFD4D2
:10B760006CE44BEC4BEC0ADC70F5CFCC36D66FA416
:10B770004EBC8DDC0AE46BFC4AF449FC49FC29FC14
:10B7800029FC09FC28FC49FC29FC29FC29FC29FC92
:10B7900029FC29FC49FC49FC29FC2AFC0AFC09FC7F
:10B7A00049FC49FC29FC49FC29FC49FC29FC49FCD1
:10B7B00028F44AF46BEC0BCC6EC451DD6BD46BE413
:10B7C0006CEC0ADC6BDCEED414DEF4DDCEDC4CDC9D
:10B7D0000AE44BEC6BE4ADDC72DD31D50BCC6BECE9
:10B7E0004AF42AF429F46AFC28FC29FC09FC29FC07
:10B7F00049FC29FC29FC2AFC29FC29FC29FC29FC00
:10B8000029FC29FC29FC29FC29FC29FC29FC29FC10
:10B8100029FC29FC29FC29FC29FC29FC29FC49FCE0
:10B8200049FC4AF42BEC4BE44AEC6AF44AEC2BDC7E
:10B83000D6FE51DDAFB4AFB4B2E5B5FE2BDC6BEC98
:10B840004AF44AEC2AE44BE44AF44AF449FC29FC61
:10B8500029FC29FC29FC29FC29FC29FC29FC29FCC0
:10B8600029FC29FC29FC29FC29FC29FC29FC29FCB0
:10B8700029FC29FC29FC29FC29FC29FC29FC29FCA0
:10B8800029FC29FC29FC29FC29FC29FC28FC49FC71
:10B890004AFC29F429F449F46AF48CEC8ECCAFBC50
:10B8A00019FF97F68FBC8DC48CE44AF449FC29FC3F
:10B8B00028FC29FC29FC29FC29FC49FC29FC29FC41
:10B8C00029FC29FC29FC29FC29FC29FC29FC29FC50
:10B8D00029FC29FC29FC29FC29FC29FC29FC29FC40
:10B8E00029FC29FC29FC29FC29FC29FC29FC29FC30
:10B8F00029FC29FC29FC29FC29FC49FC4AF44AF4CE
:10B900004AF44AFC4AF46BE491E5F0C4F0CCAFBCD5
:10B9100030C5D2E54ADC6AF449FC29FC29FC29FC43
:10B9200029FC29FC29FC49FC29FC29FC29FC29FCCF
:10B9300029FC29FC29FC29FC29FC29FC29FC29FCDF
:10B9400029FC29FC29FC29FC29FC29FC29FC29FCCF
:10B9500029FC29FC29FC29FC29FC29FC29FC29FCBF
:10B9600029FC29FC29FC29FC29F44AF44AFC4AFC5C
:10B9700029F409E433FE4DBCCFCCEFCC6DBCF2FD15
:10B9800009DC49F449FC29FC49FC49FC29FC29FC57
:10B9900029FC29FC29FC29FC29FC29FC29FC29FC7F
:10B9A00029FC29FC29FC29FC29FC29FC29FC29FC6F
:10B9B00029FC29FC29FC29FC29FC29FC29FC29FC5F
:10B9C00029FC29FC29FC29FC29FC29FC29FC29FC4F
:10B9D00029FC29FC29FC29FC29FC29FC29FC29F447
:10B9E0002BE4AEE4F4F534FEADE44BEC29FC09FCA9
:10B9F00029FC29FC29FC29FC29FC29FC29FC29FC1F
:10BA000029FC29FC29FC29FC29FC29FC29FC29FC0E
:10BA100029FC29FC29FC29FC29FC29FC29FC29FCFE
:10BA200029FC29FC29FC29FC29FC29FC29FC29FCEE
:10BA300029FC29FC29FC29FC29FC29FC29FC29FCDE
:10BA400029FC29FC08FC28FC29FC4AFC4AF46CEC83
:10BA5000AECC6DCC4BEC2AFC09FC29FC29FC29FC62
:10BA600029FC29FC29FC49FC49FC29FC29FC29FC6E
:10BA700029FC29FC29FC29FC29FC29FC29FC29FC9E
:10BA800029FC29FC29FC29FC36003600C0A3060845
:10BA900049F449FC2AFC29FC28FC28FC29FC29FC47
:10BAA00049F449FC09FC29FC0AFC09FC49FC48F45E
:10BAB0006AF46BE4ADD4EECCCFBCEFBCEFCC8DD44C
:10BAC0006CE44BF44AFC29FC4AFC29FC29FC29FCC7
:10BAD00029FC29FC29FC4AFC29FC29FC28FC28FC1F
:10BAE00048FC49FC29FC29FC48FC48FC29FC29FCB1
:10BAF00029FC29FC29FC29FC29FC29FC49FC49FCDE
:10BB000029FC29FC29FC28FC29FC29FC28F469FCD7
:10BB100009FC09FC2AFC4BF48BE4ACDC6CCCAEC415
:10BB2000D0BC36D61AE7F9E637DED0BC31D56DCCBD
:10BB30008DDC6CE42AE46AF44AFC08FC49FC49FC0C
:10BB400029FC29FC29FC29FC28FC48FC28FC29FCB0
:10BB500029FC29FC48FC48FC29FC29FC29FC29FC7F
:10BB600029FC29FC29FC29FC28FC29FC29FC29FCAE
:10BB700029FC29FC28FC48FC49F429F44AFC09F476
:10BB80006BEC8DD4D0BC37CE7DE75DD73EC7FDB61C
:10BB9000BCAEDDB61EBF3DC71CC79DDF3AE711B581
:10BBA000CFD46CDC29F429FCE8FB29FC49FC29FCF6
:10BBB00028FC49FC29FC29FC09FC09FC29FC29FC7E
:10BBC00029FC29FC29FC29FC29FC29FC29FC29FC4D
:10BBD00029FC29FC28FC29FC29FC29FC29FC29FC3E
:10BBE00028FC48FC49F44AF42AF46CE4ADCCB7EEE6
:10BBF0007DDFFDBEDEAEFFA6FF9E1F9FFF9EFF9E68
:10BC00003FA7FF9E1F9FFD9EFCAE5CD73BF710CD6C
:10BC10006CDC6BF46AFC29FC28FC29FC49FC49FC1F
:10BC200008F429FC09FC09FC29FC49FC29FC29FC35
:10BC300029FC29FC29FC29FC29FC29FC29FC29FCDC
:10BC400028FC29FC29FC29FC29FC29FC29FC29FCCD
:10BC500049FC2AEC6CE410CD9CEFBBB61EB7BD9E30
:10BC6000FFA61FA7FFA61FA71FA7FF9E1FA7FFA630
:10BC7000FFA61FA71EA7FDAE9AAE9DE7F5CDAFCCE0
:10BC80004AEC28FC49FC29FC29F449FC49FC49FC04
:10BC900029FC29FC4AF449F429FC29FC2AFC29FC4A
:10BCA00029FC29FC29FC29FC29FC29FC28FC29FC6D
:10BCB00029FC29FC29FC28FC29FC29FC4AF46CE419
:10BCC00031D57CEFBBAEFE9E1F9F1FA71F9FDF9E3F
:10BCD0001FA7FFA6FFA61FA7FFA61FA71FA7FF9EC0
:10BCE0003FA7FE9E3FAFBCAE1DC71BEFADD44AECD5
:10BCF0004AFC29FC29F44AFC49FC29FC29FC29FCC2
:10BD000049F449F449FC29FC29FC29FC29FC29FCBB
:10BD100029FC29FC29FC29FC48FC49FC29FC29FCBC
:10BD200029FC29FC29FC4AF46BE410D59DEF9CA664
:10BD3000FEA63FA71F9F1F9F1F9F1FA7FF9E1F9F1E
:10BD40001FA7FF9EFFA6DF9EFFA6FF9EFF9E1F9FD1
:10BD50001F9FFFA6FEAEDBBEB7E6EED40AEC29FCC1
:10BD60004AFC29FC08FC29FC29FC29FC49FC48FC6C
:10BD700048FC48FC28FC29FC29FC29FC29FC29FC5E
:10BD800029FC29FC48F449FC29FC29FC29FC29FC54
:10BD900029FC6BECAECC7CF79BAE1FA71FA7FF9EC8
:10BDA0001F9F1F9F1F9F1F9F3F9F1F9F1F9F1FA77B
:10BDB000DF9E1FA7FFA6FF9E3F9F1F9F1F9F1F9FE6
:10BDC000DF9EFEAE5CD793CD8CE429FC09FC29FCF8
:10BDD00029FC29FC29FC29FC29FC28FC48FC48FCFE
:10BDE00048FC29FC29FC29FC29FC29FC29FC29FC0C
:10BDF00048FC29FC4AFC2AFC29FC4AFC49F48CDC5E
:10BE0000B9E6BCB6DDA61FA7FF9EFF9E1F9F1F9F22
:10BE10001F9F1F9F1F9F1F9F1F9F1F9FFFA6FF9E6C
:10BE20001FA7FF9EFF9EFF9E1F9F1F9F1F9F1FA775
:10BE3000BDAE9EEF6DCC6AEC49F448FC49FC29FC90
:10BE400029FC29FC29FC09FC28FC48FC49FC29FCAC
:10BE500029FC29FC29FC29FC29FC29FC49FC29FC9A
:10BE600009F429FC4AFC4AF44AEC8DC45DD71FAFA3
:10BE7000FEA61FA7FFA61FA71FA7DF9EFFA61FA73F
:10BE80001F9F1F9F1F9F1F9F1F9F1FA7FF9EFF9EFC
:10BE90001FA71F9F1F9F1F9FFF9EFF9EFFA6FDC600
:10BEA000F4DDACDC69EC28FC48FC49FC08FC49FCEE
:10BEB00009FC2AFC4AFC29F429FC49FC29FC29FC40
:10BEC00029FC29FC29FC29FC2AFC4AFC49FC28FC09
:10BED00049FC4AF4ACDC77EEDCBEFFA61F9F1FA72F
:10BEE000FF9EFFA61FA7FFA6FFA6FFA6FFA6FFA611
:10BEF0001F9F1F9F1F9F1F9FFF9E1FA71FA7FF9E84
:10BF0000FF9E1FA7FFA6FFA6FF9EFDAE9CEFAEBC47
:10BF10006BE429FC49FC29FC29FC4AFC09FC29FCAE
:10BF200009FC4AFC49FC29FC29FC29FC29FC29FCC8
:10BF300029FC29FCE9FB29FC29FC28FC49FC4AECEA
:10BF40008EC47CEFDDAEFF9E1F9F1FA7FFA61FA71D
:10BF50001FA71FA7FFA6FFA6FFA61FA71FA71F9F1C
:10BF60001F9F1F9F1FA7FF9EFF9EFF9E1FA71FA72C
:10BF7000FFA6FFA61FA7FDA6FCBEB4BD8DCCACECF2
:10BF80002AE46BEC8CEC2AEC4AFC09FC4AFC09FC28
:10BF900029FC29FC29FC29FC29FC29FC29FC29FC79
:10BFA0002AFC4AFC29FC49FC08FC6BEC31C51BCF80
:10BFB0001EA71F9F1F9FFF9EDF9EFFA61F9FFF9E26
:10BFC0001F9F1F9F1F9F1F9FFFA61FA7FFA6FFA6C4
:10BFD000FF9EFF9E1F9F1FA71FA7FFA6DF9EFFA616
:10BFE000FFA6FFA63FB7DCC612B58EB4CFC4CEC441
:10BFF000AFCC8ED44BE46BF429FC49FC49FC29FC02
:10C0000029FC29FC29FC29FC29FC29FC4AFC09FC07
:10C0100029FC08FC28FC8BE4D0A47ECFFFA61F9F40
:10C020001FA7FF9EFF9EFFA61F9F3F9F1F9F1F9F53
:10C030001F9F1F9FFFA6FFA6FFA6FFA6FF9EFF9EB6
:10C040001F9F1FA71FA7FF9EFF9E1FA71FA7FF9E43
:10C050009E96BEA619A6BAC6FAD6BAD696B5B5C5E4
:10C060008FB46DC48DDC6BE429EC49FC29FC29FC00
:10C0700029FC29FC29FC29FC29FC49FC28FC69FC39
:10C0800028F4ACDCDADEBDAEFFA61F9FFF9E1F9F2B
:10C090003FA73FA71FA7FF9EFF9E1F9F1FA7FFA6AB
:10C0A000FFA6FFA6FFA61FA7FFA61FA71F9FFF9E15
:10C0B0001F9F1F9F1F9FFF96BF8E5F7E3F7E1E7E2E
:10C0C0007E8E3C8E3C8E3D8E5D961B8EFDAEFBBE05
:10C0D00016B6AFB48DE42AF429FC29FC29FC29FC0E
:10C0E00029FC29FC49FC28FC29FC29FC49FC8CD4AE
:10C0F000DAD6FEAEFFA61F9F1F9FFF96BF8E9F8EB4
:10C100009F8EDF96DF96FF9E1FA71FA71F9FFF9E94
:10C11000FF9EFF9EFFA61FA7FFA6FF9E3F9F3F9F7C
:10C12000DF8E5E7E5E765F765F7E5F7E5F765F76B9
:10C130005F7E5F7E7F7E7F769E7E5C7E9B96DBC68B
:10C1400012C58EDC6BEC49F449FC29FC29FC29FC66
:10C1500028FC49FC09FC29FC28FC8CDC1AD71EA70A
:10C16000FF96BF867F7E3F7E3F7E3E7E3E765E763A
:10C170003E7E3F7E7F86DF961F9F1F9FFF9E1FA7ED
:10C18000FFA6FFA6FF9EFF9E3F9FBF863E767F7E57
:10C190007F7E7F7E7F7E7F7E7F7E7F7E7F7E7F7EB7
:10C1A0005F7E7F7E9F7E5E7E3D7E7D969CA618C6CE
:10C1B000AED44AEC49F449FC49FC29FC48FC49FC52
:10C1C00029FC2AFC6AF48DCCDAC6BE965E7E5F76C8
:10C1D0003F765F7E5F7E7F7E7F767F767F7E5F7E2F
:10C1E0005F7E3F769F861F971F9FFF9EFF9E1FA724
:10C1F000FFA61FA7BF8E5F7E5F765F767F7E7F7E06
:10C200007F7E7F7E7F7E7F7E5F7E7F7E5F7E7F7E86
:10C210005F7E7F7E7F865E7E5E7E9CA6B4C5CDDC23
:10C220004AEC49FC29FC6AFC08FC49FC49FC6BF41B
:10C230004BE4D0C4FDBE3D7E7F7E5F7E5F7E5F7E31
:10C240007F7E7F767F767F765F7E7F7E7F7E5F7E5E
:10C250003E765E86DF963FA7FF9EFF9E1FA7FF9E4E
:10C260003E7E5F7E7F7E7F767F7E5F7E7F7E7F7E6F
:10C270007F7E7F7E7F767F767F7E5F765F7E7F7E2E
:10C280007F7E5E7E5E7E5D8E1DC7D0AC8CE429F421
:10C2900009FC09FC49FC29FC49FC4BE4CFCC99DEA4
:10C2A000FB955E7E7F7E7F7E7F7E5F7E5F7E5F769C
:10C2B0007F767F767F7E5F765F7E7F7E5F7E3E7657
:10C2C0007E86DF961F9FFF9E1F9F7E863E7E7F7E1F
:10C2D0007F7E7F7E7F7E5F7E7F7E7F7E7F7E7F7E96
:10C2E0007F767F767F7E5F7E7F7E5F7E5F7E7F7ED6
:10C2F0007F863D7E1B861CCF8ECC6BF44BFC09FCED
:10C3000029FC49FC49F4ADDCF6C53BA65E965F8688
:10C310005F7E7F767F7E7F7E7F7E7F7E7F7E7F7665
:10C320007F7E5F765F767F7E7F7E5F7E5F7E3E7EF6
:10C330001F975F9FBF8E3E7E5F7E7F7E5F767F769C
:10C340007F7E5F7E7F7E7F7E7F7E7F7E7F767F7635
:10C350005F769F7E7F7E7F7E7F7E7F7E5F7E7F7E1D
:10C360007F7E9DA6F2B48EDC2AEC29FC29FC4AFCD7
:10C370006BE4CFC4DCBE3D863F863F7E7F7E7F7E02
:10C380007F7E7F767F767F765F7E5F765F7E7F7E45
:10C390007F7E7F765F7E5F7E5F7E5F7E9F865F9F14
:10C3A0005E7E5F7E7F7E7F7E7F767F765F7E5F7E36
:10C3B0007F7E7F7E7F7E7F7E7F767F767F767F76B5
:10C3C0007F7E7F7E7F7E7F7E7F7E7F7E5F763D86E7
:10C3D000FBD68FBC8CEC29FC08FC4AF4CECC37C6CB
:10C3E0003C967F865F7E7F7E7F7E7F7E7F7E5F76D0
:10C3F0007F767F767F7E7F7E7F7E7F7E5F767F7695
:10C400007F7E7F7E7F7E7F7E5F7EDF8E3E767F7E3D
:10C410005F7E7F7E7F767F7E5F7E5F7E7F7E7F7E9C
:10C420007F7E7F7E7F767F767F7E5F767F767F766C
:10C430005F767F7E9F7E3F765F7E5E8EFDB6B0A488
:10C440008CE448FC29FC4BEC8FACFCBE5E865F762E
:10C450007F7E5F765F767F767F7E7F767F767F7664
:10C460005F7E5F7E5F7E7F7E7F7E7F767F767F7E54
:10C470007F7E5F7E5F7E5F7E5F7E7F7E5F767F7E7C
:10C480005F767F767F7E5F7E7F7E7F7E7F7E7F7E14
:10C490007F767F765F767F7E7F7E7F7E7F7E5F7614
:10C4A0005F767F7E5F7E5E863B8ED5AD8CDC48FC02
:10C4B00029FC8CE4D29CBDA65E7E7F767F767F765B
:10C4C0007F767F767F767F765F7E5F7E5F7E7F7E04
:10C4D0005F7E7F7E7F7E7F7E7F767F767F7E7F7EA4
:10C4E0007F7E7F7E5F7E5F7E7F7E7F7E7F7E7F7EA4
:10C4F0005F7E5F7E7F7E7F7E7F7E7F7E7F767F76A4
:10C500007F767F767F767F767F767F765F7E5F7EB3
:10C510005F7E5E865C86B5A5ACDC48FC29FC6DDCE4
:10C52000B7AD7D8E7F7E3F6E7F767F7E7F767F7616
:10C530007F767F765F7E5F7E5F7E7F7E7F7E7F7E83
:10C540007F7E7F7E7F7E7F7E7F7E7F7E7F7E7F7E03
:10C550005F7E5F7E7F7E7F7E7F7E7F7E5F7E5F7E73
:10C560007F7E7F7E7F7E7F7E7F767F767F767F7603
:10C570007F767F767F767F765F7E5F7E7F7E5F7E53
:10C580007D86B79D8CD448FC29FC8EDCD89D7E86A8
:10C590005F7E7F7E5F767F7E7F767F767F767F7E13
:10C5A0005F7E5F7E7F7E7F7E7F7E7F7E7F7E7F7EE3
:10C5B0005F7E7F7E7F7E7F7E7F7E7F7E7F7E7F7EB3
:10C5C0005F7E5F7E5F7E5F7E7F7E7F7E7F7E7F7E03
:10C5D0007F7E7F7E7F7E7F7E7F7E7F7E7F7E7F7E73
:10C5E0007F7E7F7E7F7E5F7E7F765F7EBF86979534
:10C5F0008DDC48FC09FC8EDC97959F7E7F7E7F7EDC
:10C600005F7E5F7E7F7E7F767F767F767F7E7F7E9A
:10C610007F7E7F7E7F7E7F7E7F7E7F7E5F7E5F7E72
:10C620007F7E7F7E7F7E7F7E7F7E7F7E5F7E5F7E62
:10C630007F7E7F7E7F7E7F7E7F7E7F7E7F7E7F7E12
:10C640007F7E7F7E7F7E7F7E7F7E7F7E7F7E7F7E02
:10C650007F7E7F765F767F7E7F86989DADDC28FC2F
:10C6600029FC8DDC979D9F865E7E5F7E5F7E7F7E50
:10C670005F7E5F7E7F767F767F767F765F7E5F7E72
:10C680007F7E7F7E7F7E7F7E5F7E5F7E5F7E5F7E42
:10C690007F7E7F7E7F7E7F7E7F7E7F7E7F7E7F7EB2
:10C6A0007F7E7F7E7F7E7F7E7F7E7F7E7F7E7F7EA2
:10C6B0007F7E7F7E7F7E7F7E7F7E7F7E7F7E7F7E92
:10C6C0007F7E7F863E8E97A58DDC28FC29FC8DDC45
:10C6D00096A57D8E3D7E7F7E7F7E7F7E5F7E5F7EA8
:10C6E0007F7E7F767F767F765F7E5F7E5F7E7F7EDA
:10C6F0007F7E7F7E5F7E5F7E5F7E5F7E7F7E7F7ED2
:10C700007F7E7F7E7F7E7F7E7F7E7F7E7F7E7F7E41
:10C710007F7E7F7E7F7E7F7E7F7E7F7E7F7E7F7E31
:10C720007F7E7F7E7F7E7F7E7F7E7F7E7F7E3E865A
:10C73000BDAEF3A46CE429FC2AFC4CDC54AD7B9E1A
:10C740007E865F769F7E5F767F7E5F7E5F7E7F7E6A
:10C750007F767F767F7E5F7E5F7E7F767F7E7F7E49
:10C760005F7E5F7E5F7E5F7E7F7E7F7E7F767F7671
:10C770007F767F767F767F767F7E7F7E7F7E7F7EF1
:10C780007F7E7F7E5F7E5F7E5F7E5F7E5F7E5F7E81
:10C790005F7E5F7E7F7E5F7E5F7E3D86DCCE6EACA1
:10C7A0006BEC29FC2AFC8CE48FACFCC65D867F76A2
:10C7B0007F7E5F7E7F767F7E5F7E5F7E7F767F7609
:10C7C0007F765F7E5F7E7F7E7F7E7F7E7F7E7F7EC9
:10C7D0007F7E7F7E5F7E5F7E7F7E7F7E7F767F76C1
:10C7E0007F767F765F7E5F7E7F7E7F7E7F7E7F7EB1
:10C7F0007F7E7F7E5F7E5F7E5F7E5F7E7F7E7F7ED1
:10C800005F7E5F7E5F7E3C9678D6ADCC6BF429FC74
:10C8100049FC6AECAED417CE3C8E7F767F7E7F7E5D
:10C820007F769F767F7E5F7E5F7E7F7E7F767F7E58
:10C830005F7E7F7E7F7E7F7E7F767F767F765F7670
:10C840007F7E5F7E5F7E5F7E7F767F767F767F7680
:10C850003F7E7F865F7E5F7E7F7E5F7E7F767F7E90
:10C860005F767F7E7F7E5F7E7F765F767F7E3F7E98
:10C870005E7EBCAEAFBC6BE429F448FC49FC4AF4D4
:10C880006CE48FB41EBF5D865F7E5F769F7E9F7E69
:10C890005F765F7E7F7E5F7E7F7E7F767F7E5F7E40
:10C8A0005F7E7F7E5F769F767F7E7F7E5F7E5F7E10
:10C8B0005F7E5F7E7F767F767F767F767F7E7F7EF0
:10C8C0005F767F7E3F767F7E9F7E7F767F7E5F7EF8
:10C8D0005F7E5F7E7F767F767F7E5E865C96BACE59
:10C8E0008DD429F449FC08FC29FC4AFC2AF46DD4B7
:10C8F00058C67C9E3E865F7E3F765F7E9F7E7F7EB3
:10C900005F7E7F7E7F7E7F763F765F765F7E5F7E17
:10C910009F7E5F765F7E7F7E7F7E7F7E7F7E7F7E57
:10C920007F7E7F7E5F7E7F7E5F767F6EBF7E5F765F
:10C930005F767F767F7E7F765F767F7E5F7E5F7EAF
:10C940007F7E9F7E5E763C86DBCEAFBC4BDC6AFC96
:10C9500029FC49FC2AFC09FC4AFC8CECAFBC99CEB2
:10C960005D9E5E867F865F7E5F7E7F7E5F7E5F767A
:10C970005F765F763F761F977F863F765F7E7F7E0E
:10C980007F7E5F7E7F767F767F7E7F7E5F7E5F7E2F
:10C990005F7E5F7EBF7E9F765F769F7E1F975E760F
:10C9A0005F767F7E7F765F767F7E5F7E5E7E5D7E5A
:10C9B0005B8E3DCFF0BCADE46AF409F429FC09FCC0
:10C9C00049FC49FC29FC29EC8BECAECC78C67C9E5A
:10C9D0005E7E7F7E5F767F7E7F7E5F7E7F7E3F7620
:10C9E000BF8E3F9FDF965F867F7E5F767F7E5F7E16
:10C9F0007F767F767F7E7F7E5F7E5F7E5F7E5F7EDF
:10CA00003E769F7E1E7E1FA73FA79F8E5F7E5F762E
:10CA10007F7E5F7E5F7E9F865D7E5B9699CEAFBC9C
:10CA20008CE408EC49FC49FC29FC4AFC29FC49FC43
:10CA300028FC69FC28FC4AE4EFC417BEFEBE5D96E4
:10CA40003C8E1C7E5E869F861E767F863FA7FF9E5D
:10CA50001FA79F8E3E7E5F7E5F7E5F865F7E5F7ECE
:10CA60005E865E867E7E5E7E5E865E865E863E7EBE
:10CA7000BF96FFAEFFA61FA77F863F7E7E863D86C0
:10CA80003C8E3B961DBF58CE8EC48CE449F428FCE6
:10CA900028FC49FC29FC2AFC28FC29FC49FC08FC50
:10CAA00049FC69F46AE48DD48EBC94C51BD7BBB62F
:10CAB0009CA6DE9E3D8EBF9EFE9E3FA71F9F1FA78A
:10CAC0003C8EDFA6BD9EDE9EBE9EDE9EDE9EDE9E70
:10CAD000DE96DE9EBE9EBE9EDE9E3C8EFFA6DF9E46
:10CAE000FFA61FA79E963C8EBCA6DBB6FBCE94BDD0
:10CAF0008EBCADDC4BEC2AFC29FC69FC28FC28FC34
:10CB000049FC29FC28FC08FC29FC29FC29FC49FCDF
:10CB100008F44AFC4AECACDC8EBCF0ACD19C7284CC
:10CB200098953FB7FEA61FA71F9FFEA69DB6B4848B
:10CB3000918491849284928491849184918491844B
:10CB400072849284D37CBBAE1FAF1FA7DF9EDFA68B
:10CB50001FB7B89DB294B0A4AFB4AED44AE449F4C0
:10CB60002AFC0AFC29FC29FC49FC29FC29FC49FC7B
:10CB700028FC28FC29FC29FC29FC4AFC4AFC09FC6D
:10CB80004AFC4AF44BEC6BE48CE4AFCCF2A45ECFED
:10CB9000FFAEFF9EFF9EDDAEDBDED1BC8DD4ADDCF3
:10CBA000ADDC6CDCADDC6CDC6CDC8CDC8DE4AED440
:10CBB000F0BCFAD6BDAEFFA6FF9E1FAF5ECFF3A4BA
:10CBC0008FCC8DEC4BEC4AEC6AF449FC29FC2AFC36
:10CBD0002AFC4AFC29FC29FC29FC28FC49FC49FCCC
:10CBE00009F46AFC09F409F44AFC4AFC2AF42AF420
:10CBF00029FC49FC08FC6BECD0BC1CDFBDA61FA7C0
:10CC00001FA7BCBED9FE6DDC49EC49FC29FC29F408
:10CC10004AEC6BF429FC49FC08FC4AECACD4D8EE95
:10CC2000BCBE1FA71FA7BCA61CDFF1C46CEC2AFC6E
:10CC30002AFC2AFC29EC4AEC4AF44AF44AFC2AFC75
:10CC400029FC29FC29FC28FC29F42AFC29FC29FCC4
:10CC500029FC4AFC2AF44BE4CEE48DDC2AF409FCDE
:10CC600049FC4AECAECC5BF7DBAEFD9EFDA63DDF9A
:10CC700032DD4BEC6AFC28F449FC4AECAECC8DC4A6
:10CC80006BEC49FC29FC6AFC8CEC51D55DD7DDA628
:10CC90001EA79BB69BFF6CCC6AEC29FC09FC4AF4EE
:10CCA000ACDCCDDC6BE44AF429FC29FC29FC29FC32
:10CCB00029FC29FC4BFC4AFC29FC29FC29FC4AF4F0
:10CCC0006CDCCECCF8EEAFB44CE44AFC29FC29EC89
:10CCD0006CDCAEC49CEF3BCF5DE716DE8EE42AF43D
:10CCE00049F469FC4AECCEDC77D698DE8DD44AEC68
:10CCF00029F429FC4AF48DDC77DE9DE7FBCE7CF736
:10CD00008DC4ABE469F428F44AFC6CE4AFB419F7C1
:10CD1000AEC48CDC4AF429FC29FC29FC29FC29FC42
:10CD20004AFC29F449FC08FC09FC4BECAFB45BD786
:10CD3000D7951BD78ECC4BEC4AF449FC4AF46BECEC
:10CD40006DCC30DD6ED48EEC2BF429FC29FC2AEC62
:10CD5000ADDC52C57BB67BB653C5AEDC4AF429FCCC
:10CD600029F46BF48CDC8DD451E54CD46BE429ECC4
:10CD700049FC29FC4AF48DD45CD7F88D3BD7D0B45C
:10CD80008CE449FC29FC29FC29FC29FC28FC6AFCD0
:10CD900028FC49FC4BFC6DDC78C65A8E5C7E9CA658
:10CDA000F1B4ADDC4AEC49FC29FC29FC4AF44AEC1C
:10CDB0002BF40AFC09FC49FC49FC8CE4B0B41CD7F8
:10CDC0001C8EFC851CCFB0B46BE449FC29FC49FCEB
:10CDD00049F44AF42AF46BFC09F46AFC08FC4AFCA6
:10CDE0008CE4F1BC9BA65C7E5B8E79C68DCC4AF44C
:10CDF00049FC29FC29FC29FC08FC28FC29FC4AF4F4
:10CE00006CEC8FBCBCB67E867F7EFC855DD7AFB4F4
:10CE10006AE449FC29FC08FC49FC49FC49FC29FC62
:10CE20004AFC29FC28F48CDCF7B55C8E5D7E7E869E
:10CE30003C8EF8B5ACDC28F449FC29FC49FC29FC03
:10CE400029FC29FC4AFC09F42AFC6CECAFBC3CD759
:10CE50003B8E7E7E5E86BDB6D0C46BE449F449FC51
:10CE600029FC09FC09FC09FC49FC6AF48DDCB5CD00
:10CE70003B965F765F767F8E7BAEF1A4ACE428FCB8
:10CE800029FC29FC29FC49FC08FC49FC29FC29FC5B
:10CE900069FC6CCCDBB69E7E7F7E5F767E7EFDBEBF
:10CEA0004CC449FC29FC49FC28FC29FC28FC28FC32
:10CEB00029FC2AFC2AFC6CDCD1A49BAE5D8E5F7E33
:10CEC0005F7E3C96B4CDCDE449EC29F44AFC29FCC4
:10CED00009FC4AFC28FC49EC8ED495C55C965F762B
:10CEE0005F7E5F863A9E94B58DE409FC29FC29FC9F
:10CEF00029FC49FC29FC29FC29FC29FC28F46CC4E8
:10CF00001CC77D7E9F7E7F767E761EBF4CC449F413
:10CF100049FC49FC49FC29FC29FC29FC29FC29FC89
:10CF200049FC8CDC95B55B9E5D8E3E7E7F7E3C969B
:10CF3000B4CDADDC4BEC4BFC09FC09FC2AFC2AFC13
:10CF400007FC49F48DDC74C53A9E9E865F861C867C
:10CF5000DBC68FA44BE449FC29FC08FC29FC29FC16
:10CF600029FC29FC29FC29FC49FC8CD4FBD65C8ECD
:10CF70003D767E7E5D86FCCE8DD429F449FC49FC4D
:10CF800048FC29FC29FC29FC29FC29FC29FC6CDC37
:10CF9000B0ACBBBE3C8E9F865D867BA632C58DDC69
:10CFA0004BEC4BFC09FC09FC29F429FC49FC48FC2E
:10CFB00029EC8DCC5CD75A8E9D965AAEB8EEADD486
:10CFC0004AEC28FC49FC49FC29FC2AFC29FC29FCE8
:10CFD00029FC29FC49FC6CE432C5BBC65C8E5D8E25
:10CFE000DCBE32BD8CE44AFC2AFC2AFC29FC48FC4D
:10CFF00049FC49FC28FC28FC29FC6BF46DD499EE13
:10D000007CAE5D8E5B961CD7AECC4BEC2BF42AFC31
:10D0100029FC29FC4AFC29FC08FC49FC08F48BE4A7
:10D02000F0B437BEB6AD53B58DCC6BEC4AF449FCC9
:10D0300049FC28FC29FC29FC29FC29FC49FC49FC69
:10D040002AFC4BECAEDC11C5F7B5D7AD32BDAECC8A
:10D050004BEC29FC2AFC2AFC29FC48FC48FC48FC37
:10D0600028FC28FC29FC2AF44BECAFD434ADD7AD16
:10D07000F6BDF0BC4CDC4AF42AFC29FC29FC29FC56
:10D080002AFC2AFC29FC29FC29FC49F44AE48CDC12
:10D090008DDC6CE46CEC4BFC2AF429F408F449FCBC
:10D0A00028FC48FC49FC49FC49FC49FC2AFC2AF4C0
:10D0B0004AEC4BE46CDC6CDC6BE44AEC49F429FC94
:10D0C00029FC29FC29FC28FC49FC49FC28FC29FCFA
:10D0D00049FC49FC4AF44AE48CE48CDC6CDC6BE4EB
:10D0E0002AFC29FC29FC29FC49FC49FC2AFC09FCF6
:10D0F00029FC29FC49FC49FC49FC28FC29FC29FCA9
:10D100002AFC0AFC4AFC4AFC49FC48FC48FC48FC56
:10D1100029FC29FC49FC49FC2AFC2AFC29FC28FCA6
:10D1200049FC08FC49FC28FC28FC48FC29FC29FC9B
:10D1300029FC29FC49FC49FC29FC29FC69FC28F450
:10D1400049F469FC28FC49FC49FC29FC09FC09FC60
:10D1500029FC29FC49FC49F43600360090BA06083F
:10D1600000000000000000000000000000000000BF
:10D1700000000000000000000000000000000000AF
:10D18000000000000000000000000000000000009F
:10D19000000000000000000000000000000000008F
:10D1A000000000000000000000000000000000007F
:10D1B000000000000000000000000000000000006F
:10D1C000000000000000000000000000000000005F
:10D1D000000000000000000000000000000000004F
:10D1E000000000000000000000000000000000003F
:10D1F000000000000000000000000000000000002F
:10D20000000000000000000000000000000000001E
:10D21000000000000000000000000000000000000E
:10D2200000000000000000000000000000000000FE
:10D2300000000000000000000000000000000000EE
:10D2400000000000000000000000000000000000DE
:10D2500000000000000000000000000000000000CE
:10D2600000000000000000000000000000000000BE
:10D2700000000000000000000000000000000000AE
:10D28000000000000000000000000000000000009E
:10D29000000000000000000000000000000000008E
:10D2A000000000000000000000000000000000007E
:10D2B000000000000000000000000000000000006E
:10D2C000000000000000000000000000000000005E
:10D2D000000000000000000000000000000000004E
:10D2E000000000000000000000000000000000003E
:10D2F000000000000000000000000000000000002E
:10D30000000000000000000000000000000000001D
:10D31000000000000000000000000000000000000D
:10D3200000000000000000000000000000000000FD
:10D3300000000000000000000000000000000000ED
:10D3400000000000000000000000000000000000DD
:10D3500000000000000000000000000000000000CD
:10D3600000000000000000000000000000000000BD
:10D3700000000000000000000000000000000000AD
:10D38000000000000000000000000000000000009D
:10D39000000000000000000000000000000000008D
:10D3A000000000000000000000000000000000007D
:10D3B000000000000000000000000000000000006D
:10D3C000000000000000000000000000000000005D
:10D3D000000000000000000000000000000000004D
:10D3E000000000000000000000000000000000003D
:10D3F000000000000000000000000000000000002D
:10D40000000000000000000000000000000000001C
:10D41000000000000000000000000000000000000C
:10D4200000000000000000000000000000000000FC
:10D4300000000000000000000000000000000000EC
:10D4400000000000000000000000000000000000DC
:10D4500000000000000000000000000000000000CC
:10D4600000000000000000000000000000000000BC
:10D4700000000000000000000000000000000000AC
:10D48000000000000000000000000000000000009C
:10D49000000000000000000000000000000000008C
:10D4A000000000000000000000000000000000007C
:10D4B000000000000000000000000000000000006C
:10D4C000000000000000000000000000000000005C
:10D4D000000000000000000000000000000000004C
:10D4E000000000000000000000000000000000003C
:10D4F000000000000000000000000000000000002C
:10D50000000000000000000000000000000000001B
:10D51000000000000000000000000000000000000B
:10D5200000000000000000000000000000000000FB
:10D5300000000000000000000000000000000000EB
:10D5400000000000000000000000000000000000DB
:10D5500000000000000000000000000000000000CB
:10D5600000000000000000000000000000000000BB
:10D5700000000000000000000000000000000000AB
:10D58000000000000000000000000000000000009B
:10D59000000000000000000000000000000000008B
:10D5A000000000000000000000000000000000007B
:10D5B000000000000000000000000000000000006B
:10D5C000000000000000000000000000000000005B
:10D5D000000000000000000000000000000000004B
:10D5E000000000000000000000000000000000003B
:10D5F000000000000000000000000000000000002B
:10D60000000000000000000000000000000000001A
:10D61000000000000000000000000000000000000A
:10D6200000000000000000000000000000000000FA
:10D6300000000000000000000000000000000000EA
:10D6400000000000000000000000000000000000DA
:10D6500000000000000000000000000000000000CA
:10D6600000000000000000000000000000000000BA
:10D6700000000000000000000000000000000000AA
:10D68000000000000000000000000000000000009A
:10D69000000000000000000000000000000000008A
:10D6A000000000000000000000000000000000007A
:10D6B000000000000000000000000000000000006A
:10D6C000000000000000000000000000000000005A
:10D6D000000000000000000000000000000000004A
:10D6E000000000000000000000000000000000003A
:10D6F000000000000000000000000000000000002A
:10D700000000000000000000000000000000000019
:10D710000000000000000000000000000000000009
:10D7200000000000000000000000000000000000F9
:10D7300000000000000000000000000000000000E9
:10D7400000000000000000000000000000000000D9
:10D7500000000000000000000000000000000000C9
:10D7600000000000000000000000000000000000B9
:10D7700000000000000000000000000000000000A9
:10D780000000000000000000000000000000000099
:10D790000000000000000000000000000000000089
:10D7A0000000000000000000000000000000000079
:10D7B0000000000000000000000000000000000069
:10D7C0000000000000000000000000000000000059
:10D7D0000000000000000000000000000000000049
:10D7E0000000000000000000000000000000000039
:10D7F0000000000000000000000000000000000029
:10D800000000000000000000000000000000000018
:10D810000000000000000000000000000000000008
:10D8200000000000000000000000000000000000F8
:10D8300000000000000000000000000000000000E8
:10D8400000000000000000000000000000000000D8
:10D8500000000000000000000000000000000000C8
:10D8600000000000000000000000000000000000B8
:10D8700000000000000000000000000000000000A8
:10D880000000000000000000000000000000000098
:10D890000000000000000000000000000000000088
:10D8A0000000000000000000000000000000000078
:10D8B0000000000000000000000000000000000068
:10D8C0000000000000000000000000000000000058
:10D8D0000000000000000000000000000000000048
:10D8E0000000000000000000000000000000000038
:10D8F0000000000000000000000000000000000028
:10D900000000000000000000000000000000000017
:10D910000000000000000000000000000000000007
:10D9200000000000000000000000000000000000F7
:10D9300000000000000000000000000000000000E7
:10D9400000000000000000000000000000000000D7
:10D9500000000000000000000000000000000000C7
:10D9600000000000000000000000000000000000B7
:10D9700000000000000000000000000000000000A7
:10D980000000000000000000000000000000000097
:10D990000000000000000000000000000000000087
:10D9A0000000000000000000000000000000000077
:10D9B0000000000000000000000000000000000067
:10D9C0000000000000000000000000000000000057
:10D9D0000000000000000000000000000000000047
:10D9E0000000000000000000000000000000000037
:10D9F0000000000000000000000000000000000027
:10DA00000000000000000000000000000000000016
:10DA10000000000000000000000000000000000006
:10DA200000000000000000000000000000000000F6
:10DA300000000000000000000000000000000000E6
:10DA400000000000000000000000000000000000D6
:10DA500000000000000000000000000000000000C6
:10DA600000000000000000000000000000000000B6
:10DA700000000000000000000000000000000000A6
:10DA80000000000000000000000000000000000096
:10DA90000000000000000000000000000000000086
:10DAA0000000000000000000000000000000000076
:10DAB0000000000000000000000000000000000066
:10DAC0000000000000000000000000000000000056
:10DAD0000000000000000000000000000000000046
:10DAE0000000000000000000000000000000000036
:10DAF0000000000000000000000000000000000026
:10DB00000000000000000000000000000000000015
:10DB10000000000000000000000000000000000005
:10DB200000000000000000000000000000000000F5
:10DB300000000000000000000000000000000000E5
:10DB400000000000000000000000000000000000D5
:10DB500000000000000000000000000000000000C5
:10DB600000000000000000000000000000000000B5
:10DB700000000000000000000000000000000000A5
:10DB80000000000000000000000000000000000095
:10DB90000000000000000000000000000000000085
:10DBA0000000000000000000000000000000000075
:10DBB0000000000000000000000000000000000065
:10DBC0000000000000000000000000000000000055
:10DBD0000000000000000000000000000000000045
:10DBE0000000000000000000000000000000000035
:10DBF0000000000000000000000000000000000025
:10DC00000000000000000000000000000000000014
:10DC10000000000000000000000000000000000004
:10DC200000000000000000000000000000000000F4
:10DC300000000000000000000000000000000000E4
:10DC400000000000000000000000000000000000D4
:10DC500000000000000000000000000000000000C4
:10DC600000000000000000000000000000000000B4
:10DC700000000000000000000000000000000000A4
:10DC80000000000000000000000000000000000094
:10DC90000000000000000000000000000000000084
:10DCA0000000000000000000000000000000000074
:10DCB0000000000000000000000000000000000064
:10DCC0000000000000000000000000000000000054
:10DCD0000000000000000000000000000000000044
:10DCE0000000000000000000000000000000000034
:10DCF0000000000000000000000000000000000024
:10DD00000000000000000000000000000000000013
:10DD10000000000000000000000000000000000003
:10DD200000000000000000000000000000000000F3
:10DD300000000000000000000000000000000000E3
:10DD400000000000000000000000000000000000D3
:10DD500000000000000000000000000000000000C3
:10DD600000000000000000000000000000000000B3
:10DD700000000000000000000000000000000000A3
:10DD80000000000000000000000000000000000093
:10DD90000000000000000000000000000000000083
:10DDA0000000000000000000000000000000000073
:10DDB0000000000000000000000000000000000063
:10DDC0000000000000000000000000000000000053
:10DDD0000000000000000000000000000000000043
:10DDE0000000000000000000000000000000000033
:10DDF0000000000000000000000000000000000023
:10DE00000000000000000000000000000000000012
:10DE10000000000000000000000000000000000002
:10DE200000000000000000000000000000000000F2
:10DE300000000000000000000000000000000000E2
:10DE400000000000000000000000000000000000D2
:10DE500000000000000000000000000000000000C2
:10DE600000000000000000000000000000000000B2
:10DE700000000000000000000000000000000000A2
:10DE80000000000000000000000000000000000092
:10DE90000000000000000000000000000000000082
:10DEA0000000000000000000000000000000000072
:10DEB0000000000000000000000000000000000062
:10DEC0000000000000000000000000000000000052
:10DED0000000000000000000000000000000000042
:10DEE0000000000000000000000000000000000032
:10DEF0000000000000000000000000000000000022
:10DF00000000000000000000000000000000000011
:10DF10000000000000000000000000000000000001
:10DF200000000000000000000000000000000000F1
:10DF300000000000000000000000000000000000E1
:10DF400000000000000000000000000000000000D1
:10DF500000000000000000000000000000000000C1
:10DF600000000000000000000000000000000000B1
:10DF700000000000000000000000000000000000A1
:10DF80000000000000000000000000000000000091
:10DF90000000000000000000000000000000000081
:10DFA0000000000000000000000000000000000071
:10DFB0000000000000000000000000000000000061
:10DFC0000000000000000000000000000000000051
:10DFD0000000000000000000000000000000000041
:10DFE0000000000000000000000000000000000031
:10DFF0000000000000000000000000000000000021
:10E000000000000000000000000000000000000010
:10E010000000000000000000000000000000000000
:10E0200000000000000000000000000000000000F0
:10E0300000000000000000000000000000000000E0
:10E0400000000000000000000000000000000000D0
:10E0500000000000000000000000000000000000C0
:10E0600000000000000000000000000000000000B0
:10E0700000000000000000000000000000000000A0
:10E080000000000000000000000000000000000090
:10E090000000000000000000000000000000000080
:10E0A0000000000000000000000000000000000070
:10E0B0000000000000000000000000000000000060
:10E0C0000000000000000000000000000000000050
:10E0D0000000000000000000000000000000000040
:10E0E0000000000000000000000000000000000030
:10E0F0000000000000000000000000000000000020
:10E10000000000000000000000000000000000000F
:10E1100000000000000000000000000000000000FF
:10E1200000000000000000000000000000000000EF
:10E1300000000000000000000000000000000000DF
:10E1400000000000000000000000000000000000CF
:10E1500000000000000000000000000000000000BF
:10E1600000000000000000000000000000000000AF
:10E17000000000000000000000000000000000009F
:10E18000000000000000000000000000000000008F
:10E19000000000000000000000000000000000007F
:10E1A000000000000000000000000000000000006F
:10E1B000000000000000000000000000000000005F
:10E1C000000000000000000000000000000000004F
:10E1D000000000000000000000000000000000003F
:10E1E000000000000000000000000000000000002F
:10E1F000000000000000000000000000000000001F
:10E20000000000000000000000000000000000000E
:10E2100000000000000000000000000000000000FE
:10E2200000000000000000000000000000000000EE
:10E2300000000000000000000000000000000000DE
:10E2400000000000000000000000000000000000CE
:10E2500000000000000000000000000000000000BE
:10E2600000000000000000000000000000000000AE
:10E27000000000000000000000000000000000009E
:10E28000000000000000000000000000000000008E
:10E29000000000000000000000000000000000007E
:10E2A000000000000000000000000000000000006E
:10E2B000000000000000000000000000000000005E
:10E2C000000000000000000000000000000000004E
:10E2D000000000000000000000000000000000003E
:10E2E000000000000000000000000000000000002E
:10E2F000000000000000000000000000000000001E
:10E30000000000000000000000000000000000000D
:10E3100000000000000000000000000000000000FD
:10E3200000000000000000000000000000000000ED
:10E3300000000000000000000000000000000000DD
:10E3400000000000000000000000000000000000CD
:10E3500000000000000000000000000000000000BD
:10E3600000000000000000000000000000000000AD
:10E37000000000000000000000000000000000009D
:10E38000000000000000000000000000000000008D
:10E39000000000000000000000000000000000007D
:10E3A000000000000000000000000000000000006D
:10E3B000000000000000000000000000000000005D
:10E3C000000000000000000000000000000000004D
:10E3D000000000000000000000000000000000003D
:10E3E000000000000000000000000000000000002D
:10E3F000000000000000000000000000000000001D
:10E40000000000000000000000000000000000000C
:10E4100000000000000000000000000000000000FC
:10E4200000000000000000000000000000000000EC
:10E4300000000000000000000000000000000000DC
:10E4400000000000000000000000000000000000CC
:10E4500000000000000000000000000000000000BC
:10E4600000000000000000000000000000000000AC
:10E47000000000000000000000000000000000009C
:10E48000000000000000000000000000000000008C
:10E49000000000000000000000000000000000007C
:10E4A000000000000000000000000000000000006C
:10E4B000000000000000000000000000000000005C
:10E4C000000000000000000000000000000000004C
:10E4D000000000000000000000000000000000003C
:10E4E000000000000000000000000000000000002C
:10E4F000000000000000000000000000000000001C
:10E50000000000000000000000000000000000000B
:10E5100000000000000000000000000000000000FB
:10E5200000000000000000000000000000000000EB
:10E5300000000000000000000000000000000000DB
:10E5400000000000000000000000000000000000CB
:10E5500000000000000000000000000000000000BB
:10E5600000000000000000000000000000000000AB
:10E57000000000000000000000000000000000009B
:10E58000000000000000000000000000000000008B
:10E59000000000000000000000000000000000007B
:10E5A000000000000000000000000000000000006B
:10E5B000000000000000000000000000000000005B
:10E5C000000000000000000000000000000000004B
:10E5D000000000000000000000000000000000003B
:10E5E000000000000000000000000000000000002B
:10E5F000000000000000000000000000000000001B
:10E60000000000000000000000000000000000000A
:10E6100000000000000000000000000000000000FA
:10E6200000000000000000000000000000000000EA
:10E6300000000000000000000000000000000000DA
:10E6400000000000000000000000000000000000CA
:10E6500000000000000000000000000000000000BA
:10E6600000000000000000000000000000000000AA
:10E67000000000000000000000000000000000009A
:10E68000000000000000000000000000000000008A
:10E69000000000000000000000000000000000007A
:10E6A000000000000000000000000000000000006A
:10E6B000000000000000000000000000000000005A
:10E6C000000000000000000000000000000000004A
:10E6D000000000000000000000000000000000003A
:10E6E000000000000000000000000000000000002A
:10E6F000000000000000000000000000000000001A
:10E700000000000000000000000000000000000009
:10E7100000000000000000000000000000000000F9
:10E7200000000000000000000000000000000000E9
:10E7300000000000000000000000000000000000D9
:10E7400000000000000000000000000000000000C9
:10E7500000000000000000000000000000000000B9
:10E7600000000000000000000000000000000000A9
:10E770000000000000000000000000000000000099
:10E780000000000000000000000000000000000089
:10E790000000000000000000000000000000000079
:10E7A0000000000000000000000000000000000069
:10E7B0000000000000000000000000000000000059
:10E7C0000000000000000000000000000000000049
:10E7D0000000000000000000000000000000000039
:10E7E0000000000000000000000000000000000029
:10E7F0000000000000000000000000000000000019
:10E800000000000000000000000000000000000008
:10E8100000000000000000000000000000000000F8
:10E8200000000000000000000000000000000000E8
:10E8300000000000000000000000000000000000D8
:10E8400000000000000000000000000000000000C8
:10E8500000000000000000000000000000000000B8
:10E8600000000000000000000000000000000000A8
:10E870000000000000000000000000000000000098
:10E880000000000000000000000000000000000088
:10E890000000000000000000000000000000000078
:10E8A0000000000000000000000000000000000068
:10E8B0000000000000000000000000000000000058
:10E8C0000000000000000000000000000000000048
:10E8D0000000000000000000000000000000000038
:10E8E0000000000000000000000000000000000028
:10E8F0000000000000000000000000000000000018
:10E900000000000000000000000000000000000007
:10E9100000000000000000000000000000000000F7
:10E9200000000000000000000000000000000000E7
:10E9300000000000000000000000000000000000D7
:10E9400000000000000000000000000000000000C7
:10E9500000000000000000000000000000000000B7
:10E9600000000000000000000000000000000000A7
:10E970000000000000000000000000000000000097
:10E980000000000000000000000000000000000087
:10E990000000000000000000000000000000000077
:10E9A0000000000000000000000000000000000067
:10E9B0000000000000000000000000000000000057
:10E9C0000000000000000000000000000000000047
:10E9D0000000000000000000000000002100000016
:10E9E00000002100010001000100210021002100A0
:10E9F00021002100210041002100210021002100EF
:10EA000021002100210021004100210020002100DF
:10EA10002100210021000100210021000000000050
:10EA200000000000000000002000000000000000C6
:10EA300000000000000000000000200000000000B6
:10EA400000000000000000000000000000000000C6
:10EA500000000000000000000000000000000000B6
:10EA600000000000000000000000000000000000A6
:10EA70000000000000000000000000000000000096
:10EA80000000000000000000000000000000000086
:10EA90000000000000000000000000000000000076
:10EAA0000000000000000000000000000000000066
:10EAB0000000000000000000000000000000000056
:10EAC0000000000000000000000000000000000046
:10EAD0000000000000000000000000000000000036
:10EAE0000000000000000000000000000000000026
:10EAF0000000000000000000000000000000000016
:10EB00000000000000000000000000000000000005
:10EB100020000000000000000000000000000000D5
:10EB200000000000000000000000000000000000E5
:10EB30000000000020000000000000000000210094
:10EB40002100220042004200C400A8096B22CC2A06
:10EB5000CD2AED2A2E334F33903BD043F143324C34
:10EB60007354945C945C73545254F143B043903B9F
:10EB70004F330E33AC22AC228C224B226709630048
:10EB8000420042002100210020000000000000009F
:10EB9000000000000000000000000008000000006D
:10EBA0000000000000000000000020000000200025
:10EBB0000000000000000000000000000000000055
:10EBC0000000000000000000000000000000000045
:10EBD0000000000000000000000000000000000035
:10EBE0000000000000000000000000000000000025
:10EBF0000000000000000000000000000000000015
:10EC00000000000000000000000000000000000004
:10EC100000000000000000000000000000000000F4
:10EC200000000000000000000000000000000000E4
:10EC300000000000000000000000000000000000D4
:10EC400000000000000000000000000000000000C4
:10EC50000000000000000000200020000000000074
:10EC600000000000000000000000000000000000A4
:10EC70000000000000000000000000000000000094
:10EC80000000000000000000000000000000000084
:10EC90000000000000000000400020002100610092
:10ECA0008200A3000501091AB04B1254D464787D88
:10ECB0001A8EBC96DE9EFE9E1F9F1F9F1F9F1F9F4A
:10ECC0003F9F3F9F3F9F5F9F3F973F973F9F3F9F44
:10ECD0003F9F1F973F9F1F9F1F9F1F9F1F9FFF9E2D
:10ECE000FE9EFFA67C96D985987D535C11546F4B90
:10ECF0008711C300E400820062004100210001008E
:10ED000021000000000000000000000000000000E2
:10ED100000000000000000000000000000000000F3
:10ED200000000000000000000000000000000000E3
:10ED300000000000000000000000000000000000D3
:10ED400000000000000000000000000000000000C3
:10ED500000000000000000000000000000000000B3
:10ED600000000000000000000000000000000000A3
:10ED70000000000000000000000000000000000093
:10ED80000000000000000000000000000000000083
:10ED90000000000000000000000000000000000073
:10EDA0000000000000000000000000000000000063
:10EDB0000000000000000000000000000000000053
:10EDC0000000000000000000000000000000000043
:10EDD0000000000000000000000000000000000033
:10EDE0000000200000000000000000000100000002
:10EDF000000000000000000021002100410004018B
:10EE00006701ED22945C366DB87D7B8EBD961E9FAA
:10EE10001E971F971F971F97FF8EDF8EDF8EBF866F
:10EE2000BF86BF86BF86BF86BF86BF86BF86BF86BA
:10EE3000DF86BF86BF86BF86BF86BF86DF86DF864A
:10EE4000BF86BF86DF86BF86BF86BE86FF8E1F97C2
:10EE5000FF8E1F971F97FE96DE96DD965B86786D78
:10EE6000376D324C2A126701C40042002100200095
:10EE70002000200000000000000000002100000031
:10EE80000000000000000000000000000000000082
:10EE90000000000000000000000000000000000072
:10EEA0000000000000000000000000000000000062
:10EEB0000000000000000000000000000000000052
:10EEC0000000000000000000000000000000000042
:10EED0000000000000000000000000000000000032
:10EEE0000000000000000000000000000000000022
:10EEF0000000000000000000000000000000000012
:10EF00000000000000000000000000000000000001
:10EF100000000000000000000000000000000000F1
:10EF200000000000000000000000000000000000E1
:10EF300000000000000000000000000000000000D1
:10EF400000000000000000000000000000000000C1
:10EF50000000000001000100010002002200A400E6
:10EF6000A811AC2A535C5B963FA71F97FE96DE8ED6
:10EF7000DE8EFF8EDE86FF86DE86DE7EDF7EDF862D
:10EF8000DF86BF7EBF7EBF7EBF86BF86BF86BF8651
:10EF9000BF86DF86DF86DF7EDF86DF7EDF86DF8679
:10EFA000DF86DF86BF7EBF7EDF86BF7EDF86DF7EB9
:10EFB000DF86BF7EDF86DF86DF86BE7EDF7EFF8662
:10EFC000DF86FF861F87FF86FF8EFF96FE961EA7B1
:10EFD000FA856F3B6B22E819820021004100210075
:10EFE000010001000100000000000000000000001E
:10EFF0000000000000000000000000000000000011
:10F000000000000000000000000000000000000000
:10F0100000000000000000000000000000000000F0
:10F0200000000000000000000000000000000000E0
:10F0300000000000000000000000000000000000D0
:10F0400000000000000000000000000000000000C0
:10F0500000000000000000000000000000000000B0
:10F0600000000000000000000000000000000000A0
:10F070000000000000000000000000000000000090
:10F080000000000000000000000000000000000080
:10F090000000000000000000000000000000000070
:10F0A0000000000000000000000000000000000060
:10F0B0000000000000000000010042006300670142
:10F0C0004B1A2E2B734C1A7E5FA77F9FDE8EBE8657
:10F0D000DF86DF86DF86BF86BF86BF86BF86BF86A8
:10F0E000BF86BF7EBF7EDF86DF86DF86DF86DF8668
:10F0F000DF86DF86DF86DF86DF86DF7EDF7EDF7E00
:10F10000DF86DF7EDF7EBF7EDF7EDF7EDF86DF861F
:10F11000BF7EDF86DF86DF86BF7EDF86DF86BF7E3F
:10F12000DF86DF86BF86BF86DF86BF86BF86BF8657
:10F130009D7EFF8EDE86DE8EDE8E3F9F7FA73F9F09
:10F14000576D124C6F3BA8114200420001000100B4
:10F1500000000000000000000000000000000000AF
:10F16000000000000000000000000000000000009F
:10F17000000000000000000000000000000000008F
:10F18000000000000000000000000000000000007F
:10F19000000000000000000000000000000000006F
:10F1A000000000000000000000000000000000005F
:10F1B000000000000000000000000000000000004F
:10F1C000000000000000000000000000000000003F
:10F1D000000000000000000000000000000000002F
:10F1E000000000000000000000000000000000001F
:10F1F000000000000000000000000000000000000F
:10F2000000000000000000000000000000000000FE
:10F21000000000000000000000002100210042006A
:10F2200047094F3BD5649C961F9F5F9F3F97FE8683
:10F23000DE7EDE7EDF7EDF7EBF7EDF86BF7EBF8638
:10F24000DF86BF86BF86BF86BF86BF86DF86BF7E5E
:10F25000DF7EDF7EDF7EDF7EDF86DF86DF86DF7EAE
:10F26000DF86DF7EDF7EDF86DF7EDF7EDF86DF8696
:10F27000DF86DF7EDF86DF86DF86BF86BF86DF86AE
:10F28000BF86BF86BF86DF86BF86BF86BF86BF8636
:10F29000BF86BF86BF86DF86FF86BE7EDF86DF86AF
:10F2A000DF7EDF7EDF7EBE7E1F8F3F9F5FA79C9647
:10F2B000777D946C0D43C400220021000100010001
:10F2C000000000000000000000000000000000003E
:10F2D000000000000000000000000000000000002E
:10F2E000000000000000000000000000000000001E
:10F2F000000000000000000000000000000000000E
:10F3000000000000000000000000000000000000FD
:10F3100000000000000000000000000000000000ED
:10F3200000000000000000000000000000000000DD
:10F3300000000000000000000000000000000000CD
:10F3400000000000000000000000000000000000BD
:10F3500000000000000000000000000000000000AD
:10F36000000000000000000000000000200020005D
:10F37000000000000000000000000000200021004C
:10F38000830047014F3B987DBD963F9F3F97DE86A8
:10F39000DE86DE86DE86DF86DF86DF7EDF7EDF7E60
:10F3A000DF86BF86BF86BF86BF86BF86BF86BF8615
:10F3B000BF86BF86DF86DF86DF7EDF7EDF7EDF7E85
:10F3C000DF86BF86BF86DF86BF86DF86DF86DF8675
:10F3D000DF86DF86DF86DF86DF86DF86BF86BF8645
:10F3E000BF86BF86BF86BF86BF86BF86DF86DF86B5
:10F3F000DF86DF86DF86DF86DF86DF86DF86DF86E5
:10F40000DF86DF86DF86DF86DF86DF86BF86DF86F4
:10F41000BF86DF86DE86DE8E1F975F9FFE967C8E20
:10F42000376D8C220601630001000000000000001F
:10F4300000002000000000000000000000000000AC
:10F4400000000000000000000000000000000000BC
:10F4500000000000000000000000000000000000AC
:10F46000000000000000000000000000000000009C
:10F47000000000000000000000000000000000008C
:10F48000000000000000000000000000000000007C
:10F49000000000000000000000000000000000006C
:10F4A000000000000000000000000000000000005C
:10F4B000000000000000000000000000000000004C
:10F4C000000000000000000000000000000000003C
:10F4D00000002000000000000000200000002100CB
:10F4E0004100620087092E33987DBD961F9FDE8EF6
:10F4F000FE86FF86DF7EDF7EDF7EDF7EDF86BF86E5
:10F50000BF86BF86BF86BF86BF86BF86BF86BF86D3
:10F51000BF86BF86BF86BF86DF86DF86DF86DF8643
:10F52000DF7EDF7EDF7EDF86BF86BF86BF86DF862B
:10F53000BF86DF86BF86DF86BF86DF86BF86DF8623
:10F54000BF86DF86BF86BF86BF86BF86DF86DF8633
:10F55000DF86DF86DF86DF86DF7EDF7EDF7EDF869B
:10F56000DF86DF86DF86DF86DF7EDF7EDF86BF86A3
:10F57000BF86BF86BF86BF86BF7EDF86DF86DF7E13
:10F58000DF7EDF7EFF86FF861F97FF9EBD9ED56CC8
:10F590006B2A050942000100210000000000200044
:10F5A000000000002000000000000000000000003B
:10F5B000000000000000000000000000000000004B
:10F5C000000000000000000000000000000000003B
:10F5D000000000000000000000000000000000002B
:10F5E000000000000000000000000000000000001B
:10F5F000000000000000000000000000000000000B
:10F6000000000000000000000000000000000000FA
:10F6100000000000000000000000000000000000EA
:10F6200000000000000000000000000000000000DA
:10F6300000000000000000000000200000000000AA
:10F640000000010083006709CD2A566D3EA71E9772
:10F65000DE8EDF86BE86BE86DF86DF86BF86BF86FD
:10F66000BF86BF86BF86BF86BF86BF86BF86BF8672
:10F67000BF86BF86BF86DF86DF86DF86DF7EDF7ED2
:10F68000DF7EDF7EDF86DF86BF86BF86BF86BF86E2
:10F69000BF86DF86DF86DF7EDF86DF7EDF86DF7E7A
:10F6A000DF86DF7EDF86DF7EDF86DF7EDF86DF7E52
:10F6B000DF7EDF7EDF7EDF7EDF7EDF7EDF7EDF7E62
:10F6C000DF86DF86BF86BF86BF86BF86BF86BF86D2
:10F6D000DF86DF7EDF86BF86BF86BF86BF86BF86AA
:10F6E000DF86DF86DF7EDF7EBF7EBF7EDF7EFF863A
:10F6F000DE86DE86DE86FE8E3F9FBC9693548B228E
:10F700002501220021000000000020000000000070
:10F7100000000000000000000000000000000000E9
:10F7200000000000000000000000000000000000D9
:10F7300000000000000000000000000000000000C9
:10F7400000000000000000000000000000000000B9
:10F7500000000000000000000000000000000000A9
:10F760000000000000000000000000000000000099
:10F770000000000000000000000000000000000089
:10F780000000000000000000000000000000000079
:10F790000000000000000000000000000000000069
:10F7A0000000200000002100A400AC321675FDA668
:10F7B0005FA7DE8EDE86DE7EDE86BE7EDF86FF868D
:10F7C000BF7EBF86DF86DF86BF86BF86BF86BF86D9
:10F7D000BF86BF86BF86BF86BF86BF86DF86DF86C1
:10F7E000DF7EDF7EDF7EDF7EDF7EDF7EDF86DF8621
:10F7F000BF86BF86BF86BF86DF86DF7EDF86DF7E71
:10F80000DF86DF7EDF86DF7EDF86DF7EDF86DF7EF0
:10F81000DF86DF7EDF86DF7EDF7EDF7EDF7EDF7EF0
:10F82000DF7EDF7EDF7EDF7EDF86DF86BF86BF8610
:10F83000BF86BF86BF86BF86BF86DF86BF86BF8680
:10F84000BF86BF86BF86BF86DF86BF7EBF7EDF8660
:10F85000DF86DF86BF7EBF7EDF7EFF86DF7EDE7EC9
:10F86000DE7EFE861F975FA77C969464A811210018
:10F870002100000000000000000000000000000067
:10F880000000000000000000000000000000000078
:10F890000000000000000000000000000000000068
:10F8A0000000000000000000000000000000000058
:10F8B0000000000000000000000000000000000048
:10F8C0000000000000000000000000000000000038
:10F8D0000000000000000000000000000000000028
:10F8E0000000000000000000000000000000000018
:10F8F0000000000000000000000000000000000008
:10F900002000000000000000210022004701F14B10
:10F91000D97D3F9F1F979D86BE86DF86DF86BF8687
:10F92000DF86DF86BF86BF7EBF7EDF7EDF7EBF7E57
:10F93000DF7EDF7EDF86DF86DF86DF7EDF7EDF7EC7
:10F94000DF7EDF7EDF7EDF7EDF86DF86DF86DF86AF
:10F95000DF86DF86DF86DF7EDF7EDF7EDF7EDF7EA7
:10F96000DF86DF86BF86DF86BF86DF86BF86DF86CF
:10F97000BF86DF86BF86DF86BF86DF86BF86DF86DF
:10F98000DF86DF7EDF86DF86DF86DF86DF86DF8657
:10F99000DF86DF86DF86DF86DF86DF86DF86DF863F
:10F9A000BF86BF86BF86BF86BF86BF86BF86DF860F
:10F9B000DF86DF86DF86BF7EBF86BF86BF86DF86A7
:10F9C000DF7EDF7EDF7EDF86DF7EBE7EBF86BE8699
:10F9D000BE865F9FBD96F664AC2AC400210020005D
:10F9E00021002000000000000000000000000000D6
:10F9F0000000000000000000000000000000000007
:10FA000000000000000000000000000000000000F6
:10FA100000000000000000000000000000000000E6
:10FA200000000000000000000000000000000000D6
:10FA300000000000000000000000000000000000C6
:10FA400000000000000000000000000000000000B6
:10FA500000000000000000000000000000000000A6
:10FA600000000000000000002000200041002100F4
:10FA70000601F2537C961F9F1F8FFF86DF7EDF8675
:10FA8000BF7EBF7EDF86BF86BF86DF86BF7EDF8606
:10FA9000FF86DF7EBF7EFF86DF7EDF7EDF86DF863E
:10FAA000DF7EDF7EDF7EDF7EDF7EDF7EDF7EDF8666
:10FAB000DF86DF86BF86BF86BF86DF86DF86DF7E86
:10FAC000DF7EDF7EDF7EDF7EDF7EDF86BF86DF8656
:10FAD000BF86DF86BF86BF86BF86BF86BF86BF86DE
:10FAE000BF86DF86BF86DF86DF86DF86DF86DF862E
:10FAF000DF86DF86DF86DF86DF86DF86DF86DF86DE
:10FB0000DF86DF86DF7EDF7EDF86BF86BF86BF863D
:10FB1000BF86BF86BF86DF86DF7EDF86DF86BF7E4D
:10FB2000BF86BF86BF86BF86DF86DF7EBF7EDF865D
:10FB3000BF7EDF86FF86DF7EDF869E7EFF8EFE969F
:10FB4000DD9EF98D4E3B2601210021002100210080
:10FB500000000000000000000000000000000000A5
:10FB60000000000000000000000000000000000095
:10FB70000000000000000000000000000000000085
:10FB80000000000000000000000000000000000075
:10FB90000000000000000000000000000000000065
:10FBA0000000000000000000000000000000000055
:10FBB0000000000000000000000000000000000045
:10FBC0000000000000000000000000000000000035
:10FBD00021004200C8115354BD96FE969E86BF86F2
:10FBE000BF86BF86BF86DF86DF86DF86FF7EDF7E3D
:10FBF000DF86DF86DF86DF7EBF7EDF86DF86DF860D
:10FC0000BF86BF86BF86DF86DF86DF7EDF7EDF7E44
:10FC1000DF86BF86BF86DF86DF86DF86DF86DF86FC
:10FC2000DF86DF86DF86DF86DF86DF86DF86DF86AC
:10FC3000DF86DF7EDF86DF7EDF86DF7EDF86DF86B4
:10FC4000DF86DF86DF86DF86DF86DF7EDF86DF8694
:10FC5000DF86BF86BF86BF86BF86BF86BF86BF865C
:10FC6000DF86DF86DF86DF86DF7EDF7EDF7EDF7E8C
:10FC7000DF7EDF7EDF7EDF86BF86BF86BF86BF86F4
:10FC8000DF7EDF7EDF86DF86DF86DF86DF86BF7E84
:10FC9000BF86BF86BF86DF86DF86BF7EBF7EBF7E14
:10FCA000BF7EDF86DF86DF869E86DE8E1F9FDD9E1F
:10FCB000D04B660921002100000000000000000078
:10FCC0000000000000000000000000000000000034
:10FCD0000000000000000000000000000000000024
:10FCE0000000000000000000000000000000000014
:10FCF0000000000000000000000000000000000004
:10FD000000000000000000000000000000000000F3
:10FD100000000000000000000000000000000000E3
:10FD200000000000000000000000000000000000D3
:10FD300000000000210042004B22F66C1FA7FE9637
:10FD4000BE86BE7EFF86DF7EBF86BF86BF86BF863D
:10FD5000BF86DF86DF7EDF7EDF7EDF7EDF7EDF86C3
:10FD6000DF7EDF7EDF86BF7EBF86BF86BF86DF8603
:10FD7000DF86DF7EDF7EDF7EBF86BF86BF86BF86F3
:10FD8000DF86DF86DF86DF86DF86DF86DF86DF864B
:10FD9000BF86BF86BF86BF86DF86DF7EDF7EDF7ED3
:10FDA000DF7EDF7EDF7EDF7EDF86DF86DF86DF864B
:10FDB000DF7EDF7EDF7EDF7EDF86DF86BF86DF865B
:10FDC000BF86DF86BF86DF86DF86DF86DF86DF864B
:10FDD000DF7EDF7EDF7EDF7EDF7EDF7EDF7EDF8633
:10FDE000DF86BF86BF86BF86BF86DF7EDF7EDF7E83
:10FDF000DF7EDF7EDF7EDF86BF86BF86BF86BF8673
:10FE0000BF86DF86BF7EDF86BF7EDF86BF86BF7E82
:10FE1000DF86BF86BF7EBE861EA79C9E125426012B
:10FE2000420021000000000000000000000000006F
:10FE300000000000000000000000000000000000C2
:10FE400000000000000000000000000000000000B2
:10FE500000000000000000000000000000000000A2
:10FE60000000000000000000000000000000000092
:10FE70000000000000000000000000000000000082
:10FE80000000000000000000210000000000000051
:10FE900000000000000000002100E4006F3B776DCF
:10FEA0001F9FFF96DF8EBE86BF86DF86DF86BF7E02
:10FEB000DF86BF86BF86BF86DF86DF86DF7EDF7E8A
:10FEC000DF86DF86DF86DF7EDF7EDF7EDF7EDF7E32
:10FED000DF86DF86DF86DF7EDF7EDF7EDF7EDF7E22
:10FEE000DF86BF86BF86BF86BF86BF86DF86DF868A
:10FEF000DF86DF86DF86DF86DF86DF86DF86DF86DA
:10FF0000DF86DF86DF86DF86DF86DF86DF86DF86C9
:10FF1000DF86DF86DF86DF86DF7EDF7EDF7EDF7ED9
:10FF2000DF7EDF7EDF86DF7EDF86DF7EDF86DF7ED1
:10FF3000DF7EDF7EDF7EDF7EDF7EDF7EDF7EDF7ED9
:10FF4000DF86DF86DF86DF86DF86DF86DF86DF8689
:10FF5000DF86DF86DF86DF7EDF86DF86DF86DF8681
:10FF6000BF86BF86BF86DF86DF86DF86DF86DF86C9
:10FF7000DF86DF86DF86DF86DF86DF86DF86BF8679
:10FF8000BF86BE865F9F7C8EB45C6A224200010001
:10FF90000000000000000000000020000000200021
:10FFA0000000000000000000000000000000000051
:10FFB0000000000000000000000000000000000041
:10FFC0000000000000000000000000000000000031
:10FFD0000000000000000000000000000000000021
:10FFE00000000000000000000000200000000000F1
:10FFF0000000000000000000000020002000410080
:020000040807EB
:100000002A1A1A8E5FA73F97DF86DF86BF7EBF7EE4
:10001000BF7EDF86DF86DF86DF86DF86DF86DF86E0
:10002000DF86DF86DF86DF86BF86BF86DF86DF86E8
:10003000DF7EDF7EDF7EDF7EDF7EDF7EDF86DF7ED0
:10004000DF7EDF7EDF7EDF7EDF86DF86DF86DF86A8
:10005000DF86DF86DF86DF86DF86DF86DF86DF8678
:10006000DF86DF86DF86DF86DF86DF86DF86DF8668
:10007000DF86DF86DF86DF86DF86DF86DF86DF8658
:10008000DF86DF7EDF7EDF7EDF7EDF7EDF86DF7E78
:10009000DF7EDF7EDF7EDF7EDF7EDF7EDF7EDF7E78
:1000A000DF7EDF7EDF86DF86DF86BF86BF86BF8698
:1000B000DF86DF86DF86DF86DF86DF86DF86DF8618
:1000C000DF86DF86DF86DF86DF86DF86DF86DF8608
:1000D000DF86DF86DF86DF86DF86DF86DF86DF86F8
:1000E000DF86DF86DF86DF7EBF7EDF7EDF86DE8621
:1000F0005F9F1E9F32544601210000000000200037
:1001000000000000200000000000200000000000AF
:1001100000000000000000000000000000000000DF
:1001200000000000000000000000000000000000CF
:1001300000000000000000000000000000000000BF
:1001400000000000000000000000000000000000AF
:100150000000000000002000200000000008000057
:1001600000004100A709366D3F9FDE8E9E8EBF8640
:10017000BF86BF7EBF7EDF86DF86DF86DF86DF86C7
:10018000DF86DF86DF86DF86DF86DF86DF86DF8647
:10019000DF7EDF7EDF86DF86BF86BF86BF86BF86C7
:1001A000BF86DF86BF86BF86BF86BF86BF86BF8607
:1001B000DF7EDF7EDF7EDF7EDF7EDF7EDF7EDF7E57
:1001C000DF7EDF7EDF7EDF7EDF86DF86DF86DF8627
:1001D000DF86DF86DF86DF86DF86DF86BF86BF8637
:1001E000BF86BF86BF86DF86DF86DF86DF86DF8647
:1001F000DF86BF86BF86DF86DF86DF86DF86DF8617
:10020000DF86DF86DF86DF86DF86DF86DF86DF86C6
:10021000DF86DF86DF86DF86DF86DF86BF86BF86F6
:10022000BF86BF86BF86BF86BF86BF86BF86BF86A6
:10023000DF86DF86DF86DF86DF86DF86DF86DF8696
:10024000DF86DF86DF86DF86DF86DF86DF86DF8686
:10025000BF7EDF86BF86BF86DE86BE86FE96FD9E9B
:10026000114CE4002100000000000000000000002C
:10027000000000000000000020000000000000005E
:10028000000000000000000000000000000000006E
:10029000000000000000000000000000000000005E
:1002A000000000000000000000000000000000004E
:1002B000000000000000000000000000000000003E
:1002C0000000200000002100260912541E9FDE8E2F
:1002D000DE86BF86DF8EBF86BF86DF86DF86DF864F
:1002E000DF86BF7EDF86DF86DF86DF86DF86DF860E
:1002F000DF86DF86DF86DF86DF7EDF7EDF86DF86E6
:10030000BF86BF86BF86BF86BF86BF86BF86BF86C5
:10031000BF86BF86BF86BF86DF7EDF7EDF7EDF7E55
:10032000DF7EDF7EDF7EDF7EDF86DF86DF86DF86C5
:10033000DF86DF86BF86DF86DF86DF7EDF86DF86BD
:10034000DF86DF86DF86BF86BF86BF86BF86DF8605
:10035000DF86DF86DF86DF86BF86BF86BF86BF86F5
:10036000DF86DF86DF86DF86DF86DF86DF86DF8665
:10037000DF86DF86DF86DF86DF86DF86DF86DF8655
:10038000DF86DF86DF86DF86DF86DF86DF86DF8645
:10039000DF86DF86DF86DF86DF86DF86DF86DF8635
:1003A000DF86DF86DF86DF86DF86DF86DF86DF8625
:1003B000DF86DF86DF86DF86DF7EDF86BF86DF863D
:1003C000DF86DF7EFF86DE863F9FBC960D3B6300A7
:1003D00021000000000000000000000000000000FC
:1003E000000000000000000000000000000000000D
:1003F00000000000000000000000000000000000FD
:1004000000000000000000000000000000000000EC
:1004100000000000000000000000000000000000DC
:1004200020000000000000000000000062006F3BA0
:10043000FE9E1F97DF86BF7EDF86BF7EBF86BF869C
:10044000DF86DF86DF86DF86DF86DF86DF86DF8684
:10045000DF86DF86DF86DF86DF86DF86DF86DF8674
:10046000DF7EDF7EDF86DF86DF86BF86BF86BF86D4
:10047000BF86BF86DF86DF86BF86BF86BF86DF86F4
:10048000DF86DF86DF86DF86BF86BF86BF86BF86C4
:10049000BF86BF86BF86BF86BF86BF86BF86BF8634
:1004A000DF7EDF7EDF7EDF7EDF7EDF7EDF7EDF865C
:1004B000DF86DF86DF86DF86DF86DF7EDF7EDF8624
:1004C000BF86BF86BF86BF86BF86BF86BF86BF8604
:1004D000DF86DF86DF86DF86DF86DF86DF86DF86F4
:1004E000DF86DF86DF86DF86DF86DF86DF86DF7EEC
:1004F000DF7EDF7EDF7EDF7EDF7EDF7EDF7EDF860C
:10050000DF86DF86DF86DF86DF86DF86DF86DF86C3
:10051000DF86DF86DF86DF86DF86DF86DF86DF86B3
:10052000DF7EDF7EDF86DF86BF7EBF7EBF7EDF862B
:10053000DE86DE865F9FD97DA8096200010000008B
:1005400000000000000000000000000000000000AB
:10055000000000000000000000000000000000009B
:10056000000000000000000000000000000000008B
:10057000000000000000000000000000000000007B
:10058000000000000000000000000000000021004A
:100590002200A8117775FE96DE86FF86DF7EDF7E5D
:1005A000BF7EBF86DF86DF86BF7EBF7EBF7EDF86E3
:1005B000DF86DF86DF86BF7EDF86DF86DF86DF863B
:1005C000DF86DF86DF86DF86DF7EDF7EDF86DF8613
:1005D000DF86BF86BF86BF86BF86DF86DF86DF7E7B
:1005E000DF7EDF7EDF7EDF7EDF86BF86BF86BF8663
:1005F000BF86BF86BF86BF86BF86BF86BF86BF86D3
:10060000BF86BF86BF86DF86DF7EDF7EDF7EDF7E42
:10061000DF7EDF7EDF7EDF7EDF86DF86DF86DF86D2
:10062000DF86DF7EDF7EDF86BF86BF86BF86BF8632
:10063000BF86BF86BF86BF86DF86DF86DF86DF8612
:10064000DF86DF86DF86DF86DF86DF86DF86DF8682
:10065000DF86DF86DF86DF7EDF7EDF7EDF7EDF7E9A
:10066000DF7EDF7EDF7EDF7EDF86DF86DF86DF8682
:10067000DF86DF86DF86DF86DF86DF86DF86DF8652
:10068000DF86DF86DF86DF86DF86DF86FF86BF7E4A
:10069000BF7EFF86DF86DF7EBF7EFF86DE7EFE8E2C
:1006A000BD96B46488112100000000000000000025
:1006B000000000000000000000000000000000003A
:1006C000000000000000000000000000000000002A
:1006D000000000000000000000000000000000001A
:1006E000000000000000000000000000000000000A
:1006F0000000000021004601366D1E9FFF8EDF8640
:10070000DF7E9F76BF7EDF86DF86DF86BF7EDF8669
:10071000DF86DF86DF86DF86DF86DF86DF86BF7ED9
:10072000DF86DF86DF86DF86DF86DF86DF86DF86A1
:10073000DF7EDF7EBF86DF86BF86BF86BF86BF8641
:10074000DF86DF7EDF7EDF7EDF7EDF7EDF7EDF7EB9
:10075000DF86BF86DF86DF86DF86DF86BF86DF86B1
:10076000DF86DF86DF7EDF7EDF7EDF7EDF7EDF7E91
:10077000DF7EDF7EDF7EDF7EDF7EDF7EDF86DF8681
:10078000DF86DF86BF86DF86DF86DF86DF86DF8661
:10079000BF86BF86BF86BF86BF86BF86BF86BF8631
:1007A000BF86BF86DF86DF86DF7EDF7EDF7EDF7E81
:1007B000DF7EDF7EDF7EDF7EDF86DF86DF86DF8631
:1007C000DF86DF86DF86DF86DF86DF86DF86DF8601
:1007D000DF86DF86DF86DF86DF86DF86DF86DF86F1
:1007E000DF86DF86DF86DF86DF86DF86DF86DF86E1
:1007F000BF86BE7EBF7EDF86DF86DF86BF7EBF868A
:10080000DF86BF7EDF7EDE86FF8E1F97FE9E5354FF
:100810008300010001000000000000000000000053
:1008200000000000000000000000000000000000C8
:1008300000000000000000000000000000000000B8
:1008400000000000000000000000000000000000A8
:10085000000000000000000000004200CD329C9625
:100860001F97DE86DF7EDF7EDF7EDF7EDF86DF8630
:100870009F7EDF86DF86BF86DF86DF86DF86BF7EE0
:10088000BF7EBF7EDF86DF86DF86DF86DF86DF8690
:10089000DF86DF86DF86DF86DF7EDF7EDF86DF8640
:1008A000BF86BF86BF86DF86DF86DF86DF7EDF7E90
:1008B000DF7EDF7EDF7EDF7EDF86DF86DF86DF8630
:1008C000DF86DF86DF86DF86DF7EDF7EDF7EDF7E20
:1008D000DF7EDF7EDF7EDF7EDF86DF86DF86DF8610
:1008E000DF86DF86BF86DE86DE86DE86BE86BE8645
:1008F000DE86DE86DE86DE86BF86DF86BF86DF8614
:10090000BF86DF86DF86DF86DF86DF86DF86DF7EE7
:10091000DF7EDF7EDF7EDF7EDF7EDF7EDF7EDF86E7
:10092000DF86DF86DF86DF86DF86DF86BF86BF86DF
:10093000BF86BF86BF86BF86DF86DF86DF86DF860F
:10094000DF86DF86DF86DF86DF86DF86DF86DF867F
:10095000DF86DF86DF86DF86BF86DF86BF86BF86CF
:10096000BF86BF7EDF86BF86DF86DF86DF7EBF7EF7
:10097000DF86DE86DF863F9F5775880922002200CA
:100980000000000000000000000000000000000067
:100990000000000000000000000000000000000057
:1009A0000000000000000000000000000000000047
:1009B00000000000000000000000000000004100F6
:1009C000E50036753FAFBE969E86BF7EDF7EDF7E3A
:1009D000DF7EDF7EDF7EDF86DF86BF86BF86BF8667
:1009E000BF86DF86DF86DF86DF86DF86DF86DF86FF
:1009F000DF86DF86DF86DF86DF86DF86DF86DF86CF
:100A0000BF86BF86DF86DF7EDF7EDF7EDF7EDF861E
:100A1000DF86BF86BF86DF86BF86BF7EDF7EFF7E26
:100A2000DF7EDF86DF7EBF7EDF86DF86DF86DF86D6
:100A3000DF86DF7EDF7EDF86BF7EDF7EDF86DF86CE
:100A4000DE86BE86DE8E3F975F9F3F9F3F9F5F9F04
:100A50005F9F5F9F5F9F5F9F5F9F3F9F3F9F3F970E
:100A6000DE86DE86DE86DE86DF86DF86DE86DF7E6B
:100A7000BF7EDF86BF7EBF7EDF86DF7EDF7EBF7EFE
:100A8000BF869F7EDF86BF7EDF86BF7EBF7EDF861E
:100A9000DF7EDF7EDF86BF7EDF86BF86BF86BF86C6
:100AA000BF86DF86DF86DF86BF7EBF7EDF86DF868E
:100AB000DF86DF86DF86DF86DF86DF86DF86DF7E16
:100AC000DF7EDF7EBF86BF86BF86BF86BF86DF7EB6
:100AD000DF7EDF7EDF7EDF7EBF86BF86BF7EBF8696
:100AE000FF961E9F4F3B63000000000020000000A7
:100AF00000000000000000000000000020000000D6
:100B000000000000000000000000000000000000E5
:100B100000000000000000000000000000000000D5
:100B20000000210021004601FA85FE96DF8EBE8678
:100B3000DF86DF86DF7EDF7EDF7EDF86DF86DF86A5
:100B4000DF86BF86BF86BF86DF86DF86DF86DF86DD
:100B5000DF86DF86DF86DF86DF86DF86DF86DF866D
:100B6000DF86DF86DF86BF86BF86BF86DF86DF7EC5
:100B7000DF7EFF86FF7EBF7E9F7EDF86BF86BF86CD
:100B8000DF86DF86DF7EDF7EDF86BF7EDF7EDF867D
:100B9000DF86BE86DE86DE8EDE8EBD8EFE965FA78B
:100BA0005FA71F9FDE965C8E3B861A86577553544F
:100BB000D143D143D1436F334F332E332E334F3391
:100BC000903BB043124C534CD97DF97D1A7E3B8645
:100BD0007C86BD8E1F9F5FA7FF96BE8EBE86DF8E72
:100BE000DF8EBF86DF86DF86BF86DF86BF86DF8635
:100BF0009F7EDF86DF86DF7EDF7EDF7EDF86BF7E55
:100C0000DF86DF86DF86BF86BF86DF86DF86DF86FC
:100C1000DF86BF7EDF86DF86DF86DF86DF86DF86D4
:100C2000DF86DF86DF86DF7EDF7EDF7EBF86BF86F4
:100C3000BF86BF86DF86DF7EDF7EDF7EDF7EDF86EC
:100C4000DF86DF86DF7EDF7EBE7EDE8EFE9E156D5A
:100C500087112100000000000000000000000000DB
:100C60000000000000002000000000000000000064
:100C70000000000000000000000000000000000074
:100C8000200000000000000001004200B043DD969B
:100C9000DE8EBE869E76DF7EDF86BF7EDF86DF86C7
:100CA000BF86BF86BF86BF86BF86DF86DF7EDF7ECC
:100CB000DF86DF86DF86DF86DF86DF86DF86DF860C
:100CC000DF86DF86DF86DF86DF86DF86DF86BF861C
:100CD000DF86BF86DF86DF86DF7EBF7EDF7EFF8624
:100CE000DF86BF7EBF86BF86BF86DF86DF7EDF7E74
:100CF000DF86DF86FF8EFF8EDF8E1F9FFE9E5C9657
:100D0000D985B885325C6A22091AE81946090501B5
:100D1000C400A30062002100210021002100210065
:100D2000210021002100410041002100210021007B
:100D30008200A300C400E40025016709E9194A22E2
:100D4000535C3675B97D3A86DD961F9FFE9EDE8E1A
:100D5000FF86FF86BF7EDF7EDF7EBF7EFF86BF7E93
:100D6000DF86BF7EDF86DF86BF86BE7EDF86BE86ED
:100D7000DF86DF86DF86DF86DF86DF86BF7EBF7E9B
:100D8000DF86DF86DF86DF86DF86DF86DF86DF863B
:100D9000BF86BF86DF86DF86DF7EDF7EDF86DF867B
:100DA000BF86BF86BF86BF86DF86DF86DF86BF86BB
:100DB000BF7EDE86BD7E5F97FD9E6B222200010016
:100DC0000100000000002000000000000000000002
:100DD00000000000000000002000000000000000F3
:100DE00000000000000000000000200000002100C2
:100DF0006711D56C5FA7DE86FF86DF7EDF7EFF860C
:100E0000BF7EBF7EDF86BF86BF86BF86BF86BF86AA
:100E1000BF86DF86DF7EDF7EDF7EDF86DF86DF86E2
:100E2000DF86DF86DF86DF86DF86DF86DF86DF869A
:100E3000DF86DF86DF86DF86DF86BF86BF7EDF86D2
:100E4000DF86DF86DF7EDF7EDF86BF7EFF86DF8692
:100E50009E7EBF86FF961F971F9FBE969D96B97D6B
:100E6000B13BEA0947012601C400830021002000AC
:100E70002100000000002000000000000000000031
:100E80000000000000000000000000000000000062
:100E90000000000000000000000000000000000052
:100EA000000000002000210062004200A3000501B4
:100EB0002601E911D14B777D3A86DD8E1E973F974B
:100EC000FF8EBE869E7EBF86DF86DF86DF86BF7E84
:100ED000DF86FF86FF86DF86BF7EDF86DF86DF86D2
:100EE000DF86DF86DF86DF86DF86DF86DF86DF86DA
:100EF000DF86DF86DF86BF86BF86BF86BF86DF7E52
:100F0000DF7EDF7EDF7EDF86BF86BF86BF86DF8631
:100F1000DF86DF86DF86DF86DF86DF7EFF7EDE7EA2
:100F2000DD861E9F6F43840001000000000000006A
:100F300000000000000800000000000000000000A9
:100F40000000000000000000000000000000200081
:100F50000000200041002D3B1EA7FE969E86DF86E6
:100F6000BF7EBF7EDF7EDF86DF86BF86DF86BF7EF9
:100F7000DF86DF86DF86BF86BF86DF86DF7EDF7E99
:100F8000DF86DF86DF86DF86DF86DF86DF86DF8639
:100F9000DF86DF86DF86DF86DF86DF86DF86DF7E31
:100FA000DF7EDF7EDF86BF869F86BF86BF86BF86E9
:100FB000DF86BE7EDE861F975F9F1FA73C8E587D13
:100FC000325C0922A40083004200210021000100BC
:100FD0000000000000000000000000000000000011
:100FE00000000000000000000000000020000000E1
:100FF00000000000000000000000000000000000F1
:1010000000000000000000000000000000000000E0
:1010100000002000000000004100210021006200CB
:10102000A3000922AF4B3254198E1EA73F9F1F9772
:10103000BE7EDF7EDF7EDF7EDF7EDF7EBF7EFF86E1
:10104000BF7EDF86DF86DF86DF86DF86DF86DF86A0
:10105000DF86DF86DF86DF86DF86DF86DF86BF8688
:10106000BF86BF86BF86DF86DF7EDF7EDF7EBF86F0
:10107000BF86BF86BF86DF86DF86DF7EDF7EDF7EC0
:10108000BF7EDF7EBF7EDF7EBE76FF863F9F1A86F5
:10109000A811410020000000000020000000000016
:1010A0000000000000000000000000000000000040
:1010B00000002000000000002100420032543EA742
:1010C000DD86DE7EDF86BF7EDF86FF86DF86BF862B
:1010D000BF86BF7EBF7EFF86DF7EDF7EDF86DF8648
:1010E000DF86DF86DF86DF7EDF86DF86DF86DF86E0
:1010F000DF86DF86DF86DF86DF86DF86DF86DF86C8
:10110000DF86DF86DF86DF7EDF7EDF7EBF7EBF8617
:10111000BF86BF8EBE8EBE8E9D865F9F1E9F576D03
:10112000D1438C2206014200210000002000200053
:10113000000000002000000000000000000000008F
:10114000000000000000000000000000000000009F
:10115000000000000000000000000000000000008F
:10116000000000000000000000000000000000007F
:10117000000000000000000000000000000000006F
:1011800000000000200000000000000020004100DE
:10119000E4002A1ACD2A945CDD963F9F1F97DE86D5
:1011A000BE86FF86DF7EBF7EDF86DF86DF86DF8648
:1011B000DF86DF86DF86DF86DF86DF86DF86DF8607
:1011C000DF86DF86DF86BF86BF86BF86BF86DF8677
:1011D000DF7EDF7EDF7EDF86BF86BF86BF86DF865F
:1011E000DF86DF7EDF7EDF7EFF86BF7EBF86BF7E3F
:1011F000FF86BE76DE7EFE8EDD9E2A1A210020004E
:1012000000000000000000000000000000000000DE
:10121000000000000000000020002000000041004D
:10122000A300D4645FA7DE86BE7EDF7EBF7EDF863E
:10123000BF86BF86DF86BF7EDF86FF86DF7EBF7EFE
:10124000DF86DF86DF86DF86DF86DF86DF86DF8676
:10125000DF86DF86DF86DF86DF86DF86DF86DF8666
:10126000DF86DF86DF86DF86DF86DF86DF86DF8656
:10127000BF7EDF86DF86DF86DF86DE86FF963F9FC6
:101280007B963254C811420021002100000000006A
:10129000000000000000000000000000000000004E
:1012A00020000000000000000000000020000000FE
:1012B000000000000000000000000000000000002E
:1012C000000000000000000000000000000000001E
:1012D000000000000000000000000000000000000E
:1012E00000002000000000000000000000000000DE
:1012F0000000010021000000000021002000620029
:101300006609AB2AD564BD9E1F9FDF8EBE86DF8631
:10131000DF86DF86DF86BF7EDF86DF86DF86DF86CD
:10132000DF86DF86DF86DF86DF86DF86DF86DF8695
:10133000DF86DF7EDF86DF7EDF7EDF7EDF7EDF7EB5
:10134000DF86DF86DF86DF86DF86BF86DF7EBF86BD
:101350009F86BF86BF86BF7EDF7EBF7EDF7EDE8646
:10136000FE96BD9E53646300200000002000000034
:10137000000000000000000000000000000000006D
:1013800000000000410066091986FE96DE86DE7EBA
:10139000DF7EDF7EBF7EBF86DF86BF86DF86DF7EA5
:1013A000DF7EDF7EDF7EDF86BF86BF86BF86BF86AD
:1013B000DF86DF86DF7EDF7EDF86DF86DF86DF8615
:1013C000DF86DF86DF86DF7EDF7EDF7EDF86DF860D
:1013D000DF86DF86DF86DF86BF86DF86DF86DF8EFD
:1013E0001F979C8E73542A12E500220021002000D2
:1013F00000000000000000000000000000000000ED
:1014000000000000000000000000000000000000DC
:10141000200000000000200000000000000000008C
:1014200000000000000000000000000000000000BC
:1014300000000000000000000000000000000000AC
:10144000000000000000000000000000000000009C
:10145000000000000000000000000000000000008C
:1014600000000000000000000000210062004601B2
:10147000AC22376DDE9EFF96DF8EDF86BF86DF7E75
:10148000DF7EDF7EDF86DF86BF86BF86DF86DF8684
:10149000DF86DF7EDF86DF86DF7EDF7EDF7EDF7E4C
:1014A000DF7EDF7EDF7EDF7EDF7EDF7EDF86DF8644
:1014B000BF86BF86BF86BF86BF86BF86BF86BF8604
:1014C000DF86FF86BF7EBE7EBE86DE8E1EA7D56C03
:1014D0008300210020000000000000000000000048
:1014E0000000000000000000200021000A129D966C
:1014F000FE8EFE86DF7EDF7EBF7EDF7EBF86BF7E06
:10150000DF86DF86DF86DF7EDF7EDF7EDF7EDF86D3
:10151000BF86BF86BF86BF86BF86DF86DF7EDF7E53
:10152000DF869E7EFF86DF86BF86BF7EDF86DF7E0C
:10153000DF7EBF7EDF86BF7EBF86BF86BF7EDF8643
:101540001F973F9F9D96D5646C22A4002100210027
:10155000000000000000000000000000000000008B
:10156000000000000000000000000000000000007B
:10157000000000000000000000000000200000004B
:10158000000000000000000000000000000000005B
:10159000000000000000000000000000000000004B
:1015A000000000000000000000000000000000003B
:1015B000000000000000000000000000000000002B
:1015C000000000000000000000000000000000001B
:1015D0000000000000002100210083002A22125494
:1015E000B97D1F9FFE8EDE86DE7EFF7EBF7EBF7EC4
:1015F000DF869F7EDF86DF86BF7EDF7EDF86BF7E63
:10160000BF86BF86BF86DF86DF7EDF7EDF7EDF7E32
:10161000DF7EDF7EDF7EDF86BF86BF86BF86BF863A
:10162000BF86BF86BF86BF86DF7EDF7EDF7EDF862A
:10163000DF86BE869E863F9F576D250141000000D4
:10164000000000000000000000000000000020007A
:1016500021004B22FE9EDE86FF86FF7EDF7EDF7E40
:10166000DF7EDF86DF86BF7EDF86DF86DF86DF8682
:10167000DF7EDF7EDF7EDF86BF86BF86BF86BF86DA
:10168000BF86DF86DF7EDF7EDF7EDF86BF86BF7EB2
:10169000BF86DF86DF7EBF7EBF7EDF86BF7EBF86E2
:1016A000BE86BE86DF8E5FA71A86124CA80962002E
:1016B0002100010000000000000000000000000008
:1016C000000000000000000000000000000000001A
:1016D000000000000000000000000000000000000A
:1016E00000000000000020000000000000000000DA
:1016F00000000000000000000000000000000000EA
:1017000000000000000000000000000000000000D9
:1017100000000000000000000000000000000000C9
:1017200000000000000000000000000000000000B9
:101730000000000000000000000000000000200089
:101740002000000020002100A300ED2A98755FA76B
:10175000DE8E9D7EBF86DF86BF86DF86BF86BF7E2C
:10176000FF86DF7EBF7EDF86BF86BF86BF86BF86E1
:10177000DF86DF7EDF7EDF7EDF7EDF7EDF7EDF8671
:10178000BF86BF86BF86BF86DF86BF86BF86BF8611
:10179000DF7EDF7EDF7EDF869F86BF86BF86BE86DA
:1017A0001F971A862601410020002000000000003B
:1017B00000000000000022006B22FE9EDE8E9E864E
:1017C000DF86DF86DF86DF86DF86DF86BF86BF8631
:1017D000BF86DF86DF86DF7EDF7EDF7EDF86DF8619
:1017E000DF86DF7EDF7EDF7EDF7EDF7EDF86DF86F9
:1017F000BF86BF86BF7EDF86DF86BF7EDF86DF8651
:10180000DF86BF86BF7EBE86DE8E5FA73B8E4F43E0
:10181000E400410000000000200000000000000083
:1018200000000000000000000000000000000000B8
:1018300000000000000000000000000000000000A8
:101840000000000000000000000000000000000098
:101850000000000000000000000000000000000088
:101860000000000000000000000000000000000078
:101870002000200000000000000000000000000028
:101880000000000000000000000000000000000058
:101890000000000000000000000000000000000048
:1018A0000000000000000000000000000000000038
:1018B000010022006300AC32B9851FA7BE8EBF862F
:1018C0009F86BF86BF7EDF86DF86DF7EDF86DE8681
:1018D000DF86DF86BF86BF86BF86BF86BF86BF86A0
:1018E000BF86DF86BF86DF7EDF7EDF7EDF7EDF7E38
:1018F000DF86BF86BF86BF86BF86DF7EDF7EDF7E58
:10190000BF86DF86BF86DF869E7E1F973A864601AA
:101910000100000000002100200020002200ED3224
:101920003FA7BE8EBE86DF86BF86BF86BF86DF86A8
:10193000DF86DF86BF86BF86BF86BF86DF86DF7E07
:10194000DF7EDF7EDF86DF86DF7EDF7EDF7EDF7E9F
:10195000DF7EDF7EDF86BF86BF86DF86DF86DF86AF
:101960009F7E9F7EBF7EBF86DF86BE86FF963E9FA0
:101970007B964E3B050121000000000000000000A6
:101980000000000000000000000000000000000057
:101990000000000000000000000000000000000047
:1019A0000000000000000000000000000000000037
:1019B0000000000000000100000000000000000026
:1019C00000000000000000002000200020000000B7
:1019D00000000000000000002000000000000000E7
:1019E00000000000000000000000000000000000F7
:1019F00000000000000000000000000000000000E7
:101A000000000000000000000000000000000000D6
:101A100000000000000000000000000001002100A4
:101A20006200AC2A5775BD96FF96DF8EDF86BF7EBB
:101A3000BF7EDF86BE86DF86DF86DF86DF86DF86C7
:101A4000BF86BF86BF86BF86BF86BF86BF86BF7E76
:101A5000DF7EDF7EDF7EDF7EDF7EDF86BF86BF86C6
:101A6000DF86DF7EDF7EDF7EBF86BF86BF869F7E0E
:101A7000DF86DF861F973B8E671122000100000082
:101A800021004200D1435FA79E86BF869E7EDF86EF
:101A9000BF86BF86BF86BF86BF86BF86DF86DF86DE
:101AA000BF86BF86BF86DF86DF7EDF7EDF7EDF7E8E
:101AB000DF7EDF7EDF7EDF7EDF7EDF86BF86DF8646
:101AC000DF7EDF7EBF7EBF86DF86DF86DF86BE7E6F
:101AD000FE8E3E9F5A8E0D33E4002100210000004F
:101AE00000000000000000000000000000000000F6
:101AF00000000000000000000000000000000000E6
:101B000000000000000000000000000000000000D5
:101B100000000000000000000000000000000000C5
:101B2000010001002100210001000100210021002D
:101B300021002100210021000100210021000100DD
:101B40000100210021000100000000000000000051
:101B50000000000000000000000000000000000085
:101B60000000000000000000000000000000000075
:101B70000000000000000000000000000000000065
:101B80000000000000000000200020006200660944
:101B90003254BC96FE8EDE7EFF86DF7EDF86BF86F9
:101BA000BF86BF86DF86DF7EDF7EDF7EDF86BF8685
:101BB000BF86BF86BF86BF86DF7EDF7EDF7EDF7E9D
:101BC000DF7EDF7EDF7EDF7EDF7EDF7EDF7EDF7E2D
:101BD000DF86BF86BF86DF869F7E9F869E7E1F979D
:101BE0007C966B222100210042006F3B5FA7BE86DE
:101BF000BF86BF86FF86BF7EBF86BF86DF86DF8645
:101C0000BF86BF86DF86DF86BF86BF86BF86DF864C
:101C1000DF86DF7EDF7EDF7EDF7EDF7EDF7EDF7ED4
:101C2000DF86BF86BF86BF86DF7EDF7EFF86BF7E04
:101C3000BF869F86BF86FF967B8E4E3304012100B0
:101C40000000200000000000000000000000000074
:101C50000000000000000000000000000000000084
:101C60000000000000000000000000000000000074
:101C700000000000000000002100210021002100E0
:101C8000420042004200C400470168018809A909D6
:101C9000EA110A122A1A2B1A8C226C226C224C226C
:101CA0004B1A2B1AEA11CA11C911A80947012701B9
:101CB000C500220022004200210021000100000096
:101CC00000002000000000000000000000000000F4
:101CD0000000000000000000000000000000000004
:101CE00000000000000000000000000000000000F4
:101CF00000002000000020004100870956753FA722
:101D0000DE8EBF86BF86BF86BF86BF86DF7EDF7E54
:101D1000DF7EDF7EDF7EBF86BF86BF86BF86BF8653
:101D2000DF86DF7EDF7EDF7EDF7EDF7EDF7EDF7EC3
:101D3000DF7EDF7EDF7EDF7EDF86DF86BF86DF86BB
:101D4000FF8EBF86BF7EBF86FE8E3EA72E3B420023
:101D50001244BD96DE8EBF86DF7EDF869F7EDF86E5
:101D6000BF86DF86DF7EDF7EDF86DF86BF86BF7EC3
:101D7000BF86DF86DF86DF86DF86DF86BF86BF869B
:101D8000BF86DF86DF7EDF7EBF86BF86BF86BF86DB
:101D9000BF7EFF86BF7EBF7E9E7EFF967FAF1254C2
:101DA000A40021000000000020000000000000004E
:101DB0000000000000000000000000000000000023
:101DC0000000000000000000000000000000000013
:101DD000000000000000000001002100220023009C
:101DE00084004801EA096C0AEE129123753C5855AB
:101DF000DB65DC65DC65FC651D661D661D661D66B4
:101E00001D661D661D661D661D661D661D66FD65DB
:101E1000FC65DB65BB5DBB65184DD32B301BCF125A
:101E20002C0AEA0907016300430021000100210098
:101E30000000200000000000000000000000000082
:101E40000000000000000000000000000000000092
:101E50000000000000000000000000000000000082
:101E6000200000008300AC32B9853FA7BF86DF8623
:101E7000DF7EDF7EDF7EDF86BF86DF86DF7EDF7E82
:101E8000DF7EDF7EBF86BF86BF86BF86BF86DF86DA
:101E9000BF86DF86DF86DF86DF86DF86BF86DF865A
:101EA000DF86DF86DF7EDF7E9E7EDF86DF86DF8663
:101EB000BF7EBE867C8ECD2ABD8EBE8EBF86DF865F
:101EC000DF7EDF7EBF86BF86BF86BF7EDF7EDF7E92
:101ED000DF86DF86BF86BF7EDF86DF86DF86DF8622
:101EE000BF86BF86BF86BF86BF86BF86BF86BF86CA
:101EF000BF86BF86BF86BF86DF86BE86DE86DE8E55
:101F00007FAF77750A1A2200010000000000000070
:101F100000000000000000000000000000000000C1
:101F200000000000000000000000000000000000B1
:101F30000000000000000100010022002200420019
:101F4000C500EA110F33913B96547965FB6DFC6532
:101F50001D663D5EFC55BC4DBC45BC45BD45BD4503
:101F6000BD45BD45BD45BD45DD45DD45BD45BD4521
:101F7000BD45BD45BD45BD45BC45DC4D9B45BC454E
:101F8000DD4D1D565E661C5EFC651C6E385D544C56
:101F9000D2434C1AC50063004200410021002100D9
:101FA0002000000000000000000000000000000011
:101FB0000000000000000000000000000000000021
:101FC00000000000000000000000000000002100F0
:101FD000A4000E333B86DE8EDF86DF7EBF86BF86A3
:101FE000BF86BF86DF7EDF7EDF7EDF7EDF86DF8629
:101FF000BF86BF86BF86BF86BF86DF86BF86DF8679
:10200000BF86BF86BF86BF86DF86BF7EDF7EDF7E60
:10201000FF86DF7EBF86BF86DF7EBF869D8E9033C4
:10202000375DBE8EDF86BF7EFF7EDF7EBF86BF86CA
:10203000BF86DF7EDF7EDF7EDF7EDF86DF86BF86D8
:10204000DF7EDF7EDF86BF86DF86DF86DF7EDF7EA8
:10205000BF7EDF86DF86BF869F7EFF86DF7EDF86D0
:10206000BE86BE8E1FA73B966B2A83000100000030
:102070000000000000000000000000000000000060
:102080000000000000000000000020000000000030
:10209000000000000000000000002100210084007A
:1020A000C6000C029133954C3855DA65FC65FC5D31
:1020B000DC5DBB559B4DBB4DBC4D9C4D9C4D9C4D23
:1020C000BC4DBC4DBC4DBC4DBC45BC45BC45BC45E8
:1020D000BC45BC45BC45BC45BC45BC45BC45BC45F8
:1020E000BC45BC45BC4DBC4DBC4DBC4DBC4DBB4DB9
:1020F000BB4DBB4DDB55FC5DFC65BB65595DF854C4
:10210000343C0F234801C50042004100000000009C
:1021100000000000000000000000000000000000BF
:1021200000000000000000000000000000000000AF
:102130000000000000000000210021004509567D3C
:10214000FE9EFF8EBF8EBF869F86BF86DF86DF7EA8
:10215000FF86DF7EDF7EFF86BF7EDF86BF86BF868F
:10216000BF86BF86BF86DF86BF86BF86BF86BF8627
:10217000DF86DF7EDF7EFF7EBF7EDF86BF86DF8677
:10218000DF86BF867D8E4F33AD1A1B869E86DF8627
:10219000DF7EFF7EBF7EDF86DF86DF86DF7EDF7E3F
:1021A000DF86DF86DF86DF7EDF7EDF7EDF86BF863F
:1021B000DF86DF7EDF7EDF7EDF7EDF867F7EBF869F
:1021C000DF869F7EBE7EFF861F9FFEA60E338300A6
:1021D00021000000000000000000000000000000DE
:1021E00000000000000000000000000000000000EF
:1021F0000000000021000000000001004200220059
:10220000A4008801EE2AD65C7A65BB5DDC5DBB5517
:10221000BB4DBB4DBB45BB45DC45BC45BC45BC458A
:10222000BC4D9C4D9C4D9C4DBC4DBC4DBC4DBC4DC6
:10223000BC4DBC4DBC4DBC4DBC4DBC4DBC4DBC4D56
:10224000BC4DBC4DBC4DBC4DBC4DBC4DBC4DBC4D46
:10225000BC4DBC4DBC45BC45BC45BC45BC45BC4566
:10226000BC4DDC4DDC55DC55DC5DBC65BB6D3865BB
:10227000CE228809C4002200210041000000000095
:10228000000000000000000000000000000000004E
:1022900000000000000000000000000020002000FE
:1022A00000002000000041004A1A376DDE9EBE8EFD
:1022B000BF8EDF86BF7EDF86BF7EBF7EDF86BF7EAE
:1022C000FF86BF7EDF86DF86BF86DF86DF86DF860E
:1022D000DF86BF86BF86BF86BF7EDF86DF7EBF7E8E
:1022E000FF86DF7EDF86DF869E7EBE8E787D47019D
:1022F00063000E333F9F9E7EBF7EDF7EDF7EDF7EEC
:10230000DF86BF86BF86BF86BF86BF86DF7EDF7E55
:10231000DF7EDF7EDF86DF86DF86DF7EDF7EDF7EBD
:10232000DF7EDF7EDF86BF86BE86DE861F8F1E973E
:10233000577D8811220041000000000000002000AD
:10234000000020000000000000000000000000006D
:102350000000000000000000010800000000010073
:1023600042008400C9010F13F84C1D6EBC659B5DD3
:10237000BC55BC4DBC4DBC4DBC4DBC4DBC4DBC4515
:10238000BC45BC45BC45BC4DBC4D9C4D9C4DBC4D5D
:10239000BC4DBC4DBC4DBC4DBC4DBC45BC45BC450D
:1023A000BC45BC45BC45BC45BC45BC45BC45BC4525
:1023B000BC4DBC4DBC4DBC4DBD4DBD4DBD45BD45E1
:1023C000BD45BD45BD4DBC4DBC4DBC4DBC4DBC4DD2
:1023D0009B4D9C559C559C5DDD653D76F854EF1AF0
:1023E0002B0AA400220021000100200000000000B0
:1023F00000000000000000000000000000000000DD
:10240000000000000000200000000000200000008C
:10241000210083002E3BFEA6FF969E7EDF86DF7E98
:10242000BF7EFF86DF86DF7EDF86DF86DF86BF7EBC
:10243000DF7EDF7EDF7EDF7EDF7EDF7EDF7EDF7EB4
:10244000DF869F7EDF86DF86BF7EDF7EBF7EBE7E2D
:10245000DE8EFDA68709210001006200F56C1F9F3A
:10246000BE86BF7EDF7EDF7EDF86BF86BF86BF86FD
:10247000BF86BF86DF7EDF7EDF7EDF7EDF7EDF7EA4
:10248000DF86DF86DF86DF7EDF7EDF7EDF7EDE8645
:10249000DE86DD8E3FA76F33620021000000000062
:1024A000000000000000000000000000000000002C
:1024B00000000000000000002000000020000100DB
:1024C0000200020043006809CE2A544C1C6E1D66AF
:1024D000DC4D9C457C45BC4DBC459C45BC45BC4544
:1024E000BC4DBC4DBC4DBC4DBC4DBC4DBC4DBC4DA4
:1024F000BC4DBC4DBC45BC45BC4DBC4DBC4DBC4DA4
:10250000BC45BC45BC45BC45BC45BC45BC45BC45C3
:10251000BC45BC45BC45BC45BC45BC45BC45BC4DAB
:10252000BC4DBD4DBD4DBD4DBD4DBD45BD45BC4575
:10253000BC4DBC4DBC4D9C4D9C4DBD4D9C4D9C4DD2
:102540009C4D7B459B553D6EFC6D954C2F2BC909D1
:102550008300220021002000000000002000000075
:10256000000000000000000000002000000000004B
:102570002000000000000000000000002100A80969
:10258000366D1F9F9E86BE86DF86DF7EBF7EDF861E
:10259000BF7EDF86BF7EDF7EDF7EDF7EDF86DF867B
:1025A000DF7EDF7EDF7EDF7EDF86BF86DF86DF8643
:1025B000DF7EBF7EDF7EFF8E3EAFCC2A2100210072
:1025C00000004100830016753F9FBE86BF7EDF7E00
:1025D000DF86BF86BF86BF86BF86DF86DF86DF7E5B
:1025E000DF7EDF7EDF7EDF7EDF86BF86BF86BF8643
:1025F000DF86DE7EFE7EDD7E1D97DD9EAC324200F4
:102600004100200020000000000000000000000049
:10261000200000000000200000000000000000007A
:1026200000000000200042006400CA01143CBB65A9
:10263000FD65DD5D9B4D7B4D9B4DDC4DDC4DBC4513
:10264000DC4DDC4DBC4DBC4D9C45BC4DBC4DBC4D2A
:10265000BC4DBC4DBC4DBC4DBD45BC45BD45BC4550
:10266000BC4DBC4DBC4DBC4DBC4DBC4DBC45BC4532
:10267000BC45BC45BC45BC45BC4DBC4DBC4DBC453A
:10268000DC45DC45DC45BC45BC45BC4DBC4DBC4DCA
:10269000BC4DBC4D9C459C45BC45BD4DBD4DBD4D47
:1026A000BD4D9C459C45BC4DDC4DBC4DBC4D9B4D32
:1026B000BC4DDC553D669A5DB64C71334801430014
:1026C00021000000000000000000000000000000E9
:1026D00020000000000000000000000021000000B9
:1026E0000000000020002100830094641FA71F97B2
:1026F000DE7EDF7EFF86BF7EDF86DF86BF86BF7E13
:10270000DF86BF86BF86BF86BF86DF7EDF7EDF7E39
:10271000BF7EFF86BF7EBF7EDF7EBE7EFF863FA779
:102720006F4B210021002100000000000100A300E8
:10273000F56C1E9FDE86DF7EDF7EDF86BF86BF866E
:10274000BF86DF86DF86DF86DF86DF7EDF7EDF7E99
:10275000DF86BF86BF86BF86DF86BD7E1E8F5F9FFA
:10276000735405012100000000000000200000005B
:102770000000000000000000000000000000000059
:10278000000000000000010021006300C4000A0AEC
:10279000744CBB65BC55BC4DBC45DD4D9C4DDD55F9
:1027A0009C4D9B45BC45BC459C45BC4DBC4DBC4D62
:1027B000BC4DBC4DBC4D9C4DBC4DBC4DBC4DBC4DF1
:1027C000BC4DBC4DBC4DBC4DBC4DBC4DBC4DBC4DC1
:1027D000BC4DBC4DBC45BC45BC45BC45BC45BC45E1
:1027E000BC4DBC4DBC4DBC45DC45DC45BC45BC4589
:1027F000BC4DBC4DBC4DBC4DBC4DBC4DBC4DDC4D71
:10280000BC4DBC459C459C45BD4D9C45DC4DDC4DBF
:102810009B4DBC4DDC4DBC45BC45BD459C45FD5567
:10282000BC55DC65BB6DF3438801830022000100C9
:102830000100000000000000200000000000000077
:102840000000000000000000200000000000000068
:1028500021004200E911FA851F979D7EDF86DF8601
:10286000BF86BF869F7EFF86BF86BF86BF86BF8628
:10287000DF86DF7EDF7EDF7EDF869F7EDF86BF7EB8
:10288000DF86FE8E5FA7B04321000000200000001D
:102890000000000000002000A300577DDE96BE7EF1
:1028A000DF7EDF7EDF86BF86BF86BF86DF86DF8670
:1028B000BF86BF86BF86BF86DF86DF7EDF7EDF7E88
:1028C000BE86FF969C960E3B220042000000000050
:1028D00000000000000000000000200000000000D8
:1028E0000000000000000000200020002000620026
:1028F0002701AE12385DFC6D9B55BB55BC4DBC4DE0
:10290000BC4DBC459C45BC4DBC4DBC4DBD4D9C45D6
:10291000BC4DBC4DBC4DBC4DBC4DBC4DBC4DBC4D6F
:10292000BC4DBC4D9C4D9C4DBC4DBC4DBC4DBC4D9F
:10293000BC4DBC4DBC4DBC4DBC4DBC4DBC4DBC4D4F
:10294000BC4DBC4DBC4DBC4DBC4DBC4DBC4DBC4D3F
:10295000BC4DBC4D9C4DBC4DBC4DBC4DBC4DBC4D4F
:102960009C45BC45BC45BC45BC45BC4DBC4DDD4D46
:10297000BC45DD4DBC4D9C4D9C4DBC4D9C4DBC4D56
:102980009C45DD4D7B459C45DC4D9B4D9C55DC5D60
:102990003D6EF333CA0184002100000000000000F6
:1029A0000000000000000000000000000000000027
:1029B0000000200000000000000000002100E500F1
:1029C000D5645FA7DF8EBE7EDF86DF7EDF869F7EDB
:1029D000DF86BF86BF86BF86DF7EDF7EDF7EDF8647
:1029E000BF86DF86FF869E7EFE8E5FA78F434100F7
:1029F0002000200000000000010000000000200076
:102A000000006609B87DDE8EDE7EDF7EDF7EBF865B
:102A1000BF86BF86DF86DF86BF86BF86BF86BF864E
:102A2000DF86DF7EDF7EDE863FA7166DE5002200B3
:102A30002100000000000000000000000000000075
:102A40000000000000000000000000000000000086
:102A50004100420066017033DB6DFC65BC559B4D47
:102A60009C4D9C45BC4DBC4DBC4D9C45DD4DBC4575
:102A7000BC459C45BC4DBD4D9C4DBC4DBC4DBC4D5D
:102A8000BC4D9C45BC4DBC4DBC4DBC4DBC4DBC4D26
:102A9000BC4DBC4DBC4DBC4DBC4DBC4DBC4DBC4DEE
:102AA000BC4DBC4DBC4DBC4DBC4DBC4DBC4DBC4DDE
:102AB000BC4DBC4DBC4DBC4D9C4D9C4D9C4D9C4D4E
:102AC0009C4DBC4DBC4DBC4DBC45BC45BC45BC4DF6
:102AD000BC4DBC4DBC4D9C45BC45BC459C45BD4D0D
:102AE000BC4DBC4D9C4DBC4DBC4DBC45BD4DDD4DA4
:102AF0009C45BC4DDD4DBC4DBC45FC551C6EB654D3
:102B00008C22A40021000000000000000000000052
:102B100000000000000000000000000000000000B5
:102B200000000000200021006300ED325C8EFF9663
:102B3000BE7EDF7EBF86DF86DF86DF86BF86DF86DE
:102B4000DF7EDF7EDF7EDF7EDF86BF86BE7EFF8E9E
:102B50005FA78F3B62000000000000000000000043
:102B6000000000000000000000002100A709987587
:102B7000BD8EDE86BF86BF86BF86BF86DF86DF86C8
:102B8000BF86DF86BF86BF86DF869E7E1F8F7FAFB4
:102B900053646300200000002000000000000000DB
:102BA0000000000000000000000000000000000025
:102BB00000000000210042004701D233BA65DC5D0D
:102BC0009B4D9C4DBC4DBC4DBC4DBC4DBC4DBC4DFE
:102BD000BC4DBC4DBC4DBC4DBC4DBC4DBC4DBC4DAD
:102BE000BC4DBC4DBC4DBC4DBC4DBC4DBC4DBC4D9D
:102BF000BC4DBC4DBC4DBC4DBC4D9C4D9C4DBC4DCD
:102C0000BC4DBC45BC4DBC45BC45BC45BC45BC45AC
:102C1000BC4DBC4DBC4DBC4DBC4DBC4DBC4DBC4D6C
:102C2000BC4DBC4DBC4DBC4DBC4DBC4DBC4DBC4D5C
:102C3000BC45BC45BC45BC45BC45BC45BC45BC458C
:102C4000BC45BC45BC4DBC4DBC4DBC4DBC4DBC4D4C
:102C5000BC4DBC4DBC4DBC4DBC4DBC4DBC4DBC4D2C
:102C6000BC4DBB4D9C4D9B551D6ED75489014300F7
:102C70002100000000002000000000000000000013
:102C80000000000020000000000001000000000023
:102C90002000210087091A8EFE96BE7EDF86BF8641
:102CA000BF7EDF86DF86BF7EDF86FF86DF7EFF7E1C
:102CB000DF7EBE7EDE867FA7F14B41000000000074
:102CC0000000000000000000000000000000000004
:102CD000000000002100A709F985FE96BE86BF8688
:102CE000DF86DF869E7EBF7EDF86DF86FF86BF862D
:102CF000DF861F975B8E6B22210000002000000002
:102D000020000000000000000000000000000000A3
:102D100000000000000000000100420063008C1A67
:102D2000FB75DB5DBC4DBC45BC45BC4DBC4DBC4DD5
:102D3000BC4DBC4DBC4DBC4DBC4DBC4DBC4DBC4D4B
:102D4000BC4DBC4DBC4DBC4DBC4DBC4DBC4DBC4D3B
:102D5000BC4DBC4DBC4DBC4DBC4DBC4DBC4DBC4D2B
:102D6000BC4DBC4DBC4DBC4DBC4DBC45BC4DBC452B
:102D7000BC45BC45BC45BC45BC4DBC4DBC4DBC4D2B
:102D8000BC4DBC4DBC4DBC4DBC4DBC4DBC4DBC4DFB
:102D9000BC4DBC4DBC4DBC4DBC4DBC4DBC4DBC4DEB
:102DA000BC4DBC4DBC45BC45BC4DBC4DBC4DBC4DEB
:102DB000BC4DBC4DBC4DBC4DBC4DBC4DBC4DBC4DCB
:102DC000BC4DBC4DBC4DBC4DBC45BC45BC45DD4DB2
:102DD0007B45BC55DC6D344C68014200210000008D
:102DE00000000000000000000000000020002000A3
:102DF0000000000000000000000000002100E400CE
:102E0000166DFE96BE8EBF86DF869F7EDF86FF86AE
:102E1000BF7EDF7EDF7EBF7EDE86DE8E5FA78F3BDE
:102E20004100200000000000000000000000000041
:102E30000000000000000000000020002000210031
:102E4000A400D56C1F9FBE86DF7EBF7EFF86DF7E1F
:102E5000DF7EDF7EBF7E9E7E3F979C96871121009E
:102E60000000410000000000000000000000000021
:102E70000000200020000000000000000000010011
:102E80008300C801D64C1C669B559B4DDC4D9C4570
:102E9000BC4DBC4DBC4DBC4DBC4DBC4DBC4DBC4DEA
:102EA000BC4DBC4DBC4DBC4DBC4DBC4DBC4DBC4DDA
:102EB000BC4DBC4DBC4DBC4DBC4DBC4DBC45BC45DA
:102EC000BD45BD45BD45BC45BC45BC45BC45BC45F7
:102ED000BC4DBC4DBC4DBC4DBC4DBC4DBC45BC45BA
:102EE000BC45BC45BC4DBC4DBC4DBC4DBC4DBC4DAA
:102EF000BC4DBC4DBC4DBC4DBD4DBD4DBD4DBD4D86
:102F0000BD4DBD4DBD4DBC4DBC4DBC4DBC4DBC4D76
:102F1000BC4DBC4DBC4DBC4DBC4DBC4DBC4DBC4D69
:102F2000BC4DBC4DBC4DBC4DBC4DBC4DBC4DBC4D59
:102F3000BD45DD4D9B45BB4DBB4D7B4DBC55BC5D83
:102F4000DC6DD23B260121000000000000000000E3
:102F50000000000000000000000000000000000071
:102F600000000000000000008300325CBD96DF8E90
:102F7000BF7EDF7EBF7EBF7EDF7EBF7EDF86BF86F9
:102F8000DE863FA7904B42000000200000000000BA
:102F90000000000000000000000000000000000031
:102FA000000000000000000042006300166D1F9F3B
:102FB000DE869E7EDF7EDF7EBF7EBE7EDE863F9F1C
:102FC000D97D250101000000000000000000000084
:102FD00000002000000000000000000000000000D1
:102FE000210021002100A8093344FB6DBB55BC4DD5
:102FF0009C45BD4D9C459C4DBC4DBC4DBC4DBC4DF8
:10300000BC4DBC4DBC4DBC4DBC4DBC4DBC4DBC4D78
:10301000BC4DBC4DBC4DBC4DBC4DBC4DBC4DBC4D68
:10302000BC4DBC4DBC4DBC45BC45BC45BC45BC4580
:10303000BC45BC45DC45BC45BC4DBC4DBC4DBC4D48
:10304000BC4DBC4DBC45BC45BC45BC45BC45BC4D60
:10305000BC4DBC4DBC4DBC4DBC45BC45BC45BC4D40
:10306000BD4DBD4DBD4DBC4DBD4DBC4DBC4DBC4D14
:10307000BC4DBC4DBC4DBC4DBC4DBC4DBC4DBC4D08
:10308000BC4DBC4DBC4DBC4DBC4DBC4DBC4DBC4DF8
:10309000BC4DBC4DBC4DBC4DDD4D7C3DDC4DDC4DD7
:1030A000BB4DDC4DBC45BC4DBC55BB5DBA758C22DF
:1030B00022002100010000000000000000000000CC
:1030C0000000000000000000000000000000000000
:1030D00000002100AC22FE9EFF8E9E7EDF86DF86F2
:1030E000DF7EFF869F7EDF8E7FAF90432100000052
:1030F00000000000000000000000000000000000D0
:1031000000000000000000000000000000000000BF
:1031100000000100A30015751E9FDE869E7EBF86FF
:10312000DF86BE8E3FA77775A30020002000000039
:103130002000000000080000000000000000200047
:10314000000000000000000021004300302BFB6D58
:10315000BB55BC559B4D9C4DBC4DBD4D9D4DDD4D56
:10316000BC4DBC4DBC4DBC4DBC4DBC4DBC4DBC4D17
:10317000BC4DBC4DBC4DBC4DBC4DBC4DBC4DBC4D07
:10318000BC4DBC45BC45BC45BC4DBC4DBC4DBC4D0F
:10319000BC4DBC4DBC4DBC4DBC45BC45BC45BC4DFF
:1031A000BC4D9C4DBC4DBC4DBC4DBC4DBC45BC4507
:1031B000BC45BC45BC45BC45BD4DBD4DBD4DBC4DE4
:1031C000BC45BC45BC45BC45BC45BC45BC45BC4DEF
:1031D000BC4DBC4DBC4DBC4DBC4DBC4DBC4DBC4DA7
:1031E000BC4DBC4DBC4DBC4DBC4DBC4DBC4DBC4D97
:1031F000BC4DBC4DBC4DBC4DBC4DBC4DBC4DBC4D87
:10320000BC45DC4DBD4D9C45BC45BC45BC45BC45A5
:10321000BC4D9C4D9B55DC659654CA0922000100AB
:103220000000200800000000000000000000000076
:103230000000000000000000000021002100C8097B
:103240003A86DE8EBE86BE86DF869E7EFF865FA7BE
:103250000E334200000000000000200000000000CB
:10326000000000000000000000000000000000005E
:10327000000000000000000020000000210083008A
:1032800052541EA7BE96BE8EFE969D966F3B620060
:10329000010000000000000000000000000000002D
:1032A00020000000000000000000000000004200BC
:1032B000C5001344FC6D9B4DBC4D9C459C4DBC4DC5
:1032C000BC4D9C459D4D9D4DBC4DBC4DBC4DBC4D1C
:1032D000BC4DBC4DBC4DBC4DBC4DBC4DBC4DBC4DA6
:1032E000BC4DBC4DBC4DBC4DBC45BC45BC45BC45B6
:1032F000BC4DBC4DBC4DBC4DBC4DBC4DBC4DBC4D86
:10330000BC4DBC4DBC4DBC4DBC4DBC4DBC4DBC4D75
:10331000BC4DBC4DBC4DBC4DBC4DBC45BC45BC457D
:10332000BC4DBC4DBC4DBC4DBC45BC45BC45BC4575
:10333000BC45BC45BC4DBC4DBC4DBC4DBC4DBC4D55
:10334000BC4DBC4DBC4DBC4DBC4DBC4DBC4DBC4D35
:10335000BC4DBC4DBC4DBC4DBC4DBC4DBC4DBC4D25
:10336000BC4DBC4DBC4DBC4DBC4DBC4DBC4DDD4DF4
:10337000BC45BC45DC45DC45BC45DD4DBC459C4DF4
:10338000FD65DB6D6D1A8400210000000000000067
:10339000000000000000000000000000000000002D
:1033A000000000000000210087011986FE9EFE96A5
:1033B000BE8E1F9F1EA7AC2222000000000000004E
:1033C00000000000000020000000000000000000DD
:1033D00000000000000000000000000000000000ED
:1033E00000002000000020004200ED3A3A96FDA6C1
:1033F0007B9E081A4100210021000000000000000F
:10340000000000000000000000000000400000007C
:103410000000010043006C127A5DDC559C4DBD4DEF
:103420009C45DD4D9C45BD4D9C4D9C4DBC4DBC4DC2
:10343000BC4DBC4DBC4DBC4DBC4DBC4DBC4DBC4D44
:10344000BC4DBC4DBC4DBC4DBC4DBC4DBC4DBC4D34
:10345000BC45BC45BC45BC45BC4DBC4DBC4DBC4D44
:10346000BC4DBC4DBC4DBC4DBD4DBD45BD45BD4528
:10347000BD45BD45BD45BC45BC45BC4DBC4DBC4D29
:10348000BC4DBC4DBC4DBC4DBC4DBC4DBC4DBC45FC
:10349000BC4DBC4DBC4DBC4DBC4DBC4DBC4D9C4D04
:1034A0009C4D9C4D9C4DBC4DBC4DBC4DBC45BC4544
:1034B000BC4DBC4DBC4DBC4DBC4DBC4DBC4DBC4DC4
:1034C000BC4DBC4DBC4DBC4DBC4DBC4DBC4DBC4DB4
:1034D0009D4D9D4DBD4D9C459C45DC4DBC45BC4521
:1034E000DD45BC45DD4D9C4D7B4D9B55FC659644B3
:1034F0006801220001000000000000000000000040
:10350000000000000000000000000000210000009A
:10351000200082006F439CA6FEAE3254E5002100DD
:103520002000000000000000000041080000000032
:10353000000000000000000000000000000000008B
:10354000000000000000000000000000200000005B
:1035500000002100C4004501C3002000000000005D
:10356000000000000000000000000000000000005B
:103570000000000000002000210064005033DB6DDB
:10358000DC55BC45BD459D45BD4D9C4D9C4DBD4D3F
:103590009C4DBC4DBC4DBC4DBC4DBC4DBC4DBC4D03
:1035A000BC4DBC4DBC4DBC4DBC4DBC4DBC4DBC4DD3
:1035B000BC4DBC4DBC4DBC4DBC45BC45BC45BC45E3
:1035C000BC4DBC4DBC4DBC4DBC4DBC4DBC4DBD4DB2
:1035D000BD4DBD4DBD45BD45DD45DD45BD45BD458B
:1035E000BC45BC4DBC4DBC4DBC4D9C4DBC4DBC4DBB
:1035F000BC4DBC4DBC4DBC45BC4DBC4DBC4DBC4D8B
:10360000BC4DBC4D9C4D9C4D9C4D9C4DBD4DBC4DF1
:10361000BC4DBC4DBC4DBC4DBC4DBC4DBC4DBC4D62
:10362000BC4DBC4DBC4DBC4DBC4DBC4DBC4DBC4D52
:10363000BC4DBC4DBC4DBC4D9D4DBD4D9C45BC4D88
:10364000BC4DBC4DBC4DBC45DD459C3DBC45BD4D58
:10365000BC4D9C4DDC4DDC557A65CA012200210031
:10366000000020000000000000000000000000003A
:103670000000000000000000000000004100050103
:1036800025014200000000000000000000000000D2
:10369000000000000000000000000000000000002A
:1036A000000000000000000000000000000000001A
:1036B00000000000000000000000000020002000CA
:1036C00020002000000000000000000000000000BA
:1036D00000000000000000000000000001002200C7
:1036E00049015544FC6D9B557B45DC4DDC45BC4593
:1036F000BD45BC45BC4DBC4DBC4DBC45BC45BC45A9
:10370000BC45BC4DBC4DBC4DBC4DBC4DBC4DBC4D79
:10371000BC4DBC4DBC4DBC4DBC4DBC4DBC4DBC4D61
:10372000BC45BC459C45BC4DBC4DBC4DBC4DBC4D89
:103730009C4DBC4DBC4DBC4DBC4DBC4DBC4DBC4D61
:10374000BC45BC45BC45BC4DBC4DBC4DBC4DBC4D49
:10375000BC4DBC4DBC4D9C45BC4DBC4DBC4DBC4D49
:10376000BC4DBD4D9C459C45DC4DBC459C45BC4D70
:10377000BC4DBC459C45BC4DBC4DBC4DBC4DBD4D30
:10378000BC4DBC4DBC4DBC4DBC4DBC4DBC4DBC4DF1
:10379000BC4DBC4DBC4DBC4DBC4DBC4DBC4DBC45E9
:1037A000BD45BD45BD4DBC4D9C4DBD4DBD4DBD4DFB
:1037B000BD45BC45BC45BC45BC45BC45BC45BC4DF8
:1037C000BC559A652F23A4002000000000000000D3
:1037D00001000100000000000000000000000000E7
:1037E00000000000000000000000000000000000D9
:1037F00000000000000000000000000000000000C9
:1038000000000000000000000000000000000000B8
:1038100000000000000000000000000000000000A8
:103820000000000000000000000000000000000098
:103830000000000000000000000000000000000088
:103840000000010022000C12DC75DD5D9B4D9B45E4
:10385000BC4DBC45BC45DD45BC45BC45BC4DBC4D27
:10386000BC45BC45DC45BC45BC45BC4DBC4DBC4D18
:10387000BC4DBC4DBC4DBC4DBC4DBC4DBC4DBC4D00
:10388000BC4DBC4DBC4DBC4DBC4DBD4DDD4DBD4DCD
:103890009C45BC4DBC4D9C45BC4DBC4DBC4DBC4D30
:1038A0009C4DBC4DBC4DBC4DBC4DBC4D9C4D9C4D30
:1038B0009C45BC45BC45BC45BC45BC45BC4DBC4D10
:1038C000BC4DBD459C4D9C4DBD4DBD4DBC45BC4DFD
:1038D000BC4DBC45BC45DC4DBC4DBC4DDC4DBC4D70
:1038E000BC4DDC4DDD4D9C45BC4DBC4DBC4DBC4D77
:1038F000BC4DBC4DBC4DBC4DBC4DBC4DBC4DBC4D80
:10390000BC4DBC4DBC4DBC45BC45BC45BC4DBC4D87
:10391000BD4DBD4DBD4DBD4DBC4DBC4DBC4DBC4563
:10392000BC45BC45BC45BC4DBC4DBC551C6ED65CB5
:10393000050121000000000001000100000000005E
:103940000000000000000000000000000000000077
:103950000000000000000000000000000000000067
:103960000000000000000000000000000000000057
:103970000000000000000000000000000000000047
:103980000000000000000000000000000000000037
:103990000000000000000000000000000000000027
:1039A000000000000000000000002200AE1ABC650C
:1039B000BC4D9C45BC4DBC4DBC4DBB45BC45BC4500
:1039C000BC4DBC4DBC4DBC4DBC45BC45BC45BC45CF
:1039D000BC45BC4DBC4DBC4DBC4DBC4DBC4DBC4DA7
:1039E000BC4DBC4DBC4DBC4DBC4DBC4DBC4DBC4D8F
:1039F000BC4DBC4D9C459C45BC45BD4DBC4DDD4DB5
:103A00009B45BC45DC4DBC4DDC4DBC4DBB4DDC4D40
:103A10009C459C4DBD4DBD4DBC4DBC45BC45DC459C
:103A2000BC459C459D45BD45BD45BD45BD45BD4DC0
:103A3000BD4DBC45BC4DBC4D9C45BC4DBD4D7C45B4
:103A4000BD4D9C4D9C4DBC4D9C45BC45BC4DBC45A5
:103A5000BC4DBC4DBC4DBC4DBC4DBC4DBC4DBC4D1E
:103A6000BC4DBC4DBC4DBC4DBC4DBC4DBC4DBC4D0E
:103A7000BC4DBC4DBC4DBC4DBC45BC45BC45BC4D16
:103A8000BC4DBC4DBC4DBC4DBC4DBC4DBC4DBC45F6
:103A9000BD457B459C55DC65F7542701220000009D
:103AA0000000000000000000000000000000000016
:103AB0000000000000000000000000000000000006
:103AC00000000000000000000000000000000000F6
:103AD00000000000000000000000000000000000E6
:103AE00000000000000000000000000000000000D6
:103AF00000000000000000000000000000000000C6
:103B00000000000000000000200000000000000095
:103B100043003033FC6DDD55DD4DBC459C4DBC4D47
:103B2000BC4DBC4DDC4DBC4DBC4DBC4DBC4DBC4D2D
:103B3000BC4DBC45BC45BC45BC45BC4DBC4DBC4D5D
:103B4000BC4DBC4DBC4DBC4DBC4DBC4DBC4DBC4D2D
:103B5000BC4DBC4DBC4DBC4DBC4DBC4DBC4DDD4DFC
:103B6000BD4DBC45BC45BC45FD4DBC459B45BB451D
:103B7000BC4DBC4DBB4D9B4DBC559C557B559C5580
:103B8000DC5DFD5DDC5DDC5D1D66FD5DDC5DDC5DE1
:103B9000DD5DDD5DDD5DFD5DDC5DBB559B4D9C4D03
:103BA0009C4D9C4D9C4DBD4DBC4DBC4DBC4DBC4D2C
:103BB000DC4DDC4DBC4DBC45BC4DBC4DBC4DBC4D85
:103BC000BC4DBC4DBC4DBC4DBC4DBC4DBC4DBC4DAD
:103BD000BC4DBC4DBC4DBC4DBC4DBC4DBC4DBC4D9D
:103BE000BC45BC45BC4DBC4DBC4DBC4DBC4DBC4D9D
:103BF000BC4DBC4DBC4DBC4DBD45DD4D9C4DBC4D83
:103C00001D5E585D270122000000200000002000FA
:103C100000000000000000000000000000000000A4
:103C20000000000000000000000000000000000094
:103C30000000000000000000000000000000000084
:103C40000000000000000000000000000000000074
:103C50000000000000000000000000000000000064
:103C60000000000000000000000000000000000054
:103C70002000200002002300502B1C66BB4DBC45D9
:103C80009B459B4DBC4DBD4DBC4D9C4D9C4DDD4D54
:103C9000BC4DBC4D9C4D9C4D9C4DBC4DBC45BC454C
:103CA000BC4DBC4DBC4DBC4DBC4DBC4DBC4DBC4DCC
:103CB000BC4DBC4DBC4DBC4DBC4DBC4DBC4DBC4DBC
:103CC000BC4D9C45BC4DBC4D9C45BC45DD4DBC45EB
:103CD000DD4D9C45BC4DDC557B4DBC4D1D661D66C8
:103CE000FC65FB6DBB6D5965B754554C354C55544F
:103CF000923B713B913BB13BF2431244334C5444F1
:103D0000F7549A65DB6DDB651C663E66FD557B45A9
:103D1000BC45DD4DBC45BC45BC4D9B459B45DC4D84
:103D2000BC4DBC4DBC4DBC4DBC4DBC4DBC4DBC4D4B
:103D3000BC4DBC4DBC4DBC4DBC4DBC4DBC4DBC4D3B
:103D4000BC4DBB4DBC4DBC4DBC4DBC4DBB4DBB4D2E
:103D5000BC4DBC4DBC45BD45BD4DBD4DBC4D9C4D48
:103D60009C4D9D4DBD459C45BC45FC559A5DA901AA
:103D70004200000000000000000000000000000001
:103D80000000000000000000000000000000000033
:103D90000000000000000000000000000000000023
:103DA0000000000000000000000000000000000013
:103DB0000000000000000000000000000000000003
:103DC00000000000000000000000000000000000F3
:103DD000000000000000000020004200C600D343A5
:103DE000BB5DDC4DDC4DBC4DBB4DDC4DBC4D9C4545
:103DF000BD4DBD4DBD4DBC4DBC4DBC4DBC4DBC4D78
:103E0000BC4DBC4DBC4DBC4DBC4DBC4DBC4DBC4D6A
:103E1000BC4DBC4DBC4DBC4DBC4DBC4DBC4DBC4D5A
:103E2000BC4DBC4DBC4DBC4DBC4DBC4DBC4DBC4D4A
:103E3000DD4DBC4D9C45DD559B4DBC55DC5D1C6E80
:103E40001C76395DF4333023CD1A4B12A901E600FC
:103E5000840043004300430043002200220042004C
:103E60006200620062006300C5004801CA014B0A9B
:103E7000AE123023543C9A5D9A5D1D66FC5D9B4DED
:103E80009B4DDC55BC4DBC4D9C4DBC4DBC4DBC4D03
:103E9000BC4DBC4DBC4DBC4DBC4DBC4DBC4DBC4DDA
:103EA000BC4DBC4DBC4DBC4DBC4DBB4DBC4DBC4DCB
:103EB000BC4DBC4DBC4DBC4DBC4DBC4DBC45BC45CA
:103EC000BD45BD45BD4DBC4D7C4DBC4DBC45FD4DBE
:103ED0007C45BC4DFC55995DAC22620000000000A1
:103EE00000000000000000000000000000000000D2
:103EF00000000000000000000000000000000000C2
:103F000000000000000000000000000000000000B1
:103F100000000000000000000000000000000000A1
:103F20000000000000000000000000000000000091
:103F30000000000000000000000000000000000081
:103F40000100840079653C66BC4DBC45BC4D9B4D71
:103F5000BC4DBC45BC45BC4DBC4D9C459C4DDD4D50
:103F6000BC4DBC45BC45BC45BC45BC4D9D4D9D4D67
:103F7000BC4DBC4DBC4DBC4DBC4DBC4DBC4DBC4DF9
:103F8000BC4DBC4DBC4DBC4DBC4DBC4DBC4DBC45F1
:103F9000BC45DD4DBC459C45BC4DBC4DBB55DC65B1
:103FA0001C76596591332B12C9110501220042007C
:103FB00021002100210021002100210021002000FA
:103FC00000000000000000000000000000002000D1
:103FD0002100210021002100210021006200C400F5
:103FE0002601EA097033F75CBB65BB5D9B55BC4D90
:103FF000BC4DBC4DBC4DBC4DBC4DBC4DBC4DBC4D79
:10400000BC4DBC4DBC4DBC4DBC4DBC4DBC4DBC4D68
:10401000BC4DBC4DBC4DBC45BC45BD45BD45BD457D
:10402000BC4DBC4DBC4DBC4DBC4DBC45BC45BC4560
:10403000DD4DBC45BC459C45BC559C559B45BC5580
:104040001C6ECE1A2200210020000000000000009B
:104050000000000000000000000000000000000060
:104060000000000000000000000000000000000050
:104070000000000000000000000000000000000040
:104080000000000000000000000000000000000030
:104090000000000000000000000000000000000020
:1040A00000000000000000002300EF32FC65BC456A
:1040B000BC459C45BC4DBC4DBC45BC45BC4DBC4DF8
:1040C000BC4DBC4DBD4D9C45BC4DBC45DC45DC45A7
:1040D000BC45BC459D4D9D4DBC4DBC4DBC45BC45F6
:1040E000BC45BC45BC4DBC4DBC4DBC4DBC4DBC4D98
:1040F000BC4DBC45BC45BC45DC4D9B45DD55FC5D20
:104100009B5DDB6DF754CE1A6801E6006300220068
:10411000210000000000000000000000000000007E
:10412000000000000000000000000000000000008F
:10413000000000000000000000000000000000007F
:104140000000000000000000200021004200A40048
:1041500068013023D7547A5DDB65BC5DBC55BC4D2E
:10416000BC4DBC45BC4DBC4DBC4DBC45BC45BC4527
:10417000BC4DBC4DBC4DBC4DBC4DBC4DBC4DBC45FF
:10418000BD45BD45BD45BD45BC4DBC4DBC4DBC4D03
:10419000BC4DBC45BC45DC45BC45BC45BB45BC4DE8
:1041A0009C559C55BC4DBC4DDC55BA6D470121005A
:1041B00000000000000000000000000000000000FF
:1041C00000000000000000000000000000000000EF
:1041D00000000000000000000000000000000000DF
:1041E00000000000000000000000000000000000CF
:1041F00000000000000000000000000000000000BF
:10420000000000000000000000000000000021008D
:10421000A500796D9B5D9C4DBD4DBD4D9C45BC4D34
:10422000BC4DBC4DBC4DBC4DBC45BC45BC45BC4D5E
:10423000BC4DBC45BC45BC45BC45BC4DBD4DBD4D54
:10424000BD4DBD45BD4DDD45BC45BC45BC45BC4D2A
:10425000BC4DBC4DBC4DBC4D9C45BD45DD4D9C454C
:10426000DC4D1D5E7A5D55448D22E6006300220020
:10427000210001000000000000000000000000001C
:10428000000000000000000000000000000000002E
:10429000000000000000000000000000000000001E
:1042A000000000000000000000000000000000000E
:1042B00000000000010021002100220083002601EF
:1042C0004F3B754CBB65FD5DBC4DBC45BC4DBC4515
:1042D000BC45BC45BC45BC45BC45BC45BC4DBC4DC6
:1042E000BC4DBC4DBC4DBC4DBD45BC45BC4DBB4D96
:1042F000BC4DBC4DBC4DBC4DBD4DBC45BC45BC458D
:10430000BC45BC45BC4D9B4D9C55BC4DBC45BC45BE
:104310009B4DFC6D91432200000000000000000056
:10432000000000000000000000000000000000008D
:10433000000000000000000000000000000000007D
:10434000000000000000000000000000000000006D
:10435000000000000000000000000000000000005D
:10436000000000000000000000000000000000004D
:1043700000000000000020008400D65C7A5DBC557F
:104380009C4D9C4DDC4DBC45BC4DBC4DBC4DBC4D0D
:10439000BC45BC45BC45BC45BC4DBC4DBC4DBC4DF5
:1043A000BC4DBC4DBC45BC45BC4D9C45BC45BD450C
:1043B000DD45DC45BC4DBC4DBC4D9B459C4D9C4DED
:1043C000BC4D7B4DDC5D3D6E5955B12B4801430022
:1043D00002000100210000000000000000000000B9
:1043E00000000000000000000000000000000000CD
:1043F00000000000000000000000000000000000BD
:1044000000000000000000000000000000000000AC
:10441000000000000000000000000000000000009C
:1044200000000000000041004200A400A901F33B8D
:10443000DC65DC5D5A4DDC4DBB45DC4DBC45BC4507
:10444000DD4DBC4D9C45BC4DBC4DBC4DBC4DBD4D2A
:10445000BD4DBC4DBC4DBB4DBB4DBC4DBC4DBD4D14
:10446000BD4DBC4DBC45BC45DD4DBC4D9C4DBC4D12
:104470009C55BC4DDD45BC45BB55DB6D4C1A22003F
:10448000210000000000000000000000000000000B
:10449000000000000000000000000000000000001C
:1044A000000000000000000000000000000000000C
:1044B00000000000000000000000000000000000FC
:1044C00000000000000000000000000000000000EC
:1044D00000000000000000000000000000000000DC
:1044E00021006B1ABB659C4D9C4D9C45BC4DBC4D41
:1044F000BC45BC45BC45BC45BC4DBC4DBD45BD45A2
:10450000BD4DBD4DBC4DBC4DBC4DBC45BC45BC4D71
:10451000BB4DBB55DC4DBC459C45BD45BC4D9B4D85
:104520009C4DBC4DDD4DBC4DDC5D3C76D23B2A1232
:10453000C400420001000100010000000000000072
:10454000000000000000000000000000000000006B
:10455000000000000000000000000000000000005B
:10456000000000000000000000000000000000004B
:10457000000000000000000000000000000000003B
:10458000000000000000000000000000000000002B
:1045900020002000210042008809344CDB6DBB5D07
:1045A0009B4DDD4D9C45BC45BC4D9C45DD55BC4DF2
:1045B000BC45BC45BD4DBD4D9D4DBD4DBC4DBC45E7
:1045C000BC45BC45BC4DBC4DBC4DBC4DBC4DBC45BB
:1045D000BC45BC45BC4DBC4D7B4DBC559C459B452D
:1045E000DB55B64C63002100000000000000000015
:1045F00000000000000000000000000000000000BB
:1046000000000000000000000000000000000000AA
:10461000000000000000000000000000000000009A
:10462000000000000000000000000000000000008A
:10463000000000000000000000000000000000007A
:104640000000000000000000000042007133DC6543
:104650009B4DBC4D9C4DBC4DBC45BC45BC45BC4573
:10466000BC4DBC4DBD4DBD4D9D4D9D4D9C4DBC4D5E
:10467000BC4DBC45BC45BC4DBB4D7A4D9B4DBC4D66
:10468000BD4DBD4DBC4DBC4DBC4D9B4DBC551C6E78
:10469000B233A90163002100000000000000000007
:1046A000000000000000000000000000000000000A
:1046B00000000000000000000000000000000000FA
:1046C00000000000000000000000000000000000EA
:1046D00000000000000000000000000000000000DA
:1046E00000000000000000000000200000000000AA
:1046F00000000000000000000000000000000000BA
:1047000001002300AA01D33BBB659B55BC4DBC4DAA
:10471000BC4DBC4D9C4DBC4DBC4DBC45BD4DBD4D77
:104720009D4D9D4DBD45BD45BC45BC45BC4DBC4D9D
:10473000BC4DBC4DBC4DBC45BD4DBC45BC459C4570
:10474000BC559C4DBC4DDC5DFB6D6801420000001A
:104750000000000000000000000000000000000059
:104760000000000000000000000000000000000049
:104770000000000000000000000000000000000039
:104780000000000000000000000000000000000029
:104790000000000000000000000000000000000019
:1047A0000000000000000000000000000000000009
:1047B000000021004300B23B3D66BB45DC4D9C4DF3
:1047C000BD45BD45BD45BD45BC45BC4DBC4DBC4DC5
:1047D000BC4DBC4D9C4DBC4DBC4DBC4DBC45BC45C1
:1047E000BC4DBC4DDC4DBC4D9C459C45BC45BC4DB9
:1047F000DC5DDB65133C88016200210021000000C4
:104800000000000020000000000000000000000088
:104810000000000000000000000000000000000098
:104820000000000000000000000000000000000088
:104830000000000000000000000000000000000078
:104840000000000000000000000000000000000068
:104850000000000000000000000000000000000058
:1048600000000000000000000000010002006300E2
:10487000C909544CBB65DC55DD4DBD45BC4D9C4D57
:104880009C4DBC4DBC4DBD4DBD4DBD45BC45BC4D0D
:10489000BC4DBC4DBD4DBD4DBD4DBC4DBC4DBC45D5
:1048A000BC4DBD4DBC45BC45BC459B45BC559A6502
:1048B000880121000000000000000000000000004E
:1048C00000000000000000000000000000000000E8
:1048D00000000000000000000000000000000000D8
:1048E00000000000000000000000000000000000C8
:1048F00000000000000000000000000000000000B8
:1049000000000000000000000000000000000000A7
:104910000000000000000000000000000100830013
:10492000333C1C5E9B4DBC4DBC4DBD45BD4DBD4D8E
:10493000BD45BC45BC45BC4DBC4DBC4DBC4DBC4D46
:10494000BC4DBC4DBC4DBC45BC45BC45BC4D9C455F
:104950009C4DDD55FD5DBB65343CA9016300210024
:10496000210000000000000800000000000000001E
:104970000000000000000000000000000000000037
:104980000000000000000000000000000000000027
:104990000000000000000000000000000000000017
:1049A0000000000000000000000000000000000007
:1049B00000000000000000000000000000000000F7
:1049C00000000000000000000000000000000000E7
:1049D000000020000000010022004300CA019644AC
:1049E000BC5D9C4DBC559C4DBC4DBC4DBC4DBC4DA7
:1049F000BC45BC45BC45BC4DBC4DBC4DBD4DBD4D85
:104A0000BD4DBD4DBC4DBC4DBC4D7C45DD45DD4572
:104A1000BC45BC55FC6D4C1242000000000000007B
:104A20000000000000000000000000000000000086
:104A30000000000000000000000000000000000076
:104A40000000000000000000000000000000000066
:104A50000000000000000000000000000000000056
:104A60000000000000000000000000000000000046
:104A70000000000000000000000000000000000036
:104A80000000000000002100A4001344BB5D7B4D2A
:104A90009C4DBC4D9C4DBC4DBC4DBC45BC45BC4526
:104AA000BC45BC45BC4D9C4D9C4D9C4DBC4DBC4D2E
:104AB000BC4DBD4D9C459C45FD5DFC6D1444C90934
:104AC0006300210001002000000020000000000021
:104AD00000000000000000000000000000000000D6
:104AE00000000000000000000000000000000000C6
:104AF00000000000000000000000000000000000B6
:104B000000000000000000000000000000000000A5
:104B10000000000000000000000000000000000095
:104B20000000000000000000000000000000000085
:104B30000000000000000000000000000000200055
:104B40002100210042004200CD2ABA6DBC5DBC4D5F
:104B5000BC45BC45BC45BC45BC45BC45BC45BC4D45
:104B6000BC4DBC45BC45BC45BC4DBC4DBC4DBC4D15
:104B7000BC4DDC4DBC459C45DD4D1D6E8C1A2200A4
:104B80000000000000000000000020000000000005
:104B90000000000000000000000000000000000015
:104BA0000000000000000000000000000000000005
:104BB00000000000000000000000000000000000F5
:104BC00000000000000000000000000000000000E5
:104BD00000000000000000000000000000000000D5
:104BE00000000000000000000000000000000000C5
:104BF0002100C500D754BB5D9B4D9C4D9C4D9C4DE9
:104C0000BC4DBC45BC45BC45BC45BC45BC4DBC4D84
:104C10009C4DBC4DBC4DBC4DBC4D7B45DC55FC6535
:104C20007544EA016300210000000000000000005C
:104C30000000000000000000000000000000000074
:104C40000000000000000000000000000000000064
:104C50000000000020002000200021002100210091
:104C6000210041002100210021002100220022001A
:104C70002200220022002200210021002100210028
:104C80000100000000000000000000000000000023
:104C90000000000000000000000000000000000014
:104CA0000000000000000000000000000000000004
:104CB00021004701D2331C6EBB55BB4DBC4DBC45DA
:104CC000BC45BC45BC45BC4DBC4DBC45BC45BC45CC
:104CD000BC45BC4DBC4DBC4DBC4DBC4DBC4DBC4D94
:104CE0003D6ECE1A420000000000000000000008E7
:104CF00000000000000000000000000000000000B4
:104D000000000000000000000000000000000000A3
:104D10000000000000000000000000000000000093
:104D20000000000000000000000000000000000083
:104D30000000000000000000000000000000000073
:104D40000000000000000000000000000000000063
:104D500000000000000000002000210068019654BF
:104D60009A559B4D9B4DBC4DBC4DBC4D9C45BC4D7F
:104D7000BC4D9C45BC4D9C459C45DC4D9C45BC4573
:104D8000DD4DDC55FB6D4F2B830021000000000042
:104D90000000000000000000000000000000000013
:104DA00000000000200000000000000000000000E3
:104DB000000000000000000000002100210042006F
:104DC00043008500C6000701280148018901AA01A6
:104DD000CF0AEF0AEF0A6D02890148014801270155
:104DE0000601E600A40043002200220001000000AA
:104DF00000000000000000000000000000000000B3
:104E000000000000000000000000000000000000A2
:104E10000000000000000000000020008200C8091F
:104E2000175DFC659B4DBC459C45DE4D9C45BC4DCE
:104E30009B4DDC4D9C4DBC4DBC45BC4D7C4D9C55AB
:104E40009B4DBC4DBC4D1D76EE2A2200210000007A
:104E50000000000000000000000000000000000052
:104E60000000000000000000000000000000000042
:104E70000000000000000000000000000000000032
:104E80000000000000000000000000000000000022
:104E90000000000000000000000000000000000012
:104EA0000000000000000000000000000000000002
:104EB00000000000000000000000000000000000F2
:104EC0002000010022004801B64CBB557A4DBB4D75
:104ED0009B4DBC4DDC4DBC4D9C45DD4DBC45BC45A2
:104EE000DD4D9C45BC4DDC55BB65133C6701420064
:104EF0004000000000000000000000000000000072
:104F000000000000000000000000000000000000A1
:104F100001000100010001002100210022004300E6
:104F200084000701CA018E12922BD42B563CB84440
:104F3000F9443A3D3A3D5A3D1A2D192D3A2D3A354C
:104F400019355A3D5A45193D1845552C142C9223B4
:104F50004C0A89012701430043002200010001009F
:104F60000000000000000000010000000000000040
:104F70000000000020000000000000000000000011
:104F800000000000200041000501D23BBB65DD5D53
:104F90009C4D7C45BD4DBC4DBC4D9B4DBC4DBC4D51
:104FA000BC45BC45BC559B4DBB4D9B4D1C76EF2273
:104FB00022002100010001000000000000000000AC
:104FC00000000000000000000000000000000000E1
:104FD00000000000000000000000000000000000D1
:104FE00000000000000000000000000000000000C1
:104FF00000000000000000000000000000000000B1
:1050000000000000000000000000000000000000A0
:105010000000000000000000000000000000000090
:10502000000000000000000000000100000022005D
:105030004701B6541C669B4DBB4DBC4D9B45BC4DBA
:10504000BC4D9C45BC45BC45BC45BC4D5D7617651B
:10505000880922002100200000002000000000003C
:105060000000000000000000000000000000000040
:1050700000000000200000000000000001002200ED
:10508000430027012C02D002F51B1A3D5B3D1B3566
:10509000FA2CFB2CFB2C1B2D1B25FB241B251B2575
:1050A0003B251B1D1B1D1B1D1B1D3B251B25FA1C0A
:1050B0001A251A253B2D1A2D1A357C45F9349313E0
:1050C0008E022C0207014300410000000000000096
:1050D00000000000000020000000000000000000B0
:1050E00000000000000000000000200000000000A0
:1050F00001004300AA095A65BC55BC4D9D4D9D4D0C
:105100009C4D9C4D9C45BC459C459C45BC45BC4D1F
:105110009C4D5D76AD2A2200410000000000000099
:10512000000000000000000000000000000000007F
:10513000000000000000000000000000000000006F
:10514000000000000000000000000000000000005F
:10515000000000000000000000000000000000004F
:10516000000000000000000000000000000000003F
:10517000000000000000000000000000000000002F
:10518000000000000000000000000000000000001F
:10519000000000002000000042000701343CDB5DFD
:1051A0009B4DBC4DDC4DBC4DBC4DBC4DDC4DBC4D98
:1051B000DC559B5D0F23A4002100000000000000CF
:1051C00000000000000000000000000000002000BF
:1051D000000000000000000000002100000021008D
:1051E00042004200C5002C0A922B97349B457C3527
:1051F0001B251C1D3C1D3C1D1C1D1C1D1C1D1C1DA0
:105200001C1D1C1D1C1D1C1D1B1D1C1D1C1D1C1DD7
:105210003C1D1C153C153C1D3C1D1B1D1B151B1569
:105220003C1D1C1D1B1D7C2D7C359B45963430136D
:105230000B02C50042002100010021000000000017
:10524000000000000000000000000000000000005E
:1052500000000000000000002000010043002701C2
:1052600096441D6E9C559C4D9C4DBD4DDD4DBC45E1
:10527000BC4DDD4DBC45BB4D1D6EAE1A220000007D
:1052800000000000000020000000000020000000DE
:10529000000000000000000000000000000000000E
:1052A00000000000000000000000000000000000FE
:1052B00000000000000000000000000000000000EE
:1052C00000000000000000000000000000000000DE
:1052D00000000000000000000000000000000000CE
:1052E00000000000000000000000000000000000BE
:1052F00000000000000000000000000000000000AE
:10530000000021008400544CFC659B457B45BC4D4E
:10531000BC4DBC4D9C45FD5D796DA801420021004E
:10532000000040000000000000000000000000003D
:10533000000000000000000000000000000000006D
:1053400000002100420006012C02F423F93C3B3D01
:105350005B351B25FA1C1B1D3C1D3B1D1C1D1C1D0C
:105360001C153B1D3C1D3C1D1C1D1C1D1C1DFC1C3F
:105370001C1D1C1D1C1D1C1D3C1D3C1D1B153B1D0F
:105380003B1D1B1D1B1D1C1D1C1D1C1D1C1DFB1462
:105390003C1D1B1D3B257B353A3D772C7313EB01E0
:1053A000A5004200210000002000000000000000D5
:1053B00000000000000000000000000000000000ED
:1053C000000020002000410084006C127A659B558B
:1053D0009C459C45BC45BC45BB45BB4D9B4D1D6E8E
:1053E0008D1A430042000000000000000000000091
:1053F00000000000000000000000000000000000AD
:10540000000000000000000000000000000000009C
:10541000000000000000000000000000000000008C
:10542000000000000000000000000000000000007C
:10543000000000000000000000000000000000006C
:10544000000000000000000000000000000000005C
:10545000000000000000000000000000000000004C
:105460000000000000000000000000002100840097
:10547000343CFC659B55DC559B4D9B55FD65964C1E
:1054800006014100000000000000000000000000D4
:10549000000000000000000000000000000000000C
:1054A000000000002100420063002601EE121845B2
:1054B0005A353B2D1B1D1C151B151C1D1C153B1D9A
:1054C0001B151B153C1D1C1D3C1D3C1D1C1D1C1DC6
:1054D0001B1D1C1D1C1D1C1D1C1D1C1D1C1D1C1D05
:1054E0003C1D1C1D1C153C1D1B1DFB141C1D3C1DC7
:1054F000FB1C1C1D3C1D1C153C151C153C153C1DA6
:105500001B1D1B257D353A35963C8D122701630006
:105510002200010021000000000000000000000047
:10552000000000000100000000000000000020005A
:10553000200042008801F754DC5DDC559B459B450B
:10554000DB55BB5DDB6D2C0A230001000000000071
:10555000200000000000000000000000000000002B
:10556000000000000000000000000000000000003B
:10557000000000000000000000000000000000002B
:10558000000000000000000000000000000000001B
:10559000000000000000000000000000000000000B
:1055A00000000000000000000000000000000000FB
:1055B00000000000000000000000000000000000EB
:1055C00000000000000000000000000000000000DB
:1055D000000000000000420042002F2BFB6DBB5575
:1055E000DC5DFB6D4B126300210000000000200019
:1055F00000000000000000000000000000000000AB
:10560000000000000000200001002200A500690148
:10561000D5233B453B351A251A1D5C1D1B153C1D2A
:105620003C1D3C1D1B1D3C1D3C1D1C153C1D1C1D1B
:105630001C1D1C1D3C1D3C1D3C1D3B153B153B15FD
:105640003B153C153C1D3C1D1C1D1C1D1C1D3C1D03
:105650003C153C153C1D1C1D1C1D1C1D1C1D3C1D12
:105660001C153C151B153B1D1C1D1B1DFB1CFB1C91
:105670001A253B351A3D7213AB016400220000006D
:1056800000002000000000000000000000000000FA
:105690000000000000002000000020004100C400C5
:1056A000B23BBB6DBC5DFD5DFC65F75CA9092200EA
:1056B0002000200000000000000020000008000082
:1056C00000000000000000000000000000000000DA
:1056D00000000000000000000000000000000000CA
:1056E00000000000000000000000000000000000BA
:1056F00000000000000000000000000000000000AA
:105700000000000000000000000000000000000099
:105710000000000000000000000000000000000089
:105720000000000000000000000000000000000079
:105730000000000000000000000000000000000069
:10574000210022000A0A954C95546801420000008D
:105750000000000000000000000000000000000049
:105760000000000000000000000000000000210018
:105770008400AA0192235B4DDB2C1C251C153C15D3
:105780003C153C153C151B151B1D3C1D1C1D1C1DF3
:105790001C1D1C153C1D1C151C1D1C1D1C1D3C1D11
:1057A0003C153B153B153B153C153B153B153B1577
:1057B0001C1D3C1D3C1D1C153C153C151C151C1DC1
:1057C0003C1D3C1D1B1D1B1D3C1D1B151B153C1DA5
:1057D0001B153C1D1C1D3C1D3C153C151B1D1B2D8C
:1057E0007B4D922368014200210020000000000050
:1057F00000000000000000000000000000000000A9
:10580000200000000000210063008901554C185D54
:10581000F02A8400210000000000000000000000C9
:105820000000000000000008000000000000000070
:105830000000000000000000000000000000000068
:105840000000000000000000000000000000000058
:105850000000000000000000000000000000000048
:105860000000000000000000000000000000000038
:105870000000000000000000000000000000000028
:105880000000000000000000000000000000000018
:105890000000000000000000000000000000000008
:1058A0000000000000000000000000004100620055
:1058B0004200210000000000000000000000000085
:1058C00000000000000000000000000000000000D8
:1058D000000021006300070192139B451B2DFA2451
:1058E0001B1D1C1D1C1D3C1D3C1D3C1D3C1D1C1D71
:1058F0001C1D1C1D1C1D1C1D1C1D1C1D1C1D1C1DE0
:105900001C1D1C1D1C1D1C1D3C1D3C1D3C153B1560
:105910003C153C153C1D1C1D1C1D1C1D1C1D1C1D6F
:105920003C1D3C1D1C1D1C1D1C1D1C1D1C1D1C1D6F
:105930001C1D1C1D1C1D1C1D1C1D1C1D1C1D1C1D9F
:105940003C151C151C1DFB1CFB1C7C35F83430134E
:10595000E60042000000000000000000000000001F
:1059600000000000000000002000000021000100F5
:10597000010022006300630022000100000000001B
:105980000000000000000000000000000000000017
:105990000000000000000000000000000000000007
:1059A00000000000000000000000000000000000F7
:1059B00000000000000000000000000000000000E7
:1059C00000000000000000000000000000000000D7
:1059D00000000000000000000000000000000000C7
:1059E00000000000000000000000000000000000B7
:1059F00000000000000000000000000000000000A7
:105A00000000000000000000000000000000000096
:105A10000000000000000000000000000000000086
:105A20000000000000000000000000000000000076
:105A300000080000000020002100C5008E0A194562
:105A40003A2D1B1D1B153C1D1C1D1C1D1C1D1C1D4A
:105A50001C1D1C1D1C1D1C1D1C1D1C1D1C1D1C1D7E
:105A60001C1D1C1D1C1D1C1D1C1D1C1D1C1D1C1D6E
:105A70001C1D1C1D3C1D3C1D3C1D3C1D1C1D1C1DDE
:105A80001C1D1C1D1C1D1C1D1C1D1C1D1C1D1C1D4E
:105A90001C1D1C1D1C1D1C1D1C1D1C1D1C1D1C1D3E
:105AA0001C1D1C1D1C1D3C1D5C1D1B151C1D5C1D97
:105AB0001C151B155B1D3A35963CAA01840022007B
:105AC00000000000000000000000000000002000B6
:105AD00020000000000001000000000000000000A5
:105AE00000000000000000000000000000000000B6
:105AF00000000000000000000000000000000000A6
:105B00000000000000000000000000000000000095
:105B10000000000000000000000000000000000085
:105B20000000000000000000000000000000000075
:105B30000000000000000000000000000000000065
:105B40000000000000000000000000000000000055
:105B50000000000000000000000000000000000045
:105B60000000000000000000000000000000000035
:105B70000000000000000000000000000000000025
:105B80000000000000000000000000000000000015
:105B900000002000000000000000000001002300C1
:105BA000CA01B63C3A3D3B2DDB1C1C1D3B1D3B1581
:105BB0003B1D1C1D1C1D1C1D1C1D1C1D1C1D1C1DFE
:105BC0001C1D1C1D1C1D1C1D1C1D1C1D1C1D1C1D0D
:105BD0001C1D1C1D1C1D1C1D1C1D1C1D3C1D3C1DBD
:105BE0003C1D3C1D1C1D1C1D1C1D1C1D1C1D1C1DAD
:105BF0001C1D1C1D1C1D1C1D1C1D1C1D1C1D1C1DDD
:105C00001C1D1C1D1C1D1C1D1C1D1C1D1C1D3C1DAC
:105C10003C153C153C1D1B1D1C1D1C1D1B1D3B1D4F
:105C20001A255B3DF42BE700630021000000000013
:105C30000100000000000000000020000000000043
:105C40000000000000000000000000000000000054
:105C50000000000000000000000000000000000044
:105C60000000000000000000000000000000000034
:105C70000000000000000000000000000000000024
:105C80000000000000000000000000000000000014
:105C90000000000000000000000000000000000004
:105CA00000000000000000000000000000000000F4
:105CB00000000000000000000000000000000000E4
:105CC00000000000000000000000000000000000D4
:105CD00000000000000000000000000000000000C4
:105CE00000000000000000000000000000000000B4
:105CF00000000000000000000000000000000000A4
:105D0000210021006400EC0119451A2DFB1C3C1DEB
:105D1000FC1CFC1C3B151B153B1D1C1D1C1D1C1DD0
:105D20001C1D1C1D1C1D1C1D1C1D1C1D1C1D1C1DAB
:105D30001C1D1C1D1C1D1C1D1C1D1C1D1C1D1C1D9B
:105D40001C1D1C1D3C1D3C1D3C1D3C1D1C1D1C1D0B
:105D50001C1D1C1D1C1D1C1D1C1D1C1D1C1D1C1D7B
:105D60001C1D1C1D1C1D1C1D1C1D1C1D1C1D1C1D6B
:105D70001C1D1C1D1C1D1C1D1C1D3C1D3B151B1D25
:105D80001C1D1C1D1C151C151B155C251A2D97347C
:105D9000EB01630041000000000000000000000073
:105DA00000000000000000000000000000000000F3
:105DB00000000000000000000000000000000000E3
:105DC00000000000000000000000000000000000D3
:105DD00000000000000000000000000000000000C3
:105DE00000000000000000000000000000000000B3
:105DF00000000000000000000000000000000000A3
:105E00000000000000000000000000000000000092
:105E10000000000000000000000000000000000082
:105E20000000000000000000000000000000000072
:105E30000000000000000000000000000000000062
:105E40000000000000000000000000000000000052
:105E50000000000000000000000000000000000042
:105E600000002000000000004100C50051133A3D31
:105E7000FB2CFB1C3D1D1C153D151C1D3C1D1B1545
:105E80001C1D1C1D1C1D1C1D1C1D1C1D1C1D1C1D4A
:105E90001C1D1C1D1C1D1C1D1C1D1C1D1C1D1C1D3A
:105EA0001C1D1C1D1C1D1C1D1C1D1C1D1C1D1C1D2A
:105EB0001C1D1C1D1C1D1C1D1C1D1C1D1C1D1C1D1A
:105EC0001C1D1C1D1C1D1C1D1C1D1C1D1C1D1C1D0A
:105ED0001C1D1C1D1C1D1C1D1C1D1C1D1C1D1C1DFA
:105EE0001C251C1D1B1D3B1D1C1DFC1C1D1D3D1DC3
:105EF0003C1DFB1C1C251B259C3D721384002100AE
:105F00000100200000000000000000000000000070
:105F10000000000000000000000000000000000081
:105F20000000000000000000000000000000000071
:105F30000000000000000000000000000000000061
:105F40000000000000000000000000000000000051
:105F50000000000000000000000000000000000041
:105F60000000000000000000000000000000000031
:105F70000000000000000000000000000000000021
:105F80000000000000000000000000000000000011
:105F90000000000000000000000000000000000001
:105FA00000000000000000000000000000000000F1
:105FB00000000000000000000000000000000000E1
:105FC00000000000000000000000000001002200AE
:105FD0002601B63C9B351B1D1C1D1C151C153C15B4
:105FE0003C151C151C153C1D1C1D1C1D1C1D1C1DC1
:105FF0001C1D1C1D1C1D1C1D1C1D1C1D1C1D1C1DD9
:106000001C1D1C1D1C1D1C1D1C1D1C1D1C1D1C1DC8
:106010001C1D1C1D1C1D1C1D1C1D1C1D1C1D1C1DB8
:106020001C1D1C1D1C1D1C1D1C1D1C1D1C1D1C1DA8
:106030001C1D1C1D1C1D1C1D1C1D1C1D1C1D1C1D98
:106040001C1D1C1D1C1D1C1D1C251B1D3B1D3B154B
:10605000FB1C1D1D1D1DDC14FB1C1C1D1C1D1C1D03
:106060003C1D5C35D32BA400220021000000000061
:106070000008000000000000000000000000000018
:106080000000000000000000000000000000000010
:106090000000000000000000000000000000000000
:1060A00000000000000000000000000000000000F0
:1060B00000000000000000000000000000000000E0
:1060C00000000000000000000000000000000000D0
:1060D00000000000000000000000000000000000C0
:1060E00000000000000000000000000000000000B0
:1060F00000000000000000000000000000000000A0
:10610000000000000000000000000000000000008F
:10611000000000000000000000000000000000007F
:10612000000000000000000000000000000000006F
:106130000000010022002701D8345B2DFA143B1522
:10614000FB143C1D3C1D3C1D1C1D3C1D3C1D3C1DF1
:106150001C1D1C1D1C1D1C1D1C1D1C1D1C1D1C1D77
:106160001C1D1C1D1C1D1C1D1C1D1C1D1C1D1C1D67
:106170001C1D1C1D1C1D1C1D1C1D1C1D1C1D1C1D57
:106180001C1D1C1D1C1D1C1D1C1D1C1D1C1D1C1D47
:106190001C1D1C1D1C1D1C1D1C1D1C1D1C1D1C1D37
:1061A0001C1D1C1D1C1D1C1D1C1D1C1D1C1D1C1D27
:1061B0001B1D1B1D3C153C15FC1CFC1C1C1D5C25E3
:1061C0003C1DFB141C1DFC1C3C1DFA1C5A35352CB7
:1061D0000601210020000000000000000000000077
:1061E00000000000000000000000000000000000AF
:1061F000000000000000000000000000000000009F
:10620000000000000000000000000000000000008E
:10621000000000000000000000000000000000007E
:10622000000000000000000000000000000000006E
:10623000000000000000000000000000000000005E
:10624000000000000000000000000000000000004E
:10625000000000000000000000000000000000003E
:10626000000000000000000000000000000000002E
:10627000000000000000000000000000000000001E
:10628000000000000000000000000000000000000E
:106290000000000000000000000022002701184557
:1062A0003B253C153B151B155C1DFB141B1D1B1DC5
:1062B0001B1D3C1D1C1D3C1D1C1D1C1D1C1D1C1DD7
:1062C0001C1D1C1D1C1D1C1D1C1D1C1D1C1D1C1D06
:1062D0001C1D1C1D1C1D1C1D1C1D1C1D1C1D1C1DF6
:1062E0001C1D1C1D1C1D1C1D1C1D1C1D1C1D1C1DE6
:1062F0001C1D1C1D1C1D1C1D1C1D1C1D1C1D1C1DD6
:106300001C1D1C1D1C1D1C1D1C1D1C1D1C1D1C1DC5
:106310001C1D1C1D1C1D1C1D1C1D3C1D3C153C1565
:106320003C1D1C1D1B1D1B1D1B153C1D1C151C1D78
:106330003C1D3B153B1D5B35963CE60021000000F3
:10634000000000000000000000000000000000004D
:10635000000000000000000000000000000000003D
:10636000000000000000000000000000000000002D
:10637000000000000000000000000000000000001D
:10638000000000000000000000000000000000000D
:1063900000000000000000000000000000000000FD
:1063A00000000000000000000000000000000000ED
:1063B00000000000000000000000000000000000DD
:1063C00000000000000000000000000000000000CD
:1063D00000000000000000000000000000000000BD
:1063E00000000000000000000000000000000000AD
:1063F000000000000000000000000000000000009D
:1064000000006300142C5B351B1D1C1D1B153B1D60
:106410001B1D1B1D1B1D3B1D3B1D3B1D3B1D1C1D3B
:106420001C1D1C1D1C1D1C1D1C1D1C1D1C1D1C1DA4
:106430001C1D1C1D1C1D1C1D1C1D1C1D1C1D1C1D94
:106440001C1D1C1D1C1D1C1D1C1D1C1D1C1D1C1D84
:106450001C1D1C1D1C1D1C1D1C1D1C1D1C1D3C1D54
:106460001C1D1C1D1C1D1C1D1C1D1C1D1C1D1C1D64
:106470001C1D1C1D1C1D1C1D1C1D1C1D1C1D3C1D34
:106480003C153C153C153C153C151C1D3C1D3B1D8D
:106490001B153B1D3B153C153C153C1D1B1DFA1CDB
:1064A0007B35F323830000000000000000000000A3
:1064B00000000000000000000000000000000000DC
:1064C00000000000000000000000000000000000CC
:1064D00000000000000000000000000000000000BC
:1064E00000000000000000000000000000000000AC
:1064F000000000000000000000000000000000009C
:10650000000000000000000000000000000000008B
:10651000000000000000000000000000000000007B
:10652000000000000000000000000000000000006B
:10653000000000000000000000000000000000005B
:10654000000000000000000000000000000000004B
:10655000000000000000000000000000000000003B
:10656000000000000000000000000601193D3B1D76
:10657000FB143C1D3C1D1B1D1B251B251B1D3B1D12
:106580003B1D3B1D1C1D1C1D1C1D1C1D1C1D1C1D05
:106590001C1D1C1D1C1D1C1D1C1D1C1D1C1D1C1D33
:1065A0001C1D1C1D1C1D1C1D3C1D3C1D1C1D1C1DE3
:1065B0001C1D1C1D1C1D1C1D3C1D3C1D3C1D3C1D93
:1065C0003C1D1C1D1C1D1B153C1D3C1D3C1D1C1D8C
:1065D0001C1D1C1D1C1D1C1D1C1D1C1D1C1D1C1DF3
:1065E0001C1D1C1D1C1D3C1D3C1D3C153C153C1D53
:1065F0003C1D3C1D3C1D3B1D5C1DFA0C5C1D3C15EF
:106600001C151C1D1C1D3B1D3B1DF83CC50000003E
:10661000000000000000000000000000000000007A
:10662000000000000000000000000000000000006A
:10663000000000000000000000000000000000005A
:10664000000000000000000000000000000000004A
:10665000000000000000000000000000000000003A
:10666000000000000000000000000000000000002A
:10667000000000000000000000000000000000001A
:10668000000000000000000000000000000000000A
:1066900000000000000000000000000000000000FA
:1066A00000000000000000000000000000000000EA
:1066B00000000000000000000000000000000000DA
:1066C00000000000000000000000000000000000CA
:1066D0000000C40015243B2D3B1D1B151C1D1C1D5B
:1066E0001C1D1C1D1C1D1C1D3B153C153C1D1C1D93
:1066F0001C1D1C1D1C1D1C1D1C1D1C1D1C1D1C1DD2
:106700001C1D1C1D1C1D1C1D1C1D1C1D1C1D1C1DC1
:106710003C1D3C1D1C1D1C1D1C1D1C1D3C1D3C1D31
:106720001C1D1C1D1C1D1C1D1C1D3C1D1C1D1C1D81
:106730001C1D1C1D1C1D1C1D1C1D1C1D1C1D3C1D71
:106740001C1D1C1D1C1D1C1D1C1D1C1D1C1D3B1D62
:106750001B1D1B1D1C1D1C1D1C1D1B1D1B1D3B1D56
:106760003B153B153C1D1C1D1D1D1D1D1C151B1D1A
:106770005B2D310B43000000000000000000000012
:106780000000000000000000000000000000000009
:1067900000000000000000000000000000000000F9
:1067A00000000000000000000000000000000000E9
:1067B00000000000000000000000000000000000D9
:1067C00000000000000000000000000000000000C9
:1067D00000000000000000000000000000000000B9
:1067E00000000000000000000000000000000000A9
:1067F0000000000000000000000000000000000099
:106800000000000000000000000000000000000088
:106810000000000000000000000000000000000078
:106820000000000000000000000000000000000068
:10683000000000000000000000002200AA011A3D34
:106840001A253B1D1C1D1C1D1C1D1C1D1C1D1C1D5B
:106850003C153C153C151C1D1C1D1C1D1C1D1C1D28
:106860001C1D1C1D1C1D1C1D1C1D1C1D1C1D1C1D60
:106870001C1D1C1D1C1D1C1D1C153C1D1C1D3C1D18
:106880003C1D3C1D1C1D1C1D3C1D3C1D1C1D1C1DC0
:106890001C1D1C1D1C1D3C1D1C1D1C1D1C1D1C1D10
:1068A0001C1D1C1D1C1D1C1D1C1D1C1D1C1D1C1D20
:1068B0001C1D1C1D1C1D1B1D1B1D1B1D3C1D1C1DF3
:1068C0001C1D1B1D1B1D1B1D3C1D3C15FC143D1DD3
:1068D000FD1CFC1C3C1D3B253A3D2801220000000C
:1068E0002000000000000000000000000000000088
:1068F0000000000000000000000000000000000098
:106900000000000000000000000000000000000087
:106910000000000000000000000000000000000077
:106920000000000000000000000000000000000067
:106930000000000000000000000000000000000057
:106940000000000000000000000000000000000047
:106950000000000000000000000000000000000037
:106960000000000000000000000000000000000027
:106970000000000000000000000000000000000017
:106980000000000000000000000000000000000007
:1069900000000000000000000000000000000000F7
:1069A000000000004300CE1A3A353B1DFA143B1D8F
:1069B0001B1D1C1D1C1D3C153D153C153C1D3B1D88
:1069C0001C1D1C1D1C1D1C1D1C1D1C1D1C1D1C1DFF
:1069D0001C1D1C1D1C1D1C1D1C1D1C1D1C1D1C1DEF
:1069E0003C1D3C1D3C1D3C1D1C1D1C1D1C1D1C1D5F
:1069F0001B1D1C1D1C1D1C1D1C1D1C1D1C1D3C1DB0
:106A00003C1D3C1D3C1D3C1D3C1D1C1D1C1D1C1D1E
:106A10001C1D1C1D1C1D1C1D1C1D1C1D1C1D3B1D8F
:106A20001B1D3B1D3B1D3B153C1D1C1D1B1D1B1D2C
:106A30001B1D5C1D1C151C15FC1C1B1DFB1C7B3D24
:106A40000B02220001000000000000000000000016
:106A50000000000000000000000000000000000036
:106A60000000000000000000000000000000000026
:106A70000000000000000000000000000000000016
:106A80000000000000000000000000000000000006
:106A900000000000000000000000000000000000F6
:106AA00000000000000000000000000000000000E6
:106AB00000000000000000000000000000000000D6
:106AC00000000000000000000000000000000000C6
:106AD00000000000000000000000000000000000B6
:106AE00000000000000000000000000000000000A6
:106AF0000000000000000000000000000000000096
:106B00000000000000000000000000000000430042
:106B100052133A353A251A1D1B1D3C1D1C1D3C15F0
:106B20003C151C1D3B1D3B1D3B1D1C1D1C1D1C1D28
:106B30001C1D1C1D1C1D1C1D1C1D1C1D1C1D1C1D8D
:106B40001C1D1C1D1C1D1C1D3C1D3C1D1C151C154D
:106B50001C1D1C1D3C1D3C1D1C1D3C1D3C1D3C1DCD
:106B60003C1D3C1D1C1D1C1D1C1D1C1D1C1D1C1D1D
:106B70001C1D3C1D3C1D3C1D1C1D1C1D1C1D1C1DED
:106B80001C1D1C1D1C1D1C1D3B1D3B1D3B1D3B1DC1
:106B90003C1D1C1D1B1D1B1D1B1D1C1D3D1D1C15F7
:106BA0003B1D3A257B3DAF02420021000000000062
:106BB00000000000000000000000000000000000D5
:106BC00000000000000000000000000000000000C5
:106BD00000000000000000000000000000000000B5
:106BE00000000000000000000000000000000000A5
:106BF0000000000000000000000000000000000095
:106C00000000000000000000000000000000000084
:106C10000000000000000000000000000000000074
:106C20000000000000000000000000000000000064
:106C30000000000000000000000000000000000054
:106C40000000000000000000000000000000000044
:106C50000000000000000000000000000000000034
:106C60000000000000000000000000000000000024
:106C700000000000000021006400B22B5A35FB1414
:106C80003C153C153C1D1C1D1C1D1B1D3B1D3B1DAF
:106C90003B1D1C1D1C1D1C1D1C1D1C1D1C1D1C1D0D
:106CA0001C1D1C1D1C1D1C1D1C1D1C1D1C1D1C1D1C
:106CB0001C153C1D3C1D3C1D3C1D3C1D3C1D3C1D34
:106CC0003C1D3C1D1C1D1C1D3C1D3C1D3C1D1C1D5C
:106CD0001C1D1C1D1C1D1C1D1C1D1C1D3C1D3C1DAC
:106CE0001C1D1C1D1C1D1C1D1C1D1C1D1C1D1C1DDC
:106CF0003C1D3C1D1C1D1C1D1C1D1C1D1C1D3B1D6D
:106D00003B1D1B1DFB143C151B159B3DAE12430088
:106D10000000000000000000000000000000000073
:106D20000000000000000000000000000000000063
:106D30000000000000000000000000000000000053
:106D40000000000000000000000000000000000043
:106D50000000000000000000000000000000000033
:106D60000000000000000000000000000000000023
:106D70000000000000000000000000000000000013
:106D80000000000000000000000000000000000003
:106D900000000000000000000000000000000000F3
:106DA00000000000000000000000000000000000E3
:106DB00000000000000000000000000000000000D3
:106DC00000000000000000000000000000000000C3
:106DD00000000000000000000000000000000000B3
:106DE00021008400B31B7C351B1D3B153B1D1B1D67
:106DF0001B1D1B1D3B1D3B1D3B1D1C1D1C1D1C1D70
:106E00001C1D1C1D1C1D3B1D3B1D3B1D3C1D3C1D1D
:106E10003C1D1C1D1B1D1B1D1B253B253A2D3A35FA
:106E20001A35F934D934D82C361C361C361C572464
:106E3000982CF9341A351A353B351B2D1B251B258B
:106E40001B1D1C1D1C1D1C1D1C1D1C1D1C1D1C1D7B
:106E50001C1D1C1D1C1D1C1D3C1D1C1D1C1D1C1D4A
:106E60001C1D1C1D1C1D3B1D1B1D3B1D1C1D1B2516
:106E70007B3DEF0A4300010000000000000000001D
:106E800000000000200000000000000000000000E2
:106E900000000000000000000000000000000000F2
:106EA00000000000000000000000000000000000E2
:106EB00000000000000000000000000000000000D2
:106EC00000000000000000000000000000000000C2
:106ED00000000000000000000000000000000000B2
:106EE00000000000000000000000000000000000A2
:106EF0000000000000000000000000000000000092
:106F00000000000000000000000000000000000081
:106F10000000000000000000000000000000000071
:106F20000000000000000000000000000000000061
:106F30000000000000000000000000000000000051
:106F4000000020000000000000002100A500D32B5D
:106F50007A351A1D1B1D3B1D1B1D1B1D1B1D1B15E3
:106F60001B1D1B1D1B153D1D1C1D1C1D3C1D1B1D24
:106F70001B1D3B1D3C15FB0C3C151C153B255B35B7
:106F80003A3D752CB22B0B02C600C500C500C400EB
:106F9000A40083008300A400A40084002701CA0188
:106FA0001023B42BB83C5C3D5C2D1B1D1C153C1DF7
:106FB0003C1D1B1D1C1D3C1D1C1D1B153C1D1B1DB4
:106FC000FB1C3C1DFC1C1C1D1C1D1B153C1D1B1D06
:106FD0003C1D1B153B257B45CF1A430001000000DB
:106FE00000000000000000000000000000000000A1
:106FF0000000000000000000000000000000000091
:107000000000000000000000000000000000000080
:107010000000000000000000000000000000000070
:107020000000000000000000000000000000000060
:107030000000000000000000000000000000000050
:107040000000000000000000000000000000000040
:107050000000000000000000000000000000000030
:107060000000000000000000000000000000000020
:107070000000000000000000000000000000000010
:107080000000000000000000000000000000000000
:1070900000000000000000000000000000000000F0
:1070A00000000000000000000000000000000000E0
:1070B000000020002100C500D3233A351B251B15F5
:1070C0003C1D1C1D3C1D3C1D3C1D1B153C1D1C1D61
:1070D0001C151C1D1B1D1B1D3B1D1A151B1D3B25B7
:1070E0003B2D5B3D972C31130B02C5006300420022
:1070F000010000000000000020000000200020002F
:1071000000000000010022004300850008012D025C
:10711000D41BF9343B35FA241B25FB1C3C1D1C15E4
:107120003C1D1B151B1D5C253C1D1C1D1C1D1B1D1A
:107130001C153C1D5C1D1B151B155C255B3DF012D1
:1071400044000100200000000000000000000000DA
:10715000000000000000000000000000000000002F
:10716000000000000000000000000000000000001F
:10717000000000000000000000000000000000000F
:1071800000000000000000000000000000000000FF
:1071900000000000000000000000000000000000EF
:1071A00000000000000000000000000000000000DF
:1071B00000000000000000000000000000000000CF
:1071C00000000000000000000000000000000000BF
:1071D00000000000000000000000000000000000AF
:1071E000000000000000000000000000000000009F
:1071F000000000000000000000000000000000008F
:10720000000000000000000000000000000000007E
:10721000000000000000000000000000200021002D
:107220008500B3335B351B151C153C1D1C1DFC1C58
:107230005C1D1B151C1D5D1D3C1D3C1D3C1DFB14D8
:107240001C151B1D5C2D3A45311BAA01A5004300EE
:1072500022000100200000000000000000000000EB
:10726000000000000000000000000000000000001E
:10727000000000002100420063000601EE12B73C4E
:107280003A3D5C2D1C1DFC145D1D1C153B1DFA14A4
:107290001B151A153B1D3B1D3C1D1C1DDB143C1D05
:1072A0005C1D5B35CF12640022000000000000006E
:1072B00000000000000000000000000000000000CE
:1072C00000000000000000000000000000000000BE
:1072D00000000000000000000000000000000000AE
:1072E000000000000000000000000000000000009E
:1072F000000000000000000000000000000000008E
:10730000000000000000000000000000000000007D
:10731000000000000000000000000000000000006D
:10732000000000000000000000000000000000005D
:10733000000000000000000000000000000000004D
:10734000000000000000000000000000000000003D
:10735000000000000000000000000000000000002D
:10736000000000000000000000000000000000001D
:10737000000000000000000000000000000000000D
:1073800000000000200021000100A500D4235B358F
:107390001B1D1C151C1D3C1DFB143C1D3C1DFB1422
:1073A0001C151B1D1B1D3B2D5B353B3D52136901FD
:1073B0004300420001000000000000000000000047
:1073C00000000000000000000000000000000000BD
:1073D00000000000000000000000000000000000AD
:1073E000200021004200E500CB0193135B3D3B2DC3
:1073F000FB1C1C1D1C155C1D5C1D3B153B153B1D22
:107400001B1D1C1D3C1D1B1D7B3DF00A6300010064
:10741000010021000000000000000000000000004A
:10742000000000000000000000000000000000005C
:10743000000000000000000000000000000000004C
:10744000000000000000000000000000000000003C
:10745000000000000000000000000000000000002C
:10746000000000000000000000000000000000001C
:10747000000000000000000000000000000000000C
:1074800000000000000000000000000000000000FC
:1074900000000000000000000000000000000000EC
:1074A00000000000000000000000000000000000DC
:1074B00000000000000000000000000000000000CC
:1074C00000000000000000000000000000000000BC
:1074D00000000000000000000000000000000000AC
:1074E000000000000000000020000000000000007C
:1074F000210042006400D32B9C3DFC14FB143C1D76
:107500005C1D1B155C1D1B153C1D5C253B2DF93CB2
:107510000F13480143004200220021000000000038
:107520000000000000000000000800000000000053
:10753000000000000000000000000000000000004B
:1075400000002000000000000000000000002000FB
:10755000410063008801B32BF93C1B2D1C1D3C1519
:107560003C155C151B153B1DFB1CFB1C1C1D7C3DB1
:10757000AE0A8300220001000100000000000000AC
:1075800000000000000000000000000000000000FB
:1075900000000000000000000000000000000000EB
:1075A00000000000000000000000000000000000DB
:1075B00000000000000000000000000000000000CB
:1075C00000000000000000000000000000000000BB
:1075D00000000000000000000000000000000000AB
:1075E000000000000000000000000000000000009B
:1075F000000000000000000000000000000000008B
:10760000000000000000000000000000000000007A
:10761000000000000000000000000000000000006A
:10762000000000000000000000000000000000005A
:10763000000000000000000000000000000000004A
:10764000000000000000000000000000200000001A
:107650000000000000000000000000002100840085
:10766000B31B5B351B251B151B153C1D1B1DFA1C75
:107670003B2DF934F42348014300210000000000B1
:1076800000000000000000000000210000000000D9
:1076900000000000000000000000000000000000EA
:1076A00000000000000000000000000000000000DA
:1076B0000000000000000000000000002100630046
:1076C000AA0197343B35FB1C1C1D1B155C1D1B1DA3
:1076D000FB1C1B2D5B3DAF02430020000000210876
:1076E000000000000000000000000000000000009A
:1076F000000000000000000000000000000000008A
:107700000000000000000000000000000000000079
:107710000000000000000000000000000000000069
:107720000000000000000000000000000000000059
:107730000000000000000000000000000000000049
:107740000000000000000000000000000000000039
:107750000000000000000000000000000000000029
:107760000000000000000000000000000000000019
:107770000000000000000000000000000000000009
:1077800000000000000000000000000000000000F9
:1077900000000000000000000000000000000000E9
:1077A00000000000000000000000000000000000D9
:1077B00021000000000000000000000000000000A8
:1077C000000000000000420043000F1B5A3DFA1C5D
:1077D0003B1D3B1DFA1C7B3D963C6901420021008C
:1077E0000100000000000000000000002000000078
:1077F0000000000000000000000000000000000089
:107800000000000000000000000000000000000078
:107810000000000000000000000000000000000068
:10782000000000000000200042000601CF12D83CFA
:107830003B2D1B1D1B155C1D1B253A452C024200D0
:1078400041002000000000000000000000002000B7
:107850000000000000000000000000000000000028
:107860000000000000000000000000000000000018
:107870000000000000000000000000000000000008
:1078800000000000000000000000000000000000F8
:1078900000000000000000000000000000000000E8
:1078A00000000000000000000000000000000000D8
:1078B00000000000000000000000000000000000C8
:1078C00000000000000000000000000000000000B8
:1078D00000000000000000000000000000000000A8
:1078E0000000000000000000000000000000000098
:1078F0000000000000000000000000000000000088
:107900000000000000000000000000000000000077
:107910000000000000000000000020000000000047
:107920000000000000000000000000000000000057
:10793000000063008D02193D1A2D3B355A45CF0AD0
:10794000C60042000000000000000000000000002F
:107950000000000000000000000000000000000027
:107960000000000000000000000000000000000017
:107970000000000000000000000000000000000007
:1079800000000000000000000000000000000000F7
:10799000000021004300070152135B3D1A2D1A2DF0
:1079A000193DCB0142002000000000000000000053
:1079B00000000000000000000000000000000000C7
:1079C00000000000000000000000000000000000B7
:1079D00000000000000000000000000000000000A7
:1079E0000000000000000000000000000000000097
:1079F0000000000000000000000000000000000087
:107A00000000000000000000000000000000000076
:107A10000000000000000000000000000000000066
:107A20000000000000000000000000000000000056
:107A30000000000000000000000000000000000046
:107A40000000000000000000000000000000000036
:107A50000000000000000000000000000000000026
:107A60000000000000000000000000000000000016
:107A70000000000000000000000000000000000006
:107A800000000000000000000000000000000000F6
:107A90000000000000000000000021006300E6007C
:107AA000512B1023280123002200000000000000B9
:107AB00000000000000000000000000000000000C6
:107AC00000000000000000000000000000000000B6
:107AD00000000000000000000000000000000000A6
:107AE0000000000000000000000000000000000096
:107AF0000000000000000000000020002000210025
:107B000043004C1A34440F1BC50042002000000003
:107B10000000000000000000000000000000000065
:107B20000000000000000000000000000000000055
:107B30000000000000000000000000000000000045
:107B40000000000000000000000000000000000035
:107B50000000000000000000000000000000000025
:107B60000000000000000000000000000000000015
:107B70000000000000000000000000000000000005
:107B800000000000000000000000000000000000F5
:107B900000000000000000000000000000000000E5
:107BA00000000000000000000000000000000000D5
:107BB00000000000000000000000000000000000C5
:107BC00000000000000000000000000000000000B5
:107BD00000000000000000000000000000000000A5
:107BE0000000000000000000000000000000000095
:107BF0000000000000000000000000000000000085
:107C000000000000010042002300640002000000A8
:107C10000000000000000000000000000000000064
:107C20000000000000000000000000000000000054
:107C30000000000000000000000000000000200024
:107C40002000000000000000000000000000000014
:107C50000000000000002000000000000000000004
:107C6000000000000000000001000200630042006C
:107C700020002000000000000000000000000000C4
:107C800000000000000000000000000000000000F4
:107C900000000000000000000000000000000000E4
:107CA00000000000000000000000000000000000D4
:107CB00000000000000000000000000000000000C4
:107CC00000000000000000000000000000000000B4
:107CD00000000000000000000000000000000000A4
:107CE0000000000000000000000000000000000094
:107CF0000000000000000000000000000000000084
:107D00000000000000000000000000000000000073
:107D10000000000000000000000000000000000063
:107D20000000000000000000000000000000000053
:107D30000000000000000000000000000000000043
:107D40000000000000000000000000000000000033
:107D50000000000000000000000000000000000023
:107D60000000000000000000000000000000000013
:107D700001002100000020000000000000000000C1
:107D800000000000000000000000000000000000F3
:107D900000000000000000000000000000000000E3
:107DA000210021000100010001000000000000008E
:107DB00000000000000000000000000000000000C3
:107DC00000000000000000000000000000000000B3
:107DD0000100000020002000000000000000000062
:107DE0000000000000000000000000000000000093
:107DF0000000000000000000000000000000000083
:107E00000000000000000000000000000000000072
:107E10000000000000000000000000000000000062
:107E20000000000000000000000000000000000052
:107E30000000000000000000000000000000000042
:107E40000000000000000000000000000000000032
:107E50000000000000000000000000000000000022
:107E60000000000000000000000000000000000012
:107E70000000000000000000000000000000000002
:107E800000000000000000000000000000000000F2
:107E900000000000000000000000000000000000E2
:107EA00000000000000000000000000000000000D2
:107EB00000000000000000000000000000000000C2
:107EC00000000000000000000000000000000000B2
:107ED0000000000000000000200000000000000082
:107EE0000000000000000000200000000000200052
:107EF00020000000000000002000400020002100C1
:107F0000220043006400C5006801AA09CB012801D2
:107F10008500430022002200210021000100010011
:107F20000000000000000000000000000000000051
:107F30000000000000000000000000000000000041
:107F40000000000000000000000000000000000031
:107F50000000000000000000000000000000000021
:107F60000000000000000000000000000000000011
:107F70000000000000000000000000000000000001
:107F800000000000000000000000000000000000F1
:107F900000000000000000000000000000000000E1
:107FA00000000000000000000000000000000000D1
:107FB00000000000000000000000000000000000C1
:107FC00000000000000000000000000000000000B1
:107FD00000000000000000000000000000000000A1
:107FE0000000000000000000000000000000000091
:107FF0000000000000000000000000000000000081
:108000000000000000000000000000000000000070
:108010000000000000000000000000000000000060
:108020000000000000000000000000000000000050
:108030000000000000000000000000000000000040
:108040000000000000000000000000000000000030
:108050000000000000000000000000000000000020
:1080600001002200850089018E02120B9413582C06
:10807000992CDA2CFB2CB9245724D51B110B4E025A
:108080000801A500430001000000000000000000FE
:1080900000000000000000000000000000000000E0
:1080A00000000000000000000000000000000000D0
:1080B00000000000000000000000000000000000C0
:1080C00000000000000000000000000000000000B0
:1080D00000000000000000000000000000000000A0
:1080E0000000000000000000000000000000000090
:1080F0000000000000000000000000000000000080
:10810000000000000000000000000000000000006F
:10811000000000000000000000000000000000005F
:10812000000000000000000000000000000000004F
:10813000000000000000000000000000000000003F
:10814000000000000000000000000000000000002F
:10815000000000000000000000000000000000001F
:10816000000000000000000000000000000000000F
:1081700000000000000000000000000000000000FF
:1081800000000000000000000000000000000000EF
:1081900000000000000000000000000000000000DF
:1081A00000000000000000000000000000000000CF
:1081B00000000000000000000000000000000100BE
:1081C00001002100220085002801AF1A1534772C08
:1081D000B924FB24FC24BB149B14BC14DC0CDC0C65
:1081E000DB14DB1CDA24B92C9834F42BEF1A890148
:1081F00064002200220000000000000000000000D7
:10820000000000000000000000000000000000006E
:10821000000000000000000000000000000000005E
:10822000000000000000000000000000000000004E
:10823000000000000000000000000000000000003E
:10824000000000000000000000000000000000002E
:10825000000000000000000000000000000000001E
:10826000000000000000000000000000000000000E
:1082700000000000000000000000000000000000FE
:1082800000000000000000000000000000000000EE
:1082900000000000000000000000000000000000DE
:1082A00000000000000000000000000000000000CE
:1082B00000000000000000000000000000000000BE
:1082C00000000000000000000000000000000000AE
:1082D000000000000000000000000000000000009E
:1082E000000000000000000000000000000000008E
:1082F000000000000000000000000000000000007E
:10830000000000000000000000000000000000006D
:10831000000000000000000000000000000000005D
:108320000000000000002100230007016E02572C0E
:10833000DA34BA2C9A24BA1CDB1C9A149A14BA1494
:10834000DB14BB149B149B14BB14BB14BA14B914D8
:10835000FA249914DA241B35F523EC018500220058
:10836000000000000000000000000000000000000D
:1083700000000000200000000000000000000000DD
:1083800000000000000000000000000000000000ED
:1083900000000000000000000000000000000000DD
:1083A00000000000000000000000000000000000CD
:1083B00000000000000000000000000000000000BD
:1083C00000000000000000000000000000000000AD
:1083D000000000000000000000000000000000009D
:1083E000000000000000000000000000000000008D
:1083F000000000000000000000000000000000007D
:10840000000000000000000000000000000000006C
:10841000000000000000000000000000000000005C
:10842000000000000000000000000000000000004C
:10843000000000000000000000000000000000003C
:10844000000000000000000000000000000000002C
:10845000000000000000000000000000000000001C
:10846000000000000000000000000000000000000C
:1084700000000000000000000000000000000000FC
:10848000000000002000000000000000000042008A
:10849000AA01973CFA2C9A14BB14BB14BB14BB144E
:1084A000BB14BB14DA14BA14BA14BB14BB149B1457
:1084B0009B14BB14DB0CDA0CBA0CDB0CDB0C9A0C37
:1084C000DB1C1B3DB42389012200000000000000DA
:1084D000000000000000000000000000000000009C
:1084E000200020000000000000000000000000004C
:1084F000000000000000000000000000000000007C
:10850000000000000000000000000000000000006B
:10851000000000000000000000000000000000005B
:10852000000000000000000000000000000000004B
:10853000000000000000000000000000000000003B
:10854000000000000000000000000000000000002B
:10855000000000000000000000000000000000001B
:10856000000000000000000000000000000000000B
:1085700000000000000000000000000000000000FB
:1085800000000000000000000000000000000000EB
:1085900000000000000000000000000000000000DB
:1085A00000000000000000000000000000000000CB
:1085B00000000000000000000000000000000000BB
:1085C00000000000000000000000000000000000AB
:1085D000000000000000000000000000000000009B
:1085E000000000000000000000000000000000008B
:1085F000000001002200AA01F934BA1C9A14BB142D
:10860000BB14BB14BB14BB0CDB0CDA0CDA0CBA14B5
:10861000BB14BB14BB14BB14BB14BB14BB14BB0CEA
:10862000BB14BB0CBB149A0CBB149A14DB24FA4485
:10863000AA0122000100010000000000000000006B
:10864000000000000000000000000000000000002A
:10865000000000000000000000000000000000001A
:10866000000000000000000000000000000000000A
:1086700000000000000000000000000000000000FA
:1086800000000000000000000000000000000000EA
:1086900000000000000000000000000000000000DA
:1086A00000000000000000000000000000000000CA
:1086B00000000000000000000000000000000000BA
:1086C00000000000000000000000000000000000AA
:1086D000000000000000000000000000000000009A
:1086E000000000000000000000000000000000008A
:1086F000000000000000000000000000000000007A
:108700000000000000000000000000000000000069
:108710000000000000000000000000000000000059
:108720000000000000000000000000000000000049
:108730000000000000000000000000000000000039
:108740000000000000000000000000000000000029
:10875000000000000000000000000100A6007644B8
:10876000DA24BB0CBB0CBB14BB14BB14BB14BB1472
:10877000BB14BB14BB14BB14BB14BB14BB14BB1481
:10878000BB14BB14BB14BB149B14BB14BB14DB1471
:10879000BB0CDC0C9B0CDB2CB333C50002000000CF
:1087A00000000000000000000000000000000000C9
:1087B00000000000000000000000000000000000B9
:1087C00000000000000000000000000000000000A9
:1087D0000000000000000000000000000000000099
:1087E0000000000000000000000000000000000089
:1087F0000000000000000000000000000000000079
:108800000000000000000000000000000000000068
:108810000000000000000000000000000000000058
:108820000000000000000000000000000000000048
:108830000000000000000000000000000000000038
:108840000000000000000000000000000000000028
:108850000000000000000000000000000000000018
:108860000000000000000000000000000000000008
:1088700000000000000000000000000000000000F8
:1088800000000000000000000000000000000000E8
:1088900000000000000000000000000000000000D8
:1088A00000000000000000000000000000000000C8
:1088B00000000000000000000000000000000000B8
:1088C00000000100E700D944991CDB149A0CDB1C62
:1088D000BA149B14BC14BC14BB14BB149B14BB145F
:1088E000BB14BB0CBB14BB14BA14BB14BB14BB1419
:1088F000BB149A14BB1C9A0CDC14BB0CDB0C981C2C
:10890000B744070121000000000000000000000043
:108910000000000000000000000000000000000057
:108920000000000000000000000000000000000047
:108930000000000000000000000000000000000037
:108940000000000000000000000000000000000027
:108950000000000000000000000000000000000017
:108960000000000000000000000000000000000007
:1089700000000000000000000000000000000000F7
:1089800000000000000000000000000000000000E7
:1089900000000000000000000000000000000000D7
:1089A00000000000000000000000000000000000C7
:1089B00000000000000000000000000000000000B7
:1089C00000000000000000000000000000000000A7
:1089D0000000000000000000000000000000000097
:1089E0000000000000000000000000000000000087
:1089F0000000000000000000000000000000000077
:108A00000000000000000000000000000000000066
:108A10000000000000000000000000000000000056
:108A2000000000000000000000002100440073234B
:108A300099249A14DB1C9A149A1C9B14BC14BC1421
:108A4000BB14BB149B14BB14BB14BB0CBB14BB14D6
:108A5000BB14BB14BB14BB14BB149A149B14BB14DF
:108A6000DB0CDB0CDB14F92C301BA4000100000034
:108A700000000008000000000000000000000000EE
:108A800000000000000000000000000000000000E6
:108A900000000000000000000000000000000000D6
:108AA00000000000000000000000000000000000C6
:108AB00000000000000000000000000000000000B6
:108AC00000000000000000000000000000000000A6
:108AD0000000000000000000000000000000000096
:108AE0000000000000000000000000000000000086
:108AF0000000000000000000000000000000000076
:108B00000000000000000000000000000000000065
:108B10000000000000000000000000000000000055
:108B20000000000000000000000000000000000045
:108B30000000000000000000000000000000000035
:108B40000000000000000000000000000000000025
:108B50000000000000000000000000000000000015
:108B60000000000000000000000000000000000005
:108B700000000000000000000000000000000000F5
:108B800000000000000000000000000000000000E5
:108B90000000000022002801B9349A14BB1C9A146A
:108BA000BB14BB14BC14BB14BB14BA14BA14BB144E
:108BB000BC14BC14BB0CBB14BB14BB14BB14BB1443
:108BC000BA14BB14DC149B0CBB0CBB14BB1CB83418
:108BD000060120000000000000000000000000006E
:108BE0000000000000000000000000000000000085
:108BF0000000000000000000000000000000000075
:108C00000000000000000000000000000000000064
:108C10000000000000000000000000000000000054
:108C20000000000000000000000000000000000044
:108C30000000000000000000000000000000000034
:108C40000000000000000000000000000000000024
:108C50000000000000000000000000000000000014
:108C60000000000000000000000000000000000004
:108C700000000000000000000000000000000000F4
:108C800000000000000000000000000000000000E4
:108C900000000000000000000000000000000000D4
:108CA00000000000000000000000000000000000C4
:108CB00000000000000000000000000000000000B4
:108CC00000000000000000000000000000000000A4
:108CD0000000000000000000000000000000000094
:108CE0000000000000000000000000000000000084
:108CF0000000000000000000000000000000230051
:108D00006E02DA347A1CBB14BB14BB14BB14BB1444
:108D1000BA14BA14BA14BB14BB14BC14BB0CBB14E5
:108D2000BB14BB14BB14BB14BB14BB149B0CFC14B2
:108D3000DB149914DA34CC0122000000000000009A
:108D40000000000000000000000000000000000023
:108D50000000000000000000000000000000000013
:108D60000000000000000000000000000000000003
:108D700000000000000000000000000000000000F3
:108D800000000000000000000000000000000000E3
:108D900000000000000000000000000000000000D3
:108DA00000000000000000000000000000000000C3
:108DB00000000000000000000000000000000000B3
:108DC00000000000000000000000000000000000A3
:108DD0000000000000000000000000000000000093
:108DE0000000000000000000000000000000000083
:108DF0000000000000000000000000000000000073
:108E00000000000000000000000000000000000062
:108E10000000000000000000000000000000000052
:108E20000000000000000000000000000000000042
:108E30000000000000000000000000000000000032
:108E40000000000000000000000000000000000022
:108E50000000000000000000000000000000000012
:108E600000000000000001004400F01AFA2CBB14BE
:108E7000BC14BB14BB14BA14BA14DB0CDB0CDB0C33
:108E8000BB14BB14BB14BB14BA14DA14DB0CDB0C1C
:108E90009B14BC1CBB149A0CDB14FA2C0D0223008F
:108EA00000000000000000000000000000000000C2
:108EB00000000000000000000000000000000000B2
:108EC00000000000000000000000000000000000A2
:108ED0000000000000000000000000000000000092
:108EE0000000000000000000000000000000000082
:108EF0000000000000000000000000000000000072
:108F00000000000000000000000000000000000061
:108F10000000000000000000000000000000000051
:108F20000000000000000000000000000000000041
:108F30000000000000000000000000000000000031
:108F40000000000000000000000000000000000021
:108F50000000000000000000000000000000000011
:108F60000000000000000000000000000000000001
:108F700000000000000000000000000000000000F1
:108F800000000000000000000000000000000000E1
:108F900000000000000000000000000000000000D1
:108FA00000000000000000000000000000000000C1
:108FB00000000000000000000000000000000000B1
:108FC00000000000000000000000000000000000A1
:108FD00001006500731BFB2CBB14BB14BB14BA143B
:108FE000BB0CBB0CBB14BB14BB14BB14BB14BB1419
:108FF000BA14DA14DA0CBB0CBC147B0CDC14BB14F2
:10900000B91CB31B84000000000000000000000039
:109010000000000000000000000000000000000050
:109020000000000000000000000000000000000040
:109030000000000000000000000000000000000030
:109040000000000000000000000000000000000020
:109050000000000000000000000000000000000010
:109060000000000000000000000000000000000000
:1090700000000000000000000000000000000000F0
:1090800000000000000000000000000000000000E0
:1090900000000000000000000000000000000000D0
:1090A00000000000000000000000000000000000C0
:1090B00000000000000000000000000000000000B0
:1090C00000000000000000000000000000000000A0
:1090D0000000000000000000000000000000000090
:1090E0000000000000000000000000000000000080
:1090F0000000000000000000000000000000000070
:10910000000000000000000000000000000000005F
:10911000000000000000000000000000000000004F
:10912000000000000000000000000000000000003F
:10913000000001000000000000002200A500921BBA
:10914000BA24BB14BC14BB14BB0CBB0CBB14BB14A7
:10915000BB14DB14BB0CDB149A14BB14BA14BB1481
:109160009B14BB0CDC14DA24F42BE5002100000076
:1091700000000000000000000000000000000000EF
:1091800000000000000000000000000000000000DF
:1091900000000000000000000000000000000000CF
:1091A00000000000000000000000000000000000BF
:1091B00000000000000000000000000000000000AF
:1091C000000000000000000000000000000000009F
:1091D000000000000000000000000000000000008F
:1091E000000000000000000000000000000000007F
:1091F000000000000000000000000000000000006F
:10920000000000000000000000000000000000005E
:10921000000000000000000000000000000000004E
:10922000000000000000000000000000000000003E
:10923000000000000000000000000000000000002E
:10924000000000000000000000000000000000001E
:10925000000000000000000000000000000000000E
:1092600000000000000000000000000000000000FE
:1092700000000000000000000000000000000000EE
:1092800000000000000000000000000000000000DE
:1092900000000000000000000000010000000000CD
:1092A000000020002100E600562C791CDC1C9C0CE0
:1092B000BC14BB14BB149A14BB149A0CDB14BB145F
:1092C0009B0CBB14BB149B14BB14DB1C9A1C772C8B
:1092D000E600210000000000000000000000000087
:1092E000000000000000000000000000000000007E
:1092F000000000000000000000000000000000006E
:10930000000000000000000000000000000000005D
:10931000000000000000000000000000000000004D
:10932000000000000000000000000000000000003D
:10933000000000000000000000000000000000002D
:10934000000000000000000000000000000000001D
:10935000000000000000000000000000000000000D
:1093600000000000000000000000000000000000FD
:1093700000000000000000000000000000000000ED
:1093800000000000000000000000000000000000DD
:1093900000000000000000000000000000000000CD
:1093A00000000000000000000000000000000000BD
:1093B00000000000000000000000000000000000AD
:1093C000000000000000000000000000000000009D
:1093D000000000000000000000000000000000008D
:1093E000000000000000000000000000000000007D
:1093F000000000000000000000000000000000006D
:10940000000000000000000000000000000021003B
:10941000890197349914DC149B0C9B0CDB14BA144F
:10942000DB14BB149B0CDC14BC0CBC14BB149B14D1
:10943000BA1499247634280142000000000000008C
:10944000000000000000000000000000000000001C
:10945000000000000000000000000000000000000C
:1094600000000000000000000000000000000000FC
:1094700000000000000000000000000000000000EC
:1094800000000000000000000000000000000000DC
:1094900000000000000000000000000000000000CC
:1094A00000000000000000000000000000000000BC
:1094B00000000000000000000000000000000000AC
:1094C000000000000000000000000000000000009C
:1094D000000000000000000000000000000000008C
:1094E000000000000000000000000000000000007C
:1094F000000000000000000000000000000000006C
:10950000000000000000000000000000000000005B
:10951000000000000000000000000000000000004B
:10952000000000000000000000000000000000003B
:10953000000000000000000000000000000000002B
:10954000000000000000000000000000000000001B
:10955000000000000000000000000000000000000B
:1095600000000000000000000000000000002000DB
:109570000000000000080000420089019834BA1C75
:10958000DB14BB0CDB14DB149A0CDB149B0CBB0C44
:10959000BC0CBC14BB149A1CBA2C773407014200D3
:1095A000210000000000000000000000000000009A
:1095B00000000000000000000000000000000000AB
:1095C000000000000000000000000000000000009B
:1095D000000000000000000000000000000000008B
:1095E000000000000000000000000000000000007B
:1095F000000000000000000000000000000000006B
:10960000000000000000000000000000000000005A
:10961000000000000000000000000000000000004A
:10962000000000000000000000000000000000003A
:10963000000000000000000000000000000000002A
:10964000000000000000000000000000000000001A
:10965000000000000000000000000000000000000A
:1096600000000000000000000000000000000000FA
:1096700000000000000000000000000000000000EA
:1096800000000000000000000000000000000000DA
:1096900000000000000000000000000000000000CA
:1096A00000000000000000000000000000000000BA
:1096B00000000000000000000000000000000000AA
:1096C000000000000000000000000000000000009A
:1096D000000000002000000000000000000000006A
:1096E000000062000701F52BFB24BB0C9A0CBA1496
:1096F000DA1C9A14DC14DC14BB14FB1C9A0CB9247D
:10970000F533E70042000100010001000000000005
:109710000000000000000000000000000000000049
:109720000000000000000000000000000000000039
:109730000000000000000000000000000000000029
:109740000000000000000000000000000000000019
:109750000000000000000000000000000000000009
:1097600000000000000000000000000000000000F9
:1097700000000000000000000000000000000000E9
:1097800000000000000000000000000000000000D9
:1097900000000000000000000000000000000000C9
:1097A00000000000000000000000000000000000B9
:1097B00000000000000000000000000000000000A9
:1097C0000000000000000000000000000000000099
:1097D0000000000000000000000000000000000089
:1097E0000000000000000000000000000000000079
:1097F0000000000000000000000000000000000069
:109800000000000000000000000000000000000058
:109810000000000000000000000000000000000048
:109820000000000000000000000000000000000038
:109830000000000000000000000000000000000028
:109840000000200000000100000000002200C6000F
:10985000B413FB24BA1CBA1C9A14BB14DC147B0C82
:10986000BB1479141A35D423E6002200000000004E
:1098700021002100000000000000000000000000A6
:1098800000000000000000000000000000000000D8
:1098900000000000000000000000000000000000C8
:1098A00000000000000000000000000000000000B8
:1098B00000000000000000000000000000000000A8
:1098C0000000000000000000000000000000000098
:1098D0000000000000000000000000000000000088
:1098E0000000000000000000000000000000000078
:1098F0000000000000000000000000000000000068
:109900000000000000000000000000000000000057
:109910000000000000000000000000000000000047
:109920000000000000000000000000000000000037
:109930000000000000000000000000000000000027
:109940000000000000000000000000000000000017
:109950000000000000000000000000000000000007
:1099600000000000000000000000000000000000F7
:1099700000000000000000000000000000000000E7
:1099800000000000000000000000000000000000D7
:1099900000000000000000000000000000000000C7
:1099A00000000000000000000000000000000000B7
:1099B000000000000000210085007223DA2C9A1CB0
:1099C000BB14BB149B0CBC14BB1CFA3C4C0A6300BC
:1099D0002100000000000000000000000000000066
:1099E0000000000000000000000000000000000077
:1099F0000000000000000000000000000000000067
:109A00000000000000000000000000000000000056
:109A10000000000000000000000000000000000046
:109A20000000000000000000000000000000000036
:109A30000000000000000000000000000000000026
:109A40000000000000000000000000000000000016
:109A50000000000000000000000000000000000006
:109A600000000000000000000000000000000000F6
:109A700000000000000000000000000000000000E6
:109A800000000000000000000000000000000000D6
:109A900000000000000000000000000000000000C6
:109AA00000000000000000000000000000000000B6
:109AB00000000000000000000000000000000000A6
:109AC0000000000000000000000000000000000096
:109AD0000000000000000000000000000000000086
:109AE0000000000000000000000000000000000076
:109AF0000000000000000000000000000000000066
:109B00000000000000000000000000000000000055
:109B10000000000020000000000000000000200005
:109B200021006400F012D934BA249A149A1CDB2C58
:109B3000B934EC01420020000000000000000000E9
:109B40000000000000000000000000000000000015
:109B50000000000000000000000000000000000005
:109B600000000000000000000000000000000000F5
:109B700000000000000000000000000000000000E5
:109B800000000000000000000000000000000000D5
:109B900000000000000000000000000000000000C5
:109BA00000000000000000000000000000000000B5
:109BB00000000000000000000000000000000000A5
:109BC0000000000000000000000000000000000095
:109BD0000000000000000000000000000000000085
:109BE0000000000000000000000000000000000075
:109BF0000000000000000000000000000000000065
:109C00000000000000000000000000000000000054
:109C10000000000000000000000000000000000044
:109C20000000000000000000000000000000000034
:109C30000000000000000000000000000000000024
:109C40000000000000000000000000000000000014
:109C50000000000000000000000000000000000004
:109C600000000000000000000000000000000000F4
:109C700000000000000000000000000000000000E4
:109C80000000000000000000000021006300CB0184
:109C9000362CDA34D934B4236901220041000000A3
:109CA00000000000000000000000000000000000B4
:109CB00000000000000000000000000000000000A4
:109CC0000000000000000000000000000000000094
:109CD0000000000000000000000000000000000084
:109CE0000000000000000000000000000000000074
:109CF0000000000000000000000000000000000064
:109D00000000000000000000000000000000000053
:109D10000000000000000000000000000000000043
:109D20000000000000000000000000000000000033
:109D30000000000000000000000000000000000023
:109D40000000000000000000000000000000000013
:109D50000000000000000000000000000000000003
:109D600000000000000000000000000000000000F3
:109D700000000000000000000000000000000000E3
:109D800000000000000000000000000000000000D3
:109D900000000000000000000000000000000000C3
:109DA00000000000000000000000000000000000B3
:109DB00000000000000000000000000000000000A3
:109DC0000000000000000000000000000000000093
:109DD0000000000000000000000000000000000083
:109DE0000000000000000000000000000000000073
:109DF0000000000000004200E700CF120C026500E6
:109E00002200000000000000000000000000000030
:109E10000000000000000000000000000000000042
:109E20000000000000000000000000000000000032
:109E30000000000000000000000000000000000022
:109E40000000000000000000000000000000000012
:109E50000000000000000000000000000000000002
:109E600000000000000000000000000000000000F2
:109E700000000000000000000000000000000000E2
:109E800000000000000000000000000000000000D2
:109E900000000000000000000000000000000000C2
:109EA00000000000000000000000000000000000B2
:109EB00000000000000000000000000000000000A2
:109EC0000000000000000000000000000000000092
:109ED0000000000000000000000000000000000082
:109EE0000000000000000000000000000000000072
:109EF0000000000000000000000000000000000062
:109F00000000000000000000000000000000000051
:109F10000000000000000000000000000000000041
:109F20000000000000000000000000000000000031
:109F30000000000000000000000000000000000021
:109F40000000000000000000000000000000000011
:109F500000000000000000000000200000000000E1
:109F60002200220002002200010000000000000088
:109F700000000000000000000000000000000000E1
:109F800000000000000000000000000000000000D1
:109F900000000000000000000000000000000000C1
:109FA00000000000000000000000000000000000B1
:109FB00000000000000000000000000000000000A1
:109FC0000000000000000000000000000000000091
:109FD0000000000000000000000000000000000081
:109FE0000000000000000000000000000000000071
:109FF0000000000000000000000000000000000061
:10A000000000000000000000000000000000000050
:10A010000000000000000000000000000000000040
:10A020000000000000000000000000000000000030
:10A030000000000000000000000000000000000020
:10A040000000000000000000000000000000000010
:10A050000000000000000000000000000000000000
:10A0600000000000000000000000000000000000F0
:10A0700000000000000000000000000000000000E0
:10A0800000000000000000000000000000000000D0
:10A0900000000000000000000000000000000000C0
:10A0A00000000000000000000000000000000000B0
:10A0B00000000000000000000000000000000000A0
:10A0C0000000000000000000000000000000000090
:10A0D0000000000000000000000000000000000080
:10A0E0000000000000000000000000000000000070
:10A0F0000000000000000000000000000000000060
:10A10000000000000000000000000000000000004F
:10A11000000000000000000000000000000000003F
:10A12000000000000000000000000000000000002F
:10A13000000000000000000000000000000000001F
:10A14000000000000000000000000000000000000F
:10A1500000000000000000000000000000000000FF
:10A1600000000000000000000000000000000000EF
:10A1700000000000000000000000000000000000DF
:10A1800000000000000000000000000000000000CF
:10A1900000000000000000000000000000000000BF
:10A1A00000000000000000000000000000000000AF
:10A1B000000000000000000000000000000000009F
:10A1C000000000000000000000000000000000008F
:10A1D000000000000000000000000000000000007F
:10A1E000000000000000000000000000000000006F
:10A1F000000000000000000000000000000000005F
:10A20000000000000000000000000000000000004E
:10A21000000000000000000000000000000000003E
:10A22000000000000000000000000000000000002E
:10A23000000000000000000000000000000000001E
:10A24000000000000000000000000000000000000E
:10A2500000000000000000000000000000000000FE
:10A2600000000000000000000000000000000000EE
:10A2700000000000000000000000000000000000DE
:10A2800000000000000000000000000000000000CE
:10A2900000000000000000000000000000000000BE
:10A2A00000000000000000000000000000000000AE
:10A2B000000000000000000000000000000000009E
:10A2C000000000000000000000000000000000008E
:10A2D000000000000000000000000000000000007E
:10A2E000000000000000000000000000000000006E
:10A2F000000000000000000000000000000000005E
:10A30000000000000000000000000000000000004D
:10A31000000000000000000000000000000000003D
:10A32000000000000000000000000000000000002D
:10A33000000000000000000000000000000000001D
:10A34000000000000000000000000000000000000D
:10A3500000000000000000000000000000000000FD
:10A3600000000000000000000000000000000000ED
:10A3700000000000000000000000000000000000DD
:10A3800000000000000000000000000000000000CD
:10A39000000020000000000000000000200000007D
:10A3A00000000000000000000000000000000000AD
:10A3B000000000000000000000000000000000009D
:10A3C000000000000000000000000000000000008D
:10A3D000000000000000000000000000000000007D
:10A3E000000000000000000000000000000000006D
:10A3F000000000000000000000000000000000005D
:10A40000000000000000000000000000000000004C
:10A41000000000000000000000000000000000003C
:10A42000000000000000000000000000000000002C
:10A43000000000000000000000000000000000001C
:10A44000000000000000000000000000000000000C
:10A4500000000000000000000000000000000000FC
:10A4600000000000000000000000000000000000EC
:10A4700000000000000000000000000000000000DC
:10A4800000000000000000000000000000000000CC
:10A4900000000000000000000000000000000000BC
:10A4A00000000000000000000000000000000000AC
:10A4B000000000000000000000000000000000009C
:10A4C000000000000000000000000000000000008C
:10A4D000000000000000000000000000000000007C
:10A4E000000000000000000000000000000000006C
:10A4F000000000000000000000000000000000005C
:10A50000000000000000000000000000000000004B
:10A51000000000000000000000000000000000003B
:10A52000000000000000000000000000000000002B
:10A53000000000000000000000000000000000001B
:10A54000000000000000000000000000000000000B
:10A5500000000000000000000000000000000000FB
:10A5600000000000000000000000000000000000EB
:10A5700000000000000000000000000000000000DB
:10A5800000000000000000000000000000000000CB
:10A5900000000000000000000000000000000000BB
:10A5A00000000000000000000000000000000000AB
:10A5B000000000000000000000000000000000009B
:10A5C000000000000000000000000000000000008B
:10A5D000000000000000000000000000000000007B
:10A5E000000000000000000000000000000000006B
:10A5F000000000000000000000000000000000005B
:10A60000000000000000000000000000000000004A
:10A61000000000000000000000000000000000003A
:10A62000000000000000000000000000000000002A
:10A63000000000000000000000000000000000001A
:10A64000000000000000000000000000000000000A
:10A6500000000000000000000000000000000000FA
:10A6600000000000000000000000000000000000EA
:10A6700000000000000000000000000000000000DA
:10A6800000000000000000000000000000000000CA
:10A6900000000000000000000000000000000000BA
:10A6A00000000000000000000000000000000000AA
:10A6B000000000000000000000000000000000009A
:10A6C000000000000000000000000000000000008A
:10A6D000000000000000000000000000000000007A
:10A6E000000000000000000000000000000000006A
:10A6F000000000000000000000000000000000005A
:10A700000000000000000000000000000000000049
:10A710000000000000000000000000000000000039
:10A720000000000000000000000000000000000029
:10A730000000000000000000000000000000000019
:10A740000000000000000000000000000000000009
:10A7500000000000000000000000000000000000F9
:10A7600000000000000000000000000000000000E9
:10A7700000000000000000000000000000000000D9
:10A7800000000000000000000000000000000000C9
:10A7900000000000000000000000000000000000B9
:10A7A00000000000000000000000000000000000A9
:10A7B0000000000000000000000000000000000099
:10A7C0000000000000000000000000000000000089
:10A7D0000000000000000000000000000000000079
:10A7E0000000000000000000000000000000000069
:10A7F0000000000000000000000000000000000059
:10A800000000000000000000000000000000000048
:10A810000000000000000000000000000000000038
:10A820000000000000000000000000000000000028
:10A830000000000000000000000000000000000018
:10A840000000000000000000000000000000000008
:10A8500000000000000000000000000000000000F8
:10A8600000000000000000000000000000000000E8
:10A8700000000000000000000000000000000000D8
:10A8800000000000000000000000000000000000C8
:10A8900000000000000000000000000000000000B8
:10A8A00000000000000000000000000000000000A8
:10A8B0000000000000000000000000000000000098
:10A8C0000000000000000000000000000000000088
:10A8D0000000000000000000000000000000000078
:10A8E0000000000000000000000000000000000068
:10A8F0000000000000000000000000000000000058
:10A900000000000000000000000000000000000047
:10A910000000000000000000000000000000000037
:10A920000000000000000000000000000000000027
:10A930000000000000000000000000000000000017
:10A940000000000000000000000000000000000007
:10A9500000000000000000000000000000000000F7
:10A9600000000000000000000000000000000000E7
:10A9700000000000000000000000000000000000D7
:10A9800000000000000000000000000000000000C7
:10A9900000000000000000000000000000000000B7
:10A9A00000000000000000000000000000000000A7
:10A9B0000000000000000000000000000000000097
:10A9C0000000000000000000000000000000000087
:10A9D0000000000000000000000000000000000077
:10A9E0000000000000000000000000000000000067
:10A9F0000000000000000000000000000000000057
:10AA00000000000000000000000000000000000046
:10AA10000000000000000000000000000000000036
:10AA20000000000000000000000000000000000026
:10AA30000000000000000000000000000000000016
:10AA40000000000000000000000000000000000006
:10AA500000000000000000000000000000000000F6
:10AA600000000000000000000000000000000000E6
:10AA700000000000000000000000000000000000D6
:10AA800000000000000000000000000000000000C6
:10AA900000000000000000000000000000000000B6
:10AAA00000000000000000000000000000000000A6
:10AAB0000000000000000000000000000000000096
:10AAC0000000000000000000000000000000000086
:10AAD0000000000000000000000000000000000076
:10AAE0000000000000000000000000000000000066
:10AAF0000000000000000000000000000000000056
:10AB00000000000000000000000000000000000045
:10AB10000000000000000000000000000000000035
:10AB20000000000000000000000000000000000025
:10AB30000000000000000000000000000000000015
:10AB40000000000000000000000000000000000005
:10AB500000000000000000000000000000000000F5
:10AB600000000000000000000000000000000000E5
:10AB700000000000000000000000000000000000D5
:10AB800000000000000000000000000000000000C5
:10AB900000000000000000000000000000000000B5
:10ABA00000000000000000000000000000000000A5
:10ABB0000000000000000000000000000000000095
:10ABC0000000000000000000000000000000000085
:10ABD0000000000000000000000000000000000075
:10ABE0000000000000000000000000000000000065
:10ABF0000000000000000000000000000000000055
:10AC00000000000000000000000000000000000044
:10AC10000000000000000000000000000000000034
:10AC20000000000000000000000000000000000024
:10AC30000000000000000000000000000000000014
:10AC40000000000000000000000000000000000004
:10AC500000000000000000000000000000000000F4
:10AC600000000000000000000000000000000000E4
:10AC700000000000000000000000000000000000D4
:10AC800000000000000000000000000000000000C4
:10AC900000000000000000000000000000000000B4
:10ACA00000000000000000000000000000000000A4
:10ACB0000000000000000000000000000000000094
:10ACC0000000000000000000000000000000000084
:10ACD0000000000000000000000000000000000074
:10ACE0000000000000000000000000000000000064
:10ACF0000000000000000000000000000000000054
:10AD00000000000000000000000000000000000043
:10AD10000000000000000000000000000000000033
:10AD20000000000000000000000000000000000023
:10AD30000000000000000000000000000000000013
:10AD40000000000000000000000000000000000003
:10AD500000000000000000000000000000000000F3
:10AD600000000000000000000000000000000000E3
:10AD700000000000000000000000000000000000D3
:10AD800000000000000000000000000000000000C3
:10AD900000000000000000000000000000000000B3
:10ADA00000000000000000000000000000000000A3
:10ADB0000000000000000000000000000000000093
:10ADC0000000000000000000000000000000000083
:10ADD0000000000000000000000000000000000073
:10ADE0000000000000000000000000000000000063
:10ADF0000000000000000000000000000000000053
:10AE00000000000000000000000000000000000042
:10AE10000000000000000000000000000000000032
:10AE20000000000000000000000000000000000022
:10AE30000000000000000000000000000000000012
:10AE40000000000000000000000000000000000002
:10AE500000000000000000000000000000000000F2
:10AE600000000000000000000000000000000000E2
:10AE700000000000000000000000000000000000D2
:10AE800000000000000000000000000000000000C2
:10AE900000000000000000000000000000000000B2
:10AEA00000000000000000000000000000000000A2
:10AEB0000000000000000000000000000000000092
:10AEC0000000000000000000000000000000000082
:10AED0000000000000000000000000000000000072
:10AEE0000000000000000000000000000000000062
:10AEF0000000000000000000000000000000000052
:10AF00000000000000000000000000000000000041
:10AF10000000000000000000000000000000000031
:10AF20000000000000000000000000000000000021
:10AF30000000000000000000000000000000000011
:10AF40000000000000000000000000000000000001
:10AF500000000000000000000000000000000000F1
:10AF600000000000000000000000000000000000E1
:10AF700000000000000000000000000000000000D1
:10AF800000000000000000000000000000000000C1
:10AF900000000000000000000000000000000000B1
:10AFA00000000000000000000000000000000000A1
:10AFB0000000000000000000000000000000000091
:10AFC0000000000000000000000000000000000081
:10AFD0000000000000000000000000000000000071
:10AFE0000000000000000000000000000000000061
:10AFF0000000000000000000000000000000000051
:10B000000000000000000000000000000000000040
:10B010000000000000000000000000000000000030
:10B020000000000000000000000000000000000020
:10B030000000000000000000000000000000000010
:10B040000000000000000000000000000000000000
:10B0500000000000000000000000000000000000F0
:10B0600000000000000000000000000000000000E0
:10B0700000000000000000000000000000000000D0
:10B0800000000000000000000000000000000000C0
:10B0900000000000000000000000000000000000B0
:10B0A00000000000000000000000000000000000A0
:10B0B0000000000000000000000000000000000090
:10B0C0000000000000000000000000000000000080
:10B0D0000000000000000000000000000000000070
:10B0E0000000000000000000000000000000000060
:10B0F0000000000000000000000000000000000050
:10B10000000000000000000000000000000000003F
:10B11000000000000000000000000000000000002F
:10B12000000000000000000000000000000000001F
:10B13000000000000000000000000000000000000F
:10B1400000000000000000000000000000000000FF
:10B1500000000000000000000000000000000000EF
:10B1600000000000000000000000000000000000DF
:10B1700000000000000000000000000000000000CF
:10B1800000000000000000000000000000000000BF
:10B1900000000000000000000000000000000000AF
:10B1A000000000000000000000000000000000009F
:10B1B000000000000000000000000000000000008F
:10B1C000000000000000000000000000000000007F
:10B1D000000000000000000000000000000000006F
:10B1E000000000000000000000000000000000005F
:10B1F000000000000000000000000000000000004F
:10B20000000000000000000000000000000000003E
:10B21000000000000000000000000000000000002E
:10B22000000000000000000000000000000000001E
:10B23000000000000000000000000000000000000E
:10B2400000000000000000000000000000000000FE
:10B2500000000000000000000000000000000000EE
:10B2600000000000000000000000000000000000DE
:10B2700000000000000000000000000000000000CE
:10B2800000000000000000000000000000000000BE
:10B2900000000000000000000000000000000000AE
:10B2A000000000000000000000000000000000009E
:10B2B000000000000000000000000000000000008E
:10B2C000000000000000000000000000000000007E
:10B2D000000000000000000000000000000000006E
:10B2E000000000000000000000000000000000005E
:10B2F000000000000000000000000000000000004E
:10B30000000000000000000000000000000000003D
:10B31000000000000000000000000000000000002D
:10B32000000000000000000000000000000000001D
:10B33000000000000000000000000000000000000D
:10B3400000000000000000000000000000000000FD
:10B3500000000000000000000000000000000000ED
:10B3600000000000000000000000000000000000DD
:10B3700000000000000000000000000000000000CD
:10B3800000000000000000000000000000000000BD
:10B3900000000000000000000000000000000000AD
:10B3A000000000000000000000000000000000009D
:10B3B000000000000000000000000000000000008D
:10B3C000000000000000000000000000000000007D
:10B3D000000000000000000000000000000000006D
:10B3E000000000000000000000000000000000005D
:10B3F000000000000000000000000000000000004D
:10B40000000000000000000000000000000000003C
:10B41000000000000000000000000000000000002C
:10B42000000000000000000000000000000000001C
:10B43000000000000000000000000000000000000C
:10B4400000000000000000000000000000000000FC
:10B4500000000000000000000000000000000000EC
:10B4600000000000000000000000000000000000DC
:10B4700000000000000000000000000000000000CC
:10B4800000000000000000000000000000000000BC
:10B4900000000000000000000000000000000000AC
:10B4A000000000000000000000000000000000009C
:10B4B000000000000000000000000000000000008C
:10B4C000000000000000000000000000000000007C
:10B4D000000000000000000000000000000000006C
:10B4E000000000000000000000000000000000005C
:10B4F000000000000000000000000000000000004C
:10B50000000000000000000000000000000000003B
:10B51000000000000000000000000000000000002B
:10B52000000000000000000000000000000000001B
:10B53000000000000000000000000000000000000B
:10B5400000000000000000000000000000000000FB
:10B5500000000000000000000000000000000000EB
:10B5600000000000000000000000000000000000DB
:10B5700000000000000000000000000000000000CB
:10B5800000000000000000000000000000000000BB
:10B5900000000000000000000000000000000000AB
:10B5A000000000000000000000000000000000009B
:10B5B000000000000000000000000000000000008B
:10B5C000000000000000000000000000000000007B
:10B5D000000000000000000000000000000000006B
:10B5E000000000000000000000000000000000005B
:10B5F000000000000000000000000000000000004B
:10B60000000000000000000000000000000000003A
:10B61000000000000000000000000000000000002A
:10B62000000000000000000000000000000000001A
:10B63000000000000000000000000000000000000A
:10B6400000000000000000000000000000000000FA
:10B6500000000000000000000000000000000000EA
:10B6600000000000000000000000000000000000DA
:10B6700000000000000000000000000000000000CA
:10B6800000000000000000000000000000000000BA
:10B6900000000000000000000000000000000000AA
:10B6A000000000000000000000000000000000009A
:10B6B000000000000000000000000000000000008A
:10B6C000000000000000000000000000000000007A
:10B6D000000000000000000000000000000000006A
:10B6E000000000000000000000000000000000005A
:10B6F000000000000000000000000000000000004A
:10B700000000000000000000000000000000000039
:10B710000000000000000000000000000000000029
:10B720000000000000000000000000000000000019
:10B730000000000000000000000000000000000009
:10B7400000000000000000000000000000000000F9
:10B7500000000000000000000000000000000000E9
:10B7600000000000000000000000000000000000D9
:10B7700000000000000000000000000000000000C9
:10B7800000000000000000000000000000000000B9
:10B7900000000000000000000000000000000000A9
:10B7A0000000000000000000000000000000000099
:10B7B0000000000000000000000000000000000089
:10B7C0000000000000000000000000000000000079
:10B7D0000000000000000000000000000000000069
:10B7E0000000000000000000000000000000000059
:10B7F0000000000000000000000000000000000049
:10B80000B400A40060D106082D2D00002D2D0000ED
:10B8100001000000F0B9070802000000F8B90708AD
:10B8200003000000E4B907080400000000BA07089C
:10B8300024BA070808BA070838BA07083CBA070844
:10B8400050BA07082CBA070820BA070818BA070820
:10B8500034BA070844BA07084CBA07080CBA0708F4
:10B8600028BA070814BA070810BA070848BA070820
:10B870001CBA070840BA070830BA0708DDDDDDDD6D
:10B88000DCBBBBDDDDDDDDDDDDDDDDDD9888888871
:10B890008888888877777777778888888555555618
:10B8A000666666666666666666688888833333326F
:10B8B00022222222222222222228888D6874747059
:10B8C000733A2F2F6170692E73656E697665727396
:10B8D000652E636F6D2F76332F776561746865729F
:10B8E0002F6E6F772E6A736F6E3F6B65793D534F86
:10B8F00069352D68334E61786D456F79653636262A
:10B900006C6F636174696F6E3D687561696E616EBD
:10B91000266C616E67756167653D656E26756E693B
:10B92000743D6300BAA30000BEA90000C1AC0000D2
:10B93000B1B10000BEB30000BBB70000B7CA000041
:10B94000BACF0000C4CF0000C9CF0000D6D000009D
:10B95000CAD20000BDD30000C4DA0000DBDA000068
:10B96000C9EE0000BBA80000D7AA0000CAB10000C1
:10B97000C7B60000C3B70000CABD0000D6D30000A0
:10B98000CDE60000C8EB0000CCEC0000C6F80000DB
:10B99000D2BB0000CBC40000D0C70000C8D5000057
:10B9A000C6DA0000CEE50000C1F90000C8FD0000C5
:10B9B000B6FE0000BBB400002D30313233343536D2
:10B9C0003738392E200000003031323334353637E5
:10B9D00038393A202D0000006950686F6E653134A7
:10B9E000000000006275737920703F0D0A000000AE
:10B9F0004F4B0D0A000000004552524F520D0A00F5
:10BA000072656164790D0A004665620044656300F1
:10BA1000576564005475650041756700467269009A
:10BA20004A756C004A616E004D6F6E004A756E007B
:10BA300053756E00536570004D6172004170720065
:10BA4000536174004F637400546875004E6F760044
:10BA50004D61790074BA0708000000200801000059
:10BA60001C2705087CBB07080801002040DF0100F7
:10BA70002C27050800000000000000000000000066
:10BA800000000000000000000000000000000000B6
:10BA900000000000000000000000000000000000A6
:10BAA000D8B90708000000000000000000000000F6
:10BAB0000000000000000000000000000000000086
:10BAC0000000000000000000000000000000000076
:10BAD000007A030A000000000000000001020304D5
:10BAE0000607080900000000010203040102030424
:10BAF0000607080900000000000000000000000028
:10BB00000000000000000000000000000000000035
:10BB10000000000000000000000000000000000025
:10BB2000000000000000000000000000090000000C
:10BB30000000000000000000000000000000000005
:10BB400000000000000000000000000000000000F5
:10BB500000000000000000000000000000000000E5
:10BB60000000000000000000AAAAAAAA000000002D
:0CBB7000000000000000000000000000C9
:04000005080502895F
:00000001FF
